{"credit":"127910 / 363ZX75EA3OVBX","texture_size":[64,64],"textures":{"0":"tugkandeman:tugkandeman_cosmetics_vol1/disruption_backpack","1":"tugkandeman:tugkandeman_cosmetics_vol1/disruption_backpack_anim","particle":"tugkandeman:tugkandeman_cosmetics_vol1/disruption_backpack_e"},"elements":[{"from":[4.75,1.125,7],"to":[11.25,6.625,9.5],"rotation":{"angle":22.5,"axis":"x","origin":[8,3.625,7.5]},"faces":{"north":{"uv":[12.75,0,16,2.75],"texture":"#0"},"east":{"uv":[0,5.5,1.25,8.25],"texture":"#0"},"south":{"uv":[0,2.75,3.25,5.5],"texture":"#0"},"west":{"uv":[1.25,5.5,2.5,8.25],"texture":"#0"},"up":{"uv":[6.5,4.75,3.25,3.5],"texture":"#0"},"down":{"uv":[6.5,4.75,3.25,6],"texture":"#0"}}},{"from":[8.25,-6.11402,14.24267],"to":[17.75,17.88598,14.24267],"rotation":{"angle":22.5,"axis":"y","origin":[13,6.63598,14.24267]},"faces":{"north":{"uv":[6,3.75,10.75,15.75],"texture":"#1"},"east":{"uv":[0,0,0,4],"texture":"#1"},"south":{"uv":[6,3.75,10.75,15.75],"texture":"#1"},"west":{"uv":[0,0,0,4],"texture":"#1"},"up":{"uv":[0,0,4,0],"texture":"#1"},"down":{"uv":[0,0,4,0],"texture":"#1"}}},{"from":[-2.25,-2.61402,14.24267],"to":[7.25,21.38598,14.24267],"rotation":{"angle":-22.5,"axis":"y","origin":[3,6.63598,14.24267]},"faces":{"north":{"uv":[6,3.75,10.75,15.75],"texture":"#1"},"east":{"uv":[0,0,0,4],"texture":"#1"},"south":{"uv":[6,3.75,10.75,15.75],"texture":"#1"},"west":{"uv":[0,0,0,4],"texture":"#1"},"up":{"uv":[4,0,0,0],"texture":"#1"},"down":{"uv":[4,0,0,0],"texture":"#1"}}},{"from":[5.25,-1.07974,7.42018],"to":[10.75,1.42026,8.42018],"rotation":{"angle":-22.5,"axis":"x","origin":[5.25,1.47381,8.77373]},"faces":{"north":{"uv":[5.75,0,8.5,1.25],"texture":"#0"},"east":{"uv":[5,6.75,5.5,8],"texture":"#0"},"south":{"uv":[5.75,1.25,8.5,2.5],"texture":"#0"},"west":{"uv":[5.5,6.75,6,8],"texture":"#0"},"up":{"uv":[9.25,4.5,6.5,4],"texture":"#0"},"down":{"uv":[9.25,4.5,6.5,5],"texture":"#0"}}},{"from":[10.5,4.375,8],"to":[12,7.375,9],"rotation":{"angle":22.5,"axis":"x","origin":[8,3.625,7.5]},"faces":{"north":{"uv":[2.5,6.75,3.25,8.25],"texture":"#0"},"east":{"uv":[4,6.75,4.5,8.25],"texture":"#0"},"south":{"uv":[3.25,6.75,4,8.25],"texture":"#0"},"west":{"uv":[4.5,6.75,5,8.25],"texture":"#0"},"up":{"uv":[3.25,6,2.5,5.5],"texture":"#0"},"down":{"uv":[7.75,6.75,7,7.25],"texture":"#0"}}},{"from":[5.75,4.70739,10.11313],"to":[6.75,5.70739,11.61313],"rotation":{"angle":-22.5,"axis":"x","origin":[5.75,4.70739,10.11313]},"faces":{"north":{"uv":[7,7.75,7.5,8.25],"texture":"#0"},"east":{"uv":[7,7.25,7.75,7.75],"texture":"#0"},"south":{"uv":[7.75,7.25,8.25,7.75],"texture":"#0"},"west":{"uv":[7.5,6,8.25,6.5],"texture":"#0"},"up":{"uv":[8.25,5.75,7.75,5],"texture":"#0"},"down":{"uv":[8.25,6.5,7.75,7.25],"texture":"#0"}}},{"from":[3.75,3.45739,11.61313],"to":[8.75,6.95739,11.61313],"rotation":{"angle":-22.5,"axis":"x","origin":[5.75,4.70739,10.11313]},"faces":{"north":{"uv":[3.25,0,5.75,1.75],"texture":"#0"},"east":{"uv":[0,0,0,1.75],"texture":"#0"},"south":{"uv":[3.25,1.75,5.75,3.5],"texture":"#0"},"west":{"uv":[0,0,0,1.75],"texture":"#0"},"up":{"uv":[2.5,0,0,0],"texture":"#0"},"down":{"uv":[2.5,0,0,0],"texture":"#0"}}},{"from":[3.75,4.12641,11.97741],"to":[8.75,4.12641,13.47741],"rotation":{"angle":22.5,"axis":"x","origin":[4.5,4.12641,11.97741]},"faces":{"north":{"uv":[2.5,0,0,0],"rotation":180,"texture":"#0"},"east":{"uv":[0,0,0,0.75],"rotation":90,"texture":"#0"},"south":{"uv":[2.5,0,0,0],"texture":"#0"},"west":{"uv":[0,0,0,0.75],"rotation":270,"texture":"#0"},"up":{"uv":[2.5,6,5,6.75],"texture":"#0"},"down":{"uv":[5.75,2.5,8.25,3.25],"rotation":180,"texture":"#0"}}},{"from":[3.75,7.36034,10.63787],"to":[8.75,8.86034,10.63787],"rotation":{"angle":22.5,"axis":"x","origin":[3.75,7.36034,10.63787]},"faces":{"north":{"uv":[5,6,7.5,6.75],"texture":"#0"},"east":{"uv":[0,0,0,0.75],"texture":"#0"},"south":{"uv":[6.5,3.25,9,4],"texture":"#0"},"west":{"uv":[0,0,0,0.75],"texture":"#0"},"up":{"uv":[2.5,0,0,0],"texture":"#0"},"down":{"uv":[2.5,0,0,0],"texture":"#0"}}},{"from":[6.25,7.36034,10.63787],"to":[6.25,7.86034,13.26287],"rotation":{"angle":22.5,"axis":"x","origin":[6.25,7.36034,10.63787]},"faces":{"north":{"uv":[5,6,7.5,6.75],"texture":"#0"},"east":{"uv":[1.5,8.5,0.25,8.75],"texture":"#0"},"south":{"uv":[6.5,3.25,9,4],"texture":"#0"},"west":{"uv":[0.25,8.5,1.5,8.75],"texture":"#0"},"up":{"uv":[2.5,0,0,0],"texture":"#0"},"down":{"uv":[2.5,0,0,0],"texture":"#0"}}},{"from":[6.25,4.12676,11.97726],"to":[6.25,6.75176,12.47726],"rotation":{"angle":22.5,"axis":"x","origin":[6.25,4.12676,11.97726]},"faces":{"north":{"uv":[2.5,0,0,0],"rotation":180,"texture":"#0"},"east":{"uv":[1.5,8.5,0.25,8.75],"rotation":90,"texture":"#0"},"south":{"uv":[2.5,0,0,0],"texture":"#0"},"west":{"uv":[0.25,8.5,1.5,8.75],"rotation":270,"texture":"#0"},"up":{"uv":[6.5,3.25,9,4],"texture":"#0"},"down":{"uv":[5,6,7.5,6.75],"rotation":180,"texture":"#0"}}},{"from":[6.2375,4.95739,11.61313],"to":[6.2625,5.45739,15.11313],"rotation":{"angle":-22.5,"axis":"x","origin":[5.75,4.70739,10.11313]},"faces":{"north":{"uv":[0.25,0.25,0.5,0.5],"texture":"#0"},"east":{"uv":[2,9.25,0.25,9.5],"texture":"#0"},"south":{"uv":[0.25,0.25,0.5,0.5],"texture":"#0"},"west":{"uv":[0.25,9.25,2,9.5],"texture":"#0"},"up":{"uv":[0.25,0.25,0.5,0.5],"texture":"#0"},"down":{"uv":[0.25,0.25,0.5,0.5],"texture":"#0"}}},{"from":[4.25,0.875,1.5],"to":[11.75,6.375,1.5],"rotation":{"angle":-22.5,"axis":"x","origin":[8,1.125,0.5]},"faces":{"north":{"uv":[0.75,0.5,4.5,3.25],"texture":"#1"},"east":{"uv":[0,0,0,2.75],"texture":"#1"},"south":{"uv":[0.75,0.5,4.5,3.25],"texture":"#1"},"west":{"uv":[0,0,0,2.75],"texture":"#1"},"up":{"uv":[0,0,3.75,0],"texture":"#1"},"down":{"uv":[0,0,3.75,0],"texture":"#1"}}},{"from":[4.5,1.375,1.65],"to":[11.5,6.375,1.65],"rotation":{"angle":-22.5,"axis":"x","origin":[8,1.125,0.5]},"faces":{"north":{"uv":[0.25,0.25,0.5,0.5],"texture":"#1"},"east":{"uv":[0.25,0.25,0.5,0.5],"texture":"#1"},"south":{"uv":[2,13.25,5.5,15.75],"texture":"#1"},"west":{"uv":[0.25,0.25,0.5,0.5],"texture":"#1"},"up":{"uv":[0.25,0.25,0.5,0.5],"texture":"#1"},"down":{"uv":[0.25,0.25,0.5,0.5],"texture":"#1"}}},{"from":[4.5,1.375,1.4],"to":[11.5,6.375,1.4],"rotation":{"angle":-22.5,"axis":"x","origin":[8,1.125,0.5]},"faces":{"north":{"uv":[5.5,13.25,2,15.75],"texture":"#1"},"east":{"uv":[0.25,0.25,0.5,0.5],"texture":"#1"},"south":{"uv":[0.25,0.25,0.5,0.5],"texture":"#1"},"west":{"uv":[0.25,0.25,0.5,0.5],"texture":"#1"},"up":{"uv":[0.25,0.25,0.5,0.5],"texture":"#1"},"down":{"uv":[0.25,0.25,0.5,0.5],"texture":"#1"}}},{"from":[-0.75,0.875,0.5],"to":[3.25,4.875,0.5],"rotation":{"angle":45,"axis":"y","origin":[3.5,4.125,1]},"faces":{"north":{"uv":[2,7.25,0,9.25],"texture":"#1"},"east":{"uv":[0,0,0,2],"texture":"#1"},"south":{"uv":[0,7.25,2,9.25],"texture":"#1"},"west":{"uv":[0,0,0,2],"texture":"#1"},"up":{"uv":[0,0,2,0],"texture":"#1"},"down":{"uv":[0,0,2,0],"texture":"#1"}}},{"from":[-0.5,1.125,0.6],"to":[3,4.625,0.6],"rotation":{"angle":45,"axis":"y","origin":[3.5,4.125,1]},"faces":{"north":{"uv":[0.25,0.25,0.5,0.5],"texture":"#1"},"east":{"uv":[0.25,0.25,0.5,0.5],"texture":"#1"},"south":{"uv":[2.75,8.5,4.5,10.25],"texture":"#1"},"west":{"uv":[0.25,0.25,0.5,0.5],"texture":"#1"},"up":{"uv":[0.25,0.25,0.5,0.5],"texture":"#1"},"down":{"uv":[0.25,0.25,0.5,0.5],"texture":"#1"}}},{"from":[0.07626,1.125,3.84023],"to":[3.57626,4.625,3.84023],"rotation":{"angle":45,"axis":"y","origin":[-0.42374,4.125,3.44023]},"faces":{"north":{"uv":[4.5,8.5,2.75,10.25],"texture":"#1"},"east":{"uv":[0.25,0.25,0.5,0.5],"texture":"#1"},"south":{"uv":[0.25,0.25,0.5,0.5],"texture":"#1"},"west":{"uv":[0.25,0.25,0.5,0.5],"texture":"#1"},"up":{"uv":[0.5,0.5,0.25,0.25],"texture":"#1"},"down":{"uv":[0.5,0.5,0.25,0.25],"texture":"#1"}}}],"gui_light":"front","display":{"thirdperson_righthand":{"rotation":[-85,-15,-165],"translation":[-0.25,0,2.25],"scale":[0.5,0.5,0.5]},"thirdperson_lefthand":{"rotation":[-85,-15,-165],"translation":[-0.25,0,2.25],"scale":[0.5,0.5,0.5]},"firstperson_righthand":{"rotation":[-65,-25,-40],"translation":[-3,6.5,4],"scale":[0.5,0.5,0.5]},"firstperson_lefthand":{"rotation":[-65,-25,-40],"translation":[-3,6.5,4],"scale":[0.5,0.5,0.5]},"ground":{"rotation":[-32.5,0,0],"translation":[0,2,0],"scale":[0.5,0.5,0.5]},"gui":{"rotation":[-25,-15,-8],"translation":[1.25,4.5,0],"scale":[1.17,1.17,1.17]},"head":{"rotation":[-22.5,0,0],"translation":[0,-36,-0.5],"scale":[3.3,3.3,3.3]},"fixed":{"rotation":[22.5,180,0],"translation":[0,7.5,5],"scale":[2,2,2]}}}