{"credit":"MadewithBlockbench","texture_size":[64,64],"textures":{"0":"elitecreatures:gym_decoration_v1/gym_barbell","particle":"elitecreatures:gym_decoration_v1/gym_barbell"},"elements":[{"from":[-7.5,9,7],"to":[14.5,11,8],"faces":{"north":{"uv":[3,0,8.5,0.5],"texture":"#0"},"east":{"uv":[1,0.75,1.25,1.25],"texture":"#0"},"south":{"uv":[3,0,8.5,0.5],"texture":"#0"},"west":{"uv":[1,0.75,1.25,1.25],"texture":"#0"},"up":{"uv":[8.75,2.25,3.25,2],"texture":"#0"},"down":{"uv":[8.75,2.25,3.25,2.5],"texture":"#0"}}},{"from":[-14.5,19,7],"to":[21.5,20,8],"faces":{"north":{"uv":[3,0.75,12,0.5],"texture":"#0"},"east":{"uv":[1,1.25,1.25,1.5],"texture":"#0"},"south":{"uv":[3,0.75,12,0.5],"texture":"#0"},"west":{"uv":[1,1.25,1.25,1.5],"texture":"#0"},"up":{"uv":[12,0.75,3,0.5],"texture":"#0"},"down":{"uv":[3,0.5,12,0.75],"texture":"#0"}}},{"from":[17.5,16,4],"to":[18.5,23,11],"faces":{"north":{"uv":[1,1.5,1.25,3.25],"texture":"#0"},"east":{"uv":[1.25,0,3,1.75],"texture":"#0"},"south":{"uv":[1,1.5,1.25,3.25],"texture":"#0"},"west":{"uv":[1.25,0,3,1.75],"texture":"#0"},"up":{"uv":[1.25,3.25,1,1.5],"texture":"#0"},"down":{"uv":[1.25,1.5,1,3.25],"texture":"#0"}}},{"from":[-11.5,16,4],"to":[-10.5,23,11],"rotation":{"angle":0,"axis":"y","origin":[16,0,0]},"faces":{"north":{"uv":[1.25,1.5,1,3.25],"texture":"#0"},"east":{"uv":[3,0,1.25,1.75],"texture":"#0"},"south":{"uv":[1.25,1.5,1,3.25],"texture":"#0"},"west":{"uv":[3,0,1.25,1.75],"texture":"#0"},"up":{"uv":[1,3.25,1.25,1.5],"texture":"#0"},"down":{"uv":[1,1.5,1.25,3.25],"texture":"#0"}}},{"from":[14.5,1,6],"to":[15.5,21,9],"faces":{"north":{"uv":[0.75,0,1,5],"texture":"#0"},"east":{"uv":[0,0,0.75,5],"texture":"#0"},"south":{"uv":[0.75,0,1,5],"texture":"#0"},"west":{"uv":[0,0,0.75,5],"texture":"#0"},"up":{"uv":[1.25,0.75,1,0],"texture":"#0"},"down":{"uv":[1.25,0,1,0.75],"texture":"#0"}}},{"from":[14,0,2],"to":[16,1,13],"faces":{"north":{"uv":[1.75,1.75,2.25,2],"texture":"#0"},"east":{"uv":[3,0.75,5.75,1],"texture":"#0"},"south":{"uv":[1.75,1.75,2.25,2],"texture":"#0"},"west":{"uv":[3,0.75,5.75,1],"texture":"#0"},"up":{"uv":[1.75,4.5,1.25,1.75],"texture":"#0"},"down":{"uv":[1.75,1.75,1.25,4.5],"texture":"#0"}}},{"from":[-8.5,1,6],"to":[-7.5,21,9],"rotation":{"angle":0,"axis":"y","origin":[16,0,0]},"faces":{"north":{"uv":[1,0,0.75,5],"texture":"#0"},"east":{"uv":[0.75,0,0,5],"texture":"#0"},"south":{"uv":[1,0,0.75,5],"texture":"#0"},"west":{"uv":[0.75,0,0,5],"texture":"#0"},"up":{"uv":[1,0.75,1.25,0],"texture":"#0"},"down":{"uv":[1,0,1.25,0.75],"texture":"#0"}}},{"from":[-9,0,2],"to":[-7,1,13],"rotation":{"angle":0,"axis":"y","origin":[16,0,0]},"faces":{"north":{"uv":[2.25,1.75,1.75,2],"texture":"#0"},"east":{"uv":[5.75,0.75,3,1],"texture":"#0"},"south":{"uv":[2.25,1.75,1.75,2],"texture":"#0"},"west":{"uv":[5.75,0.75,3,1],"texture":"#0"},"up":{"uv":[1.25,4.5,1.75,1.75],"texture":"#0"},"down":{"uv":[1.25,1.75,1.75,4.5],"texture":"#0"}}}],"gui_light":"front","display":{"thirdperson_righthand":{"translation":[0.75,0,0],"scale":[0.18,0.18,0.18]},"thirdperson_lefthand":{"translation":[-0.75,0,0],"scale":[0.18,0.18,0.18]},"firstperson_righthand":{"translation":[-0.75,0,0],"scale":[0.18,0.18,0.18]},"firstperson_lefthand":{"translation":[-0.75,0,0],"scale":[0.18,0.18,0.18]},"ground":{"translation":[1.5,1.25,-0.25],"scale":[0.39,0.39,0.39]},"gui":{"rotation":[34,-49,0],"translation":[0.75,-1.25,0],"scale":[0.3,0.3,0.3]},"head":{"translation":[6.75,-32.5,0.75],"scale":[1.5,1.3,1.5]},"fixed":{"translation":[3.25,-2,-2.25],"scale":[0.62,0.62,0.62]}},"groups":[0,{"name":"hand","origin":[0,0,0],"color":0,"children":[1,2,3]},{"name":"leg1","origin":[0,0,0],"color":0,"children":[]},{"name":"leg2","origin":[0,0,0],"color":0,"children":[4,5,6,7]}]}