{"credit":"123520 / 34321BHEL","texture_size":[32,32],"textures":{"0":"elitecreatures:casino_decoration_v1/casino_barrier","particle":"elitecreatures:casino_decoration_v1/casino_barrier"},"elements":[{"from":[8,0,4],"to":[16,1,12],"rotation":{"angle":0,"axis":"y","origin":[12,0.5,8]},"faces":{"north":{"uv":[0,8,4,8.5],"texture":"#0"},"east":{"uv":[0,8,4,8.5],"texture":"#0"},"south":{"uv":[0,8,4,8.5],"texture":"#0"},"west":{"uv":[0,8,4,8.5],"texture":"#0"},"up":{"uv":[4,8,0,4],"texture":"#0"},"down":{"uv":[8,4,4,8],"texture":"#0"}}},{"from":[11,1,7],"to":[13,16,9],"faces":{"north":{"uv":[11,0,12,7.5],"texture":"#0"},"east":{"uv":[11,0,12,7.5],"texture":"#0"},"south":{"uv":[11,0,12,7.5],"texture":"#0"},"west":{"uv":[11,0,12,7.5],"texture":"#0"}}},{"from":[-11,7,8],"to":[11,15,8],"faces":{"north":{"uv":[0,0,11,4],"texture":"#0"},"east":{"uv":[0,0,0,4],"texture":"#0"},"south":{"uv":[11,0,0,4],"texture":"#0"},"west":{"uv":[0,0,0,4],"texture":"#0"},"up":{"uv":[11,0,0,0],"texture":"#0"},"down":{"uv":[11,0,0,0],"texture":"#0"}}},{"from":[10.5,16,6.5],"to":[13.5,19,9.5],"rotation":{"angle":45,"axis":"y","origin":[12,17.5,8]},"faces":{"north":{"uv":[9.5,4,8,5.5],"texture":"#0"},"east":{"uv":[8,4,9.5,5.5],"texture":"#0"},"south":{"uv":[9.5,4,8,5.5],"texture":"#0"},"west":{"uv":[8,4,9.5,5.5],"texture":"#0"},"up":{"uv":[9.5,7,8,5.5],"texture":"#0"},"down":{"uv":[11,4,9.5,5.5],"texture":"#0"}}},{"from":[-16,0,4],"to":[-8,1,12],"rotation":{"angle":0,"axis":"y","origin":[-12,0.5,8]},"faces":{"north":{"uv":[4,8,0,8.5],"texture":"#0"},"east":{"uv":[4,8,0,8.5],"texture":"#0"},"south":{"uv":[4,8,0,8.5],"texture":"#0"},"west":{"uv":[4,8,0,8.5],"texture":"#0"},"up":{"uv":[4,8,0,4],"texture":"#0"},"down":{"uv":[4,4,8,8],"texture":"#0"}}},{"from":[-13,1,7],"to":[-11,16,9],"faces":{"north":{"uv":[11,0,12,7.5],"texture":"#0"},"east":{"uv":[11,0,12,7.5],"texture":"#0"},"south":{"uv":[11,0,12,7.5],"texture":"#0"},"west":{"uv":[11,0,12,7.5],"texture":"#0"}}},{"from":[-13.5,16,6.5],"to":[-10.5,19,9.5],"rotation":{"angle":-45,"axis":"y","origin":[-12,17.5,8]},"faces":{"north":{"uv":[8,4,9.5,5.5],"texture":"#0"},"east":{"uv":[9.5,4,8,5.5],"texture":"#0"},"south":{"uv":[8,4,9.5,5.5],"texture":"#0"},"west":{"uv":[9.5,4,8,5.5],"texture":"#0"},"up":{"uv":[8,7,9.5,5.5],"texture":"#0"},"down":{"uv":[9.5,4,11,5.5],"texture":"#0"}}}],"gui_light":"front","display":{"thirdperson_righthand":{"rotation":[67.5,0,0],"translation":[1.75,0,1.25],"scale":[0.22852,0.22852,0.22852]},"thirdperson_lefthand":{"rotation":[67.5,0,0],"translation":[-1.75,0,1.25],"scale":[0.22852,0.22852,0.22852]},"firstperson_righthand":{"translation":[2,2.75,0],"scale":[0.37695,0.37695,0.37695]},"firstperson_lefthand":{"translation":[-4,2.75,0],"scale":[0.37695,0.37695,0.37695]},"ground":{"translation":[3,1.25,0],"scale":[0.39,0.39,0.39]},"gui":{"rotation":[32,-46,0],"translation":[2.75,-1.75,0],"scale":[0.475,0.475,0.475]},"head":{"translation":[12,-30.5,0],"scale":[0,0,0]},"fixed":{"rotation":[-90,0,0],"translation":[0,0,-16],"scale":[2,2,2]}}}