{"credit":"MadewithBlockbench","texture_size":[64,64],"textures":{"0":"elitecreatures:gym_decoration_v1/gym_machine_13","particle":"elitecreatures:gym_decoration_v1/gym_machine_13"},"elements":[{"from":[3,0,-1.75],"to":[13,1,-0.75],"rotation":{"angle":0,"axis":"y","origin":[0,0,-3.75]},"faces":{"north":{"uv":[2.375,0,4.875,0.25],"texture":"#0"},"east":{"uv":[2.125,0,2.375,0.25],"texture":"#0"},"south":{"uv":[2.375,0,4.875,0.25],"texture":"#0"},"west":{"uv":[2.125,0,2.375,0.25],"texture":"#0"},"up":{"uv":[4.875,0.25,2.375,0],"texture":"#0"},"down":{"uv":[4.875,0,2.375,0.25],"texture":"#0"}}},{"from":[2,0,14],"to":[14,1,16],"rotation":{"angle":0,"axis":"y","origin":[0,0,-3.75]},"faces":{"north":{"uv":[1.75,4,4.75,4.25],"texture":"#0"},"east":{"uv":[0,0,0.5,0.25],"texture":"#0"},"south":{"uv":[1.75,4,4.75,4.25],"texture":"#0"},"west":{"uv":[0,0,0.5,0.25],"texture":"#0"},"up":{"uv":[4.75,4.75,1.75,4.25],"texture":"#0"},"down":{"uv":[4.75,4.25,1.75,4.75],"texture":"#0"}}},{"from":[7,1,-1.75],"to":[9,6,-0.75],"rotation":{"angle":0,"axis":"y","origin":[0,0,-3.75]},"faces":{"north":{"uv":[1.75,4.75,2.25,6],"texture":"#0"},"east":{"uv":[0,3.5,0.25,4.75],"texture":"#0"},"south":{"uv":[1.75,4.75,2.25,6],"texture":"#0"},"west":{"uv":[0,3.5,0.25,4.75],"texture":"#0"},"up":{"uv":[2.75,5,2.25,4.75],"texture":"#0"},"down":{"uv":[2.75,4.75,2.25,5],"texture":"#0"}}},{"from":[4.75,11.25,6],"to":[11.25,12.25,20],"rotation":{"angle":-45,"axis":"x","origin":[8,6.5,11.25]},"faces":{"north":{"uv":[2.375,0.5,4,0.75],"texture":"#0"},"east":{"uv":[5.875,0.25,2.375,0.5],"texture":"#0"},"south":{"uv":[2.375,0.5,4,0.75],"texture":"#0"},"west":{"uv":[2.375,0.25,5.875,0.5],"texture":"#0"},"up":{"uv":[2.375,3.75,0.75,0.25],"texture":"#0"},"down":{"uv":[2.375,0.25,0.75,3.75],"texture":"#0"}}},{"from":[5.75,10.25,7],"to":[10.25,11.25,18],"rotation":{"angle":-45,"axis":"x","origin":[8,6.5,11.25]},"faces":{"north":{"uv":[1,0,2.125,0.25],"texture":"#0"},"east":{"uv":[2.375,3.5,5.125,3.75],"texture":"#0"},"south":{"uv":[1,0,2.125,0.25],"texture":"#0"},"west":{"uv":[2.375,3.5,5.125,3.75],"texture":"#0"},"up":{"uv":[3.5,3.5,2.375,0.75],"texture":"#0"},"down":{"uv":[3.5,0.75,2.375,3.5],"texture":"#0"}}},{"from":[5,6,-3.75],"to":[11,7,4.25],"rotation":{"angle":0,"axis":"y","origin":[0,0,-3.75]},"faces":{"north":{"uv":[3.5,2.75,5,3],"texture":"#0"},"east":{"uv":[6,0.5,4,0.75],"texture":"#0"},"south":{"uv":[3.5,2.75,5,3],"texture":"#0"},"west":{"uv":[4,0.5,6,0.75],"texture":"#0"},"up":{"uv":[5,2.75,3.5,0.75],"texture":"#0"},"down":{"uv":[5,0.75,3.5,2.75],"texture":"#0"}}},{"from":[6,5,-3.75],"to":[10,6,4.25],"rotation":{"angle":0,"axis":"y","origin":[0,0,-3.75]},"faces":{"north":{"uv":[3.5,3,4.5,3.25],"texture":"#0"},"east":{"uv":[3.5,3.25,5.5,3.5],"texture":"#0"},"south":{"uv":[3.5,3,4.5,3.25],"texture":"#0"},"west":{"uv":[3.5,3.25,5.5,3.5],"texture":"#0"},"up":{"uv":[1.75,5.75,0.75,3.75],"texture":"#0"},"down":{"uv":[1.75,3.75,0.75,5.75],"texture":"#0"}}},{"from":[7,-0.85,12.75],"to":[9,12.15,13.75],"rotation":{"angle":-22.5,"axis":"x","origin":[8,5,11.75]},"faces":{"north":{"uv":[0.25,3.25,0.75,6.5],"texture":"#0"},"east":{"uv":[0,0.25,0.25,3.5],"texture":"#0"},"south":{"uv":[0.25,3.25,0.75,6.5],"texture":"#0"},"west":{"uv":[0,0.25,0.25,3.5],"texture":"#0"},"up":{"uv":[1,0.25,0.5,0],"texture":"#0"},"down":{"uv":[1,0,0.5,0.25],"texture":"#0"}}},{"from":[7.1,2.91249,3.56981],"to":[8.9,3.91249,15.56981],"rotation":{"angle":22.5,"axis":"x","origin":[8,3.41249,9.56981]},"faces":{"north":{"uv":[4.5,3,5,3.25],"texture":"#0"},"east":{"uv":[1.75,3.75,4.75,4],"texture":"#0"},"south":{"uv":[4.5,3,5,3.25],"texture":"#0"},"west":{"uv":[1.75,3.75,4.75,4],"texture":"#0"},"up":{"uv":[0.75,3.25,0.25,0.25],"texture":"#0"},"down":{"uv":[0.75,0.25,0.25,3.25],"texture":"#0"}}}],"display":{"thirdperson_righthand":{"scale":[0.34,0.34,0.34]},"thirdperson_lefthand":{"scale":[0.34,0.34,0.34]},"firstperson_righthand":{"scale":[0.54,0.54,0.54]},"firstperson_lefthand":{"scale":[0.54,0.54,0.54]},"ground":{"translation":[0,1,0],"scale":[0.48,0.48,0.48]},"gui":{"rotation":[28,148,0],"translation":[0.5,0.25,0],"scale":[0.45,0.45,0.45]},"head":{"rotation":[0,-180,0],"translation":[0,-26.5,3],"scale":[2.16,2.16,2.16]},"fixed":{"translation":[0,-0.75,-4.75],"scale":[0.54,0.54,0.54]}}}