{"credit":"Made with Blockbench","texture_size":[128,128],"textures":{"0":"elitecreatures:sakura/sakura_texture","1":"elitecreatures:sakura/sakura_animation_01","particle":"elitecreatures:sakura/sakura_texture"},"elements":[{"from":[7.25,-8,7.5],"to":[8.75,1,8.5],"rotation":{"angle":0,"axis":"y","origin":[0,-14,-9]},"faces":{"north":{"uv":[0.5,0.5625,0.6875,1.6875],"texture":"#0"},"east":{"uv":[0.375,0.5625,0.5,1.6875],"texture":"#0"},"south":{"uv":[0.5,0.5625,0.6875,1.6875],"texture":"#0"},"west":{"uv":[0.375,0.5625,0.5,1.6875],"texture":"#0"},"up":{"uv":[0.5,0.5625,0.6875,0.6875],"texture":"#0"},"down":{"uv":[0.5,0.5625,0.6875,1.6875],"texture":"#0"}}},{"from":[7.25,-10.5,7],"to":[8.75,-9,9],"rotation":{"angle":0,"axis":"y","origin":[8,-9.75,8]},"faces":{"north":{"uv":[1.0625,1.1875,1.25,1.375],"texture":"#0"},"east":{"uv":[1.0625,1,1.3125,1.1875],"texture":"#0"},"south":{"uv":[1.0625,1.1875,1.25,1.375],"texture":"#0"},"west":{"uv":[1.0625,1,1.3125,1.1875],"texture":"#0"},"up":{"uv":[1.0625,1.1875,1.25,1.375],"texture":"#0"},"down":{"uv":[1.0625,1.1875,1.25,1.375],"texture":"#0"}}},{"from":[4.5,8,-2],"to":[11.5,19,2],"rotation":{"angle":0,"axis":"y","origin":[0,0,0]},"faces":{"north":{"uv":[2,1.25,2.875,2.625],"texture":"#0"},"east":{"uv":[3.375,1.25,2.875,2.625],"texture":"#0"},"south":{"uv":[2,1.25,2.875,2.625],"texture":"#0"},"west":{"uv":[2.875,1.25,3.375,2.625],"texture":"#0"},"up":{"uv":[2,2.625,2.875,3.125],"texture":"#0"},"down":{"uv":[2,2.625,2.875,3.125],"texture":"#0"}}},{"from":[3.5,16,-3],"to":[12.5,20,-1],"rotation":{"angle":22.5,"axis":"x","origin":[8,18,-2]},"faces":{"north":{"uv":[0.8125,3.125,1.9375,3.625],"texture":"#0"},"east":{"uv":[2,2.5625,1.75,3.0625],"texture":"#0"},"south":{"uv":[0.8125,3.125,1.9375,3.625],"texture":"#0"},"west":{"uv":[1.75,2.5625,2,3.0625],"texture":"#0"},"up":{"uv":[0.8125,3.875,1.9375,3.625],"texture":"#0"},"down":{"uv":[0.8125,3.625,1.9375,3.875],"texture":"#0"}}},{"from":[3.75,13,-3],"to":[12.25,17,-1],"rotation":{"angle":22.5,"axis":"x","origin":[8.7,15,-2]},"faces":{"north":{"uv":[0.8125,3.875,1.875,4.375],"texture":"#0"},"east":{"uv":[1.75,2.5625,1.5,3.0625],"texture":"#0"},"south":{"uv":[0.8125,3.875,1.875,4.375],"texture":"#0"},"west":{"uv":[1.5,2.5625,1.75,3.0625],"texture":"#0"},"up":{"uv":[0.8125,4.625,1.875,4.375],"texture":"#0"},"down":{"uv":[0.8125,4.375,1.875,4.625],"texture":"#0"}}},{"from":[4,10,-3],"to":[12,14,-1],"rotation":{"angle":22.5,"axis":"x","origin":[8.1,12,-2]},"faces":{"north":{"uv":[1.9375,3.125,2.9375,3.625],"texture":"#0"},"east":{"uv":[3.125,2.625,2.875,3.125],"texture":"#0"},"south":{"uv":[1.9375,3.125,2.9375,3.625],"texture":"#0"},"west":{"uv":[2.875,2.625,3.125,3.125],"texture":"#0"},"up":{"uv":[1.9375,3.875,2.9375,3.625],"texture":"#0"},"down":{"uv":[1.9375,3.625,2.9375,3.875],"texture":"#0"}}},{"from":[4.25,7,-3],"to":[11.75,11,-1],"rotation":{"angle":22.5,"axis":"x","origin":[8.2,9,-2]},"faces":{"north":{"uv":[1.875,3.875,2.8125,4.375],"texture":"#0"},"east":{"uv":[3.0625,3.875,2.8125,4.375],"texture":"#0"},"south":{"uv":[1.875,3.875,2.8125,4.375],"texture":"#0"},"west":{"uv":[2.8125,3.875,3.0625,4.375],"texture":"#0"},"up":{"uv":[1.875,4.625,2.8125,4.375],"texture":"#0"},"down":{"uv":[1.875,4.375,2.8125,4.625],"texture":"#0"}}},{"from":[5.5,9.5,2],"to":[10.5,17.5,4],"rotation":{"angle":0,"axis":"y","origin":[0,0.5,2]},"faces":{"north":{"uv":[2.5625,0,3.1875,1],"texture":"#0"},"east":{"uv":[3.4375,0,3.1875,1],"texture":"#0"},"south":{"uv":[3.1875,0,2.5625,1],"texture":"#0"},"west":{"uv":[3.1875,0,3.4375,1],"texture":"#0"},"up":{"uv":[2.5625,1,3.1875,1.25],"texture":"#0"},"down":{"uv":[2.5625,1.25,3.1875,1],"texture":"#0"}}},{"from":[7.75,-8,8.05],"to":[8.75,1,9.05],"rotation":{"angle":45,"axis":"y","origin":[8,-3.5,8.8]},"faces":{"north":{"uv":[0.8125,0.5625,0.6875,1.6875],"texture":"#0"},"east":{"uv":[0.8125,0.5625,0.6875,1.6875],"texture":"#0"},"south":{"uv":[0.6875,0.5625,0.8125,1.6875],"texture":"#0"},"west":{"uv":[0.8125,0.5625,0.6875,1.6875],"texture":"#0"},"up":{"uv":[0.8125,0.5625,0.6875,0.6875],"texture":"#0"},"down":{"uv":[0.8125,0.5625,0.6875,0.6875],"texture":"#0"}}},{"from":[7.75,-8,6.95],"to":[8.75,1,7.95],"rotation":{"angle":-45,"axis":"y","origin":[8,-3.5,7.2]},"faces":{"north":{"uv":[0.8125,0.5625,0.6875,1.6875],"texture":"#0"},"east":{"uv":[0.6875,0.5625,0.8125,1.6875],"texture":"#0"},"south":{"uv":[0.6875,0.5625,0.8125,1.6875],"texture":"#0"},"west":{"uv":[0.6875,0.5625,0.8125,1.6875],"texture":"#0"},"up":{"uv":[0.8125,0.6875,0.6875,0.5625],"texture":"#0"},"down":{"uv":[0.8125,0.6875,0.6875,0.5625],"texture":"#0"}}},{"from":[7.25,1,7.5],"to":[8.75,10,8.5],"rotation":{"angle":0,"axis":"y","origin":[0,-5,-9]},"faces":{"north":{"uv":[0.5,0.5625,0.6875,1.6875],"texture":"#0"},"east":{"uv":[0.375,0.5625,0.5,1.6875],"texture":"#0"},"south":{"uv":[0.5,0.5625,0.6875,1.6875],"texture":"#0"},"west":{"uv":[0.375,0.5625,0.5,1.6875],"texture":"#0"},"up":{"uv":[0.5,0.5625,0.6875,0.6875],"texture":"#0"},"down":{"uv":[0.5,0.5625,0.6875,1.6875],"texture":"#0"}}},{"from":[7.75,1,6.95],"to":[8.75,10,7.95],"rotation":{"angle":-45,"axis":"y","origin":[8,5.5,7.2]},"faces":{"north":{"uv":[0.8125,0.5625,0.6875,1.6875],"texture":"#0"},"east":{"uv":[0.6875,0.5625,0.8125,1.6875],"texture":"#0"},"south":{"uv":[0.6875,0.5625,0.8125,1.6875],"texture":"#0"},"west":{"uv":[0.6875,0.5625,0.8125,1.6875],"texture":"#0"},"up":{"uv":[0.8125,0.6875,0.6875,0.5625],"texture":"#0"},"down":{"uv":[0.8125,0.6875,0.6875,0.5625],"texture":"#0"}}},{"from":[7.75,1,8.05],"to":[8.75,10,9.05],"rotation":{"angle":45,"axis":"y","origin":[8,5.5,8.8]},"faces":{"north":{"uv":[0.8125,0.5625,0.6875,1.6875],"texture":"#0"},"east":{"uv":[0.8125,0.5625,0.6875,1.6875],"texture":"#0"},"south":{"uv":[0.6875,0.5625,0.8125,1.6875],"texture":"#0"},"west":{"uv":[0.8125,0.5625,0.6875,1.6875],"texture":"#0"},"up":{"uv":[0.8125,0.5625,0.6875,0.6875],"texture":"#0"},"down":{"uv":[0.8125,0.5625,0.6875,0.6875],"texture":"#0"}}},{"from":[7,-9,6.25],"to":[9,-8,9.75],"rotation":{"angle":0,"axis":"y","origin":[0,-2,0]},"faces":{"north":{"uv":[0.5,0.25,0.75,0.375],"texture":"#0"},"east":{"uv":[0.4375,0.4375,0.875,0.5625],"texture":"#0"},"south":{"uv":[0.5,0.25,0.75,0.375],"texture":"#0"},"west":{"uv":[0.4375,0.4375,0.875,0.5625],"texture":"#0"},"up":{"uv":[0.75,0,1,0.4375],"texture":"#0"},"down":{"uv":[0.75,0,1,0.4375],"texture":"#0"}}},{"from":[7,0,6.75],"to":[9,1,9.25],"rotation":{"angle":0,"axis":"y","origin":[0,7,0.5]},"faces":{"north":{"uv":[0.5,0.25,0.75,0.375],"texture":"#0"},"east":{"uv":[0.4375,0.4375,0.75,0.5625],"texture":"#0"},"south":{"uv":[0.5,0.25,0.75,0.375],"texture":"#0"},"west":{"uv":[0.4375,0.4375,0.75,0.5625],"texture":"#0"},"up":{"uv":[0.75,0,1,0.3125],"texture":"#0"},"down":{"uv":[0.75,0,1,0.3125],"texture":"#0"}}},{"from":[6,10,6],"to":[10,14,10],"rotation":{"angle":45,"axis":"x","origin":[8,12,8]},"faces":{"north":{"uv":[1.5625,0.5,2.0625,1],"texture":"#0"},"east":{"uv":[1.5625,0,2.0625,0.5],"texture":"#0"},"south":{"uv":[1.5625,0.5,2.0625,1],"texture":"#0"},"west":{"uv":[2.0625,0,1.5625,0.5],"texture":"#0"},"up":{"uv":[1.5625,0.5,2.0625,1],"texture":"#0"},"down":{"uv":[1.5625,0.5,2.0625,1],"texture":"#0"}}},{"from":[7,10,6.25],"to":[9,11,9.75],"rotation":{"angle":0,"axis":"y","origin":[0,7,0]},"faces":{"north":{"uv":[0.5,0.25,0.75,0.375],"texture":"#0"},"east":{"uv":[0.4375,0.4375,0.875,0.5625],"texture":"#0"},"south":{"uv":[0.5,0.25,0.75,0.375],"texture":"#0"},"west":{"uv":[0.4375,0.4375,0.875,0.5625],"texture":"#0"},"up":{"uv":[0.75,0,1,0.4375],"texture":"#0"},"down":{"uv":[0.75,0,1,0.4375],"texture":"#0"}}},{"from":[7,14,6.25],"to":[9,15,9.75],"rotation":{"angle":0,"axis":"y","origin":[0,7,0]},"faces":{"north":{"uv":[0.8125,0.625,1.0625,0.75],"texture":"#0"},"east":{"uv":[0.375,1.6875,0.8125,1.8125],"texture":"#0"},"south":{"uv":[0.8125,0.625,1.0625,0.75],"texture":"#0"},"west":{"uv":[0.375,1.6875,0.8125,1.8125],"texture":"#0"},"up":{"uv":[0.8125,1,1.0625,1.4375],"texture":"#0"},"down":{"uv":[0.8125,1,1.0625,1.4375],"texture":"#0"}}},{"from":[6.75,11.5,4],"to":[9.25,15,7],"rotation":{"angle":-22.5,"axis":"x","origin":[8,14.25,4]},"faces":{"north":{"uv":[2,1,1.6875,1.4375],"texture":"#0"},"east":{"uv":[1.3125,1,1.6875,1.4375],"texture":"#0"},"south":{"uv":[2,1,1.6875,1.4375],"texture":"#0"},"west":{"uv":[1.6875,1,1.3125,1.4375],"texture":"#0"},"up":{"uv":[1.6875,1.8125,2,1.4375],"texture":"#0"},"down":{"uv":[1.6875,1.8125,2,1.4375],"texture":"#0"}}},{"from":[5.5,11,7],"to":[10.5,13,9],"rotation":{"angle":45,"axis":"x","origin":[8,12,8]},"faces":{"north":{"uv":[1.0625,1.4375,1.6875,1.6875],"texture":"#0"},"east":{"uv":[0.8125,1.4375,1.0625,1.6875],"texture":"#0"},"south":{"uv":[1.0625,1.4375,1.6875,1.6875],"texture":"#0"},"west":{"uv":[0.8125,1.4375,1.0625,1.6875],"texture":"#0"},"up":{"uv":[1.0625,1.4375,1.6875,1.6875],"texture":"#0"},"down":{"uv":[1.0625,1.4375,1.6875,1.6875],"texture":"#0"}}},{"from":[7.25,10.5,3],"to":[8.75,14,5],"rotation":{"angle":-22.5,"axis":"x","origin":[8,12.5,4]},"faces":{"north":{"uv":[1.4375,2.4375,1.625,2],"rotation":180,"texture":"#0"},"east":{"uv":[0.8125,1.9375,0.375,2.1875],"rotation":90,"texture":"#0"},"south":{"uv":[1.4375,2.4375,1.625,2],"texture":"#0"},"west":{"uv":[0.8125,1.9375,0.375,2.1875],"rotation":270,"texture":"#0"},"up":{"uv":[1.3125,2.1875,1.125,2.4375],"texture":"#0"},"down":{"uv":[1.3125,2.1875,1.125,2.4375],"rotation":180,"texture":"#0"}}},{"from":[6.75,11.5,9],"to":[9.25,15,12],"rotation":{"angle":22.5,"axis":"x","origin":[8,14.25,12]},"faces":{"north":{"uv":[1.6875,1,2,1.4375],"texture":"#0"},"east":{"uv":[1.6875,1,1.3125,1.4375],"texture":"#0"},"south":{"uv":[1.6875,1,2,1.4375],"texture":"#0"},"west":{"uv":[1.3125,1,1.6875,1.4375],"texture":"#0"},"up":{"uv":[1.6875,1.4375,2,1.8125],"texture":"#0"},"down":{"uv":[1.6875,1.4375,2,1.8125],"texture":"#0"}}},{"from":[7.25,10.5,10],"to":[8.75,14,12],"rotation":{"angle":22.5,"axis":"x","origin":[8,12.5,12]},"faces":{"north":{"uv":[1.625,2.4375,1.4375,2],"texture":"#0"},"east":{"uv":[0.8125,2.1875,0.375,1.9375],"rotation":90,"texture":"#0"},"south":{"uv":[1.625,2.4375,1.4375,2],"rotation":180,"texture":"#0"},"west":{"uv":[0.8125,2.1875,0.375,1.9375],"rotation":270,"texture":"#0"},"up":{"uv":[1.3125,2.4375,1.125,2.1875],"texture":"#0"},"down":{"uv":[1.3125,2.4375,1.125,2.1875],"rotation":180,"texture":"#0"}}},{"from":[5,3,5.25],"to":[5,15,10.75],"rotation":{"angle":0,"axis":"y","origin":[0,9,0]},"faces":{"north":{"uv":[0,0,0,12],"texture":"#1"},"east":{"uv":[5.5,0,0,12],"texture":"#1"},"south":{"uv":[0,0,0,12],"texture":"#1"},"west":{"uv":[0,0,5.5,12],"texture":"#1"},"up":{"uv":[0,6,0,0],"texture":"#1"},"down":{"uv":[0,0,0,6],"texture":"#1"}}},{"from":[11,3,5.25],"to":[11,15,10.75],"rotation":{"angle":0,"axis":"y","origin":[16,9,0]},"faces":{"north":{"uv":[0,0,0,12],"texture":"#1"},"east":{"uv":[5.5,0,0,12],"texture":"#1"},"south":{"uv":[0,0,0,12],"texture":"#1"},"west":{"uv":[0,0,5.5,12],"texture":"#1"},"up":{"uv":[0,6,0,0],"texture":"#1"},"down":{"uv":[0,0,0,6],"texture":"#1"}}},{"from":[8,-16,7.3],"to":[8,-10,9.3],"rotation":{"angle":0,"axis":"y","origin":[8,-9.75,8]},"faces":{"north":{"uv":[1.0625,1.1875,1.25,1.375],"texture":"#0"},"east":{"uv":[2.3125,0.375,2.0625,1.125],"texture":"#0"},"south":{"uv":[1.0625,1.1875,1.25,1.375],"texture":"#0"},"west":{"uv":[2.0625,0.375,2.3125,1.125],"texture":"#0"},"up":{"uv":[1.0625,1.1875,1.25,1.375],"texture":"#0"},"down":{"uv":[1.0625,1.1875,1.25,1.375],"texture":"#0"}}},{"from":[7.5,-12.5,8],"to":[8.5,-11.5,9],"rotation":{"angle":0,"axis":"y","origin":[0,-2,0]},"faces":{"north":{"uv":[0.6875,0.4375,0.8125,0.5625],"texture":"#0"},"east":{"uv":[0.6875,0.4375,0.8125,0.5625],"texture":"#0"},"south":{"uv":[0.6875,0.4375,0.8125,0.5625],"texture":"#0"},"west":{"uv":[0.6875,0.4375,0.8125,0.5625],"texture":"#0"},"up":{"uv":[0.75,0,0.875,0.125],"texture":"#0"},"down":{"uv":[0.75,0,0.875,0.125],"texture":"#0"}}},{"from":[7.5,-13.9,8],"to":[8.5,-13.4,9],"rotation":{"angle":0,"axis":"y","origin":[0,-2,0]},"faces":{"north":{"uv":[0.5625,0.5,0.6875,0.5625],"texture":"#0"},"east":{"uv":[0.5625,0.5,0.6875,0.5625],"texture":"#0"},"south":{"uv":[0.5625,0.5,0.6875,0.5625],"texture":"#0"},"west":{"uv":[0.5625,0.5,0.6875,0.5625],"texture":"#0"},"up":{"uv":[0.75,0,0.875,0.125],"texture":"#0"},"down":{"uv":[0.75,0,0.875,0.125],"texture":"#0"}}},{"from":[4,14.6,-0.5],"to":[5.5,16.6,3.5],"rotation":{"angle":45,"axis":"x","origin":[5,15.6,2]},"faces":{"north":{"uv":[1.8125,1.8125,2,2.0625],"texture":"#0"},"east":{"uv":[0.9375,2.5,1.4375,2.75],"texture":"#0"},"south":{"uv":[1.8125,1.8125,2,2.0625],"texture":"#0"},"west":{"uv":[0.9375,2.5,1.4375,2.75],"texture":"#0"},"up":{"uv":[1.8125,2.0625,2,2.5625],"texture":"#0"},"down":{"uv":[1.8125,2.0625,2,2.5625],"texture":"#0"}}},{"from":[4,10.6,-0.5],"to":[5.5,12.6,3.5],"rotation":{"angle":45,"axis":"x","origin":[5,11.6,2]},"faces":{"north":{"uv":[1.8125,1.8125,2,2.0625],"texture":"#0"},"east":{"uv":[0.9375,2.5,1.4375,2.75],"texture":"#0"},"south":{"uv":[1.8125,1.8125,2,2.0625],"texture":"#0"},"west":{"uv":[0.9375,2.5,1.4375,2.75],"texture":"#0"},"up":{"uv":[1.8125,2.0625,2,2.5625],"texture":"#0"},"down":{"uv":[1.8125,2.0625,2,2.5625],"texture":"#0"}}},{"from":[5.5,9.5,12],"to":[10.5,17.5,14],"rotation":{"angle":0,"axis":"y","origin":[0,0.5,14]},"faces":{"north":{"uv":[3.1875,0,2.5625,1],"texture":"#0"},"east":{"uv":[3.4375,0,3.1875,1],"texture":"#0"},"south":{"uv":[3.1875,0,2.5625,1],"texture":"#0"},"west":{"uv":[3.4375,0,3.1875,1],"texture":"#0"},"up":{"uv":[2.5625,1.25,3.1875,1],"texture":"#0"},"down":{"uv":[2.5625,1.25,3.1875,1],"texture":"#0"}}},{"from":[4,14.6,12.5],"to":[5.5,16.6,16.5],"rotation":{"angle":-45,"axis":"x","origin":[5,15.6,14]},"faces":{"north":{"uv":[2,1.8125,1.8125,2.0625],"texture":"#0"},"east":{"uv":[1.4375,2.5,0.9375,2.75],"texture":"#0"},"south":{"uv":[2,1.8125,1.8125,2.0625],"texture":"#0"},"west":{"uv":[1.4375,2.5,0.9375,2.75],"texture":"#0"},"up":{"uv":[1.8125,2.5625,2,2.0625],"texture":"#0"},"down":{"uv":[1.8125,2.5625,2,2.0625],"texture":"#0"}}},{"from":[4,10.6,12.5],"to":[5.5,12.6,16.5],"rotation":{"angle":-45,"axis":"x","origin":[5,11.6,14]},"faces":{"north":{"uv":[2,1.8125,1.8125,2.0625],"texture":"#0"},"east":{"uv":[1.4375,2.5,0.9375,2.75],"texture":"#0"},"south":{"uv":[2,1.8125,1.8125,2.0625],"texture":"#0"},"west":{"uv":[1.4375,2.5,0.9375,2.75],"texture":"#0"},"up":{"uv":[1.8125,2.5625,2,2.0625],"texture":"#0"},"down":{"uv":[1.8125,2.5625,2,2.0625],"texture":"#0"}}},{"from":[4.5,8,14],"to":[11.5,19,18],"rotation":{"angle":0,"axis":"y","origin":[0,0,16]},"faces":{"north":{"uv":[2.875,1.25,2,2.625],"texture":"#0"},"east":{"uv":[3.375,1.25,2.875,2.625],"texture":"#0"},"south":{"uv":[2.875,1.25,2,2.625],"texture":"#0"},"west":{"uv":[3.375,1.25,2.875,2.625],"texture":"#0"},"up":{"uv":[2,3.125,2.875,2.625],"texture":"#0"},"down":{"uv":[2,3.125,2.875,2.625],"texture":"#0"}}},{"from":[3.5,16,17],"to":[12.5,20,19],"rotation":{"angle":-22.5,"axis":"x","origin":[8,18,18]},"faces":{"north":{"uv":[1.9375,3.125,0.8125,3.625],"texture":"#0"},"east":{"uv":[1.75,2.5625,2,3.0625],"texture":"#0"},"south":{"uv":[1.9375,3.125,0.8125,3.625],"texture":"#0"},"west":{"uv":[2,2.5625,1.75,3.0625],"texture":"#0"},"up":{"uv":[0.8125,3.625,1.9375,3.875],"texture":"#0"},"down":{"uv":[0.8125,3.875,1.9375,3.625],"texture":"#0"}}},{"from":[3.75,13,17],"to":[12.25,17,19],"rotation":{"angle":-22.5,"axis":"x","origin":[8.7,15,18]},"faces":{"north":{"uv":[1.875,3.875,0.8125,4.375],"texture":"#0"},"east":{"uv":[1.5,2.5625,1.75,3.0625],"texture":"#0"},"south":{"uv":[1.875,3.875,0.8125,4.375],"texture":"#0"},"west":{"uv":[1.75,2.5625,1.5,3.0625],"texture":"#0"},"up":{"uv":[0.8125,4.375,1.875,4.625],"texture":"#0"},"down":{"uv":[0.8125,4.625,1.875,4.375],"texture":"#0"}}},{"from":[4,10,17],"to":[12,14,19],"rotation":{"angle":-22.5,"axis":"x","origin":[8.1,12,18]},"faces":{"north":{"uv":[2.9375,3.125,1.9375,3.625],"texture":"#0"},"east":{"uv":[2.875,2.625,3.125,3.125],"texture":"#0"},"south":{"uv":[2.9375,3.125,1.9375,3.625],"texture":"#0"},"west":{"uv":[3.125,2.625,2.875,3.125],"texture":"#0"},"up":{"uv":[1.9375,3.625,2.9375,3.875],"texture":"#0"},"down":{"uv":[1.9375,3.875,2.9375,3.625],"texture":"#0"}}},{"from":[4.25,7,17],"to":[11.75,11,19],"rotation":{"angle":-22.5,"axis":"x","origin":[8.2,9,18]},"faces":{"north":{"uv":[2.8125,3.875,1.875,4.375],"texture":"#0"},"east":{"uv":[2.8125,3.875,3.0625,4.375],"texture":"#0"},"south":{"uv":[2.8125,3.875,1.875,4.375],"texture":"#0"},"west":{"uv":[3.0625,3.875,2.8125,4.375],"texture":"#0"},"up":{"uv":[1.875,4.375,2.8125,4.625],"texture":"#0"},"down":{"uv":[1.875,4.625,2.8125,4.375],"texture":"#0"}}},{"from":[10.5,14.6,-0.5],"to":[12,16.6,3.5],"rotation":{"angle":45,"axis":"x","origin":[11,15.6,2]},"faces":{"north":{"uv":[2,1.8125,1.8125,2.0625],"texture":"#0"},"east":{"uv":[1.4375,2.5,0.9375,2.75],"texture":"#0"},"south":{"uv":[2,1.8125,1.8125,2.0625],"texture":"#0"},"west":{"uv":[1.4375,2.5,0.9375,2.75],"texture":"#0"},"up":{"uv":[2,2.0625,1.8125,2.5625],"texture":"#0"},"down":{"uv":[2,2.0625,1.8125,2.5625],"texture":"#0"}}},{"from":[10.5,10.6,-0.5],"to":[12,12.6,3.5],"rotation":{"angle":45,"axis":"x","origin":[11,11.6,2]},"faces":{"north":{"uv":[2,1.8125,1.8125,2.0625],"texture":"#0"},"east":{"uv":[1.4375,2.5,0.9375,2.75],"texture":"#0"},"south":{"uv":[2,1.8125,1.8125,2.0625],"texture":"#0"},"west":{"uv":[1.4375,2.5,0.9375,2.75],"texture":"#0"},"up":{"uv":[2,2.0625,1.8125,2.5625],"texture":"#0"},"down":{"uv":[2,2.0625,1.8125,2.5625],"texture":"#0"}}},{"from":[10.5,14.6,12.5],"to":[12,16.6,16.5],"rotation":{"angle":-45,"axis":"x","origin":[11,15.6,14]},"faces":{"north":{"uv":[1.8125,1.8125,2,2.0625],"texture":"#0"},"east":{"uv":[0.9375,2.5,1.4375,2.75],"texture":"#0"},"south":{"uv":[1.8125,1.8125,2,2.0625],"texture":"#0"},"west":{"uv":[0.9375,2.5,1.4375,2.75],"texture":"#0"},"up":{"uv":[2,2.5625,1.8125,2.0625],"texture":"#0"},"down":{"uv":[2,2.5625,1.8125,2.0625],"texture":"#0"}}},{"from":[10.5,10.6,12.5],"to":[12,12.6,16.5],"rotation":{"angle":-45,"axis":"x","origin":[11,11.6,14]},"faces":{"north":{"uv":[1.8125,1.8125,2,2.0625],"texture":"#0"},"east":{"uv":[0.9375,2.5,1.4375,2.75],"texture":"#0"},"south":{"uv":[1.8125,1.8125,2,2.0625],"texture":"#0"},"west":{"uv":[0.9375,2.5,1.4375,2.75],"texture":"#0"},"up":{"uv":[2,2.5625,1.8125,2.0625],"texture":"#0"},"down":{"uv":[2,2.5625,1.8125,2.0625],"texture":"#0"}}},{"from":[6.5,16,3],"to":[6.5,24,12],"rotation":{"angle":0,"axis":"y","origin":[6.5,17,4]},"faces":{"north":{"uv":[0,0,0,1],"texture":"#missing"},"east":{"uv":[4.5625,0,3.4375,1],"texture":"#0"},"south":{"uv":[0,0,0,1],"texture":"#missing"},"west":{"uv":[3.4375,0,4.5625,1],"texture":"#0"},"up":{"uv":[0,0,0,1],"texture":"#missing"},"down":{"uv":[0,0,0,1],"texture":"#missing"}}},{"from":[6.6,16,3],"to":[6.6,24,12],"rotation":{"angle":0,"axis":"y","origin":[6.6,17,4]},"faces":{"north":{"uv":[0,0,0,1],"texture":"#missing"},"east":{"uv":[4.5625,0,3.4375,1],"texture":"#0"},"south":{"uv":[0,0,0,1],"texture":"#missing"},"west":{"uv":[3.4375,0,4.5625,1],"texture":"#0"},"up":{"uv":[0,0,0,1],"texture":"#missing"},"down":{"uv":[0,0,0,1],"texture":"#missing"}}},{"from":[9.5,16,4],"to":[9.5,24,13],"rotation":{"angle":0,"axis":"y","origin":[9.5,17,12]},"faces":{"north":{"uv":[0,0,0,1],"texture":"#missing"},"east":{"uv":[3.4375,0,4.5625,1],"texture":"#0"},"south":{"uv":[0,0,0,1],"texture":"#missing"},"west":{"uv":[4.5625,0,3.4375,1],"texture":"#0"},"up":{"uv":[0,1,0,0],"texture":"#missing"},"down":{"uv":[0,1,0,0],"texture":"#missing"}}},{"from":[9.4,16,4],"to":[9.4,24,13],"rotation":{"angle":0,"axis":"y","origin":[9.4,17,12]},"faces":{"north":{"uv":[0,0,0,1],"texture":"#missing"},"east":{"uv":[3.4375,0,4.5625,1],"texture":"#0"},"south":{"uv":[0,0,0,1],"texture":"#missing"},"west":{"uv":[4.5625,0,3.4375,1],"texture":"#0"},"up":{"uv":[0,1,0,0],"texture":"#missing"},"down":{"uv":[0,1,0,0],"texture":"#missing"}}}],"gui_light":"front","display":{"thirdperson_righthand":{"translation":[0,6.25,1.25],"scale":[0.7,0.7,0.7]},"thirdperson_lefthand":{"translation":[0,5.5,1.25],"scale":[0.7,0.7,0.7]},"firstperson_righthand":{"rotation":[-10,0,0],"translation":[-2,5.5,0],"scale":[0.51992,0.51992,0.51992]},"firstperson_lefthand":{"rotation":[-10,0,0],"translation":[-1.75,5.5,0],"scale":[0.51992,0.51992,0.51992]},"ground":{"rotation":[-20.48,-16.05,38.43],"translation":[0,8,0],"scale":[0.6,0.6,0.6]},"gui":{"rotation":[-90,-45,-90],"translation":[0.5,0.75,-1.5],"scale":[0.5,0.5,0.5]},"head":{"rotation":[-91.38,44.22,-89.07],"translation":[2.75,-16.5,5.5],"scale":[0.84805,0.84805,0.84805]},"fixed":{"rotation":[-90,-45,-90],"translation":[4,4,-5.5],"scale":[1.33047,1.33047,1.33047]}}}