{"credit":"Made by Wulfy","texture_size":[64,64],"textures":{"0":"lunar_studios:maks_art/summer_v1/cosmetics/lifebuoy","particle":"lunar_studios:maks_art/summer_v1/cosmetics/lifebuoy"},"elements":[{"from":[0,0,0],"to":[16,3,3],"rotation":{"angle":0,"axis":"y","origin":[7,0,7]},"faces":{"north":{"uv":[5.5,2,9.5,2.75],"texture":"#0"},"east":{"uv":[8,8,8.75,8.75],"texture":"#0"},"south":{"uv":[5.5,2.75,9.5,3.5],"texture":"#0"},"west":{"uv":[1.5,8.5,2.25,9.25],"texture":"#0"},"up":{"uv":[10.25,4.25,6.25,3.5],"texture":"#0"},"down":{"uv":[10.25,4.25,6.25,5],"texture":"#0"}}},{"from":[0,2,16],"to":[16,2,20],"rotation":{"angle":45,"axis":"x","origin":[7,2,16]},"faces":{"north":{"uv":[4,0,0,0],"texture":"#0"},"east":{"uv":[1,0,0,0],"texture":"#0"},"south":{"uv":[4,0,0,0],"texture":"#0"},"west":{"uv":[1,0,0,0],"texture":"#0"},"up":{"uv":[9.5,0,5.5,1],"texture":"#0"},"down":{"uv":[9.5,1,5.5,0],"texture":"#0"}}},{"from":[0,2,-4],"to":[16,2,0],"rotation":{"angle":-45,"axis":"x","origin":[7,2,0]},"faces":{"north":{"uv":[0,0,4,0],"texture":"#0"},"east":{"uv":[0,0,1,0],"texture":"#0"},"south":{"uv":[0,0,4,0],"texture":"#0"},"west":{"uv":[0,0,1,0],"texture":"#0"},"up":{"uv":[9.5,1,5.5,0],"texture":"#0"},"down":{"uv":[9.5,0,5.5,1],"texture":"#0"}}},{"from":[-4,2,0],"to":[0,2,16],"rotation":{"angle":45,"axis":"z","origin":[0,2,9]},"faces":{"north":{"uv":[0,0,1,0],"texture":"#0"},"east":{"uv":[0,0,4,0],"texture":"#0"},"south":{"uv":[0,0,1,0],"texture":"#0"},"west":{"uv":[0,0,4,0],"texture":"#0"},"up":{"uv":[9.5,1,5.5,0],"rotation":270,"texture":"#0"},"down":{"uv":[9.5,0,5.5,1],"rotation":90,"texture":"#0"}}},{"from":[16,2,0],"to":[20,2,16],"rotation":{"angle":-45,"axis":"z","origin":[16,2,9]},"faces":{"north":{"uv":[1,0,0,0],"texture":"#0"},"east":{"uv":[4,0,0,0],"texture":"#0"},"south":{"uv":[1,0,0,0],"texture":"#0"},"west":{"uv":[4,0,0,0],"texture":"#0"},"up":{"uv":[9.5,0,5.5,1],"rotation":270,"texture":"#0"},"down":{"uv":[9.5,1,5.5,0],"rotation":90,"texture":"#0"}}},{"from":[0,0,13],"to":[16,3,16],"rotation":{"angle":0,"axis":"y","origin":[7,0,20]},"faces":{"north":{"uv":[6.25,5,10.25,5.75],"texture":"#0"},"east":{"uv":[2.25,8.5,3,9.25],"texture":"#0"},"south":{"uv":[6.25,5.75,10.25,6.5],"texture":"#0"},"west":{"uv":[3,8.5,3.75,9.25],"texture":"#0"},"up":{"uv":[10.25,7.25,6.25,6.5],"texture":"#0"},"down":{"uv":[4,7,0,7.75],"texture":"#0"}}},{"from":[13,0,3],"to":[16,3,13],"rotation":{"angle":0,"axis":"y","origin":[7,0,17]},"faces":{"north":{"uv":[3.75,8.75,4.5,9.5],"texture":"#0"},"east":{"uv":[4,7.25,6.5,8],"texture":"#0"},"south":{"uv":[4.5,8.75,5.25,9.5],"texture":"#0"},"west":{"uv":[6.5,7.25,9,8],"texture":"#0"},"up":{"uv":[0.75,10.25,0,7.75],"texture":"#0"},"down":{"uv":[1.5,7.75,0.75,10.25],"texture":"#0"}}},{"from":[0,0,3],"to":[3,3,13],"rotation":{"angle":0,"axis":"y","origin":[-6,0,17]},"faces":{"north":{"uv":[5.25,8.75,6,9.5],"texture":"#0"},"east":{"uv":[1.5,7.75,4,8.5],"texture":"#0"},"south":{"uv":[8,8.75,8.75,9.5],"texture":"#0"},"west":{"uv":[4,8,6.5,8.75],"texture":"#0"},"up":{"uv":[7.25,10.5,6.5,8],"texture":"#0"},"down":{"uv":[8,8,7.25,10.5],"texture":"#0"}}},{"from":[2.5,2,4],"to":[13.5,16,11],"rotation":{"angle":0,"axis":"y","origin":[6.5,2,7]},"faces":{"north":{"uv":[0,0,2.75,3.5],"texture":"#0"},"east":{"uv":[0,3.5,1.75,7],"texture":"#0"},"south":{"uv":[2.75,0,5.5,3.5],"texture":"#0"},"west":{"uv":[1.75,3.5,3.5,7],"texture":"#0"},"up":{"uv":[6.25,5.25,3.5,3.5],"texture":"#0"},"down":{"uv":[6.25,5.25,3.5,7],"texture":"#0"}}}],"gui_light":"front","display":{"thirdperson_righthand":{"translation":[0,2.25,0],"scale":[0.48633,0.48633,0.48633]},"thirdperson_lefthand":{"translation":[0,2.25,0],"scale":[0.48633,0.48633,0.48633]},"firstperson_righthand":{"translation":[3,2.25,0],"scale":[0.48633,0.48633,0.48633]},"firstperson_lefthand":{"translation":[3,2.25,0],"scale":[0.48633,0.48633,0.48633]},"ground":{"translation":[-0.25,2.25,0],"scale":[0.48633,0.48633,0.48633]},"gui":{"rotation":[37,20.25,0],"translation":[0,1.5,0],"scale":[0.46094,0.46094,0.46094]},"head":{"translation":[0,-51.25,0.5],"scale":[1.2,1.2,1.2]}}}