{"credit":"Made with Blockbench","texture_size":[128,128],"textures":{"0":"sakura_furniture_v1:sakurasofa2texture","particle":"sakura_furniture_v1:sakurasofa2texture"},"elements":[{"from":[-13.75,3,2],"to":[13.75,8,14],"faces":{"north":{"uv":[3.5,4.25,6.9375,4.875],"texture":"#0"},"east":{"uv":[3.5,6.125,5,6.75],"texture":"#0"},"south":{"uv":[0,4.5,3.4375,5.125],"texture":"#0"},"west":{"uv":[5,6.125,3.5,6.75],"texture":"#0"},"up":{"uv":[3.4375,4.5,0,3],"texture":"#0"},"down":{"uv":[6.9375,0,3.5,1.5],"texture":"#0"}}},{"from":[11.81549,3.3566,2.075],"to":[14.81549,10.3566,13.925],"rotation":{"angle":-22.5,"axis":"z","origin":[13.38638,5.8566,7.925]},"faces":{"north":{"uv":[3,6.5,3.375,7.375],"texture":"#0"},"east":{"uv":[0,5.125,1.49063,6],"texture":"#0"},"south":{"uv":[6.5,5.125,6.875,6],"texture":"#0"},"west":{"uv":[1.5,5.125,2.99063,6],"texture":"#0"},"up":{"uv":[1.125,7.99063,0.75,6.5],"texture":"#0"},"down":{"uv":[1.5,6.5,1.125,7.99063],"texture":"#0"}}},{"from":[-14.81549,3.3566,2.075],"to":[-11.81549,10.3566,13.925],"rotation":{"angle":22.5,"axis":"z","origin":[-13.38638,5.8566,7.85]},"faces":{"north":{"uv":[3.375,6.5,3,7.375],"texture":"#0"},"east":{"uv":[2.99063,5.125,1.5,6],"texture":"#0"},"south":{"uv":[6.875,5.125,6.5,6],"texture":"#0"},"west":{"uv":[1.49063,5.125,0,6],"texture":"#0"},"up":{"uv":[0.75,7.99063,1.125,6.5],"texture":"#0"},"down":{"uv":[1.125,6.5,1.5,7.99063],"texture":"#0"}}},{"from":[-13.25,2,2.5],"to":[13.25,3,13.5],"rotation":{"angle":0,"axis":"y","origin":[12,2.5,4]},"faces":{"north":{"uv":[6.5,4.875,9.8125,5],"texture":"#0"},"east":{"uv":[1.375,6,2.75,6.125],"texture":"#0"},"south":{"uv":[9.8125,4.875,6.5,5],"texture":"#0"},"west":{"uv":[1.375,6,2.75,6.125],"texture":"#0"},"up":{"uv":[6.8125,2.875,3.5,1.5],"texture":"#0"},"down":{"uv":[6.8125,2.875,3.5,4.25],"texture":"#0"}}},{"from":[-12.75,0,3],"to":[-11.25,2,13],"rotation":{"angle":0,"axis":"y","origin":[-11.75,1.5,4]},"faces":{"north":{"uv":[3,5.375,3.1875,5.625],"texture":"#0"},"east":{"uv":[4.625,6.75,3.375,7],"texture":"#0"},"south":{"uv":[3.25,5.375,3.4375,5.625],"texture":"#0"},"west":{"uv":[3.375,6.75,4.625,7],"texture":"#0"},"up":{"uv":[5.3125,8,5.125,6.75],"texture":"#0"},"down":{"uv":[5.5625,6.75,5.375,8],"texture":"#0"}}},{"from":[11.25,0,3],"to":[12.75,2,13],"rotation":{"angle":0,"axis":"y","origin":[11.75,1.5,4]},"faces":{"north":{"uv":[3.1875,5.375,3,5.625],"texture":"#0"},"east":{"uv":[4.625,6.75,3.375,7],"texture":"#0"},"south":{"uv":[3.4375,5.375,3.25,5.625],"texture":"#0"},"west":{"uv":[3.375,6.75,4.625,7],"texture":"#0"},"up":{"uv":[5.125,8,5.3125,6.75],"texture":"#0"},"down":{"uv":[5.375,6.75,5.5625,8],"texture":"#0"}}},{"from":[-13.75,3.53701,12.80029],"to":[13.75,15.53701,15.30029],"rotation":{"angle":22.5,"axis":"x","origin":[1,6.53701,13.30029]},"faces":{"north":{"uv":[0,0,3.4375,1.5],"texture":"#0"},"east":{"uv":[1.5,6.5,1.8125,8],"texture":"#0"},"south":{"uv":[0,1.5,3.4375,3],"texture":"#0"},"west":{"uv":[1.8125,6.5,1.5,8],"texture":"#0"},"up":{"uv":[6.4375,6.0625,3,5.75],"texture":"#0"},"down":{"uv":[3.4375,6.125,0,6.4375],"texture":"#0"}}},{"from":[6.25,8.2527,15.2796],"to":[13.25,15.2527,15.2796],"rotation":{"angle":22.5,"axis":"x","origin":[10.75,12.7527,15.2796]},"faces":{"north":{"uv":[7,0,7.875,0.875],"texture":"#0"},"south":{"uv":[7.875,0,7,0.875],"texture":"#0"}}},{"from":[6,8.5027,15.2296],"to":[13,15.5027,15.2296],"rotation":{"angle":22.5,"axis":"x","origin":[10.75,12.7527,15.2796]},"faces":{"north":{"uv":[7.8125,1.25,8.6875,2.125],"texture":"#0"},"south":{"uv":[8.6875,1.25,7.8125,2.125],"texture":"#0"}}}],"gui_light":"front","display":{"thirdperson_righthand":{"rotation":[67.5,0,0],"translation":[1.75,1.5,0.5],"scale":[0.21875,0.21875,0.21875]},"thirdperson_lefthand":{"rotation":[67.5,0,0],"translation":[-1.75,1.5,0.5],"scale":[0.21875,0.21875,0.21875]},"firstperson_righthand":{"translation":[3.75,3,0],"scale":[0.2832,0.2832,0.2832]},"firstperson_lefthand":{"translation":[-0.75,3,0],"scale":[0.2832,0.2832,0.2832]},"ground":{"translation":[3,6,-0.75],"scale":[0.4,0.4,0.4]},"gui":{"rotation":[30,135,0],"translation":[-3,1,0],"scale":[0.46094,0.46094,0.46094]},"head":{"rotation":[0,180,0],"translation":[0,-30.4,0],"scale":[1.6,1.6,1.6]},"fixed":{"rotation":[-90,0,0],"translation":[0,0,-16],"scale":[2,2,2]}}}