{"credit":"Made with Blockbench","textures":{"1":"balloon_entities:entity/balloon_stingray/body"},"elements":[{"from":[7.6,10.4,4.44],"to":[8,10.8,13.24],"rotation":{"angle":0,"axis":"y","origin":[8,5,8]},"faces":{"north":{"uv":[5.5,7.5,5.75,7.75],"texture":"#1","tintindex":0},"east":{"uv":[8.5,6,14,6.25],"texture":"#1","tintindex":0},"south":{"uv":[5.75,7.5,6,7.75],"texture":"#1","tintindex":0},"west":{"uv":[8.5,6.25,14,6.5],"texture":"#1","tintindex":0},"up":{"uv":[5,14,4.75,8.5],"texture":"#1","tintindex":0},"down":{"uv":[5.25,8.5,5,14],"texture":"#1","tintindex":0}}},{"from":[5.2,7.4,4.4],"to":[10.4,10.6,9.6],"rotation":{"angle":0,"axis":"y","origin":[8,5,8]},"faces":{"north":{"uv":[3.25,0,6.5,1.75],"texture":"#1","tintindex":0},"east":{"uv":[3.25,1.75,6.5,3.5],"texture":"#1","tintindex":0},"south":{"uv":[3.25,3.5,6.5,5.25],"texture":"#1","tintindex":0},"west":{"uv":[3.25,5.25,6.5,7],"texture":"#1","tintindex":0},"up":{"uv":[3.25,3.25,0,0],"texture":"#1","tintindex":0},"down":{"uv":[3.25,3.25,0,6.5],"texture":"#1","tintindex":0}}},{"from":[10.4,7.4,4.4],"to":[5.2,10.2,9.6],"rotation":{"angle":0,"axis":"y","origin":[8,5,8]},"faces":{"north":{"uv":[3.25,0,6.5,1.75],"texture":"#1","tintindex":0},"east":{"uv":[3.25,1.75,6.5,3.5],"texture":"#1","tintindex":0},"south":{"uv":[3.25,3.5,6.5,5.25],"texture":"#1","tintindex":0},"west":{"uv":[3.25,5.25,6.5,7],"texture":"#1","tintindex":0},"up":{"uv":[3.25,3.25,0,0],"texture":"#1","tintindex":0},"down":{"uv":[3.25,0,0,3.25],"texture":"#1","tintindex":0}}},{"from":[5.2,7.8,3.2],"to":[10.4,8.6,4.4],"rotation":{"angle":0,"axis":"y","origin":[8,5,8]},"faces":{"north":{"uv":[8,8,11.25,8.5],"texture":"#1","tintindex":0},"east":{"uv":[2.25,6.5,3,7],"texture":"#1","tintindex":0},"south":{"uv":[0,8.5,3.25,9],"texture":"#1","tintindex":0},"west":{"uv":[5.5,7,6.25,7.5],"texture":"#1","tintindex":0},"up":{"uv":[5.5,7.75,2.25,7],"texture":"#1","tintindex":0},"down":{"uv":[5.5,7.75,2.25,8.5],"texture":"#1","tintindex":0}}},{"from":[10.4,7.8,3.2],"to":[5.2,8.6,4.4],"rotation":{"angle":0,"axis":"y","origin":[8,5,8]},"faces":{"north":{"uv":[8,8,11.25,8.5],"texture":"#1","tintindex":0},"east":{"uv":[2.25,6.5,3,7],"texture":"#1","tintindex":0},"south":{"uv":[0,8.5,3.25,9],"texture":"#1","tintindex":0},"west":{"uv":[5.5,7,6.25,7.5],"texture":"#1","tintindex":0},"up":{"uv":[5.5,7.75,2.25,7],"texture":"#1","tintindex":0},"down":{"uv":[5.5,7.75,2.25,8.5],"texture":"#1","tintindex":0}}},{"from":[6,8.2,9.6],"to":[9.6,10.6,12.8],"rotation":{"angle":0,"axis":"y","origin":[8,5,8]},"faces":{"north":{"uv":[6.5,2,8.75,3.5],"texture":"#1","tintindex":0},"east":{"uv":[6.5,5,8.5,6.5],"texture":"#1","tintindex":0},"south":{"uv":[6.5,3.5,8.75,5],"texture":"#1","tintindex":0},"west":{"uv":[6.5,6.5,8.5,8],"texture":"#1","tintindex":0},"up":{"uv":[2.25,8.5,0,6.5],"texture":"#1","tintindex":0},"down":{"uv":[8.75,0,6.5,2],"texture":"#1","tintindex":0}}},{"from":[9.6,8.2,9.6],"to":[6,10.6,12.8],"rotation":{"angle":0,"axis":"y","origin":[8,5,8]},"faces":{"north":{"uv":[6.5,2,8.75,3.5],"texture":"#1","tintindex":0},"east":{"uv":[6.5,5,8.5,6.5],"texture":"#1","tintindex":0},"south":{"uv":[6.5,3.5,8.75,5],"texture":"#1","tintindex":0},"west":{"uv":[6.5,6.5,8.5,8],"texture":"#1","tintindex":0},"up":{"uv":[2.25,8.5,0,6.5],"texture":"#1","tintindex":0},"down":{"uv":[8.75,0,6.5,2],"texture":"#1","tintindex":0}}},{"from":[6.8,9,12.8],"to":[8.8,10.6,15.2],"rotation":{"angle":0,"axis":"y","origin":[8,5,8]},"faces":{"north":{"uv":[8.5,6.5,9.75,7.5],"texture":"#1","tintindex":0},"east":{"uv":[3.25,8.5,4.75,9.5],"texture":"#1","tintindex":0},"south":{"uv":[8,8.5,9.25,9.5],"texture":"#1","tintindex":0},"west":{"uv":[8.5,5,10,6],"texture":"#1","tintindex":0},"up":{"uv":[6.75,9.5,5.5,8],"texture":"#1","tintindex":0},"down":{"uv":[8,8,6.75,9.5],"texture":"#1","tintindex":0}}},{"from":[8.8,9,12.8],"to":[6.8,10.6,15.2],"rotation":{"angle":0,"axis":"y","origin":[8,5,8]},"faces":{"north":{"uv":[8.5,6.5,9.75,7.5],"texture":"#1","tintindex":0},"east":{"uv":[3.25,8.5,4.75,9.5],"texture":"#1","tintindex":0},"south":{"uv":[8,8.5,9.25,9.5],"texture":"#1","tintindex":0},"west":{"uv":[8.5,5,10,6],"texture":"#1","tintindex":0},"up":{"uv":[6.75,9.5,5.5,8],"texture":"#1","tintindex":0},"down":{"uv":[8,8,6.75,9.5],"texture":"#1","tintindex":0}}},{"from":[7.6,10.2,15.2],"to":[8,10.6,18.4],"rotation":{"angle":0,"axis":"y","origin":[8,5,8]},"faces":{"north":{"uv":[3,6.5,3.25,6.75],"texture":"#1","tintindex":0},"east":{"uv":[8.5,7.5,10.5,7.75],"texture":"#1","tintindex":0},"south":{"uv":[3,6.75,3.25,7],"texture":"#1","tintindex":0},"west":{"uv":[8.5,7.75,10.5,8],"texture":"#1","tintindex":0},"up":{"uv":[5.5,10.5,5.25,8.5],"texture":"#1","tintindex":0},"down":{"uv":[9,1.5,8.75,3.5],"texture":"#1","tintindex":0}}},{"from":[7.6,10.32,12.88],"to":[8,11.52,14.88],"rotation":{"angle":-45,"axis":"x","origin":[7.8,11.4,14.2]},"faces":{"north":{"uv":[6.25,7,6.5,7.75],"texture":"#1","tintindex":0},"east":{"uv":[8.75,0,10,0.75],"texture":"#1","tintindex":0},"south":{"uv":[0.25,9,0.5,9.75],"texture":"#1","tintindex":0},"west":{"uv":[8.75,0.75,10,1.5],"texture":"#1","tintindex":0},"up":{"uv":[9,4.75,8.75,3.5],"texture":"#1","tintindex":0},"down":{"uv":[0.25,9,0,10.25],"texture":"#1","tintindex":0}}},{"from":[4.4,9,4],"to":[5.6,10.2,5.2],"rotation":{"angle":0,"axis":"y","origin":[8,5,8]},"faces":{"north":{"uv":[10.5,6.75,11.25,7.5],"texture":"#1"},"east":{"uv":[10,5.25,10.75,6],"texture":"#1"},"south":{"uv":[11.25,6.75,12,7.5],"texture":"#1"},"west":{"uv":[12,6.75,12.75,7.5],"texture":"#1"},"up":{"uv":[12.75,8.25,12,7.5],"texture":"#1"},"down":{"uv":[12,7.5,11.25,8.25],"texture":"#1"}}},{"from":[10,9,4],"to":[11.2,10.2,5.2],"rotation":{"angle":0,"axis":"y","origin":[8,5,8]},"faces":{"north":{"uv":[11.25,6.75,10.5,7.5],"texture":"#1"},"east":{"uv":[12.75,6.75,12,7.5],"texture":"#1"},"south":{"uv":[12,6.75,11.25,7.5],"texture":"#1"},"west":{"uv":[10.75,5.25,10,6],"texture":"#1"},"up":{"uv":[12,8.25,12.75,7.5],"texture":"#1"},"down":{"uv":[11.25,7.5,12,8.25],"texture":"#1"}}}],"gui_light":"front","display":{"gui":{"rotation":[-162.58,27,174.72],"translation":[0,-3,0],"scale":[1.7832,1.7832,1.7832]},"head":{"translation":[0,5.6,0],"scale":[4,4,4]}}}