{"credit":"MadewithBlockbench","texture_size":[128,128],"textures":{"0":"elitecreatures:coffee_shop_furniture_v1/coffeeshop_texture_01","particle":"elitecreatures:coffee_shop_furniture_v1/coffeeshop_texture_01"},"elements":[{"from":[1,1,1],"to":[15,3,15],"rotation":{"angle":0,"axis":"y","origin":[0,0,-1]},"faces":{"north":{"uv":[8.5625,11.0625,10.5625,11.3125],"texture":"#0"},"east":{"uv":[10.5625,11.0625,12.3125,11.3125],"texture":"#0"},"south":{"uv":[8.5625,11.0625,10.5625,11.3125],"texture":"#0"},"west":{"uv":[10.5625,11.0625,12.3125,11.3125],"texture":"#0"},"up":{"uv":[5.4375,9.6875,7.4375,11.5625],"texture":"#0"},"down":{"uv":[5.4375,9.6875,7.4375,11.5625],"texture":"#0"}}},{"from":[1,10.5,4],"to":[15,13.5,15],"rotation":{"angle":0,"axis":"y","origin":[0,0,-1]},"faces":{"north":{"uv":[5.25,5.375,7,5.75],"texture":"#0"},"east":{"uv":[7.625,6.3125,6.25,6.6875],"texture":"#0"},"south":{"uv":[5.25,5.75,7,6.125],"texture":"#0"},"west":{"uv":[6.25,6.3125,7.625,6.6875],"texture":"#0"},"up":{"uv":[5.875,6.6875,7.625,8.0625],"texture":"#0"},"down":{"uv":[5.875,8.0625,7.625,9.4375],"texture":"#0"}}},{"from":[13,0,2],"to":[15,1,4],"rotation":{"angle":0,"axis":"y","origin":[13,-0.5,1.9]},"faces":{"north":{"uv":[1.375,4.625,1.125,5],"texture":"#0"},"east":{"uv":[1.375,4.625,1.125,5],"texture":"#0"},"south":{"uv":[1.375,4.625,1.125,5],"texture":"#0"},"west":{"uv":[1.375,4.625,1.125,5],"texture":"#0"},"up":{"uv":[1.375,5,1.125,5.25],"texture":"#0"},"down":{"uv":[1.375,5,1.125,5.25],"texture":"#0"}}},{"from":[1,0,2],"to":[3,1,4],"rotation":{"angle":0,"axis":"y","origin":[13,-0.5,1.9]},"faces":{"north":{"uv":[1.375,4.625,1.125,5],"texture":"#0"},"east":{"uv":[1.375,4.625,1.125,5],"texture":"#0"},"south":{"uv":[1.375,4.625,1.125,5],"texture":"#0"},"west":{"uv":[1.375,4.625,1.125,5],"texture":"#0"},"up":{"uv":[1.375,5,1.125,5.25],"texture":"#0"},"down":{"uv":[1.375,5,1.125,5.25],"texture":"#0"}}},{"from":[1,0,12],"to":[3,1,14],"rotation":{"angle":0,"axis":"y","origin":[13,-0.5,1.9]},"faces":{"north":{"uv":[1.375,4.625,1.125,5],"texture":"#0"},"east":{"uv":[1.375,4.625,1.125,5],"texture":"#0"},"south":{"uv":[1.375,4.625,1.125,5],"texture":"#0"},"west":{"uv":[1.375,4.625,1.125,5],"texture":"#0"},"up":{"uv":[1.375,5,1.125,5.25],"texture":"#0"},"down":{"uv":[1.375,5,1.125,5.25],"texture":"#0"}}},{"from":[13,0,12],"to":[15,1,14],"rotation":{"angle":0,"axis":"y","origin":[13,-0.5,1.9]},"faces":{"north":{"uv":[1.375,4.625,1.125,5],"texture":"#0"},"east":{"uv":[1.375,4.625,1.125,5],"texture":"#0"},"south":{"uv":[1.375,4.625,1.125,5],"texture":"#0"},"west":{"uv":[1.375,4.625,1.125,5],"texture":"#0"},"up":{"uv":[1.375,5,1.125,5.25],"texture":"#0"},"down":{"uv":[1.375,5,1.125,5.25],"texture":"#0"}}},{"from":[1,3,9],"to":[15,10.5,15],"rotation":{"angle":0,"axis":"y","origin":[0,0,-1]},"faces":{"north":{"uv":[9.125,13.875,10.875,14.8125],"texture":"#0"},"east":{"uv":[11.4375,16,10.6875,15.0625],"texture":"#0"},"south":{"uv":[9.125,12.9375,10.875,13.875],"texture":"#0"},"west":{"uv":[10.6875,16,11.4375,15.0625],"texture":"#0"},"up":{"uv":[8.75,4.75,7,4],"texture":"#0"},"down":{"uv":[7,4,8.75,4.75],"texture":"#0"}}},{"from":[2,13.5,14.5],"to":[14,15.5,14.5],"rotation":{"angle":0,"axis":"y","origin":[4.75,6.5,4.75]},"faces":{"north":{"uv":[5.875,6.5625,4.375,6.8125],"texture":"#0"},"east":{"uv":[4.8125,4.9375,4.625,5.9375],"texture":"#0"},"south":{"uv":[5.875,6.5625,4.375,6.8125],"texture":"#0"},"west":{"uv":[4.8125,4.9375,4.625,5.9375],"texture":"#0"},"up":{"uv":[3.1875,2.6875,3,2.875],"texture":"#0"},"down":{"uv":[3.1875,2.6875,3,2.875],"texture":"#0"}}},{"from":[14,13.5,4.5],"to":[14,15.5,14.5],"rotation":{"angle":0,"axis":"y","origin":[8,14.5,14.5]},"faces":{"north":{"uv":[4.625,4.9375,4.625,5.1875],"texture":"#0"},"east":{"uv":[4.375,6.5625,5.625,6.8125],"texture":"#0"},"south":{"uv":[4.625,4.9375,4.625,5.1875],"texture":"#0"},"west":{"uv":[5.625,6.5625,4.375,6.8125],"texture":"#0"},"up":{"uv":[4.25,2.6875,3,2.6875],"rotation":90,"texture":"#0"},"down":{"uv":[4.25,2.6875,3,2.6875],"rotation":270,"texture":"#0"}}},{"from":[2,13.5,4.5],"to":[2,15.5,14.5],"rotation":{"angle":0,"axis":"y","origin":[8,14.5,14.5]},"faces":{"north":{"uv":[4.625,4.9375,4.625,5.1875],"texture":"#0"},"east":{"uv":[4.375,6.5625,5.625,6.8125],"texture":"#0"},"south":{"uv":[4.625,4.9375,4.625,5.1875],"texture":"#0"},"west":{"uv":[5.625,6.5625,4.375,6.8125],"texture":"#0"},"up":{"uv":[4.25,2.6875,3,2.6875],"rotation":90,"texture":"#0"},"down":{"uv":[4.25,2.6875,3,2.6875],"rotation":270,"texture":"#0"}}},{"from":[4.1,9.5,5],"to":[5.5,11,6.5],"rotation":{"angle":0,"axis":"y","origin":[11.25,6.5,4.75]},"faces":{"north":{"uv":[4.625,4.9375,4.8,5.125],"texture":"#0"},"east":{"uv":[4.625,4.9375,4.8125,5.125],"texture":"#0"},"south":{"uv":[4.625,4.9375,4.8,5.125],"texture":"#0"},"west":{"uv":[4.625,4.9375,4.8125,5.125],"texture":"#0"},"up":{"uv":[3,2.6875,3.175,2.875],"texture":"#0"},"down":{"uv":[3,2.6875,3.175,2.875],"texture":"#0"}}},{"from":[3.75,8.5,4.75],"to":[5.75,10,6.75],"rotation":{"angle":0,"axis":"y","origin":[11.25,6.5,4.75]},"faces":{"north":{"uv":[5,4.9375,5.25,5.125],"texture":"#0"},"east":{"uv":[5,4.9375,5.25,5.125],"texture":"#0"},"south":{"uv":[5,4.9375,5.25,5.125],"texture":"#0"},"west":{"uv":[5,4.9375,5.25,5.125],"texture":"#0"},"up":{"uv":[5,5.125,5.25,5.375],"texture":"#0"},"down":{"uv":[5,5.125,5.25,5.375],"texture":"#0"}}},{"from":[4,8.5,0.75],"to":[5.5,10,4.75],"rotation":{"angle":0,"axis":"y","origin":[11.25,6.5,4.75]},"faces":{"north":{"uv":[5.75,4.9375,5.9375,5.125],"texture":"#0"},"east":{"uv":[5.75,4.9375,5.25,5.125],"texture":"#0"},"south":{"uv":[5.75,4.9375,5.9375,5.125],"texture":"#0"},"west":{"uv":[5.25,4.9375,5.75,5.125],"texture":"#0"},"up":{"uv":[6.3125,4.875,6.5,5.375],"texture":"#0"},"down":{"uv":[6.3125,5.375,6.5,4.875],"texture":"#0"}}},{"from":[2,11.5,3],"to":[3.5,13,4],"rotation":{"angle":0,"axis":"y","origin":[11.25,6.5,4.75]},"faces":{"north":{"uv":[5.25,5.125,5.4375,5.3125],"texture":"#0"},"east":{"uv":[5.4375,5.125,5.5625,5.3125],"texture":"#0"},"south":{"uv":[5.25,5.125,5.4375,5.3125],"texture":"#0"},"west":{"uv":[5.4375,5.125,5.5625,5.3125],"texture":"#0"},"up":{"uv":[5.5625,5.125,5.75,5.25],"texture":"#0"},"down":{"uv":[5.5625,5.125,5.75,5.25],"texture":"#0"}}},{"from":[12.5,11.5,3],"to":[14,13,4],"rotation":{"angle":0,"axis":"y","origin":[4.75,6.5,4.75]},"faces":{"north":{"uv":[5.4375,5.125,5.25,5.3125],"texture":"#0"},"east":{"uv":[5.5625,5.125,5.4375,5.3125],"texture":"#0"},"south":{"uv":[5.4375,5.125,5.25,5.3125],"texture":"#0"},"west":{"uv":[5.5625,5.125,5.4375,5.3125],"texture":"#0"},"up":{"uv":[5.75,5.125,5.5625,5.25],"texture":"#0"},"down":{"uv":[5.75,5.125,5.5625,5.25],"texture":"#0"}}},{"from":[1.5,3,1.5],"to":[14.5,3.5,9.5],"rotation":{"angle":0,"axis":"y","origin":[11.25,6.5,4.75]},"faces":{"north":{"uv":[8.5625,10,10.1875,10.0625],"texture":"#0"},"east":{"uv":[9.125,12.875,10.125,12.9375],"texture":"#0"},"south":{"uv":[8.5625,10,10.1875,10.0625],"texture":"#0"},"west":{"uv":[9.125,12.875,10.125,12.9375],"texture":"#0"},"up":{"uv":[8.5625,10.0625,10.1875,11.0625],"texture":"#0"},"down":{"uv":[8.5625,10.0625,10.1875,11.0625],"texture":"#0"}}},{"from":[4,3.5,8],"to":[5.5,11,10],"rotation":{"angle":0,"axis":"y","origin":[11.25,6.5,4.75]},"faces":{"north":{"uv":[4.8125,4.9375,5,5.875],"texture":"#0"},"east":{"uv":[4.8125,4.9375,5,5.875],"texture":"#0"},"south":{"uv":[4.8125,4.9375,5,5.875],"texture":"#0"},"west":{"uv":[4.8125,4.9375,5,5.875],"texture":"#0"},"up":{"uv":[3,2.6875,3.1875,2.9375],"texture":"#0"},"down":{"uv":[3,2.6875,3.1875,2.9375],"texture":"#0"}}},{"from":[10.5,3.5,8],"to":[12,11,10],"rotation":{"angle":0,"axis":"y","origin":[4.75,6.5,4.75]},"faces":{"north":{"uv":[5,4.9375,4.8125,5.875],"texture":"#0"},"east":{"uv":[5,4.9375,4.8125,5.875],"texture":"#0"},"south":{"uv":[5,4.9375,4.8125,5.875],"texture":"#0"},"west":{"uv":[5,4.9375,4.8125,5.875],"texture":"#0"},"up":{"uv":[3.1875,2.6875,3,2.9375],"texture":"#0"},"down":{"uv":[3.1875,2.6875,3,2.9375],"texture":"#0"}}},{"from":[10.25,8.5,4.75],"to":[12.25,10,6.75],"rotation":{"angle":0,"axis":"y","origin":[4.75,6.5,4.75]},"faces":{"north":{"uv":[5.25,4.9375,5,5.125],"texture":"#0"},"east":{"uv":[5.25,4.9375,5,5.125],"texture":"#0"},"south":{"uv":[5.25,4.9375,5,5.125],"texture":"#0"},"west":{"uv":[5.25,4.9375,5,5.125],"texture":"#0"},"up":{"uv":[5.25,5.125,5,5.375],"texture":"#0"},"down":{"uv":[5.25,5.125,5,5.375],"texture":"#0"}}},{"from":[10.5,9.5,5],"to":[11.9,11,6.5],"rotation":{"angle":0,"axis":"y","origin":[4.75,6.5,4.75]},"faces":{"north":{"uv":[4.8,4.9375,4.625,5.125],"texture":"#0"},"east":{"uv":[4.8125,4.9375,4.625,5.125],"texture":"#0"},"south":{"uv":[4.8,4.9375,4.625,5.125],"texture":"#0"},"west":{"uv":[4.8125,4.9375,4.625,5.125],"texture":"#0"},"up":{"uv":[3.175,2.6875,3,2.875],"texture":"#0"},"down":{"uv":[3.175,2.6875,3,2.875],"texture":"#0"}}},{"from":[10.5,8.5,0.75],"to":[12,10,4.75],"rotation":{"angle":0,"axis":"y","origin":[4.75,6.5,4.75]},"faces":{"north":{"uv":[5.9375,4.9375,5.75,5.125],"texture":"#0"},"east":{"uv":[5.75,4.9375,5.25,5.125],"texture":"#0"},"south":{"uv":[5.9375,4.9375,5.75,5.125],"texture":"#0"},"west":{"uv":[5.25,4.9375,5.75,5.125],"texture":"#0"},"up":{"uv":[6.5,4.875,6.3125,5.375],"texture":"#0"},"down":{"uv":[6.5,5.375,6.3125,4.875],"texture":"#0"}}}],"gui_light":"front","display":{"thirdperson_righthand":{"rotation":[67.5,0,0],"translation":[0,2,0],"scale":[0.2793,0.2793,0.2793]},"thirdperson_lefthand":{"rotation":[67.5,0,0],"translation":[0,2,0],"scale":[0.2793,0.2793,0.2793]},"firstperson_righthand":{"translation":[1,3.5,0],"scale":[0.36289,0.36289,0.36289]},"firstperson_lefthand":{"translation":[1,3.5,0],"scale":[0.36289,0.36289,0.36289]},"ground":{"translation":[0,6,0],"scale":[0.6,0.6,0.65]},"gui":{"rotation":[30,135,0],"scale":[0.63867,0.63867,0.63867]},"head":{"rotation":[0,180,0],"translation":[0,-30.4,0],"scale":[1.6,1.6,1.6]},"fixed":{"rotation":[-90,0,0],"translation":[0,0,-16],"scale":[2,2,2]}},"groups":[0,1,2,3,4,5,6,{"name":"group","origin":[0,0,0],"color":0,"children":[]},{"name":"group","origin":[0,0,0],"color":0,"children":[]},{"name":"group","origin":[-3.5,15.75,10],"color":0,"children":[]},{"name":"group","origin":[-3.5,15.75,10],"color":0,"children":[]},{"name":"group","origin":[-3.5,15.75,10],"color":0,"children":[]},{"name":"group","origin":[-3.5,15.75,10],"color":0,"children":[]},7,8,9,10,11,12,13,14,15,16,17,18,19,20]}