{"credit":"Made with Blockbench","texture_size":[64,64],"textures":{"0":"sakura_furniture_v1:sakurafence1texture","particle":"sakura_furniture_v1:sakurafence1texture"},"elements":[{"from":[0,0,6.5],"to":[3,16,9.5],"rotation":{"angle":0,"axis":"y","origin":[16,0,0]},"faces":{"north":{"uv":[3,2.5,2.25,6.5],"texture":"#0"},"east":{"uv":[1.5,3.25,0.75,7.25],"texture":"#0"},"south":{"uv":[2.25,2.5,3,6.5],"texture":"#0"},"west":{"uv":[0.75,3.25,0,7.25],"texture":"#0"},"up":{"uv":[0,3.25,0.75,2.5],"texture":"#0"},"down":{"uv":[0.75,2.5,1.5,3.25],"texture":"#0"}}},{"from":[13,0,6.5],"to":[16,16,9.5],"faces":{"north":{"uv":[2.25,2.5,3,6.5],"texture":"#0"},"east":{"uv":[0,3.25,0.75,7.25],"texture":"#0"},"south":{"uv":[3,2.5,2.25,6.5],"texture":"#0"},"west":{"uv":[0.75,3.25,1.5,7.25],"texture":"#0"},"up":{"uv":[0.75,3.25,0,2.5],"texture":"#0"},"down":{"uv":[1.5,2.5,0.75,3.25],"texture":"#0"}}},{"from":[3,10,7.5],"to":[13,15,8.5],"faces":{"north":{"uv":[0.75,0,3.25,1.25],"texture":"#0"},"east":{"uv":[4,5,3.75,6.25],"texture":"#0"},"south":{"uv":[0.75,1.25,3.25,2.5],"texture":"#0"},"west":{"uv":[3.75,5,4,6.25],"texture":"#0"},"up":{"uv":[8.75,0.25,6.25,0],"texture":"#0"},"down":{"uv":[8.75,0.25,6.25,0.5],"texture":"#0"}}},{"from":[3,4,7.5],"to":[13,9,8.5],"faces":{"north":{"uv":[0.75,0,3.25,1.25],"texture":"#0"},"east":{"uv":[4,5,3.75,6.25],"texture":"#0"},"south":{"uv":[0.75,1.25,3.25,2.5],"texture":"#0"},"west":{"uv":[3.75,5,4,6.25],"texture":"#0"},"up":{"uv":[8.75,0.25,6.25,0],"texture":"#0"},"down":{"uv":[8.75,0.25,6.25,0.5],"texture":"#0"}}}],"gui_light":"front","display":{"thirdperson_righthand":{"rotation":[67.5,0,0],"translation":[0,0.5,0.25],"scale":[0.23438,0.23438,0.23438]},"thirdperson_lefthand":{"rotation":[67.5,0,0],"translation":[0,0.5,0.25],"scale":[0.23438,0.23438,0.23438]},"firstperson_righthand":{"translation":[3.5,2.5,0],"scale":[0.33984,0.33984,0.33984]},"firstperson_lefthand":{"translation":[3.5,2.5,0],"scale":[0.33984,0.33984,0.33984]},"ground":{"translation":[0,6,0],"scale":[0.5,0.5,0.5]},"gui":{"rotation":[30,135,0],"scale":[0.73633,0.73633,0.73633]},"head":{"rotation":[0,180,0],"translation":[0,-30.4,0],"scale":[1.6,1.6,1.6]},"fixed":{"rotation":[-90,0,0],"translation":[0,0,-16],"scale":[2,2,2]}}}