{"credit":"Made with Blockbench","texture_size":[32,32],"textures":{"1":"magic_store_pack:magic_store_cards"},"elements":[{"from":[4,0.1,6],"to":[8,0.1,12],"rotation":{"angle":0,"axis":"y","origin":[6,0.1,5]},"faces":{"north":{"uv":[0,0,2,0],"texture":"#1"},"east":{"uv":[0,0,3,0],"texture":"#1"},"south":{"uv":[0,0,2,0],"texture":"#1"},"west":{"uv":[0,0,3,0],"texture":"#1"},"up":{"uv":[2,3,0,0],"texture":"#1"},"down":{"uv":[4,0,2,3],"texture":"#1"}}},{"from":[4,0.2,6],"to":[8,0.2,12],"rotation":{"angle":22.5,"axis":"y","origin":[6,0.1,5]},"faces":{"north":{"uv":[0,0,2,0],"texture":"#1"},"east":{"uv":[0,0,3,0],"texture":"#1"},"south":{"uv":[0,0,2,0],"texture":"#1"},"west":{"uv":[0,0,3,0],"texture":"#1"},"up":{"uv":[2,6,0,3],"texture":"#1"},"down":{"uv":[4,3,2,6],"texture":"#1"}}},{"from":[4,0.3,6],"to":[8,0.3,12],"rotation":{"angle":45,"axis":"y","origin":[6,0.2,5]},"faces":{"north":{"uv":[0,0,2,0],"texture":"#1"},"east":{"uv":[0,0,3,0],"texture":"#1"},"south":{"uv":[0,0,2,0],"texture":"#1"},"west":{"uv":[0,0,3,0],"texture":"#1"},"up":{"uv":[6,3,4,0],"texture":"#1"},"down":{"uv":[6,3,4,6],"texture":"#1"}}},{"from":[7,0.4,3],"to":[13,0.4,7],"rotation":{"angle":-22.5,"axis":"y","origin":[6,0.2,5]},"faces":{"north":{"uv":[0,0,3,0],"texture":"#1"},"east":{"uv":[0,0,2,0],"texture":"#1"},"south":{"uv":[0,0,3,0],"texture":"#1"},"west":{"uv":[0,0,2,0],"texture":"#1"},"up":{"uv":[3,8,0,6],"texture":"#1"},"down":{"uv":[9,0,6,2],"texture":"#1"}}}],"display":{"thirdperson_righthand":{"rotation":[75,45,0],"translation":[0,2.5,0],"scale":[0.375,0.375,0.375]},"thirdperson_lefthand":{"rotation":[75,45,0],"translation":[0,2.5,0],"scale":[0.375,0.375,0.375]},"firstperson_righthand":{"rotation":[0,45,0],"scale":[0.4,0.4,0.4]},"firstperson_lefthand":{"rotation":[0,225,0],"scale":[0.4,0.4,0.4]},"ground":{"translation":[0,3,0],"scale":[0.25,0.25,0.25]},"gui":{"rotation":[30,225,0],"translation":[0,5,0]},"fixed":{"rotation":[-90,0,0],"translation":[0,0,-16],"scale":[2,2,2]}}}