{"credit":"Created by Workshop Six","texture_size":[128,128],"textures":{"2":"workshop_six:sweetheart_furniture/sweetheart_armoire","particle":"workshop_six:sweetheart_furniture/sweetheart_armoire"},"elements":[{"from":[2,-5,0],"to":[14,-3,16],"rotation":{"angle":0,"axis":"y","origin":[2,-5,0]},"faces":{"north":{"uv":[9.625,5.75,11.125,6],"texture":"#2"},"east":{"uv":[9.5,2,11.5,2.25],"texture":"#2"},"south":{"uv":[9.625,6,11.125,6.25],"texture":"#2"},"west":{"uv":[9.5,2.25,11.5,2.5],"texture":"#2"},"up":{"uv":[9,2,7.5,0],"texture":"#2"},"down":{"uv":[9,2,7.5,4],"texture":"#2"}}},{"from":[-1,28,-3],"to":[17,30,19],"rotation":{"angle":0,"axis":"y","origin":[0,15,-3]},"faces":{"north":{"uv":[9,1.5,11.25,1.75],"texture":"#2"},"east":{"uv":[9,1,11.75,1.25],"texture":"#2"},"south":{"uv":[9,1.75,11.25,2],"texture":"#2"},"west":{"uv":[9,1.25,11.75,1.5],"texture":"#2"},"up":{"uv":[8.75,7,6.5,4.25],"texture":"#2"},"down":{"uv":[8.75,7,6.5,9.75],"texture":"#2"}}},{"from":[1,-6,0],"to":[2,28,16],"rotation":{"angle":0,"axis":"y","origin":[0,-16,-3]},"faces":{"north":{"uv":[9.125,2,9.25,6.25],"texture":"#2"},"east":{"uv":[4,0,6,4.25],"texture":"#2"},"south":{"uv":[9.125,6.25,9.25,10.5],"texture":"#2"},"west":{"uv":[0,4.25,2,8.5],"texture":"#2"},"up":{"uv":[9.875,4.5,9.75,2.5],"texture":"#2"},"down":{"uv":[9.875,6.25,9.75,8.25],"texture":"#2"}}},{"from":[14,-6,0],"to":[15,28,16],"rotation":{"angle":0,"axis":"y","origin":[0,-16,-3]},"faces":{"north":{"uv":[9,2,9.125,6.25],"texture":"#2"},"east":{"uv":[0,0,2,4.25],"texture":"#2"},"south":{"uv":[9,6.25,9.125,10.5],"texture":"#2"},"west":{"uv":[2,0,4,4.25],"texture":"#2"},"up":{"uv":[9.75,8.25,9.625,6.25],"texture":"#2"},"down":{"uv":[9.75,8.25,9.625,10.25],"texture":"#2"}}},{"from":[2,-6,16],"to":[14,28,17],"rotation":{"angle":0,"axis":"y","origin":[0,-16,-14]},"faces":{"north":{"uv":[2,4.25,3.5,8.5],"texture":"#2"},"east":{"uv":[9.25,2,9.375,6.25],"texture":"#2"},"south":{"uv":[3.5,4.25,5,8.5],"texture":"#2"},"west":{"uv":[9.25,6.25,9.375,10.5],"texture":"#2"},"up":{"uv":[11.25,4.625,9.75,4.5],"texture":"#2"},"down":{"uv":[11.25,4.625,9.75,4.75],"texture":"#2"}}},{"from":[0,-8,-2],"to":[2,28,0],"rotation":{"angle":0,"axis":"y","origin":[16,-16,29]},"faces":{"north":{"uv":[3,8.5,3.25,13],"texture":"#2"},"east":{"uv":[3.25,8.5,3.5,13],"texture":"#2"},"south":{"uv":[3.5,8.5,3.75,13],"texture":"#2"},"west":{"uv":[3.75,8.5,4,13],"texture":"#2"},"up":{"uv":[7.75,4.25,7.5,4],"texture":"#2"},"down":{"uv":[8,4,7.75,4.25],"texture":"#2"}}},{"from":[0,-4.25,1.5],"to":[1,-0.25,14.5],"rotation":{"angle":0,"axis":"y","origin":[0,-7.25,-3]},"faces":{"north":{"uv":[8.375,9.75,8.5,10.25],"texture":"#2"},"east":{"uv":[9,0,10.625,0.5],"texture":"#2"},"south":{"uv":[8.5,9.75,8.625,10.25],"texture":"#2"},"west":{"uv":[9,0.5,10.625,1],"texture":"#2"},"up":{"uv":[6.625,11.375,6.5,9.75],"texture":"#2"},"down":{"uv":[6.75,9.75,6.625,11.375],"texture":"#2"}}},{"from":[0,0.75,1.5],"to":[1,26.75,7.5],"rotation":{"angle":0,"axis":"y","origin":[0,14.75,-3]},"faces":{"north":{"uv":[9.5,2.5,9.625,5.75],"texture":"#2"},"east":{"uv":[0,8.5,0.75,11.75],"texture":"#2"},"south":{"uv":[9.5,5.75,9.625,9],"texture":"#2"},"west":{"uv":[0.75,8.5,1.5,11.75],"texture":"#2"},"up":{"uv":[9.875,5.75,9.75,5],"texture":"#2"},"down":{"uv":[6.875,9.75,6.75,10.5],"texture":"#2"}}},{"from":[-0.75,12.81802,8.82843],"to":[0.25,15.81802,10.82843],"rotation":{"angle":-45,"axis":"x","origin":[-0.25,14.06802,10.57843]},"faces":{"north":{"uv":[8.625,9.75,8.75,10.125],"texture":"#2"},"east":{"uv":[6.875,9.75,7.125,10.125],"texture":"#2"},"south":{"uv":[9.75,9.375,9.875,9.75],"texture":"#2"},"west":{"uv":[7.125,9.75,7.375,10.125],"texture":"#2"},"up":{"uv":[10,3.875,9.875,3.625],"texture":"#2"},"down":{"uv":[10,3.875,9.875,4.125],"texture":"#2"}}},{"from":[-0.75,12.81802,10.82843],"to":[0.25,14.81802,11.82843],"rotation":{"angle":-45,"axis":"x","origin":[-0.25,14.06802,10.57843]},"faces":{"north":{"uv":[9.875,4.125,10,4.375],"texture":"#2"},"east":{"uv":[9.875,5,10,5.25],"texture":"#2"},"south":{"uv":[9.875,5.25,10,5.5],"texture":"#2"},"west":{"uv":[9.875,5.5,10,5.75],"texture":"#2"},"up":{"uv":[10,4.5,9.875,4.375],"texture":"#2"},"down":{"uv":[10.125,2.75,10,2.875],"texture":"#2"}}},{"from":[-0.75,-3.18198,6.57843],"to":[0.25,-0.18198,8.57843],"rotation":{"angle":-45,"axis":"x","origin":[-0.25,-1.93198,8.32843]},"faces":{"north":{"uv":[9.75,9.75,9.875,10.125],"texture":"#2"},"east":{"uv":[7.375,9.75,7.625,10.125],"texture":"#2"},"south":{"uv":[9.875,2.5,10,2.875],"texture":"#2"},"west":{"uv":[7.625,9.75,7.875,10.125],"texture":"#2"},"up":{"uv":[10,6.5,9.875,6.25],"texture":"#2"},"down":{"uv":[10,6.5,9.875,6.75],"texture":"#2"}}},{"from":[-0.75,-3.18198,8.57843],"to":[0.25,-1.18198,9.57843],"rotation":{"angle":-45,"axis":"x","origin":[-0.25,-1.93198,8.32843]},"faces":{"north":{"uv":[9.875,6.75,10,7],"texture":"#2"},"east":{"uv":[9.875,7,10,7.25],"texture":"#2"},"south":{"uv":[9.875,7.25,10,7.5],"texture":"#2"},"west":{"uv":[9.875,7.5,10,7.75],"texture":"#2"},"up":{"uv":[10.125,3,10,2.875],"texture":"#2"},"down":{"uv":[10.125,3,10,3.125],"texture":"#2"}}},{"from":[2,-6,-1],"to":[14,28,0],"rotation":{"angle":0,"axis":"y","origin":[0,-16,30]},"faces":{"north":{"uv":[5,4.25,6.5,8.5],"texture":"#2"},"east":{"uv":[9.375,2,9.5,6.25],"texture":"#2"},"south":{"uv":[6,0,7.5,4.25],"texture":"#2"},"west":{"uv":[9.375,6.25,9.5,10.5],"texture":"#2"},"up":{"uv":[11.25,4.875,9.75,4.75],"texture":"#2"},"down":{"uv":[11.25,4.875,9.75,5],"texture":"#2"}}},{"from":[0,0.75,8.5],"to":[1,26.75,14.5],"rotation":{"angle":0,"axis":"y","origin":[0,14.75,4]},"faces":{"north":{"uv":[9.5,9,9.625,12.25],"texture":"#2"},"east":{"uv":[1.5,8.5,2.25,11.75],"texture":"#2"},"south":{"uv":[9.625,2.5,9.75,5.75],"texture":"#2"},"west":{"uv":[2.25,8.5,3,11.75],"texture":"#2"},"up":{"uv":[8,10.5,7.875,9.75],"texture":"#2"},"down":{"uv":[8.125,9.75,8,10.5],"texture":"#2"}}},{"from":[-0.75,12.81802,4.32843],"to":[0.25,15.81802,6.32843],"rotation":{"angle":-45,"axis":"x","origin":[-0.25,14.06802,6.07843]},"faces":{"north":{"uv":[9.875,2.875,10,3.25],"texture":"#2"},"east":{"uv":[8.125,9.75,8.375,10.125],"texture":"#2"},"south":{"uv":[9.875,3.25,10,3.625],"texture":"#2"},"west":{"uv":[9.75,8.25,10,8.625],"texture":"#2"},"up":{"uv":[10,8,9.875,7.75],"texture":"#2"},"down":{"uv":[10,8,9.875,8.25],"texture":"#2"}}},{"from":[-0.75,12.81802,6.32843],"to":[0.25,14.81802,7.32843],"rotation":{"angle":-45,"axis":"x","origin":[-0.25,14.06802,6.07843]},"faces":{"north":{"uv":[9.875,9.375,10,9.625],"texture":"#2"},"east":{"uv":[9.875,9.625,10,9.875],"texture":"#2"},"south":{"uv":[9.875,9.875,10,10.125],"texture":"#2"},"west":{"uv":[10,2.5,10.125,2.75],"texture":"#2"},"up":{"uv":[10.125,3.25,10,3.125],"texture":"#2"},"down":{"uv":[10.125,3.25,10,3.375],"texture":"#2"}}},{"from":[0,-8,16],"to":[2,28,18],"rotation":{"angle":0,"axis":"y","origin":[16,-16,-13]},"faces":{"north":{"uv":[4,8.5,4.25,13],"texture":"#2"},"east":{"uv":[4.25,8.5,4.5,13],"texture":"#2"},"south":{"uv":[4.5,8.5,4.75,13],"texture":"#2"},"west":{"uv":[4.75,8.5,5,13],"texture":"#2"},"up":{"uv":[8.25,4.25,8,4],"texture":"#2"},"down":{"uv":[8.5,4,8.25,4.25],"texture":"#2"}}},{"from":[14,-8,16],"to":[16,28,18],"rotation":{"angle":0,"axis":"y","origin":[0,-16,-13]},"faces":{"north":{"uv":[5,8.5,5.25,13],"texture":"#2"},"east":{"uv":[5.25,8.5,5.5,13],"texture":"#2"},"south":{"uv":[5.5,8.5,5.75,13],"texture":"#2"},"west":{"uv":[5.75,8.5,6,13],"texture":"#2"},"up":{"uv":[8.75,4.25,8.5,4],"texture":"#2"},"down":{"uv":[10,8.625,9.75,8.875],"texture":"#2"}}},{"from":[14,-8,-2],"to":[16,28,0],"rotation":{"angle":0,"axis":"y","origin":[0,-16,29]},"faces":{"north":{"uv":[6,8.5,6.25,13],"texture":"#2"},"east":{"uv":[6.25,8.5,6.5,13],"texture":"#2"},"south":{"uv":[8.75,4,9,8.5],"texture":"#2"},"west":{"uv":[8.75,8.5,9,13],"texture":"#2"},"up":{"uv":[10,9.125,9.75,8.875],"texture":"#2"},"down":{"uv":[10,9.125,9.75,9.375],"texture":"#2"}}}],"gui_light":"front","display":{"thirdperson_righthand":{"rotation":[49,-90,0],"translation":[-0.25,0,-1],"scale":[0.23,0.23,0.23]},"thirdperson_lefthand":{"rotation":[49,-90,0],"translation":[-0.25,0,-1],"scale":[0.23,0.23,0.23]},"firstperson_righthand":{"translation":[0,2.5,3],"scale":[0.26,0.26,0.26]},"firstperson_lefthand":{"translation":[0,2.5,3],"scale":[0.26,0.26,0.26]},"ground":{"translation":[0,3,0],"scale":[0.36,0.36,0.36]},"gui":{"rotation":[18.25,90,0],"translation":[0.25,-1.25,0],"scale":[0.37,0.37,0.37]},"head":{"rotation":[0,-90,0],"translation":[0,-17.75,0],"scale":[1.6,1.6,1.6]},"fixed":{"rotation":[-90,-90,0],"translation":[0,0,-31.75],"scale":[1.99,1.99,1.99]}},"groups":[{"name":"group","origin":[0,-16,29],"color":0,"children":[0,1,2,3,4,5,6,7,8,9,10,11,12,13,14,15,16,17,18]}]}