{"credit":"MadewithBlockbench","texture_size":[128,128],"textures":{"0":"easter_furniture:easter_texture_01","particle":"easter_furniture:easter_texture_01"},"elements":[{"from":[-16,13,-1],"to":[16,16,17],"faces":{"north":{"uv":[12,9.4375,16,9.8125],"texture":"#0"},"east":{"uv":[13.75,9.0625,16,9.4375],"texture":"#0"},"south":{"uv":[12,9.4375,16,9.8125],"texture":"#0"},"west":{"uv":[13.75,9.0625,16,9.4375],"texture":"#0"},"up":{"uv":[12,9.8125,16,12.0625],"texture":"#0"},"down":{"uv":[12,9.8125,16,12.0625],"texture":"#0"}}},{"from":[-2.5,16.1,-1.1],"to":[9.5,16.1,17.1],"faces":{"north":{"uv":[12,9.4375,13.5,9.4375],"texture":"#0"},"east":{"uv":[13.75,9.0625,16.025,9.0625],"texture":"#0"},"south":{"uv":[12,9.4375,13.5,9.4375],"texture":"#0"},"west":{"uv":[13.75,9.0625,16.025,9.0625],"texture":"#0"},"up":{"uv":[10.4375,9.7875,11.9375,12.0625],"texture":"#0"},"down":{"uv":[10.4375,9.7875,11.9375,12.0625],"texture":"#0"}}},{"from":[-3,7.6,-1.1],"to":[10,16.1,-1.1],"faces":{"north":{"uv":[10.375,8.6875,12,9.75],"texture":"#0"},"east":{"uv":[13.75,9.0625,13.75,10.125],"texture":"#0"},"south":{"uv":[12,8.6875,10.375,9.75],"texture":"#0"},"west":{"uv":[13.75,9.0625,13.75,10.125],"texture":"#0"},"up":{"uv":[10.375,9.8125,12,9.8125],"texture":"#0"},"down":{"uv":[10.375,9.8125,12,9.8125],"texture":"#0"}}},{"from":[-2.5,7.1,17.1],"to":[10,16.1,17.1],"rotation":{"angle":0,"axis":"y","origin":[0,0,16]},"faces":{"north":{"uv":[12,8.3125,13.5625,9.4375],"texture":"#0"},"east":{"uv":[13.75,9.0625,13.75,10.1875],"texture":"#0"},"south":{"uv":[13.5625,8.3125,12,9.4375],"texture":"#0"},"west":{"uv":[13.75,9.0625,13.75,10.1875],"texture":"#0"},"up":{"uv":[10.375,9.8125,11.9375,9.8125],"texture":"#0"},"down":{"uv":[10.375,9.8125,11.9375,9.8125],"texture":"#0"}}},{"from":[-13.5,0,0],"to":[-10.5,13,3],"rotation":{"angle":0,"axis":"y","origin":[-5,7,-23]},"faces":{"north":{"uv":[13.5,0,13.125,1.625],"texture":"#0"},"east":{"uv":[13.5,0,13.125,1.625],"texture":"#0"},"south":{"uv":[13.5,0,13.125,1.625],"texture":"#0"},"west":{"uv":[13.5,0,13.125,1.625],"texture":"#0"},"up":{"uv":[13.5,1.625,13.125,2],"texture":"#0"},"down":{"uv":[13.5,1.625,13.125,2],"texture":"#0"}}},{"from":[-13.5,0,13],"to":[-10.5,13,16],"rotation":{"angle":0,"axis":"y","origin":[-5,7,39]},"faces":{"north":{"uv":[13.125,0,13.5,1.625],"texture":"#0"},"east":{"uv":[13.125,0,13.5,1.625],"texture":"#0"},"south":{"uv":[13.125,0,13.5,1.625],"texture":"#0"},"west":{"uv":[13.125,0,13.5,1.625],"texture":"#0"},"up":{"uv":[13.5,2,13.125,1.625],"texture":"#0"},"down":{"uv":[13.5,2,13.125,1.625],"texture":"#0"}}},{"from":[10.5,0,13],"to":[13.5,13,16],"rotation":{"angle":0,"axis":"y","origin":[21,7,39]},"faces":{"north":{"uv":[13.5,0,13.125,1.625],"texture":"#0"},"east":{"uv":[13.5,0,13.125,1.625],"texture":"#0"},"south":{"uv":[13.5,0,13.125,1.625],"texture":"#0"},"west":{"uv":[13.5,0,13.125,1.625],"texture":"#0"},"up":{"uv":[13.125,2,13.5,1.625],"texture":"#0"},"down":{"uv":[13.125,2,13.5,1.625],"texture":"#0"}}},{"from":[10.5,0,0],"to":[13.5,13,3],"rotation":{"angle":0,"axis":"y","origin":[21,7,-23]},"faces":{"north":{"uv":[13.125,0,13.5,1.625],"texture":"#0"},"east":{"uv":[13.125,0,13.5,1.625],"texture":"#0"},"south":{"uv":[13.125,0,13.5,1.625],"texture":"#0"},"west":{"uv":[13.125,0,13.5,1.625],"texture":"#0"},"up":{"uv":[13.125,1.625,13.5,2],"texture":"#0"},"down":{"uv":[13.125,1.625,13.5,2],"texture":"#0"}}},{"from":[-10.5,3,1],"to":[10.5,6,2],"rotation":{"angle":0,"axis":"y","origin":[21,7,-23]},"faces":{"north":{"uv":[4.375,7.25,7,7.625],"texture":"#0"},"east":{"uv":[0,1.8125,0.125,2.1875],"texture":"#0"},"south":{"uv":[4.375,7.25,7,7.625],"texture":"#0"},"west":{"uv":[0,1.8125,0.125,2.1875],"texture":"#0"},"up":{"uv":[4.375,7.625,7,7.75],"texture":"#0"},"down":{"uv":[4.375,7.625,7,7.75],"texture":"#0"}}},{"from":[-10.5,3,14],"to":[10.5,6,15],"rotation":{"angle":0,"axis":"y","origin":[21,7,39]},"faces":{"north":{"uv":[7,7.25,4.375,7.625],"texture":"#0"},"east":{"uv":[0.125,1.8125,0,2.1875],"texture":"#0"},"south":{"uv":[7,7.25,4.375,7.625],"texture":"#0"},"west":{"uv":[0.125,1.8125,0,2.1875],"texture":"#0"},"up":{"uv":[4.375,7.75,7,7.625],"texture":"#0"},"down":{"uv":[4.375,7.75,7,7.625],"texture":"#0"}}},{"from":[-12.5,3,8],"to":[-11.5,6,13],"rotation":{"angle":0,"axis":"y","origin":[0,4.5,14]},"faces":{"north":{"uv":[0.125,1.8125,0,2.1875],"texture":"#0"},"east":{"uv":[4.375,7.25,5,7.625],"texture":"#0"},"south":{"uv":[0.125,1.8125,0,2.1875],"texture":"#0"},"west":{"uv":[6.375,7.25,7,7.625],"texture":"#0"},"up":{"uv":[4.375,7.625,5,7.75],"rotation":270,"texture":"#0"},"down":{"uv":[4.375,7.75,5,7.625],"rotation":90,"texture":"#0"}}},{"from":[-12.5,3,3],"to":[-11.5,6,8],"rotation":{"angle":0,"axis":"y","origin":[0,4.5,2]},"faces":{"north":{"uv":[0,1.8125,0.125,2.1875],"texture":"#0"},"east":{"uv":[5,7.25,4.375,7.625],"texture":"#0"},"south":{"uv":[0,1.8125,0.125,2.1875],"texture":"#0"},"west":{"uv":[4.375,7.25,5,7.625],"texture":"#0"},"up":{"uv":[5,7.625,4.375,7.75],"rotation":270,"texture":"#0"},"down":{"uv":[5,7.75,4.375,7.625],"rotation":90,"texture":"#0"}}},{"from":[11.5,3,8],"to":[12.5,6,13],"rotation":{"angle":0,"axis":"y","origin":[16,4.5,14]},"faces":{"north":{"uv":[0,1.8125,0.125,2.1875],"texture":"#0"},"east":{"uv":[7,7.25,6.375,7.625],"texture":"#0"},"south":{"uv":[0,1.8125,0.125,2.1875],"texture":"#0"},"west":{"uv":[5,7.25,4.375,7.625],"texture":"#0"},"up":{"uv":[4.375,7.75,5,7.625],"rotation":270,"texture":"#0"},"down":{"uv":[4.375,7.625,5,7.75],"rotation":90,"texture":"#0"}}},{"from":[11.5,3,3],"to":[12.5,6,8],"rotation":{"angle":0,"axis":"y","origin":[16,4.5,2]},"faces":{"north":{"uv":[0.125,1.8125,0,2.1875],"texture":"#0"},"east":{"uv":[5,7.25,4.375,7.625],"texture":"#0"},"south":{"uv":[0.125,1.8125,0,2.1875],"texture":"#0"},"west":{"uv":[4.375,7.25,5,7.625],"texture":"#0"},"up":{"uv":[5,7.75,4.375,7.625],"rotation":270,"texture":"#0"},"down":{"uv":[5,7.625,4.375,7.75],"rotation":90,"texture":"#0"}}}],"gui_light":"front","display":{"thirdperson_righthand":{"rotation":[67.5,0,0],"translation":[1.5,1.5,0],"scale":[0.18359,0.18359,0.18359]},"thirdperson_lefthand":{"rotation":[67.5,0,0],"translation":[-1.5,1.5,0],"scale":[0.18359,0.18359,0.18359]},"firstperson_righthand":{"translation":[2,2.5,0],"scale":[0.3043,0.3043,0.3043]},"firstperson_lefthand":{"translation":[-3.25,2.5,0],"scale":[0.3043,0.3043,0.3043]},"ground":{"translation":[3,6,0.25],"scale":[0.4,0.4,0.4]},"gui":{"rotation":[30,135,0],"translation":[-2.25,0.75,0],"scale":[0.41406,0.41406,0.41406]},"head":{"rotation":[0,-180,0],"translation":[0,-30.3,0],"scale":[1.6,1.6,1.6]},"fixed":{"rotation":[-90,0,0],"translation":[0,0,-16],"scale":[2,2,2]}}}