{"credit":"Made with Blockbench","texture_size":[64,64],"textures":{"0":"sakura_furniture_v1:sakurarugtexture","particle":"sakura_furniture_v1:sakurarugtexture"},"elements":[{"from":[-16,0.05,0],"to":[16,0.05,32],"faces":{"north":{"uv":[0,0,8,0],"texture":"#0"},"east":{"uv":[0,0,8,0],"texture":"#0"},"south":{"uv":[0,0,8,0],"texture":"#0"},"west":{"uv":[0,0,8,0],"texture":"#0"},"up":{"uv":[8,8,0,0],"texture":"#0"},"down":{"uv":[8,0,0,8],"texture":"#0"}}}],"gui_light":"front","display":{"thirdperson_righthand":{"rotation":[67.5,0,0],"translation":[1.25,3.5,0.25],"scale":[0.1543,0.1543,0.1543]},"thirdperson_lefthand":{"rotation":[67.5,0,0],"translation":[-1.25,3.5,0.25],"scale":[0.1543,0.1543,0.1543]},"firstperson_righthand":{"translation":[1.75,4.5,0],"scale":[0.19336,0.19336,0.19336]},"firstperson_lefthand":{"translation":[-0.5,4.5,0],"scale":[0.19336,0.19336,0.19336]},"ground":{"translation":[3,6,-3.25],"scale":[0.4,0.4,0.4]},"gui":{"rotation":[30,135,0],"translation":[-3.75,2,0],"scale":[0.33203,0.33203,0.33203]},"head":{"rotation":[0,180,0],"translation":[0,-30.4,25.75],"scale":[1.6,1.6,1.6]},"fixed":{"rotation":[-90,0,0],"translation":[0,0,-16],"scale":[2,2,2]}}}