{"credit":"MadewithBlockbench","texture_size":[64,64],"textures":{"0":"elitecreatures:chinese_furniture_v2/12_tree_decoration_texture","particle":"elitecreatures:chinese_furniture_v2/12_tree_decoration_texture"},"elements":[{"from":[4,2,7.5],"to":[12,3,8.5],"rotation":{"angle":0,"axis":"y","origin":[0,2,6.5]},"faces":{"north":{"uv":[3,1.75,5,2],"texture":"#0"},"east":{"uv":[5.75,3.25,6,3.5],"texture":"#0"},"south":{"uv":[5,1.75,3,2],"texture":"#0"},"west":{"uv":[6,3.25,6.25,3.5],"texture":"#0"},"up":{"uv":[2,3.75,0,3.5],"texture":"#0"},"down":{"uv":[4,3.5,2,3.75],"texture":"#0"}}},{"from":[12.5,1,7.75],"to":[13,3,8.25],"rotation":{"angle":0,"axis":"y","origin":[16,2,6.5]},"faces":{"north":{"uv":[7.25,6.25,7.375,6.75],"texture":"#0"},"east":{"uv":[6.5,7.25,6.625,7.75],"texture":"#0"},"south":{"uv":[6.75,7.25,6.875,7.75],"texture":"#0"},"west":{"uv":[7.25,6.75,7.375,7.25],"texture":"#0"},"up":{"uv":[7.625,3.625,7.5,3.5],"texture":"#0"},"down":{"uv":[3.875,7.5,3.75,7.625],"texture":"#0"}}},{"from":[3,1,7.75],"to":[3.5,3,8.25],"rotation":{"angle":0,"axis":"y","origin":[0,2,6.5]},"faces":{"north":{"uv":[7.375,6.25,7.25,6.75],"texture":"#0"},"east":{"uv":[7.375,6.75,7.25,7.25],"texture":"#0"},"south":{"uv":[6.875,7.25,6.75,7.75],"texture":"#0"},"west":{"uv":[6.625,7.25,6.5,7.75],"texture":"#0"},"up":{"uv":[7.5,3.625,7.625,3.5],"texture":"#0"},"down":{"uv":[3.75,7.5,3.875,7.625],"texture":"#0"}}},{"from":[-1.65685,7.65685,7.5],"to":[-0.65685,15.65685,8.5],"rotation":{"angle":0,"axis":"y","origin":[-1.65685,19.65685,6.5]},"faces":{"north":{"uv":[2,4,2.25,6],"texture":"#0"},"east":{"uv":[2.25,4,2.5,6],"texture":"#0"},"south":{"uv":[2.25,4,2,6],"texture":"#0"},"west":{"uv":[2.75,4,3,6],"texture":"#0"},"up":{"uv":[3.25,7.5,3,7.25],"texture":"#0"},"down":{"uv":[3.5,7.25,3.25,7.5],"texture":"#0"}}},{"from":[16.65685,7.65685,7.5],"to":[17.65685,15.65685,8.5],"rotation":{"angle":0,"axis":"y","origin":[17.65685,19.65685,6.5]},"faces":{"north":{"uv":[3,4,3.25,6],"texture":"#0"},"east":{"uv":[3.25,4,3.5,6],"texture":"#0"},"south":{"uv":[3.25,4,3,6],"texture":"#0"},"west":{"uv":[4,3.5,4.25,5.5],"texture":"#0"},"up":{"uv":[3.75,7.5,3.5,7.25],"texture":"#0"},"down":{"uv":[7.5,3.5,7.25,3.75],"texture":"#0"}}},{"from":[-0.48528,10.48528,7.51],"to":[7.51472,11.48528,8.49],"rotation":{"angle":-45,"axis":"z","origin":[-4.48528,10.48528,6.5]},"faces":{"north":{"uv":[3.5,2,5.5,2.25],"texture":"#0"},"east":{"uv":[6.25,5.5,6.5,5.75],"texture":"#0"},"south":{"uv":[5.5,2,3.5,2.25],"texture":"#0"},"west":{"uv":[3.5,6.5,3.75,6.75],"texture":"#0"},"up":{"uv":[5.5,2.75,3.5,2.5],"texture":"#0"},"down":{"uv":[5.5,2.75,3.5,3],"texture":"#0"}}},{"from":[8.48528,10.48528,7.51],"to":[16.48528,11.48528,8.49],"rotation":{"angle":45,"axis":"z","origin":[20.48528,10.48528,6.5]},"faces":{"north":{"uv":[0,3.75,2,4],"texture":"#0"},"east":{"uv":[6.5,5.5,6.75,5.75],"texture":"#0"},"south":{"uv":[2,3.75,0,4],"texture":"#0"},"west":{"uv":[7.25,2.25,7.5,2.5],"texture":"#0"},"up":{"uv":[5.75,3.5,3.75,3.25],"texture":"#0"},"down":{"uv":[2,4,0,4.25],"texture":"#0"}}},{"from":[8.48528,11.82843,7.51],"to":[16.48528,12.82843,8.49],"rotation":{"angle":-45,"axis":"z","origin":[20.48528,12.82843,6.5]},"faces":{"north":{"uv":[4.75,0,6.75,0.25],"texture":"#0"},"east":{"uv":[4.25,7.25,4.5,7.5],"texture":"#0"},"south":{"uv":[6.75,0,4.75,0.25],"texture":"#0"},"west":{"uv":[7.25,4.25,7.5,4.5],"texture":"#0"},"up":{"uv":[6.75,0.75,4.75,0.5],"texture":"#0"},"down":{"uv":[6.75,0.75,4.75,1],"texture":"#0"}}},{"from":[4,20.31371,7.5],"to":[12,21.31371,8.5],"rotation":{"angle":0,"axis":"y","origin":[0,21.31371,6.5]},"faces":{"north":{"uv":[4.25,4.25,6.25,4.5],"texture":"#0"},"east":{"uv":[4,7.25,4.25,7.5],"texture":"#0"},"south":{"uv":[6.25,4.25,4.25,4.5],"texture":"#0"},"west":{"uv":[7.25,4,7.5,4.25],"texture":"#0"},"up":{"uv":[6.25,4.75,4.25,4.5],"texture":"#0"},"down":{"uv":[2,4.75,0,5],"texture":"#0"}}},{"from":[-0.48528,11.82843,7.51],"to":[7.51472,12.82843,8.49],"rotation":{"angle":45,"axis":"z","origin":[-4.48528,12.82843,6.5]},"faces":{"north":{"uv":[0,4.25,2,4.5],"texture":"#0"},"east":{"uv":[3.75,7.25,4,7.5],"texture":"#0"},"south":{"uv":[2,4.25,0,4.5],"texture":"#0"},"west":{"uv":[7.25,3.75,7.5,4],"texture":"#0"},"up":{"uv":[6.25,4,4.25,3.75],"texture":"#0"},"down":{"uv":[6.25,4,4.25,4.25],"texture":"#0"}}},{"from":[2,0,6],"to":[14,1,10],"faces":{"north":{"uv":[1.75,3.25,4.75,3],"texture":"#0"},"east":{"uv":[6,1.75,7,1.5],"texture":"#0"},"south":{"uv":[1.75,3.25,4.75,3],"texture":"#0"},"west":{"uv":[6,1.75,7,1.5],"texture":"#0"},"up":{"uv":[3,1,0,0],"texture":"#0"},"down":{"uv":[3,1,0,2],"texture":"#0"}}},{"from":[16.85355,9.73223,5.51],"to":[19.85355,11.73223,7.49],"rotation":{"angle":-45,"axis":"z","origin":[18.35355,10.73223,6.5]},"faces":{"north":{"uv":[5.75,1,6.5,1.5],"texture":"#0"},"east":{"uv":[6.5,6.25,7,6.75],"texture":"#0"},"south":{"uv":[6.5,1,5.75,1.5],"texture":"#0"},"west":{"uv":[1,6.5,1.5,7],"texture":"#0"},"up":{"uv":[2,1.75,1.25,1.25],"texture":"#0"},"down":{"uv":[2,1.25,1.25,1.75],"texture":"#0"}}},{"from":[14,10.5,5.5],"to":[18,12.5,7.5],"faces":{"north":{"uv":[4.75,1,5.75,1.5],"texture":"#0"},"east":{"uv":[6,6.25,6.5,6.75],"texture":"#0"},"south":{"uv":[5.75,1,4.75,1.5],"texture":"#0"},"west":{"uv":[0,6.5,0.5,7],"texture":"#0"},"up":{"uv":[2,1.625,1,1.125],"texture":"#0"},"down":{"uv":[2,1.125,1,1.625],"texture":"#0"}}},{"from":[15.04289,12.53553,6],"to":[16.04289,15.53553,7],"rotation":{"angle":22.5,"axis":"z","origin":[16.79289,12.03553,6.5]},"faces":{"north":{"uv":[7,3.5,7.25,4.25],"texture":"#0"},"east":{"uv":[7,3.5,7.25,4.25],"texture":"#0"},"south":{"uv":[7,3.5,7.25,4.25],"texture":"#0"},"west":{"uv":[7,3.5,7.25,4.25],"texture":"#0"},"up":{"uv":[7.75,1,7.5,0.75],"texture":"#0"},"down":{"uv":[1.25,7.5,1,7.75],"texture":"#0"}}},{"from":[11.68343,14.59419,6.01],"to":[14.68343,15.59419,6.99],"rotation":{"angle":-22.5,"axis":"z","origin":[13.18343,15.09419,6.5]},"faces":{"north":{"uv":[2.75,7,3.5,7.25],"texture":"#0"},"east":{"uv":[0.5,7.5,0.75,7.75],"texture":"#0"},"south":{"uv":[3.5,7.25,2.75,7],"texture":"#0"},"west":{"uv":[0.75,7.5,1,7.75],"texture":"#0"},"up":{"uv":[3.5,7.25,2.75,7],"texture":"#0"},"down":{"uv":[3.5,7.25,2.75,7],"texture":"#0"}}},{"from":[8.04289,5.96447,6],"to":[9.04289,8.96447,7],"rotation":{"angle":-22.5,"axis":"z","origin":[9.79289,9.46447,6.5]},"faces":{"north":{"uv":[7,4.25,7.25,3.5],"texture":"#0"},"east":{"uv":[7,4.25,7.25,3.5],"texture":"#0"},"south":{"uv":[7,4.25,7.25,3.5],"texture":"#0"},"west":{"uv":[7,4.25,7.25,3.5],"texture":"#0"},"up":{"uv":[1.25,7.75,1,7.5],"texture":"#0"},"down":{"uv":[7.75,0.75,7.5,1],"texture":"#0"}}},{"from":[4.68343,5.90581,6.01],"to":[7.68343,6.90581,6.99],"rotation":{"angle":22.5,"axis":"z","origin":[6.18343,6.40581,6.5]},"faces":{"north":{"uv":[2.75,7.25,3.5,7],"texture":"#0"},"east":{"uv":[0.5,7.75,0.75,7.5],"texture":"#0"},"south":{"uv":[3.5,7,2.75,7.25],"texture":"#0"},"west":{"uv":[0.75,7.75,1,7.5],"texture":"#0"},"up":{"uv":[3.5,7,2.75,7.25],"texture":"#0"},"down":{"uv":[3.5,7,2.75,7.25],"texture":"#0"}}},{"from":[12.29289,9.37868,5.51],"to":[15.29289,11.37868,7.49],"rotation":{"angle":45,"axis":"z","origin":[13.29289,10.37868,6.5]},"faces":{"north":{"uv":[0,6,0.75,6.5],"texture":"#0"},"east":{"uv":[6.5,1,7,1.5],"texture":"#0"},"south":{"uv":[0.75,6,0,6.5],"texture":"#0"},"west":{"uv":[1.5,6.5,2,7],"texture":"#0"},"up":{"uv":[1.75,1.5,1,1],"texture":"#0"},"down":{"uv":[2,1.125,1,1.625],"texture":"#0"}}},{"from":[6.29289,8.96447,5.5],"to":[13.29289,10.96447,7.5],"rotation":{"angle":0,"axis":"y","origin":[11.79289,9.96447,6.5]},"faces":{"north":{"uv":[0,2,1.75,2.5],"texture":"#0"},"east":{"uv":[6.5,1.75,7,2.25],"texture":"#0"},"south":{"uv":[1.75,2,0,2.5],"texture":"#0"},"west":{"uv":[6.5,6.25,7,6.75],"texture":"#0"},"up":{"uv":[2.5,1.625,0.75,1.125],"texture":"#0"},"down":{"uv":[2.5,1.625,0.75,1.125],"texture":"#0"}}},{"from":[3.79289,9.71447,5.51],"to":[10.79289,11.71447,7.49],"rotation":{"angle":-45,"axis":"z","origin":[9.79289,9.96447,6.5]},"faces":{"north":{"uv":[0,3,1.75,3.5],"texture":"#0"},"east":{"uv":[6.5,2.25,7,2.75],"texture":"#0"},"south":{"uv":[1.75,3,0,3.5],"texture":"#0"},"west":{"uv":[2.5,6.5,3,7],"texture":"#0"},"up":{"uv":[2.25,1.625,0.5,1.125],"texture":"#0"},"down":{"uv":[2.25,1.125,0.5,1.625],"texture":"#0"}}},{"from":[2.78769,13.44454,5.5],"to":[6.78769,15.44454,7.5],"rotation":{"angle":0,"axis":"y","origin":[3.28769,14.44454,6.5]},"faces":{"north":{"uv":[4.25,5.25,5.25,5.75],"texture":"#0"},"east":{"uv":[6.5,2.75,7,3.25],"texture":"#0"},"south":{"uv":[5.25,5.25,4.25,5.75],"texture":"#0"},"west":{"uv":[3,6.5,3.5,7],"texture":"#0"},"up":{"uv":[2.125,1.875,1.125,1.375],"texture":"#0"},"down":{"uv":[2.125,1.875,1.125,1.375],"texture":"#0"}}},{"from":[0.32261,12.7553,5.51],"to":[3.32261,14.7553,7.49],"rotation":{"angle":22.5,"axis":"z","origin":[1.32261,13.7553,6.5]},"faces":{"north":{"uv":[3,6,3.75,6.5],"texture":"#0"},"east":{"uv":[6.5,3.75,7,4.25],"texture":"#0"},"south":{"uv":[3.75,6,3,6.5],"texture":"#0"},"west":{"uv":[6.5,4.25,7,4.75],"texture":"#0"},"up":{"uv":[2.75,1.875,2,1.375],"texture":"#0"},"down":{"uv":[2.75,1.875,2,1.375],"texture":"#0"}}},{"from":[-3.21858,12.44873,5.5],"to":[0.78142,14.44873,7.5],"rotation":{"angle":0,"axis":"y","origin":[-0.71858,13.44873,6.5]},"faces":{"north":{"uv":[1,5.5,2,6],"texture":"#0"},"east":{"uv":[6.5,4.75,7,5.25],"texture":"#0"},"south":{"uv":[2,5.5,1,6],"texture":"#0"},"west":{"uv":[6.5,6.25,7,6.75],"texture":"#0"},"up":{"uv":[1.5,1.75,0.5,1.25],"texture":"#0"},"down":{"uv":[1.5,1.75,0.5,1.25],"texture":"#0"}}},{"from":[0.78538,20.11582,6.01],"to":[3.78538,21.11582,6.99],"rotation":{"angle":-22.5,"axis":"z","origin":[2.28538,20.61582,6.5]},"faces":{"north":{"uv":[7,5,7.75,5.25],"texture":"#0"},"east":{"uv":[7.5,1,7.75,1.25],"texture":"#0"},"south":{"uv":[7.75,5.25,7,5],"texture":"#0"},"west":{"uv":[1.25,7.5,1.5,7.75],"texture":"#0"},"up":{"uv":[7.75,5.25,7,5],"texture":"#0"},"down":{"uv":[7.75,5.25,7,5],"texture":"#0"}}},{"from":[5.29289,15.28553,6],"to":[6.29289,21.28553,7],"rotation":{"angle":22.5,"axis":"z","origin":[7.04289,14.78553,6.5]},"faces":{"north":{"uv":[3.75,4,4,5.5],"texture":"#0"},"east":{"uv":[3.75,4,4,5.5],"texture":"#0"},"south":{"uv":[3.75,4,4,5.5],"texture":"#0"},"west":{"uv":[3.75,4,4,5.5],"texture":"#0"},"up":{"uv":[7.75,1.5,7.5,1.25],"texture":"#0"},"down":{"uv":[7.75,1.5,7.5,1.75],"texture":"#0"}}},{"from":[-7.44239,12.70711,6],"to":[-1.44239,13.70711,7],"rotation":{"angle":-45,"axis":"z","origin":[-0.94239,11.95711,6.5]},"faces":{"north":{"uv":[4,4,3.75,5.5],"rotation":90,"texture":"#0"},"east":{"uv":[7.5,1.5,7.75,1.75],"rotation":270,"texture":"#0"},"south":{"uv":[4,4,3.75,5.5],"rotation":270,"texture":"#0"},"west":{"uv":[7.5,1.5,7.75,1.25],"rotation":270,"texture":"#0"},"up":{"uv":[4,4,3.75,5.5],"rotation":270,"texture":"#0"},"down":{"uv":[4,4,3.75,5.5],"rotation":270,"texture":"#0"}}},{"from":[-5.00825,17.08363,6.01],"to":[-4.00825,20.08363,6.99],"rotation":{"angle":0,"axis":"y","origin":[-4.50825,18.58363,6.5]},"faces":{"north":{"uv":[7.75,5,7,5.25],"rotation":90,"texture":"#0"},"east":{"uv":[7,5.25,7.75,5],"rotation":270,"texture":"#0"},"south":{"uv":[7,5.25,7.75,5],"rotation":270,"texture":"#0"},"west":{"uv":[7,5.25,7.75,5],"rotation":270,"texture":"#0"},"up":{"uv":[1.5,7.5,1.25,7.75],"rotation":270,"texture":"#0"},"down":{"uv":[7.75,1,7.5,1.25],"rotation":270,"texture":"#0"}}},{"from":[-3.25,5.75,7],"to":[17.75,21.75,7],"faces":{"north":{"uv":[7.75,7.125,13,11.125],"texture":"#0"},"east":{"uv":[0,0,0,4],"texture":"#missing"},"south":{"uv":[13,7.125,7.75,11.125],"texture":"#0"},"west":{"uv":[0,0,0,4],"texture":"#missing"},"up":{"uv":[0,0,5.25,0],"texture":"#missing"},"down":{"uv":[0,0,5.25,0],"texture":"#missing"}}},{"from":[12,14,5],"to":[14,16,6],"rotation":{"angle":0,"axis":"y","origin":[12,14,5]},"faces":{"north":{"uv":[6.75,0,7.25,0.5],"texture":"#0"},"east":{"uv":[3,7.25,2.75,7.75],"texture":"#0"},"south":{"uv":[6.75,0,7.25,0.5],"texture":"#0"},"west":{"uv":[2.75,7.25,3,7.75],"texture":"#0"},"up":{"uv":[5.5,2,5,1.75],"texture":"#0"},"down":{"uv":[5.5,1.75,5,2],"texture":"#0"}}},{"from":[12,15.77743,5.85355],"to":[14,17.77743,5.85355],"rotation":{"angle":-22.5,"axis":"x","origin":[13,15,5.11732]},"faces":{"north":{"uv":[3.5,6.75,4,7.25],"texture":"#0"},"east":{"uv":[0,0,0,0.5],"texture":"#0"},"south":{"uv":[4,6.75,3.5,7.25],"texture":"#0"},"west":{"uv":[0,0,0,0.5],"texture":"#0"},"up":{"uv":[0.5,0,0,0],"texture":"#0"},"down":{"uv":[0.5,0,0,0],"texture":"#0"}}},{"from":[12,12.22257,5.85355],"to":[14,14.22257,5.85355],"rotation":{"angle":22.5,"axis":"x","origin":[13,15,5.11732]},"faces":{"north":{"uv":[4,6.75,3.5,7.25],"rotation":180,"texture":"#0"},"east":{"uv":[0,0,0,0.5],"rotation":180,"texture":"#0"},"south":{"uv":[3.5,6.75,4,7.25],"rotation":180,"texture":"#0"},"west":{"uv":[0,0,0,0.5],"rotation":180,"texture":"#0"},"up":{"uv":[0.5,0,0,0],"texture":"#0"},"down":{"uv":[0.5,0,0,0],"texture":"#0"}}},{"from":[13.77743,14,5.85355],"to":[15.77743,16,5.85355],"rotation":{"angle":22.5,"axis":"y","origin":[13,15,5.11732]},"faces":{"north":{"uv":[4,6.75,3.5,7.25],"rotation":270,"texture":"#0"},"east":{"uv":[0.5,0,0,0],"rotation":270,"texture":"#0"},"south":{"uv":[3.5,6.75,4,7.25],"rotation":90,"texture":"#0"},"west":{"uv":[0.5,0,0,0],"rotation":270,"texture":"#0"},"up":{"uv":[0,0,0,0.5],"rotation":90,"texture":"#0"},"down":{"uv":[0,0,0,0.5],"rotation":90,"texture":"#0"}}},{"from":[10.22257,14,5.85355],"to":[12.22257,16,5.85355],"rotation":{"angle":-22.5,"axis":"y","origin":[13,15,5.11732]},"faces":{"north":{"uv":[3.5,6.75,4,7.25],"rotation":90,"texture":"#0"},"east":{"uv":[0.5,0,0,0],"rotation":270,"texture":"#0"},"south":{"uv":[4,6.75,3.5,7.25],"rotation":270,"texture":"#0"},"west":{"uv":[0.5,0,0,0],"rotation":270,"texture":"#0"},"up":{"uv":[0,0,0,0.5],"rotation":270,"texture":"#0"},"down":{"uv":[0,0,0,0.5],"rotation":270,"texture":"#0"}}},{"from":[3,17.75,5],"to":[5,19.75,6],"rotation":{"angle":0,"axis":"y","origin":[3,17.75,5]},"faces":{"north":{"uv":[6.75,0,7.25,0.5],"texture":"#0"},"east":{"uv":[3,7.25,2.75,7.75],"texture":"#0"},"south":{"uv":[6.75,0,7.25,0.5],"texture":"#0"},"west":{"uv":[2.75,7.25,3,7.75],"texture":"#0"},"up":{"uv":[5.5,2,5,1.75],"texture":"#0"},"down":{"uv":[5.5,1.75,5,2],"texture":"#0"}}},{"from":[3,19.52743,5.85355],"to":[5,21.52743,5.85355],"rotation":{"angle":-22.5,"axis":"x","origin":[4,18.75,5.11732]},"faces":{"north":{"uv":[3.5,6.75,4,7.25],"texture":"#0"},"east":{"uv":[0,0,0,0.5],"texture":"#0"},"south":{"uv":[4,6.75,3.5,7.25],"texture":"#0"},"west":{"uv":[0,0,0,0.5],"texture":"#0"},"up":{"uv":[0.5,0,0,0],"texture":"#0"},"down":{"uv":[0.5,0,0,0],"texture":"#0"}}},{"from":[3,15.97257,5.85355],"to":[5,17.97257,5.85355],"rotation":{"angle":22.5,"axis":"x","origin":[4,18.75,5.11732]},"faces":{"north":{"uv":[4,6.75,3.5,7.25],"rotation":180,"texture":"#0"},"east":{"uv":[0,0,0,0.5],"rotation":180,"texture":"#0"},"south":{"uv":[3.5,6.75,4,7.25],"rotation":180,"texture":"#0"},"west":{"uv":[0,0,0,0.5],"rotation":180,"texture":"#0"},"up":{"uv":[0.5,0,0,0],"texture":"#0"},"down":{"uv":[0.5,0,0,0],"texture":"#0"}}},{"from":[4.77743,17.75,5.85355],"to":[6.77743,19.75,5.85355],"rotation":{"angle":22.5,"axis":"y","origin":[4,18.75,5.11732]},"faces":{"north":{"uv":[4,6.75,3.5,7.25],"rotation":270,"texture":"#0"},"east":{"uv":[0.5,0,0,0],"rotation":270,"texture":"#0"},"south":{"uv":[3.5,6.75,4,7.25],"rotation":90,"texture":"#0"},"west":{"uv":[0.5,0,0,0],"rotation":270,"texture":"#0"},"up":{"uv":[0,0,0,0.5],"rotation":90,"texture":"#0"},"down":{"uv":[0,0,0,0.5],"rotation":90,"texture":"#0"}}},{"from":[1.22257,17.75,5.85355],"to":[3.22257,19.75,5.85355],"rotation":{"angle":-22.5,"axis":"y","origin":[4,18.75,5.11732]},"faces":{"north":{"uv":[3.5,6.75,4,7.25],"rotation":90,"texture":"#0"},"east":{"uv":[0.5,0,0,0],"rotation":270,"texture":"#0"},"south":{"uv":[4,6.75,3.5,7.25],"rotation":270,"texture":"#0"},"west":{"uv":[0.5,0,0,0],"rotation":270,"texture":"#0"},"up":{"uv":[0,0,0,0.5],"rotation":270,"texture":"#0"},"down":{"uv":[0,0,0,0.5],"rotation":270,"texture":"#0"}}},{"from":[3.5,5,5],"to":[5.5,7,6],"rotation":{"angle":0,"axis":"y","origin":[3.5,5,5]},"faces":{"north":{"uv":[6.75,0,7.25,0.5],"texture":"#0"},"east":{"uv":[3,7.25,2.75,7.75],"texture":"#0"},"south":{"uv":[6.75,0,7.25,0.5],"texture":"#0"},"west":{"uv":[2.75,7.25,3,7.75],"texture":"#0"},"up":{"uv":[5.5,2,5,1.75],"texture":"#0"},"down":{"uv":[5.5,1.75,5,2],"texture":"#0"}}},{"from":[3.5,6.77743,5.85355],"to":[5.5,8.77743,5.85355],"rotation":{"angle":-22.5,"axis":"x","origin":[4.5,6,5.11732]},"faces":{"north":{"uv":[3.5,6.75,4,7.25],"texture":"#0"},"east":{"uv":[0,0,0,0.5],"texture":"#0"},"south":{"uv":[4,6.75,3.5,7.25],"texture":"#0"},"west":{"uv":[0,0,0,0.5],"texture":"#0"},"up":{"uv":[0.5,0,0,0],"texture":"#0"},"down":{"uv":[0.5,0,0,0],"texture":"#0"}}},{"from":[3.5,3.22257,5.85355],"to":[5.5,5.22257,5.85355],"rotation":{"angle":22.5,"axis":"x","origin":[4.5,6,5.11732]},"faces":{"north":{"uv":[4,6.75,3.5,7.25],"rotation":180,"texture":"#0"},"east":{"uv":[0,0,0,0.5],"rotation":180,"texture":"#0"},"south":{"uv":[3.5,6.75,4,7.25],"rotation":180,"texture":"#0"},"west":{"uv":[0,0,0,0.5],"rotation":180,"texture":"#0"},"up":{"uv":[0.5,0,0,0],"texture":"#0"},"down":{"uv":[0.5,0,0,0],"texture":"#0"}}},{"from":[5.27743,5,5.85355],"to":[7.27743,7,5.85355],"rotation":{"angle":22.5,"axis":"y","origin":[4.5,6,5.11732]},"faces":{"north":{"uv":[4,6.75,3.5,7.25],"rotation":270,"texture":"#0"},"east":{"uv":[0.5,0,0,0],"rotation":270,"texture":"#0"},"south":{"uv":[3.5,6.75,4,7.25],"rotation":90,"texture":"#0"},"west":{"uv":[0.5,0,0,0],"rotation":270,"texture":"#0"},"up":{"uv":[0,0,0,0.5],"rotation":90,"texture":"#0"},"down":{"uv":[0,0,0,0.5],"rotation":90,"texture":"#0"}}},{"from":[1.72257,5,5.85355],"to":[3.72257,7,5.85355],"rotation":{"angle":-22.5,"axis":"y","origin":[4.5,6,5.11732]},"faces":{"north":{"uv":[3.5,6.75,4,7.25],"rotation":90,"texture":"#0"},"east":{"uv":[0.5,0,0,0],"rotation":270,"texture":"#0"},"south":{"uv":[4,6.75,3.5,7.25],"rotation":270,"texture":"#0"},"west":{"uv":[0.5,0,0,0],"rotation":270,"texture":"#0"},"up":{"uv":[0,0,0,0.5],"rotation":270,"texture":"#0"},"down":{"uv":[0,0,0,0.5],"rotation":270,"texture":"#0"}}},{"from":[-4.75,17.25,5],"to":[-2.75,19.25,6],"rotation":{"angle":0,"axis":"y","origin":[-4.75,17.25,5]},"faces":{"north":{"uv":[6.75,0,7.25,0.5],"texture":"#0"},"east":{"uv":[3,7.25,2.75,7.75],"texture":"#0"},"south":{"uv":[6.75,0,7.25,0.5],"texture":"#0"},"west":{"uv":[2.75,7.25,3,7.75],"texture":"#0"},"up":{"uv":[5.5,2,5,1.75],"texture":"#0"},"down":{"uv":[5.5,1.75,5,2],"texture":"#0"}}},{"from":[-4.75,19.02743,5.85355],"to":[-2.75,21.02743,5.85355],"rotation":{"angle":-22.5,"axis":"x","origin":[-3.75,18.25,5.11732]},"faces":{"north":{"uv":[3.5,6.75,4,7.25],"texture":"#0"},"east":{"uv":[0,0,0,0.5],"texture":"#0"},"south":{"uv":[4,6.75,3.5,7.25],"texture":"#0"},"west":{"uv":[0,0,0,0.5],"texture":"#0"},"up":{"uv":[0.5,0,0,0],"texture":"#0"},"down":{"uv":[0.5,0,0,0],"texture":"#0"}}},{"from":[-4.75,15.47257,5.85355],"to":[-2.75,17.47257,5.85355],"rotation":{"angle":22.5,"axis":"x","origin":[-3.75,18.25,5.11732]},"faces":{"north":{"uv":[4,6.75,3.5,7.25],"rotation":180,"texture":"#0"},"east":{"uv":[0,0,0,0.5],"rotation":180,"texture":"#0"},"south":{"uv":[3.5,6.75,4,7.25],"rotation":180,"texture":"#0"},"west":{"uv":[0,0,0,0.5],"rotation":180,"texture":"#0"},"up":{"uv":[0.5,0,0,0],"texture":"#0"},"down":{"uv":[0.5,0,0,0],"texture":"#0"}}},{"from":[-2.97257,17.25,5.85355],"to":[-0.97257,19.25,5.85355],"rotation":{"angle":22.5,"axis":"y","origin":[-3.75,18.25,5.11732]},"faces":{"north":{"uv":[4,6.75,3.5,7.25],"rotation":270,"texture":"#0"},"east":{"uv":[0.5,0,0,0],"rotation":270,"texture":"#0"},"south":{"uv":[3.5,6.75,4,7.25],"rotation":90,"texture":"#0"},"west":{"uv":[0.5,0,0,0],"rotation":270,"texture":"#0"},"up":{"uv":[0,0,0,0.5],"rotation":90,"texture":"#0"},"down":{"uv":[0,0,0,0.5],"rotation":90,"texture":"#0"}}},{"from":[-6.52743,17.25,5.85355],"to":[-4.52743,19.25,5.85355],"rotation":{"angle":-22.5,"axis":"y","origin":[-3.75,18.25,5.11732]},"faces":{"north":{"uv":[3.5,6.75,4,7.25],"rotation":90,"texture":"#0"},"east":{"uv":[0.5,0,0,0],"rotation":270,"texture":"#0"},"south":{"uv":[4,6.75,3.5,7.25],"rotation":270,"texture":"#0"},"west":{"uv":[0.5,0,0,0],"rotation":270,"texture":"#0"},"up":{"uv":[0,0,0,0.5],"rotation":270,"texture":"#0"},"down":{"uv":[0,0,0,0.5],"rotation":270,"texture":"#0"}}},{"from":[6.75,5.25,6.02],"to":[7.75,7.25,6.98],"rotation":{"angle":22.5,"axis":"z","origin":[8,7.5,6.5]},"faces":{"north":{"uv":[1.75,2,2.25,2.25],"rotation":270,"texture":"#0"},"east":{"uv":[1.75,2,2.25,2.25],"rotation":90,"texture":"#0"},"south":{"uv":[1.75,2,2.25,2.25],"rotation":90,"texture":"#0"},"west":{"uv":[1.75,2,2.25,2.25],"rotation":90,"texture":"#0"},"up":{"uv":[0.25,2.5,0.5,2.75],"rotation":90,"texture":"#0"},"down":{"uv":[0,2.5,0.25,2.75],"rotation":90,"texture":"#0"}}},{"from":[14.99507,13.82944,6.02],"to":[16.99507,14.82944,6.98],"rotation":{"angle":22.5,"axis":"z","origin":[15.99507,14.32944,6.5]},"faces":{"north":{"uv":[1.75,2,2.25,2.25],"texture":"#0"},"east":{"uv":[0,2.5,0.25,2.75],"texture":"#0"},"south":{"uv":[1.75,2,2.25,2.25],"texture":"#0"},"west":{"uv":[0.25,2.5,0.5,2.75],"texture":"#0"},"up":{"uv":[1.75,2,2.25,2.25],"texture":"#0"},"down":{"uv":[1.75,2,2.25,2.25],"texture":"#0"}}},{"from":[2.16303,21.08759,6.02],"to":[3.16303,23.08759,6.98],"rotation":{"angle":22.5,"axis":"z","origin":[2.91303,21.08759,6.5]},"faces":{"north":{"uv":[1.75,2,2.25,2.25],"rotation":90,"texture":"#0"},"east":{"uv":[1.75,2,2.25,2.25],"rotation":270,"texture":"#0"},"south":{"uv":[1.75,2,2.25,2.25],"rotation":270,"texture":"#0"},"west":{"uv":[1.75,2,2.25,2.25],"rotation":270,"texture":"#0"},"up":{"uv":[0,2.5,0.25,2.75],"rotation":270,"texture":"#0"},"down":{"uv":[0.25,2.5,0.5,2.75],"rotation":270,"texture":"#0"}}},{"from":[0.54938,19.1658,6.02],"to":[1.54938,21.1658,6.98],"rotation":{"angle":0,"axis":"y","origin":[2.29938,21.9158,6.5]},"faces":{"north":{"uv":[1.75,2,2.25,2.25],"rotation":270,"texture":"#0"},"east":{"uv":[1.75,2,2.25,2.25],"rotation":90,"texture":"#0"},"south":{"uv":[1.75,2,2.25,2.25],"rotation":90,"texture":"#0"},"west":{"uv":[1.75,2,2.25,2.25],"rotation":90,"texture":"#0"},"up":{"uv":[0.25,2.5,0.5,2.75],"rotation":90,"texture":"#0"},"down":{"uv":[0,2.5,0.25,2.75],"rotation":90,"texture":"#0"}}}],"gui_light":"front","display":{"thirdperson_righthand":{"rotation":[67.5,0,0],"translation":[0,0.75,1.5],"scale":[0.33508,0.33508,0.33508]},"thirdperson_lefthand":{"rotation":[67.5,0,0],"translation":[0,0.75,1.5],"scale":[0.33508,0.33508,0.33508]},"firstperson_righthand":{"translation":[3.25,2.5,0],"scale":[0.32172,0.32172,0.32172]},"firstperson_lefthand":{"translation":[3.25,2.5,0],"scale":[0.32172,0.32172,0.32172]},"ground":{"translation":[0,6,0],"scale":[0.45,0.45,0.45]},"gui":{"rotation":[30,135,0],"translation":[0.5,-1.25,0],"scale":[0.67516,0.67516,0.67516]},"head":{"rotation":[0,180,0],"translation":[0,-30.4,0],"scale":[1.6,1.6,1.6]},"fixed":{"rotation":[-90,0,0],"translation":[0,0,-16],"scale":[2,2,2]}},"groups":[0,1,2,3,4,5,6,7,8,9,10,{"name":"group","origin":[6.18343,6.40581,6.5],"color":0,"children":[11,12,13,14,15,16,17,18,19,20,21,22,23,24,25,26,27]},{"name":"group","origin":[0,1,0.5],"color":0,"children":[28,29,30,31,32]},{"name":"group","origin":[0,1,0.5],"color":0,"children":[33,34,35,36,37]},{"name":"group","origin":[0,1,0.5],"color":0,"children":[38,39,40,41,42]},{"name":"group","origin":[0,1,0.5],"color":0,"children":[43,44,45,46,47]},48,49,50,51]}