{"credit":"MadewithBlockbench","texture_size":[32,32],"textures":{"0":"elitecreatures:gym_decoration_v1/gym_shelf_dumbbell","particle":"elitecreatures:gym_decoration_v1/gym_shelf_dumbbell"},"elements":[{"from":[0,5,1],"to":[16,6,9],"faces":{"north":{"uv":[0,4,8,4.5],"texture":"#0"},"east":{"uv":[4,4.5,8,5],"texture":"#0"},"south":{"uv":[0,4,8,4.5],"texture":"#0"},"west":{"uv":[4,4.5,8,5],"texture":"#0"},"up":{"uv":[8,4,0,0],"texture":"#0"},"down":{"uv":[16,0,8,4],"texture":"#0"}}},{"from":[0,13,1],"to":[16,14,9],"faces":{"north":{"uv":[0,4,8,4.5],"texture":"#0"},"east":{"uv":[4,4.5,8,5],"texture":"#0"},"south":{"uv":[0,4,8,4.5],"texture":"#0"},"west":{"uv":[4,4.5,8,5],"texture":"#0"},"up":{"uv":[8,4,0,0],"texture":"#0"},"down":{"uv":[16,0,8,4],"texture":"#0"}}},{"from":[0,0,9],"to":[1,15,10],"faces":{"north":{"uv":[8,4,8.5,11.5],"texture":"#0"},"east":{"uv":[8,4,8.5,11.5],"texture":"#0"},"south":{"uv":[8,4,8.5,11.5],"texture":"#0"},"west":{"uv":[8,4,8.5,11.5],"texture":"#0"},"up":{"uv":[10.5,6,10,5.5],"texture":"#0"},"down":{"uv":[10.5,5.5,10,6],"texture":"#0"}}},{"from":[15,0,9],"to":[16,15,10],"faces":{"north":{"uv":[8,4,8.5,11.5],"texture":"#0"},"east":{"uv":[8,4,8.5,11.5],"texture":"#0"},"south":{"uv":[8,4,8.5,11.5],"texture":"#0"},"west":{"uv":[8,4,8.5,11.5],"texture":"#0"},"up":{"uv":[10.5,6,10,5.5],"texture":"#0"},"down":{"uv":[10.5,5.5,10,6],"texture":"#0"}}},{"from":[0,0,0],"to":[1,15,1],"faces":{"north":{"uv":[8,4,8.5,11.5],"texture":"#0"},"east":{"uv":[8,4,8.5,11.5],"texture":"#0"},"south":{"uv":[8,4,8.5,11.5],"texture":"#0"},"west":{"uv":[8,4,8.5,11.5],"texture":"#0"},"up":{"uv":[10.5,6,10,5.5],"texture":"#0"},"down":{"uv":[10.5,5.5,10,6],"texture":"#0"}}},{"from":[15,0,0],"to":[16,15,1],"faces":{"north":{"uv":[8,4,8.5,11.5],"texture":"#0"},"east":{"uv":[8,4,8.5,11.5],"texture":"#0"},"south":{"uv":[8,4,8.5,11.5],"texture":"#0"},"west":{"uv":[8,4,8.5,11.5],"texture":"#0"},"up":{"uv":[10.5,6,10,5.5],"texture":"#0"},"down":{"uv":[10.5,5.5,10,6],"texture":"#0"}}},{"from":[8,6,7],"to":[11,9,8],"faces":{"north":{"uv":[8.5,4,10,5.5],"texture":"#0"},"east":{"uv":[10,4,10.5,5.5],"texture":"#0"},"south":{"uv":[8.5,4,10,5.5],"texture":"#0"},"west":{"uv":[10,4,10.5,5.5],"texture":"#0"},"up":{"uv":[10,6,8.5,5.5],"texture":"#0"},"down":{"uv":[10,5.5,8.5,6],"texture":"#0"}}},{"from":[9,7,4],"to":[10,8,7],"faces":{"north":{"uv":[11,4.5,11.5,5],"texture":"#0"},"east":{"uv":[11,4,12.5,4.5],"texture":"#0"},"south":{"uv":[11,4.5,11.5,5],"texture":"#0"},"west":{"uv":[11,4,12.5,4.5],"texture":"#0"},"up":{"uv":[11,5.5,10.5,4],"texture":"#0"},"down":{"uv":[11,4,10.5,5.5],"texture":"#0"}}},{"from":[8,6,3],"to":[11,9,4],"faces":{"north":{"uv":[8.5,4,10,5.5],"texture":"#0"},"east":{"uv":[10,4,10.5,5.5],"texture":"#0"},"south":{"uv":[8.5,4,10,5.5],"texture":"#0"},"west":{"uv":[10,4,10.5,5.5],"texture":"#0"},"up":{"uv":[10,6,8.5,5.5],"texture":"#0"},"down":{"uv":[10,5.5,8.5,6],"texture":"#0"}}},{"from":[12,6,7],"to":[15,9,8],"faces":{"north":{"uv":[8.5,4,10,5.5],"texture":"#0"},"east":{"uv":[10,4,10.5,5.5],"texture":"#0"},"south":{"uv":[8.5,4,10,5.5],"texture":"#0"},"west":{"uv":[10,4,10.5,5.5],"texture":"#0"},"up":{"uv":[10,6,8.5,5.5],"texture":"#0"},"down":{"uv":[10,5.5,8.5,6],"texture":"#0"}}},{"from":[13,7,4],"to":[14,8,7],"faces":{"north":{"uv":[11,4.5,11.5,5],"texture":"#0"},"east":{"uv":[11,4,12.5,4.5],"texture":"#0"},"south":{"uv":[11,4.5,11.5,5],"texture":"#0"},"west":{"uv":[11,4,12.5,4.5],"texture":"#0"},"up":{"uv":[11,5.5,10.5,4],"texture":"#0"},"down":{"uv":[11,4,10.5,5.5],"texture":"#0"}}},{"from":[12,6,3],"to":[15,9,4],"faces":{"north":{"uv":[8.5,4,10,5.5],"texture":"#0"},"east":{"uv":[10,4,10.5,5.5],"texture":"#0"},"south":{"uv":[8.5,4,10,5.5],"texture":"#0"},"west":{"uv":[10,4,10.5,5.5],"texture":"#0"},"up":{"uv":[10,6,8.5,5.5],"texture":"#0"},"down":{"uv":[10,5.5,8.5,6],"texture":"#0"}}},{"from":[5,14,7],"to":[8,17,8],"faces":{"north":{"uv":[8.5,4,10,5.5],"texture":"#0"},"east":{"uv":[10,4,10.5,5.5],"texture":"#0"},"south":{"uv":[8.5,4,10,5.5],"texture":"#0"},"west":{"uv":[10,4,10.5,5.5],"texture":"#0"},"up":{"uv":[10,6,8.5,5.5],"texture":"#0"},"down":{"uv":[10,5.5,8.5,6],"texture":"#0"}}},{"from":[6,15,4],"to":[7,16,7],"faces":{"north":{"uv":[11,4.5,11.5,5],"texture":"#0"},"east":{"uv":[11,4,12.5,4.5],"texture":"#0"},"south":{"uv":[11,4.5,11.5,5],"texture":"#0"},"west":{"uv":[11,4,12.5,4.5],"texture":"#0"},"up":{"uv":[11,5.5,10.5,4],"texture":"#0"},"down":{"uv":[11,4,10.5,5.5],"texture":"#0"}}},{"from":[5,14,3],"to":[8,17,4],"faces":{"north":{"uv":[8.5,4,10,5.5],"texture":"#0"},"east":{"uv":[10,4,10.5,5.5],"texture":"#0"},"south":{"uv":[8.5,4,10,5.5],"texture":"#0"},"west":{"uv":[10,4,10.5,5.5],"texture":"#0"},"up":{"uv":[10,6,8.5,5.5],"texture":"#0"},"down":{"uv":[10,5.5,8.5,6],"texture":"#0"}}},{"from":[1,14,7],"to":[4,17,8],"faces":{"north":{"uv":[8.5,4,10,5.5],"texture":"#0"},"east":{"uv":[10,4,10.5,5.5],"texture":"#0"},"south":{"uv":[8.5,4,10,5.5],"texture":"#0"},"west":{"uv":[10,4,10.5,5.5],"texture":"#0"},"up":{"uv":[10,6,8.5,5.5],"texture":"#0"},"down":{"uv":[10,5.5,8.5,6],"texture":"#0"}}},{"from":[2,15,4],"to":[3,16,7],"faces":{"north":{"uv":[11,4.5,11.5,5],"texture":"#0"},"east":{"uv":[11,4,12.5,4.5],"texture":"#0"},"south":{"uv":[11,4.5,11.5,5],"texture":"#0"},"west":{"uv":[11,4,12.5,4.5],"texture":"#0"},"up":{"uv":[11,5.5,10.5,4],"texture":"#0"},"down":{"uv":[11,4,10.5,5.5],"texture":"#0"}}},{"from":[1,14,3],"to":[4,17,4],"faces":{"north":{"uv":[8.5,4,10,5.5],"texture":"#0"},"east":{"uv":[10,4,10.5,5.5],"texture":"#0"},"south":{"uv":[8.5,4,10,5.5],"texture":"#0"},"west":{"uv":[10,4,10.5,5.5],"texture":"#0"},"up":{"uv":[10,6,8.5,5.5],"texture":"#0"},"down":{"uv":[10,5.5,8.5,6],"texture":"#0"}}}],"gui_light":"front","display":{"thirdperson_righthand":{"scale":[0.28,0.28,0.28]},"thirdperson_lefthand":{"scale":[0.28,0.28,0.28]},"firstperson_righthand":{"scale":[0.61,0.61,0.61]},"firstperson_lefthand":{"scale":[0.61,0.61,0.61]},"ground":{"translation":[0,2,1.25],"scale":[0.5,0.5,0.5]},"gui":{"rotation":[28,148,0],"translation":[0.75,0.75,0],"scale":[0.52,0.52,0.52]},"head":{"rotation":[0,-180,0],"translation":[0,-28.5,-5],"scale":[1.8,1.8,1.8]},"fixed":{"translation":[0,0,-2.75],"scale":[0.82,0.82,0.82]}}}