{"credit":"MadewithBlockbench","texture_size":[128,128],"textures":{"1":"viking_furniture_v2:statue_6"},"elements":[{"from":[0,0,0],"to":[16,2,16],"rotation":{"angle":0,"axis":"y","origin":[12,0.5,-11]},"faces":{"north":{"uv":[6.25,5.25,8.25,5.5],"texture":"#1"},"east":{"uv":[6.5,5.5,8.5,5.75],"texture":"#1"},"south":{"uv":[6.5,5.75,8.5,6],"texture":"#1"},"west":{"uv":[6.5,6,8.5,6.25],"texture":"#1"},"up":{"uv":[2,2,0,0],"texture":"#1"},"down":{"uv":[2,2,0,4],"texture":"#1"}}},{"from":[2,2,2],"to":[14,16,14],"rotation":{"angle":0,"axis":"y","origin":[12,0.5,-11]},"faces":{"north":{"uv":[2,0,3.5,1.75],"texture":"#1"},"east":{"uv":[2,1.75,3.5,3.5],"texture":"#1"},"south":{"uv":[3.5,0,5,1.75],"texture":"#1"},"west":{"uv":[3.5,1.75,5,3.5],"texture":"#1"},"up":{"uv":[3.5,5,2,3.5],"texture":"#1"}}},{"from":[8,13,1],"to":[11,19,4],"rotation":{"angle":22.5,"axis":"z","origin":[8,19,2.5]},"faces":{"north":{"uv":[6.875,0,7.25,0.75],"texture":"#1"},"east":{"uv":[6.875,0.75,7.25,1.5],"texture":"#1"},"south":{"uv":[6.875,1.5,7.25,2.25],"texture":"#1"},"west":{"uv":[6.875,2.25,7.25,3],"texture":"#1"},"up":{"uv":[4.625,5.375,4.25,5],"texture":"#1"},"down":{"uv":[1.125,5.5,0.75,5.875],"texture":"#1"}}},{"from":[11,16,2],"to":[14,24,14],"rotation":{"angle":0,"axis":"y","origin":[12,0.5,-11]},"faces":{"north":{"uv":[1.25,4,1.625,5],"texture":"#1"},"east":{"uv":[4.75,3.5,6.25,4.5],"texture":"#1"},"south":{"uv":[1.625,4,2,5],"texture":"#1"},"west":{"uv":[4.75,4.5,6.25,5.5],"texture":"#1"}}},{"from":[7,19,2],"to":[9,25,5],"rotation":{"angle":22.5,"axis":"x","origin":[8,20,3]},"faces":{"north":{"uv":[6.875,7,7.125,7.75],"texture":"#1"},"east":{"uv":[6.875,6.25,7.25,7],"texture":"#1"},"south":{"uv":[7.125,7,7.375,7.75],"texture":"#1"},"west":{"uv":[0,7,0.375,7.75],"texture":"#1"},"up":{"uv":[7.5,0.75,7.25,0.375],"texture":"#1"},"down":{"uv":[7.5,0.75,7.25,1.125],"texture":"#1"}}},{"from":[8,23.375,2.025],"to":[11.075,31,13.975],"rotation":{"angle":22.5,"axis":"z","origin":[11,31,8]},"faces":{"north":{"uv":[4.875,6.5,5.25,7.4375],"texture":"#1"},"east":{"uv":[1.25,5,2.75,5.9375],"texture":"#1"},"south":{"uv":[5.25,6.5,5.625,7.4375],"texture":"#1"},"west":{"uv":[5,2,6.5,2.9375],"texture":"#1"},"up":{"uv":[4.125,7.5,3.75,6],"texture":"#1"},"down":{"uv":[6.625,3,6.25,4.5],"texture":"#1"}}},{"from":[5,28,2],"to":[11,31,14],"rotation":{"angle":0,"axis":"y","origin":[11,23,8]},"faces":{"north":{"uv":[5,3,5.75,3.375],"texture":"#1"},"east":{"uv":[6.25,4.5,7.75,4.875],"texture":"#1"},"south":{"uv":[6.625,4,7.375,4.375],"texture":"#1"},"west":{"uv":[6.25,4.875,7.75,5.25],"texture":"#1"},"up":{"uv":[0.75,7,0,5.5],"texture":"#1"},"down":{"uv":[6.5,5.5,5.75,7],"texture":"#1"}}},{"from":[5,16,4],"to":[11,28,14],"rotation":{"angle":0,"axis":"y","origin":[11,23,8]},"faces":{"north":{"uv":[0.75,6,1.5,7.5],"texture":"#1"},"east":{"uv":[3.5,3.5,4.75,5],"texture":"#1"},"south":{"uv":[1.5,6,2.25,7.5],"texture":"#1"},"west":{"uv":[0,4,1.25,5.5],"texture":"#1"},"up":{"uv":[3,7.25,2.25,6],"texture":"#1"},"down":{"uv":[3.75,6,3,7.25],"texture":"#1"}}},{"from":[9,23,3],"to":[11,24,4],"rotation":{"angle":0,"axis":"y","origin":[11,23,8]},"faces":{"north":{"uv":[5,3.375,5.25,3.5],"texture":"#1"},"east":{"uv":[4.625,5,4.75,5.125],"texture":"#1"},"south":{"uv":[5.25,3.375,5.5,3.5],"texture":"#1"},"west":{"uv":[4.625,5.125,4.75,5.25],"texture":"#1"},"up":{"uv":[4.5,5.5,4.25,5.375],"texture":"#1"},"down":{"uv":[4.75,5.375,4.5,5.5],"texture":"#1"}}},{"from":[4.925,23.375,2.025],"to":[8,31,13.975],"rotation":{"angle":-22.5,"axis":"z","origin":[5,31,8]},"faces":{"north":{"uv":[6.5,6.25,6.875,7.1875],"texture":"#1"},"east":{"uv":[2.75,5,4.25,5.9375],"texture":"#1"},"south":{"uv":[6.625,3,7,3.9375],"texture":"#1"},"west":{"uv":[4.25,5.5,5.75,6.4375],"texture":"#1"},"up":{"uv":[6.875,1.5,6.5,0],"texture":"#1"},"down":{"uv":[6.875,1.5,6.5,3],"texture":"#1"}}},{"from":[5,23,3],"to":[7,24,4],"rotation":{"angle":0,"axis":"y","origin":[5,23,8]},"faces":{"north":{"uv":[5.5,3.375,5.75,3.5],"texture":"#1"},"east":{"uv":[4.625,5.25,4.75,5.375],"texture":"#1"},"south":{"uv":[5.75,3.375,6,3.5],"texture":"#1"},"west":{"uv":[1.125,5.5,1.25,5.625],"texture":"#1"},"up":{"uv":[1,6,0.75,5.875],"texture":"#1"},"down":{"uv":[1.25,5.875,1,6],"texture":"#1"}}},{"from":[2,16,2],"to":[5,24,14],"rotation":{"angle":0,"axis":"y","origin":[4,0.5,-11]},"faces":{"north":{"uv":[4.125,6.5,4.5,7.5],"texture":"#1"},"east":{"uv":[5,0,6.5,1],"texture":"#1"},"south":{"uv":[4.5,6.5,4.875,7.5],"texture":"#1"},"west":{"uv":[5,1,6.5,2],"texture":"#1"}}},{"from":[5,13,1],"to":[8,19,4],"rotation":{"angle":-22.5,"axis":"z","origin":[8,19,2.5]},"faces":{"north":{"uv":[0.375,7,0.75,7.75],"texture":"#1"},"east":{"uv":[7,3,7.375,3.75],"texture":"#1"},"south":{"uv":[5.625,7,6,7.75],"texture":"#1"},"west":{"uv":[6,7,6.375,7.75],"texture":"#1"},"up":{"uv":[6.125,3.375,5.75,3],"texture":"#1"},"down":{"uv":[7.625,0,7.25,0.375],"texture":"#1"}}}],"gui_light":"front","display":{"thirdperson_righthand":{"rotation":[67.5,0,0],"translation":[0,2,0.75],"scale":[0.2,0.2,0.2]},"thirdperson_lefthand":{"rotation":[67.5,0,0],"translation":[0,2,0.75],"scale":[0.2,0.2,0.2]},"firstperson_righthand":{"translation":[0.5,3.25,1],"scale":[0.25,0.25,0.25]},"firstperson_lefthand":{"translation":[0.5,3.25,1],"scale":[0.25,0.25,0.25]},"ground":{"translation":[0,5.5,0],"scale":[0.4,0.4,0.4]},"gui":{"rotation":[30,-135,0],"translation":[0,-2.25,0],"scale":[0.41133,0.41133,0.41133]},"head":{"rotation":[0,180,0],"translation":[0,-30.4,0],"scale":[1.6,1.6,1.6]},"fixed":{"rotation":[-90,0,0],"translation":[0,0,-16],"scale":[2,2,2]}},"groups":[{"name":"group","origin":[16,-0.5,-4],"color":0,"children":[0,1,2,3,4,5,6,7,8,9,10,11,12]}]}