{"credit":"MadewithBlockbench","texture_size":[32,32],"textures":{"0":"elitecreatures:chinese_furniture_v2/01_incense_burner_texture","particle":"elitecreatures:chinese_furniture_v2/01_incense_burner_texture"},"elements":[{"from":[5,0,5],"to":[11,1,11],"faces":{"north":{"uv":[10,7.5,13,8],"texture":"#0"},"east":{"uv":[10,7.5,13,8],"texture":"#0"},"south":{"uv":[10,7.5,13,8],"texture":"#0"},"west":{"uv":[10,7.5,13,8],"texture":"#0"},"up":{"uv":[7,10,4,7],"texture":"#0"},"down":{"uv":[10,7,7,10],"texture":"#0"}}},{"from":[4.5,5.5,4.5],"to":[11.5,6.5,11.5],"faces":{"north":{"uv":[5,10,8.5,10.5],"texture":"#0"},"east":{"uv":[5,10,8.5,10.5],"texture":"#0"},"south":{"uv":[5,10,8.5,10.5],"texture":"#0"},"west":{"uv":[5,10,8.5,10.5],"texture":"#0"},"up":{"uv":[7.5,3.5,4,0],"texture":"#0"},"down":{"uv":[7.5,3.5,4,7],"texture":"#0"}}},{"from":[9.75,6.5,7.75],"to":[10.25,12.5,8.25],"rotation":{"angle":-22.5,"axis":"z","origin":[9.5,6.5,8]},"faces":{"north":{"uv":[5,10.5,5.25,13.5],"texture":"#0"},"east":{"uv":[5,10.5,5.25,13.5],"texture":"#0"},"south":{"uv":[5,10.5,5.25,13.5],"texture":"#0"},"west":{"uv":[5,10.5,5.25,13.5],"texture":"#0"},"up":{"uv":[0.75,13.25,0.5,13],"texture":"#0"},"down":{"uv":[1.25,13,1,13.25],"texture":"#0"}}},{"from":[7.75,6.5,7.75],"to":[8.25,12.5,8.25],"faces":{"north":{"uv":[5,10.5,5.25,13.5],"texture":"#0"},"east":{"uv":[5,10.5,5.25,13.5],"texture":"#0"},"south":{"uv":[5,10.5,5.25,13.5],"texture":"#0"},"west":{"uv":[5,10.5,5.25,13.5],"texture":"#0"},"up":{"uv":[12.75,12.75,12.5,12.5],"texture":"#0"},"down":{"uv":[0.25,13,0,13.25],"texture":"#0"}}},{"from":[5.75,6.5,7.75],"to":[6.25,12.5,8.25],"rotation":{"angle":22.5,"axis":"z","origin":[6.5,6.5,8]},"faces":{"north":{"uv":[5.25,10.5,5,13.5],"texture":"#0"},"east":{"uv":[5.25,10.5,5,13.5],"texture":"#0"},"south":{"uv":[5.25,10.5,5,13.5],"texture":"#0"},"west":{"uv":[5.25,10.5,5,13.5],"texture":"#0"},"up":{"uv":[0.5,13.25,0.75,13],"texture":"#0"},"down":{"uv":[1,13,1.25,13.25],"texture":"#0"}}},{"from":[5.5,5,5.5],"to":[10.5,5.5,10.5],"faces":{"north":{"uv":[10,9,12.5,9.25],"texture":"#0"},"east":{"uv":[10,9,12.5,9.25],"texture":"#0"},"south":{"uv":[10,9,12.5,9.25],"texture":"#0"},"west":{"uv":[10,9,12.5,9.25],"texture":"#0"},"up":{"uv":[2.5,12.5,0,10],"texture":"#0"},"down":{"uv":[5,10,2.5,12.5],"texture":"#0"}}},{"from":[4,1,4],"to":[12,5,12],"faces":{"north":{"uv":[7.5,4,11.5,6],"texture":"#0"},"east":{"uv":[7.5,4,11.5,6],"texture":"#0"},"south":{"uv":[7.5,4,11.5,6],"texture":"#0"},"west":{"uv":[7.5,4,11.5,6],"texture":"#0"},"up":{"uv":[4,4,0,8],"texture":"#0"},"down":{"uv":[4,4,0,8],"texture":"#0"}}},{"from":[3.85355,1.56066,7.51],"to":[5.85355,2.56066,8.49],"rotation":{"angle":-45,"axis":"z","origin":[4.35355,3.56066,8]},"faces":{"north":{"uv":[11.5,1,12.5,1.5],"texture":"#0"},"east":{"uv":[1.5,12.5,2,13],"texture":"#0"},"south":{"uv":[12.5,1,11.5,1.5],"texture":"#0"},"west":{"uv":[12.5,1.5,13,2],"texture":"#0"},"up":{"uv":[12.5,2.5,11.5,3],"texture":"#0"},"down":{"uv":[12.5,2.5,11.5,3],"texture":"#0"}}},{"from":[2.58579,2.5,7.5],"to":[3.58579,4.5,8.5],"rotation":{"angle":0,"axis":"y","origin":[-0.41421,2.5,0]},"faces":{"north":{"uv":[11.5,3,12,4],"texture":"#0"},"east":{"uv":[11,11.5,11.5,12.5],"texture":"#0"},"south":{"uv":[12,3,11.5,4],"texture":"#0"},"west":{"uv":[11,11.5,11.5,12.5],"texture":"#0"},"up":{"uv":[2.5,13,2,12.5],"texture":"#0"},"down":{"uv":[13,2,12.5,2.5],"texture":"#0"}}},{"from":[2.79289,4,7.51],"to":[3.79289,5,8.49],"rotation":{"angle":-45,"axis":"z","origin":[3.29289,4.5,8]},"faces":{"north":{"uv":[2.5,12.5,3,13],"texture":"#0"},"east":{"uv":[12.5,2.5,13,3],"texture":"#0"},"south":{"uv":[3,12.5,2.5,13],"texture":"#0"},"west":{"uv":[3.5,12.5,4,13],"texture":"#0"},"up":{"uv":[4.5,13,4,12.5],"texture":"#0"},"down":{"uv":[13,4,12.5,4.5],"texture":"#0"}}},{"from":[3,4.5,7.5],"to":[5,5.5,8.5],"rotation":{"angle":0,"axis":"y","origin":[0,1.5,0]},"faces":{"north":{"uv":[11,10.5,12,11],"texture":"#0"},"east":{"uv":[1,12.5,1.5,13],"texture":"#0"},"south":{"uv":[12,10.5,11,11],"texture":"#0"},"west":{"uv":[12.5,1,13,1.5],"texture":"#0"},"up":{"uv":[12.5,0.5,11.5,0],"texture":"#0"},"down":{"uv":[12.5,0.5,11.5,1],"texture":"#0"}}},{"from":[10.14645,1.56066,7.51],"to":[12.14645,2.56066,8.49],"rotation":{"angle":45,"axis":"z","origin":[11.64645,3.56066,8]},"faces":{"north":{"uv":[12.5,1,11.5,1.5],"texture":"#0"},"east":{"uv":[13,1.5,12.5,2],"texture":"#0"},"south":{"uv":[11.5,1,12.5,1.5],"texture":"#0"},"west":{"uv":[2,12.5,1.5,13],"texture":"#0"},"up":{"uv":[11.5,2.5,12.5,3],"texture":"#0"},"down":{"uv":[11.5,2.5,12.5,3],"texture":"#0"}}},{"from":[12.41421,2.5,7.5],"to":[13.41421,4.5,8.5],"rotation":{"angle":0,"axis":"y","origin":[16.41421,2.5,0]},"faces":{"north":{"uv":[12,3,11.5,4],"texture":"#0"},"east":{"uv":[11.5,11.5,11,12.5],"texture":"#0"},"south":{"uv":[11.5,3,12,4],"texture":"#0"},"west":{"uv":[11.5,11.5,11,12.5],"texture":"#0"},"up":{"uv":[2,13,2.5,12.5],"texture":"#0"},"down":{"uv":[12.5,2,13,2.5],"texture":"#0"}}},{"from":[12.20711,4,7.51],"to":[13.20711,5,8.49],"rotation":{"angle":45,"axis":"z","origin":[12.70711,4.5,8]},"faces":{"north":{"uv":[3,12.5,2.5,13],"texture":"#0"},"east":{"uv":[4,12.5,3.5,13],"texture":"#0"},"south":{"uv":[2.5,12.5,3,13],"texture":"#0"},"west":{"uv":[13,2.5,12.5,3],"texture":"#0"},"up":{"uv":[4,13,4.5,12.5],"texture":"#0"},"down":{"uv":[12.5,4,13,4.5],"texture":"#0"}}},{"from":[11,4.5,7.5],"to":[13,5.5,8.5],"rotation":{"angle":0,"axis":"y","origin":[16,1.5,0]},"faces":{"north":{"uv":[12,10.5,11,11],"texture":"#0"},"east":{"uv":[13,1,12.5,1.5],"texture":"#0"},"south":{"uv":[11,10.5,12,11],"texture":"#0"},"west":{"uv":[1.5,12.5,1,13],"texture":"#0"},"up":{"uv":[11.5,0.5,12.5,0],"texture":"#0"},"down":{"uv":[11.5,0.5,12.5,1],"texture":"#0"}}}],"gui_light":"front","display":{"thirdperson_righthand":{"rotation":[67.5,0,0],"translation":[0,2.25,1.25],"scale":[0.41,0.41,0.41]},"thirdperson_lefthand":{"rotation":[67.5,0,0],"translation":[0,2.25,1.25],"scale":[0.41,0.41,0.41]},"firstperson_righthand":{"translation":[2.75,3.75,0],"scale":[0.41,0.41,0.41]},"firstperson_lefthand":{"translation":[2.75,3.75,0],"scale":[0.41,0.41,0.41]},"ground":{"translation":[0,6,0],"scale":[0.55,0.55,0.55]},"gui":{"rotation":[30,135,0],"translation":[0,2.25,0],"scale":[1.0857,1.0857,1.0857]},"head":{"rotation":[0,180,0],"translation":[0,-30.4,0],"scale":[1.6,1.6,1.6]},"fixed":{"rotation":[-90,0,0],"translation":[0,0,-16],"scale":[2,2,2]}}}