{"credit":"Made with Blockbench","texture_size":[64,64],"textures":{"0":"cat_theme_furniture_v1:17_carpet_texture","particle":"cat_theme_furniture_v1:17_carpet_texture"},"elements":[{"from":[0,0,0],"to":[16,0.5,16],"faces":{"north":{"uv":[6,11,10,11.125],"texture":"#0"},"east":{"uv":[6,11.25,10,11.375],"texture":"#0"},"south":{"uv":[6,11.5,10,11.625],"texture":"#0"},"west":{"uv":[6,11.75,10,11.875],"texture":"#0"},"up":{"uv":[4,4,0,0],"texture":"#0"},"down":{"uv":[4,4,0,8],"texture":"#0"}}},{"from":[0.03162,0.03,13.70858],"to":[8.03162,0.47,23.70858],"rotation":{"angle":-22.5,"axis":"y","origin":[4.43162,0.25,19.10858]},"faces":{"north":{"uv":[12,5.25,14,5.375],"texture":"#0"},"east":{"uv":[12,3,14.5,3.125],"texture":"#0"},"south":{"uv":[12,5.5,14,5.625],"texture":"#0"},"west":{"uv":[12,3.25,14.5,3.375],"texture":"#0"},"up":{"uv":[12,2.5,10,0],"texture":"#0"},"down":{"uv":[12,2.5,10,5],"texture":"#0"}}},{"from":[7.96838,0.02,13.70858],"to":[15.96838,0.48,23.70858],"rotation":{"angle":22.5,"axis":"y","origin":[11.56838,0.25,19.10858]},"faces":{"north":{"uv":[12,5.75,14,5.875],"texture":"#0"},"east":{"uv":[12,3.5,14.5,3.625],"texture":"#0"},"south":{"uv":[6,12,8,12.125],"texture":"#0"},"west":{"uv":[12,3.75,14.5,3.875],"texture":"#0"},"up":{"uv":[12,7.5,10,5],"texture":"#0"},"down":{"uv":[12,7.5,10,10],"texture":"#0"}}},{"from":[14.74871,0.01,9.58891],"to":[22.74871,0.49,19.88891],"rotation":{"angle":45,"axis":"y","origin":[16.34871,0.25,16.38891]},"faces":{"north":{"uv":[12,6,14,6.125],"texture":"#0"},"east":{"uv":[12,1.5,14.625,1.625],"texture":"#0"},"south":{"uv":[12,6.25,14,6.375],"texture":"#0"},"west":{"uv":[12,1.75,14.625,1.875],"texture":"#0"},"up":{"uv":[4,10.625,2,8],"texture":"#0"},"down":{"uv":[10,2.75,8,5.375],"texture":"#0"}}},{"from":[-6.74871,0.01,9.58891],"to":[1.25129,0.49,19.88891],"rotation":{"angle":-45,"axis":"y","origin":[-0.34871,0.25,16.38891]},"faces":{"north":{"uv":[14,6,12,6.125],"texture":"#0"},"east":{"uv":[14.625,1.75,12,1.875],"texture":"#0"},"south":{"uv":[14,6.25,12,6.375],"texture":"#0"},"west":{"uv":[14.625,1.5,12,1.625],"texture":"#0"},"up":{"uv":[2,10.625,4,8],"texture":"#0"},"down":{"uv":[8,2.75,10,5.375],"texture":"#0"}}},{"from":[-6.84871,-0.09,9.48891],"to":[1.35129,0.59,19.98891],"rotation":{"angle":-45,"axis":"y","origin":[-0.34871,0.25,16.38891]},"faces":{"north":{"uv":[12,6.5,14,6.625],"texture":"#0"},"east":{"uv":[12,2,14.625,2.125],"texture":"#0"},"south":{"uv":[12,6.75,14,6.875],"texture":"#0"},"west":{"uv":[12,2.25,14.625,2.375],"texture":"#0"},"up":{"uv":[6,10.625,4,8],"texture":"#0"},"down":{"uv":[10,5.5,8,8.125],"texture":"#0"}}},{"from":[-0.1,-0.1,-0.1],"to":[16.1,0.6,16.1],"faces":{"north":{"uv":[12,0,16,0.125],"texture":"#0"},"east":{"uv":[12,0.25,16,0.375],"texture":"#0"},"south":{"uv":[12,0.5,16,0.625],"texture":"#0"},"west":{"uv":[12,0.75,16,0.875],"texture":"#0"},"up":{"uv":[8,4,4,0],"texture":"#0"},"down":{"uv":[8,4,4,8],"texture":"#0"}}},{"from":[-0.06838,-0.07,13.60858],"to":[8.13162,0.57,23.80858],"rotation":{"angle":-22.5,"axis":"y","origin":[4.43162,0.25,19.10858]},"faces":{"north":{"uv":[12,7,14,7.125],"texture":"#0"},"east":{"uv":[12,4,14.5,4.125],"texture":"#0"},"south":{"uv":[12,7.25,14,7.375],"texture":"#0"},"west":{"uv":[12,4.25,14.5,4.375],"texture":"#0"},"up":{"uv":[12,12.5,10,10],"texture":"#0"},"down":{"uv":[2,10.75,0,13.25],"texture":"#0"}}},{"from":[7.86838,-0.08,13.60858],"to":[16.06838,0.58,23.80858],"rotation":{"angle":22.5,"axis":"y","origin":[11.56838,0.25,19.10858]},"faces":{"north":{"uv":[12,7.5,14,7.625],"texture":"#0"},"east":{"uv":[12,4.5,14.5,4.625],"texture":"#0"},"south":{"uv":[12,7.75,14,7.875],"texture":"#0"},"west":{"uv":[12,4.75,14.5,4.875],"texture":"#0"},"up":{"uv":[4,13.25,2,10.75],"texture":"#0"},"down":{"uv":[6,10.75,4,13.25],"texture":"#0"}}},{"from":[14.64871,-0.09,9.48891],"to":[22.84871,0.59,19.98891],"rotation":{"angle":45,"axis":"y","origin":[16.34871,0.25,16.38891]},"faces":{"north":{"uv":[8,12,10,12.125],"texture":"#0"},"east":{"uv":[12,2.5,14.625,2.625],"texture":"#0"},"south":{"uv":[12,8,14,8.125],"texture":"#0"},"west":{"uv":[12,2.75,14.625,2.875],"texture":"#0"},"up":{"uv":[8,10.625,6,8],"texture":"#0"},"down":{"uv":[10,8.25,8,10.875],"texture":"#0"}}}],"gui_light":"front","display":{"thirdperson_righthand":{"rotation":[67.5,0,0],"translation":[0,3.75,0.25],"scale":[0.21195,0.21195,0.21195]},"thirdperson_lefthand":{"rotation":[67.5,0,0],"translation":[0,3.75,0.25],"scale":[0.21195,0.21195,0.21195]},"firstperson_righthand":{"translation":[2.75,3.75,-0.75],"scale":[0.25539,0.25539,0.25539]},"firstperson_lefthand":{"translation":[2.75,3.75,-0.75],"scale":[0.25539,0.25539,0.25539]},"ground":{"translation":[0,6,0],"scale":[0.45,0.45,0.45]},"gui":{"rotation":[30,180,0],"translation":[0,2,0],"scale":[0.4875,0.4875,0.4875]},"head":{"rotation":[0,180,0],"translation":[0,-30.4,0],"scale":[1.6,1.6,1.6]},"fixed":{"rotation":[-90,0,0],"translation":[0,0,-16],"scale":[2,2,2]}},"groups":[{"name":"group","origin":[16.34871,0.25,16.38891],"color":0,"children":[0,1,2,3,4]},{"name":"group","origin":[16.34871,0.25,16.38891],"color":0,"children":[5,6,7,8,9]}]}