{"credit":"Made with Blockbench","texture_size":[64,64],"textures":{"0":"cat_theme_furniture_v1:07_cat_trad_mill_texture","particle":"cat_theme_furniture_v1:07_cat_trad_mill_texture"},"elements":[{"from":[4,2,5],"to":[12,3,11],"rotation":{"angle":0,"axis":"y","origin":[0,2,0]},"faces":{"north":{"uv":[7,3.5,9,3.75],"texture":"#0"},"east":{"uv":[5.5,4.5,7,4.75],"texture":"#0"},"south":{"uv":[7,3.5,9,3.75],"texture":"#0"},"west":{"uv":[5.5,4.75,7,5],"texture":"#0"},"up":{"uv":[5,8,3,6.5],"texture":"#0"},"down":{"uv":[12,0.5,10,2],"texture":"#0"}}},{"from":[-2.47487,4.68198,5.01],"to":[5.52513,5.68198,10.99],"rotation":{"angle":-45,"axis":"z","origin":[1.52513,5.18198,8]},"faces":{"north":{"uv":[8,3,10,3.25],"texture":"#0"},"east":{"uv":[8,4.5,9.5,4.75],"texture":"#0"},"south":{"uv":[8,3,10,3.25],"texture":"#0"},"west":{"uv":[4.75,8,6.25,8.25],"texture":"#0"},"up":{"uv":[5,8,3,6.5],"texture":"#0"},"down":{"uv":[12,0.5,10,2],"texture":"#0"}}},{"from":[-1.65685,7.65685,5],"to":[-0.65685,15.65685,11],"rotation":{"angle":0,"axis":"y","origin":[2.47335,17.1835,8]},"faces":{"north":{"uv":[10.25,3.375,10,5.375],"texture":"#0"},"east":{"uv":[1.5,6.5,3,8.5],"texture":"#0"},"south":{"uv":[10,3.375,10.25,5.375],"texture":"#0"},"west":{"uv":[6.5,0,8,2],"texture":"#0"},"up":{"uv":[8.25,6.25,8,4.75],"texture":"#0"},"down":{"uv":[6.5,8,6.25,9.5],"texture":"#0"}}},{"from":[0.63236,13.1835,5.01],"to":[1.63236,21.1835,10.99],"rotation":{"angle":-45,"axis":"z","origin":[2.47335,17.1835,8]},"faces":{"north":{"uv":[9.875,3.375,9.625,5.375],"texture":"#0"},"east":{"uv":[1.5,6.5,3,8.5],"texture":"#0"},"south":{"uv":[9.625,3.375,9.875,5.375],"texture":"#0"},"west":{"uv":[6.5,0,8,2],"texture":"#0"},"up":{"uv":[8.25,7.75,8,6.25],"texture":"#0"},"down":{"uv":[6.75,8,6.5,9.5],"texture":"#0"}}},{"from":[4,20.31371,5],"to":[12,21.31371,11],"rotation":{"angle":0,"axis":"y","origin":[13.52665,17.1835,8]},"faces":{"north":{"uv":[8,3.25,10,3],"texture":"#0"},"east":{"uv":[8,7.75,9.5,8],"texture":"#0"},"south":{"uv":[8,3.25,10,3],"texture":"#0"},"west":{"uv":[8,8,9.5,8.25],"texture":"#0"},"up":{"uv":[12,2,10,0.5],"texture":"#0"},"down":{"uv":[5,6.5,3,8],"texture":"#0"}}},{"from":[14.36764,13.1835,5.01],"to":[15.36764,21.1835,10.99],"rotation":{"angle":45,"axis":"z","origin":[13.52665,17.1835,8]},"faces":{"north":{"uv":[9.625,3.375,9.875,5.375],"texture":"#0"},"east":{"uv":[6.5,0,8,2],"texture":"#0"},"south":{"uv":[9.875,3.375,9.625,5.375],"texture":"#0"},"west":{"uv":[1.5,6.5,3,8.5],"texture":"#0"},"up":{"uv":[7,9.5,6.75,8],"texture":"#0"},"down":{"uv":[8.5,0.25,8.25,1.75],"texture":"#0"}}},{"from":[16.65685,7.65685,5],"to":[17.65685,15.65685,11],"rotation":{"angle":0,"axis":"y","origin":[13.52665,17.1835,8]},"faces":{"north":{"uv":[10,3.375,10.25,5.375],"texture":"#0"},"east":{"uv":[6.5,0,8,2],"texture":"#0"},"south":{"uv":[10.25,3.375,10,5.375],"texture":"#0"},"west":{"uv":[1.5,6.5,3,8.5],"texture":"#0"},"up":{"uv":[5,9.75,4.75,8.25],"texture":"#0"},"down":{"uv":[8.5,4.75,8.25,6.25],"texture":"#0"}}},{"from":[10.47487,4.68198,5.01],"to":[18.47487,5.68198,10.99],"rotation":{"angle":45,"axis":"z","origin":[14.47487,5.18198,8]},"faces":{"north":{"uv":[10,3,8,3.25],"texture":"#0"},"east":{"uv":[8.25,1.75,9.75,2],"texture":"#0"},"south":{"uv":[8,3,10,3.25],"texture":"#0"},"west":{"uv":[8.25,2,9.75,2.25],"texture":"#0"},"up":{"uv":[5,8,3,6.5],"texture":"#0"},"down":{"uv":[12,0.5,10,2],"texture":"#0"}}},{"from":[2,0,5],"to":[14,1,11],"faces":{"north":{"uv":[5.5,4,8.5,4.25],"texture":"#0"},"east":{"uv":[8.25,6.5,9.75,6.75],"texture":"#0"},"south":{"uv":[5.5,4,8.5,4.25],"texture":"#0"},"west":{"uv":[8.25,6.5,9.75,6.75],"texture":"#0"},"up":{"uv":[3,1.5,0,0],"texture":"#0"},"down":{"uv":[3,1.5,0,0],"texture":"#0"}}},{"from":[11,0,11],"to":[13,5,12],"rotation":{"angle":0,"axis":"y","origin":[16,0,16]},"faces":{"north":{"uv":[7,5.75,7.5,7],"texture":"#0"},"east":{"uv":[5.75,8.25,6,9.5],"texture":"#0"},"south":{"uv":[7,5.75,7.5,7],"texture":"#0"},"west":{"uv":[6,8.25,5.75,9.5],"texture":"#0"},"up":{"uv":[3,4.75,3.5,5],"texture":"#0"},"down":{"uv":[3.5,5,4,4.75],"texture":"#0"}}},{"from":[3,0,11],"to":[5,5,12],"rotation":{"angle":0,"axis":"y","origin":[0,0,16]},"faces":{"north":{"uv":[7.5,5.75,7,7],"texture":"#0"},"east":{"uv":[5.75,8.25,6,9.5],"texture":"#0"},"south":{"uv":[7.5,5.75,7,7],"texture":"#0"},"west":{"uv":[6,8.25,5.75,9.5],"texture":"#0"},"up":{"uv":[3.5,4.75,3,5],"texture":"#0"},"down":{"uv":[4,5,3.5,4.75],"texture":"#0"}}},{"from":[3,0,4],"to":[5,5,5],"faces":{"north":{"uv":[7,5.75,7.5,7],"texture":"#0"},"east":{"uv":[6,8.25,5.75,9.5],"texture":"#0"},"south":{"uv":[7,5.75,7.5,7],"texture":"#0"},"west":{"uv":[5.75,8.25,6,9.5],"texture":"#0"},"up":{"uv":[3.5,5,3,4.75],"texture":"#0"},"down":{"uv":[4,4.75,3.5,5],"texture":"#0"}}},{"from":[11,0,4],"to":[13,5,5],"rotation":{"angle":0,"axis":"y","origin":[16,0,0]},"faces":{"north":{"uv":[7.5,5.75,7,7],"texture":"#0"},"east":{"uv":[6,8.25,5.75,9.5],"texture":"#0"},"south":{"uv":[7.5,5.75,7,7],"texture":"#0"},"west":{"uv":[5.75,8.25,6,9.5],"texture":"#0"},"up":{"uv":[3,5,3.5,4.75],"texture":"#0"},"down":{"uv":[3.5,4.75,4,5],"texture":"#0"}}}],"gui_light":"front","display":{"thirdperson_righthand":{"rotation":[67.5,0,0],"translation":[0,1.5,1],"scale":[0.24781,0.24781,0.24781]},"thirdperson_lefthand":{"rotation":[67.5,0,0],"translation":[0,1.5,1],"scale":[0.24781,0.24781,0.24781]},"firstperson_righthand":{"translation":[2.75,2.5,0],"scale":[0.30219,0.30219,0.30219]},"firstperson_lefthand":{"translation":[2.75,2.5,0],"scale":[0.30219,0.30219,0.30219]},"ground":{"translation":[0,6,0],"scale":[0.55,0.55,0.55]},"gui":{"rotation":[30,145,0],"translation":[0,-1.25,0],"scale":[0.61516,0.61516,0.61516]},"head":{"rotation":[0,180,0],"translation":[0,-30.4,0],"scale":[1.6,1.6,1.6]},"fixed":{"rotation":[-90,0,0],"translation":[0,0,-16],"scale":[2,2,2]}},"groups":[{"name":"group","origin":[14.47487,5.18198,8],"color":0,"children":[0,1,2,3,4,5,6,7]},8,{"name":"group","origin":[16,0,0],"color":0,"children":[9,10,11,12]}]}