{"parent":"item/generated","textures":{"layer0":"item/feather"},"display":{"head":{"rotation":[0,0,45],"translation":[-1,13,7],"scale":[1,1,1]}},"overrides":[{"predicate":{"custom_model_data":10000},"model":"iafestivities:halloween/cave_spider_backpack"},{"predicate":{"custom_model_data":10001},"model":"iaalchemy:item/mysterious_hood"},{"predicate":{"custom_model_data":10002},"model":"iafestivities:halloween/bat_wings"},{"predicate":{"custom_model_data":10003},"model":"iafestivities:halloween/witch_hat"},{"predicate":{"custom_model_data":10004},"model":"iafestivities:halloween/jack_o_lantern_backpack"},{"predicate":{"custom_model_data":10005},"model":"iawearables:hat/deadmau5_hat"},{"predicate":{"custom_model_data":10006},"model":"iawearables:hat/top_hat"},{"predicate":{"custom_model_data":10007},"model":"iawearables:hat/welding_mask"},{"predicate":{"custom_model_data":10008},"model":"iawearables:hat/mining_helmet"},{"predicate":{"custom_model_data":10009},"model":"iawearables:hat/dog_mask"},{"predicate":{"custom_model_data":10010},"model":"iawearables:hat/ruby_pickaxe_hat"},{"predicate":{"custom_model_data":10011},"model":"iawearables:hat/straw_hat"},{"predicate":{"custom_model_data":10012},"model":"iawearables:hat/cool_sunglasses"},{"predicate":{"custom_model_data":10013},"model":"iawearables:hat/cigar"},{"predicate":{"custom_model_data":10014},"model":"iawearables:hat/glasses"},{"predicate":{"custom_model_data":10015},"model":"iawearables:hat/biker_helmet"},{"predicate":{"custom_model_data":10016},"model":"iawearables:hat/cat_ears"},{"predicate":{"custom_model_data":10017},"model":"iawearables:back/demoniac_red_wings"},{"predicate":{"custom_model_data":10018},"model":"iawearables:back/demoniac_turquoise_wings"},{"predicate":{"custom_model_data":10019},"model":"iawearables:back/demoniac_purple_wings"},{"predicate":{"custom_model_data":10020},"model":"iawearables:back/demoniac_blue_wings"},{"predicate":{"custom_model_data":10021},"model":"iawearables:back/demoniac_black_wings"},{"predicate":{"custom_model_data":10022},"model":"iawearables:back/all_black_cat_tail"},{"predicate":{"custom_model_data":10023},"model":"iawearables:back/black_cat_tail"},{"predicate":{"custom_model_data":10024},"model":"iawearables:back/white_cat_tail"},{"predicate":{"custom_model_data":10025},"model":"iawearables:back/ender_dragon_wings"},{"predicate":{"custom_model_data":10026},"model":"iawearables:back/red_backpack"},{"predicate":{"custom_model_data":10027},"model":"iawearables:back/turquoise_backpack"},{"predicate":{"custom_model_data":10028},"model":"iawearables:back/purple_backpack"},{"predicate":{"custom_model_data":10029},"model":"iawearables:back/blue_backpack"},{"predicate":{"custom_model_data":10030},"model":"iawearables:back/black_backpack"},{"predicate":{"custom_model_data":10031},"model":"iawearables:back/brown_backpack"},{"predicate":{"custom_model_data":10032},"model":"iafestivities:christmas/santa_hat"},{"predicate":{"custom_model_data":10033},"model":"iafestivities:halloween/dark_jack_o_lantern_backpack"},{"predicate":{"custom_model_data":10034},"model":"iafestivities:halloween/axe_hat"},{"predicate":{"custom_model_data":10035},"model":"iafestivities:halloween/bones_backpack"},{"predicate":{"custom_model_data":10036},"model":"iafestivities:halloween/spider_backpack"},{"predicate":{"custom_model_data":10037},"model":"cosmetic:custom/menu/back"},{"predicate":{"custom_model_data":10037},"model":"magiccosmetics:menu/back"},{"predicate":{"custom_model_data":10038},"model":"cosmetic:custom/menu/back_gray"},{"predicate":{"custom_model_data":10038},"model":"magiccosmetics:menu/back_gray"},{"predicate":{"custom_model_data":10039},"model":"cosmetic:custom/menu/next"},{"predicate":{"custom_model_data":10039},"model":"magiccosmetics:menu/next"},{"predicate":{"custom_model_data":10040},"model":"cosmetic:custom/menu/next_gray"},{"predicate":{"custom_model_data":10040},"model":"magiccosmetics:menu/next_gray"},{"predicate":{"custom_model_data":10041},"model":"cosmetic:custom/menu/empty"},{"predicate":{"custom_model_data":10041},"model":"magiccosmetics:menu/empty"},{"predicate":{"custom_model_data":10042},"model":"cosmetic:custom/spray/spray1"},{"predicate":{"custom_model_data":10042},"model":"magiccosmetics:item/spray"},{"predicate":{"custom_model_data":10043},"model":"cosmetic:custom/item/spray"},{"predicate":{"custom_model_data":10044},"model":"cosmetic:custom/item/spray"},{"predicate":{"custom_model_data":10045},"model":"minecraft:item/feather"},{"predicate":{"custom_model_data":18001},"model":"magic:icons/spells/fling"},{"predicate":{"custom_model_data":18002},"model":"magic:icons_disabled/spells/fling"},{"predicate":{"custom_model_data":18003},"model":"magic:icons/spells/levitate"},{"predicate":{"custom_model_data":18004},"model":"magic:icons_disabled/spells/levitate"},{"predicate":{"custom_model_data":18005},"model":"magic:icons/spells/superfly"},{"predicate":{"custom_model_data":18006},"model":"magic:icons_disabled/spells/superfly"},{"predicate":{"custom_model_data":18007},"model":"magic:mobs/bigdragon/dragon_wing_red_left"},{"predicate":{"custom_model_data":18008},"model":"magic:mobs/bigdragon/dragon_body_red"},{"predicate":{"custom_model_data":18009},"model":"magic:mobs/bigdragon/dragon_wing_red_right"},{"predicate":{"custom_model_data":18010},"model":"magic:mobs/bigdragon/dragon_wing_blue_left"},{"predicate":{"custom_model_data":18011},"model":"magic:mobs/bigdragon/dragon_body_blue"},{"predicate":{"custom_model_data":18012},"model":"magic:mobs/bigdragon/dragon_wing_blue_right"},{"predicate":{"custom_model_data":18013},"model":"magic:mobs/bigdragon/dragon_wing_green_left"},{"predicate":{"custom_model_data":18014},"model":"magic:mobs/bigdragon/dragon_body_green"},{"predicate":{"custom_model_data":18015},"model":"magic:mobs/bigdragon/dragon_wing_green_right"},{"predicate":{"custom_model_data":18016},"model":"magic:mobs/bigdragon/dragon_wing_grey_left"},{"predicate":{"custom_model_data":18017},"model":"magic:mobs/bigdragon/dragon_body_grey"},{"predicate":{"custom_model_data":18018},"model":"magic:mobs/bigdragon/dragon_wing_grey_right"},{"predicate":{"custom_model_data":18019},"model":"magic:mobs/bigdragon/dragon_wing_purple_left"},{"predicate":{"custom_model_data":18020},"model":"magic:mobs/bigdragon/dragon_body_purple"},{"predicate":{"custom_model_data":18021},"model":"magic:mobs/bigdragon/dragon_wing_purple_right"},{"predicate":{"custom_model_data":18022},"model":"item/feather"}]}