{"credit":"Made with Blockbench","texture_size":[32,32],"textures":{"0":"cosmeticspack3:ear2","particle":"cosmeticspack3:ear2"},"elements":[{"from":[11,0,7],"to":[12,7,9],"rotation":{"angle":0,"axis":"y","origin":[0,0,1]},"faces":{"north":{"uv":[0,5.5,0.5,9],"texture":"#0"},"east":{"uv":[0,2,1,5.5],"texture":"#0"},"south":{"uv":[0.5,5.5,1,9],"texture":"#0"},"west":{"uv":[1,2,2,5.5],"texture":"#0"},"up":{"uv":[4.5,1,4,0],"texture":"#0"},"down":{"uv":[4.5,1,4,2],"texture":"#0"}}},{"from":[3,6,7],"to":[11,7,9],"rotation":{"angle":0,"axis":"y","origin":[0,0,1]},"faces":{"north":{"uv":[6,0,10,0.5],"texture":"#0"},"east":{"uv":[3.5,7.5,4.5,8],"texture":"#0"},"south":{"uv":[6,0.5,10,1],"texture":"#0"},"west":{"uv":[6.5,7.5,7.5,8],"texture":"#0"},"up":{"uv":[4,1,0,0],"texture":"#0"},"down":{"uv":[4,1,0,2],"texture":"#0"}}},{"from":[3,0,7],"to":[4,6,9],"rotation":{"angle":0,"axis":"y","origin":[0,0,1]},"faces":{"north":{"uv":[1,5.5,1.5,8.5],"texture":"#0"},"east":{"uv":[5,0,6,3],"texture":"#0"},"south":{"uv":[1.5,5.5,2,8.5],"texture":"#0"},"west":{"uv":[5,3,6,6],"texture":"#0"},"up":{"uv":[5,1,4.5,0],"texture":"#0"},"down":{"uv":[5,1,4.5,2],"texture":"#0"}}},{"from":[10.75,6.25,7.5],"to":[13.25,11.25,8.5],"rotation":{"angle":-22.5,"axis":"z","origin":[11,9,8.5]},"faces":{"north":{"uv":[2,2,3.25,4.5],"texture":"#0"},"east":{"uv":[6,3,6.5,5.5],"texture":"#0"},"south":{"uv":[3.5,2,4.75,4.5],"texture":"#0"},"west":{"uv":[5,6,5.5,8.5],"texture":"#0"},"up":{"uv":[3.25,7.5,2,7],"texture":"#0"},"down":{"uv":[4.75,7,3.5,7.5],"texture":"#0"}}},{"from":[2.57821,9.23635,7.5],"to":[5.07821,14.23635,8.5],"rotation":{"angle":22.5,"axis":"z","origin":[11.82821,8.38635,8]},"faces":{"north":{"uv":[2,4.5,3.25,7],"texture":"#0"},"east":{"uv":[5.5,6,6,8.5],"texture":"#0"},"south":{"uv":[3.5,4.5,4.75,7],"texture":"#0"},"west":{"uv":[6,5.5,6.5,8],"texture":"#0"},"up":{"uv":[7.75,7.5,6.5,7],"texture":"#0"},"down":{"uv":[8.75,1,7.5,1.5],"texture":"#0"}}},{"from":[10.75,10.25,5.5],"to":[13.25,11.25,7.5],"rotation":{"angle":-22.5,"axis":"z","origin":[11,9,8.5]},"faces":{"north":{"uv":[7.5,1.5,8.75,2],"texture":"#0"},"east":{"uv":[7.5,7.5,8.5,8],"texture":"#0"},"south":{"uv":[2,7.5,3.25,8],"texture":"#0"},"west":{"uv":[2,8,3,8.5],"texture":"#0"},"up":{"uv":[7.75,4,6.5,3],"texture":"#0"},"down":{"uv":[7.75,4,6.5,5],"texture":"#0"}}},{"from":[2.57821,13.23635,5.5],"to":[5.07821,14.23635,7.5],"rotation":{"angle":22.5,"axis":"z","origin":[11.82821,8.38635,8]},"faces":{"north":{"uv":[7.5,2,8.75,2.5],"texture":"#0"},"east":{"uv":[3,8,4,8.5],"texture":"#0"},"south":{"uv":[7.5,2.5,8.75,3],"texture":"#0"},"west":{"uv":[8,3,9,3.5],"texture":"#0"},"up":{"uv":[7.75,6,6.5,5],"texture":"#0"},"down":{"uv":[7.75,6,6.5,7],"texture":"#0"}}},{"from":[6,7,8],"to":[9,9,8],"rotation":{"angle":0,"axis":"y","origin":[0,0,1]},"faces":{"north":{"uv":[6,1,7.5,2],"texture":"#0"},"east":{"uv":[0,0,0,1],"texture":"#0"},"south":{"uv":[6,2,7.5,3],"texture":"#0"},"west":{"uv":[0,0,0,1],"texture":"#0"},"up":{"uv":[1.5,0,0,0],"texture":"#0"},"down":{"uv":[1.5,0,0,0],"texture":"#0"}}}],"display":{"thirdperson_righthand":{"rotation":[70,0,0],"translation":[0,0,2]},"thirdperson_lefthand":{"rotation":[70,0,0],"translation":[0,0,2]},"firstperson_righthand":{"translation":[0,3.25,0]},"firstperson_lefthand":{"translation":[0,3.25,0]},"ground":{"translation":[0,7.5,0]},"gui":{"rotation":[-166.75,28,-180],"translation":[-0.25,2.5,0],"scale":[1.2,1.2,1.2]},"head":{"translation":[1,9.5,1],"scale":[1.7,1.7,1.7]},"fixed":{"translation":[0.25,2.25,0]}},"groups":[{"name":"Ear2","origin":[0,0,0],"color":0,"children":[0,1,2,3,4,5,6,7]}]}