{"credit":"MadewithBlockbench","texture_size":[128,128],"textures":{"0":"elitecreatures:graffiti_decoration_v1/graffiti_1_10","particle":"elitecreatures:graffiti_decoration_v1/graffiti_1_10"},"elements":[{"name":"npc","from":[-16,0,15.9],"to":[32,32,15.9],"rotation":{"angle":0,"axis":"y","origin":[7,0,7]},"faces":{"north":{"uv":[8,8,14,12],"texture":"#0"},"south":{"uv":[14,8,8,12],"texture":"#0"}}}],"gui_light":"front","display":{"thirdperson_righthand":{"rotation":[67.5,0,0],"translation":[0.25,1.25,-1.5],"scale":[0.21758,0.21758,0.21758]},"thirdperson_lefthand":{"rotation":[67.5,0,0],"translation":[0.25,1.25,-1.5],"scale":[0.21758,0.21758,0.21758]},"firstperson_righthand":{"translation":[8,-2.25,-7],"scale":[0.4,0.4,0.4]},"firstperson_lefthand":{"translation":[8,-2.25,-7],"scale":[0.4,0.4,0.4]},"ground":{"translation":[0.25,5,-4],"scale":[0.5,0.5,0.5]},"gui":{"rotation":[-180,0,-180],"translation":[0,-2.5,0],"scale":[0.31797,0.31797,0.31797]},"head":{"rotation":[0,180,0],"translation":[-2.75,-33.65,0],"scale":[1.6,1.6,1.6]},"fixed":{"translation":[3.25,-4,-15.9],"scale":[2,2,2]}}}