{"credit":"MadewithBlockbench","texture_size":[256,256],"textures":{"0":"elitecreatures:graffiti_decoration_v1/graffiti_21_30","particle":"elitecreatures:graffiti_decoration_v1/graffiti_21_30"},"elements":[{"name":"art_7","from":[-16,0,15.9],"to":[32,32,15.9],"rotation":{"angle":0,"axis":"y","origin":[7,0,7]},"faces":{"north":{"uv":[3,4,6,6],"texture":"#0"},"south":{"uv":[6,4,3,6],"texture":"#0"}}}],"gui_light":"front","display":{"thirdperson_righthand":{"rotation":[67.5,0,0],"translation":[-0.25,1.25,-0.75],"scale":[0.17461,0.17461,0.17461]},"thirdperson_lefthand":{"rotation":[67.5,0,0],"translation":[0.25,1.25,-0.75],"scale":[0.17461,0.17461,0.17461]},"firstperson_righthand":{"translation":[5.75,-2,-7],"scale":[0.33359,0.33359,0.33359]},"firstperson_lefthand":{"translation":[5.75,-2,-7],"scale":[0.33359,0.33359,0.33359]},"ground":{"translation":[-0.75,5,-4],"scale":[0.5,0.5,0.5]},"gui":{"rotation":[0,180,0],"translation":[0.25,-2.5,0],"scale":[0.35742,0.35742,0.35742]},"head":{"rotation":[0,180,0],"translation":[-2.75,-33.65,0],"scale":[1.6,1.6,1.6]},"fixed":{"translation":[3.25,-4,-15.9],"scale":[2,2,2]}}}