{"credit":"MadewithBlockbench","texture_size":[128,128],"textures":{"0":"20th_century_furniture_v1:12_big_cupboard_texture","particle":"20th_century_furniture_v1:12_big_cupboard_texture"},"elements":[{"from":[16,1.51,1.75],"to":[23,2.01,2.75],"rotation":{"angle":45,"axis":"y","origin":[23.5,11.5,3.25]},"faces":{"north":{"uv":[8.5,6.875,9.375,6.9375],"texture":"#0"},"east":{"uv":[7.875,9,8,9.0625],"texture":"#0"},"south":{"uv":[8.5,7,9.375,7.0625],"texture":"#0"},"west":{"uv":[9,7.875,9.125,7.9375],"texture":"#0"},"up":{"uv":[8.75,6.25,7.875,6.125],"texture":"#0"},"down":{"uv":[8.75,6.25,7.875,6.125],"texture":"#0"}}},{"from":[16,1.51,13.25],"to":[23,2.01,14.25],"rotation":{"angle":-45,"axis":"y","origin":[23.5,11.5,12.75]},"faces":{"north":{"uv":[9.375,7,8.5,7.0625],"texture":"#0"},"east":{"uv":[8,9,7.875,9.0625],"texture":"#0"},"south":{"uv":[9.375,6.875,8.5,6.9375],"texture":"#0"},"west":{"uv":[9.125,7.875,9,7.9375],"texture":"#0"},"up":{"uv":[8.75,6.125,7.875,6.25],"texture":"#0"},"down":{"uv":[8.75,6.125,7.875,6.25],"texture":"#0"}}},{"from":[13,1.51,2.75],"to":[14,2.01,9.75],"rotation":{"angle":45,"axis":"y","origin":[13.5,11.5,3.25]},"faces":{"north":{"uv":[7.75,9,7.875,9.0625],"texture":"#0"},"east":{"uv":[8.5,6.625,9.375,6.6875],"texture":"#0"},"south":{"uv":[9,7.75,9.125,7.8125],"texture":"#0"},"west":{"uv":[8.5,6.75,9.375,6.8125],"texture":"#0"},"up":{"uv":[0.875,8.75,0.75,7.875],"texture":"#0"},"down":{"uv":[0.875,7.875,0.75,8.75],"texture":"#0"}}},{"from":[13,1.51,6.25],"to":[14,2.01,13.25],"rotation":{"angle":-45,"axis":"y","origin":[13.5,11.5,12.75]},"faces":{"north":{"uv":[9.125,7.75,9,7.8125],"texture":"#0"},"east":{"uv":[9.375,6.625,8.5,6.6875],"texture":"#0"},"south":{"uv":[7.875,9,7.75,9.0625],"texture":"#0"},"west":{"uv":[9.375,6.75,8.5,6.8125],"texture":"#0"},"up":{"uv":[0.875,7.875,0.75,8.75],"texture":"#0"},"down":{"uv":[0.875,8.75,0.75,7.875],"texture":"#0"}}},{"from":[17.09315,1.26,6.49264],"to":[18.59315,2.26,9.49264],"rotation":{"angle":0,"axis":"y","origin":[17.84315,2.26,7.49264]},"faces":{"north":{"uv":[8.75,6.375,8.9375,6.5],"texture":"#0"},"east":{"uv":[8.5,7.625,8.875,7.75],"texture":"#0"},"south":{"uv":[8.75,6.375,8.9375,6.5],"texture":"#0"},"west":{"uv":[8.5,7.75,8.875,7.875],"texture":"#0"},"up":{"uv":[3.5625,8.625,3.375,8.25],"texture":"#0"},"down":{"uv":[3.5625,8.25,3.375,8.625],"texture":"#0"}}},{"from":[17.34315,1.01,7.49264],"to":[18.34315,2.51,8.49264],"rotation":{"angle":0,"axis":"y","origin":[17.84315,2.26,7.49264]},"faces":{"north":{"uv":[7,8.75,7.125,8.9375],"texture":"#0"},"east":{"uv":[8.75,8.75,8.875,8.9375],"texture":"#0"},"south":{"uv":[0,8.875,0.125,9.0625],"texture":"#0"},"west":{"uv":[0.125,8.875,0.25,9.0625],"texture":"#0"},"up":{"uv":[8,9,7.875,8.875],"texture":"#0"},"down":{"uv":[9,7.875,8.875,8],"texture":"#0"}}},{"from":[13.5,6,3.25],"to":[22,17,12.75],"rotation":{"angle":0,"axis":"y","origin":[0,0,-0.25]},"faces":{"north":{"uv":[5.25,4.25,6.3125,5.625],"texture":"#0"},"east":{"uv":[0,4.25,1.1875,5.625],"texture":"#0"},"south":{"uv":[3.125,0.0625,2.0625,1.4375],"texture":"#0"},"west":{"uv":[1.25,4.25,2.4375,5.625],"texture":"#0"},"up":{"uv":[2.4375,6.8125,1.375,5.625],"texture":"#0"},"down":{"uv":[7.4375,5.25,6.375,6.4375],"texture":"#0"}}},{"from":[14.5,15.5,3],"to":[21,16,3.5],"rotation":{"angle":0,"axis":"y","origin":[0,0,-0.25]},"faces":{"north":{"uv":[0,0,0.8125,0.0625],"texture":"#0"},"east":{"uv":[0,0.5,0.0625,0.5625],"texture":"#0"},"south":{"uv":[0,0.125,0.8125,0.1875],"texture":"#0"},"west":{"uv":[0.125,0.5,0.1875,0.5625],"texture":"#0"},"up":{"uv":[0.8125,0.3125,0,0.25],"texture":"#0"},"down":{"uv":[0.8125,0.375,0,0.4375],"texture":"#0"}}},{"from":[14.5,13,3],"to":[21,13.5,3.5],"rotation":{"angle":0,"axis":"y","origin":[0,0,-0.25]},"faces":{"north":{"uv":[0,0,0.8125,0.0625],"texture":"#0"},"east":{"uv":[0,0.5,0.0625,0.5625],"texture":"#0"},"south":{"uv":[0,0.125,0.8125,0.1875],"texture":"#0"},"west":{"uv":[0.125,0.5,0.1875,0.5625],"texture":"#0"},"up":{"uv":[0.8125,0.3125,0,0.25],"texture":"#0"},"down":{"uv":[0.8125,0.375,0,0.4375],"texture":"#0"}}},{"from":[14.5,8,3],"to":[21,8.5,3.5],"rotation":{"angle":0,"axis":"y","origin":[0,0,-0.25]},"faces":{"north":{"uv":[0,0,0.8125,0.0625],"texture":"#0"},"east":{"uv":[0,0.5,0.0625,0.5625],"texture":"#0"},"south":{"uv":[0,0.125,0.8125,0.1875],"texture":"#0"},"west":{"uv":[0.125,0.5,0.1875,0.5625],"texture":"#0"},"up":{"uv":[0.8125,0.3125,0,0.25],"texture":"#0"},"down":{"uv":[0.8125,0.375,0,0.4375],"texture":"#0"}}},{"from":[14.5,10.5,3],"to":[21,11,3.5],"rotation":{"angle":0,"axis":"y","origin":[0,0,-0.25]},"faces":{"north":{"uv":[0,0,0.8125,0.0625],"texture":"#0"},"east":{"uv":[0,0.5,0.0625,0.5625],"texture":"#0"},"south":{"uv":[0,0.125,0.8125,0.1875],"texture":"#0"},"west":{"uv":[0.125,0.5,0.1875,0.5625],"texture":"#0"},"up":{"uv":[0.8125,0.3125,0,0.25],"texture":"#0"},"down":{"uv":[0.8125,0.375,0,0.4375],"texture":"#0"}}},{"from":[-5,8,3],"to":[1.5,8.5,3.5],"rotation":{"angle":0,"axis":"y","origin":[0,0,-0.25]},"faces":{"north":{"uv":[0,0,0.8125,0.0625],"texture":"#0"},"east":{"uv":[0,0.5,0.0625,0.5625],"texture":"#0"},"south":{"uv":[0,0.125,0.8125,0.1875],"texture":"#0"},"west":{"uv":[0.125,0.5,0.1875,0.5625],"texture":"#0"},"up":{"uv":[0.8125,0.3125,0,0.25],"texture":"#0"},"down":{"uv":[0.8125,0.375,0,0.4375],"texture":"#0"}}},{"from":[-5,10.5,3],"to":[1.5,11,3.5],"rotation":{"angle":0,"axis":"y","origin":[0,0,-0.25]},"faces":{"north":{"uv":[0,0,0.8125,0.0625],"texture":"#0"},"east":{"uv":[0,0.5,0.0625,0.5625],"texture":"#0"},"south":{"uv":[0,0.125,0.8125,0.1875],"texture":"#0"},"west":{"uv":[0.125,0.5,0.1875,0.5625],"texture":"#0"},"up":{"uv":[0.8125,0.3125,0,0.25],"texture":"#0"},"down":{"uv":[0.8125,0.375,0,0.4375],"texture":"#0"}}},{"from":[-5,13,3],"to":[1.5,13.5,3.5],"rotation":{"angle":0,"axis":"y","origin":[0,0,-0.25]},"faces":{"north":{"uv":[0,0,0.8125,0.0625],"texture":"#0"},"east":{"uv":[0,0.5,0.0625,0.5625],"texture":"#0"},"south":{"uv":[0,0.125,0.8125,0.1875],"texture":"#0"},"west":{"uv":[0.125,0.5,0.1875,0.5625],"texture":"#0"},"up":{"uv":[0.8125,0.3125,0,0.25],"texture":"#0"},"down":{"uv":[0.8125,0.375,0,0.4375],"texture":"#0"}}},{"from":[-5,15.5,3],"to":[1.5,16,3.5],"rotation":{"angle":0,"axis":"y","origin":[0,0,-0.25]},"faces":{"north":{"uv":[0,0,0.8125,0.0625],"texture":"#0"},"east":{"uv":[0,0.5,0.0625,0.5625],"texture":"#0"},"south":{"uv":[0,0.125,0.8125,0.1875],"texture":"#0"},"west":{"uv":[0.125,0.5,0.1875,0.5625],"texture":"#0"},"up":{"uv":[0.8125,0.3125,0,0.25],"texture":"#0"},"down":{"uv":[0.8125,0.375,0,0.4375],"texture":"#0"}}},{"from":[21.74,5.25,3.253],"to":[22.73,6,12.703],"rotation":{"angle":-22.5,"axis":"z","origin":[22.75,6.015,5.425]},"faces":{"north":{"uv":[7.25,8.875,7.375,9],"texture":"#0"},"east":{"uv":[7.75,4.75,8.9375,4.875],"texture":"#0"},"south":{"uv":[8.875,7.25,9,7.375],"texture":"#0"},"west":{"uv":[7.75,4.875,8.9375,5],"texture":"#0"},"up":{"uv":[5.375,8.9375,5.25,7.75],"texture":"#0"},"down":{"uv":[5.5,7.75,5.375,8.9375],"texture":"#0"}}},{"from":[21.975,5.02,3.253],"to":[22.725,6.01,12.753],"rotation":{"angle":0,"axis":"y","origin":[17.75,5.5,2.875]},"faces":{"north":{"uv":[7.375,8.875,7.5,9],"texture":"#0"},"east":{"uv":[7.75,5,8.9375,5.125],"texture":"#0"},"south":{"uv":[7.5,8.875,7.625,9],"texture":"#0"},"west":{"uv":[7.75,5.125,8.9375,5.25],"texture":"#0"},"up":{"uv":[5.625,8.9375,5.5,7.75],"texture":"#0"},"down":{"uv":[7.875,5.5,7.75,6.6875],"texture":"#0"}}},{"from":[13.5,5.24,2.5],"to":[22,5.99,3.5],"rotation":{"angle":-22.5,"axis":"x","origin":[17.75,6,2.475]},"faces":{"north":{"uv":[7.75,7.125,8.8125,7.25],"texture":"#0"},"east":{"uv":[5.875,8.875,6,9],"texture":"#0"},"south":{"uv":[7.75,7.25,8.8125,7.375],"texture":"#0"},"west":{"uv":[8.875,5.875,9,6],"texture":"#0"},"up":{"uv":[8.4375,7.875,7.375,7.75],"texture":"#0"},"down":{"uv":[8.9375,2.75,7.875,2.875],"texture":"#0"}}},{"from":[13.5,5.02,2.5],"to":[22,6.01,3.25],"rotation":{"angle":0,"axis":"y","origin":[17.75,5.5,2.875]},"faces":{"north":{"uv":[7.875,2.875,8.9375,3],"texture":"#0"},"east":{"uv":[8.875,6.25,9,6.375],"texture":"#0"},"south":{"uv":[7.875,3,8.9375,3.125],"texture":"#0"},"west":{"uv":[6.375,8.875,6.5,9],"texture":"#0"},"up":{"uv":[8.9375,3.25,7.875,3.125],"texture":"#0"},"down":{"uv":[8.9375,3.25,7.875,3.375],"texture":"#0"}}},{"from":[12.775,5.02,3.253],"to":[13.525,6.01,12.753],"rotation":{"angle":0,"axis":"y","origin":[17.75,5.5,2.875]},"faces":{"north":{"uv":[1.25,6.75,1.375,6.875],"texture":"#0"},"east":{"uv":[7.75,4.25,8.9375,4.375],"texture":"#0"},"south":{"uv":[5.75,8.875,5.875,9],"texture":"#0"},"west":{"uv":[7.75,5,8.9375,5.125],"texture":"#0"},"up":{"uv":[3.25,8.9375,3.125,7.75],"texture":"#0"},"down":{"uv":[3.375,7.75,3.25,8.9375],"texture":"#0"}}},{"from":[12.77,5.25,3.253],"to":[13.76,6,12.703],"rotation":{"angle":22.5,"axis":"z","origin":[12.75,6.015,5.425]},"faces":{"north":{"uv":[7.125,8.875,7.25,9],"texture":"#0"},"east":{"uv":[7.75,4.5,8.9375,4.625],"texture":"#0"},"south":{"uv":[8.875,7.125,9,7.25],"texture":"#0"},"west":{"uv":[7.75,4.625,8.9375,4.75],"texture":"#0"},"up":{"uv":[5.25,7.75,5.375,8.9375],"texture":"#0"},"down":{"uv":[5.25,7.75,5.125,8.9375],"texture":"#0"}}},{"from":[13.5,5.24,12.5],"to":[22,5.99,13.5],"rotation":{"angle":22.5,"axis":"x","origin":[17.75,6,13.525]},"faces":{"north":{"uv":[7.875,3.375,8.9375,3.5],"texture":"#0"},"east":{"uv":[7.625,8.875,7.75,9],"texture":"#0"},"south":{"uv":[7.875,3.5,8.9375,3.625],"texture":"#0"},"west":{"uv":[8.875,7.625,9,7.75],"texture":"#0"},"up":{"uv":[8.4375,7.75,7.375,7.875],"texture":"#0"},"down":{"uv":[8.9375,3.75,7.875,3.875],"texture":"#0"}}},{"from":[13.5,5.02,12.75],"to":[22,6.01,13.5],"rotation":{"angle":0,"axis":"y","origin":[17.75,5.5,13.125]},"faces":{"north":{"uv":[7.875,3.875,8.9375,4],"texture":"#0"},"east":{"uv":[7.75,8.875,7.875,9],"texture":"#0"},"south":{"uv":[7.875,2.875,8.9375,2.99875],"texture":"#0"},"west":{"uv":[8.875,7.75,9,7.875],"texture":"#0"},"up":{"uv":[8.9375,5.75,7.875,5.625],"texture":"#0"},"down":{"uv":[8.9375,5.75,7.875,5.875],"texture":"#0"}}},{"from":[1.5,17.75,9.25],"to":[2.25,18.25,10.25],"rotation":{"angle":22.5,"axis":"y","origin":[1.875,18,9.75]},"faces":{"north":{"uv":[8.625,9,8.75,9.0625],"texture":"#0"},"east":{"uv":[9,8.625,9.125,8.6875],"texture":"#0"},"south":{"uv":[8.75,9,8.875,9.0625],"texture":"#0"},"west":{"uv":[9,8.75,9.125,8.8125],"texture":"#0"},"up":{"uv":[0.875,9.125,0.75,9],"texture":"#0"},"down":{"uv":[1,9,0.875,9.125],"texture":"#0"}}},{"from":[1.75,17.75,9.75],"to":[2.25,19,11.75],"rotation":{"angle":0,"axis":"y","origin":[3,21.75,11.75]},"faces":{"north":{"uv":[5,9,5.0625,9.1875],"texture":"#0"},"east":{"uv":[4.375,8.625,4.625,8.8125],"texture":"#0"},"south":{"uv":[9,5,9.0625,5.1875],"texture":"#0"},"west":{"uv":[6.25,8.625,6.5,8.8125],"texture":"#0"},"up":{"uv":[0.4375,9.25,0.375,9],"texture":"#0"},"down":{"uv":[0.5625,9,0.5,9.25],"texture":"#0"}}},{"from":[3.75,17.75,9.25],"to":[4.5,18.25,10.25],"rotation":{"angle":-22.5,"axis":"y","origin":[4.125,18,9.75]},"faces":{"north":{"uv":[8.75,9,8.625,9.0625],"texture":"#0"},"east":{"uv":[9.125,8.75,9,8.8125],"texture":"#0"},"south":{"uv":[8.875,9,8.75,9.0625],"texture":"#0"},"west":{"uv":[9.125,8.625,9,8.6875],"texture":"#0"},"up":{"uv":[0.75,9.125,0.875,9],"texture":"#0"},"down":{"uv":[0.875,9,1,9.125],"texture":"#0"}}},{"from":[3.75,17.75,9.75],"to":[4.25,19,11.75],"rotation":{"angle":0,"axis":"y","origin":[3,21.75,11.75]},"faces":{"north":{"uv":[5.0625,9,5,9.1875],"texture":"#0"},"east":{"uv":[6.5,8.625,6.25,8.8125],"texture":"#0"},"south":{"uv":[9.0625,5,9,5.1875],"texture":"#0"},"west":{"uv":[4.625,8.625,4.375,8.8125],"texture":"#0"},"up":{"uv":[0.375,9.25,0.4375,9],"texture":"#0"},"down":{"uv":[0.5,9,0.5625,9.25],"texture":"#0"}}},{"from":[2,18.75,8.5],"to":[2.25,21.75,10],"rotation":{"angle":22.5,"axis":"z","origin":[2.225,19.75,9.25]},"faces":{"north":{"uv":[0.625,8.875,0.6875,9.25],"texture":"#0"},"east":{"uv":[6.1875,8.25,6,8.625],"texture":"#0"},"south":{"uv":[2.25,8.875,2.3125,9.25],"texture":"#0"},"west":{"uv":[6,8.25,6.1875,8.625],"texture":"#0"},"up":{"uv":[9.0625,3.4375,9,3.25],"texture":"#0"},"down":{"uv":[3.5625,9,3.5,9.1875],"texture":"#0"}}},{"from":[2.25,17.75,6.75],"to":[3.75,19.75,11.75],"rotation":{"angle":0,"axis":"y","origin":[3,21.75,11.75]},"faces":{"north":{"uv":[8.625,2.5,8.8125,2.75],"texture":"#0"},"east":{"uv":[8.375,0.5,7.75,0.75],"texture":"#0"},"south":{"uv":[3.75,8.625,3.9375,8.875],"texture":"#0"},"west":{"uv":[7.75,0.5,8.375,0.75],"texture":"#0"},"up":{"uv":[3.5625,7.375,3.375,6.75],"texture":"#0"},"down":{"uv":[0.4375,7.875,0.25,8.5],"texture":"#0"}}},{"from":[2.25,21.40642,5.47731],"to":[3.75,22.40642,8.47731],"rotation":{"angle":-22.5,"axis":"x","origin":[3,21.40642,7.97731]},"faces":{"north":{"uv":[1.75,8.875,1.9375,9],"texture":"#0"},"east":{"uv":[4,8.625,4.375,8.75],"texture":"#0"},"south":{"uv":[2,8.875,2.1875,9],"texture":"#0"},"west":{"uv":[4.375,8.625,4,8.75],"texture":"#0"},"up":{"uv":[4.0625,8.625,3.875,8.25],"texture":"#0"},"down":{"uv":[4.3125,8.25,4.125,8.625],"texture":"#0"}}},{"from":[3.75,18.75,8.5],"to":[4,21.75,10],"rotation":{"angle":-22.5,"axis":"z","origin":[3.775,19.75,9.25]},"faces":{"north":{"uv":[0.625,8.875,0.6875,9.25],"texture":"#0"},"east":{"uv":[6.1875,8.25,6,8.625],"texture":"#0"},"south":{"uv":[2.25,8.875,2.3125,9.25],"texture":"#0"},"west":{"uv":[6,8.25,6.1875,8.625],"texture":"#0"},"up":{"uv":[9.0625,3.6875,9,3.5],"texture":"#0"},"down":{"uv":[3.6875,9,3.625,9.1875],"texture":"#0"}}},{"from":[2.5,20.5918,5.61597],"to":[3.25,20.8418,7.11597],"rotation":{"angle":-45,"axis":"x","origin":[2.875,20.77557,6.62738]},"faces":{"north":{"uv":[8.5,9,8.625,9.0625],"texture":"#0"},"east":{"uv":[9,3.75,9.1875,3.8125],"texture":"#0"},"south":{"uv":[9,8.5,9.125,8.5625],"texture":"#0"},"west":{"uv":[9,3.875,9.1875,3.9375],"texture":"#0"},"up":{"uv":[9,2.6875,8.875,2.5],"texture":"#0"},"down":{"uv":[9,2.5,8.875,2.6875],"texture":"#0"}}},{"from":[2.5,19.75,6.75],"to":[3.5,21.75,7.75],"rotation":{"angle":22.5,"axis":"x","origin":[3,19.75,6.75]},"faces":{"north":{"uv":[4.25,8.75,4.375,9],"texture":"#0"},"east":{"uv":[8.875,6.125,8.75,6.375],"texture":"#0"},"south":{"uv":[6.125,8.75,6.25,9],"texture":"#0"},"west":{"uv":[8.75,6.125,8.875,6.375],"texture":"#0"},"up":{"uv":[9,9,8.875,8.875],"texture":"#0"},"down":{"uv":[0.375,9,0.25,9.125],"texture":"#0"}}},{"from":[2,17.75,6.5],"to":[2.5,19.25,7],"rotation":{"angle":45,"axis":"y","origin":[2.25,18.5,6.75]},"faces":{"north":{"uv":[4,9,4.0625,9.1875],"texture":"#0"},"east":{"uv":[4,9,4.0625,9.1875],"texture":"#0"},"south":{"uv":[4.25,9,4.3125,9.1875],"texture":"#0"},"west":{"uv":[4,9,4.0625,9.1875],"texture":"#0"},"up":{"uv":[1.5625,9.1875,1.5,9.125],"texture":"#0"},"down":{"uv":[1.6875,9.125,1.625,9.1875],"texture":"#0"}}},{"from":[3.5,17.75,6.5],"to":[4,19.25,7],"rotation":{"angle":-45,"axis":"y","origin":[3.75,18.5,6.75]},"faces":{"north":{"uv":[4,9,4.0625,9.1875],"texture":"#0"},"east":{"uv":[4,9,4.0625,9.1875],"texture":"#0"},"south":{"uv":[9,4.5,9.0625,4.6875],"texture":"#0"},"west":{"uv":[4,9,4.0625,9.1875],"texture":"#0"},"up":{"uv":[2.0625,9.1875,2,9.125],"texture":"#0"},"down":{"uv":[9.1875,2,9.125,2.0625],"texture":"#0"}}},{"from":[-6,6.01,0.25],"to":[-6,17.01,3.25],"rotation":{"angle":45,"axis":"y","origin":[-6,11.5,3.25]},"faces":{"north":{"uv":[0,0,0,1.375],"texture":"#0"},"east":{"uv":[5.875,6.625,6.25,8],"texture":"#0"},"south":{"uv":[0,0,0,1.375],"texture":"#0"},"west":{"uv":[6.25,6.625,5.875,8],"texture":"#0"},"up":{"uv":[0,0.375,0,0],"texture":"#0"},"down":{"uv":[0,0,0,0.375],"texture":"#0"}}},{"from":[-7.45711,0.01,1.79289],"to":[-5.95711,0.51,3.29289],"rotation":{"angle":0,"axis":"y","origin":[-6.70711,0.26,2.54289]},"faces":{"north":{"uv":[3,9,3.1875,9.0625],"texture":"#0"},"east":{"uv":[9,3,9.1875,3.0625],"texture":"#0"},"south":{"uv":[9,3.125,9.1875,3.1875],"texture":"#0"},"west":{"uv":[3.25,9,3.4375,9.0625],"texture":"#0"},"up":{"uv":[1.1875,8.9375,1,8.75],"texture":"#0"},"down":{"uv":[8.9375,2,8.75,2.1875],"texture":"#0"}}},{"from":[-6.5,0.51,1.75],"to":[-5.5,4.01,2.75],"rotation":{"angle":45,"axis":"y","origin":[-6,11.5,3.25]},"faces":{"north":{"uv":[6.625,8.25,6.5,8.6875],"texture":"#0"},"east":{"uv":[6.5,8.25,6.625,8.6875],"texture":"#0"},"south":{"uv":[6.625,8.25,6.5,8.6875],"texture":"#0"},"west":{"uv":[6.5,8.25,6.625,8.6875],"texture":"#0"},"up":{"uv":[9,6.25,8.875,6.125],"texture":"#0"},"down":{"uv":[6.375,8.875,6.25,9],"texture":"#0"}}},{"from":[-6.75,3.76,1.5],"to":[-5.25,4.76,3],"rotation":{"angle":45,"axis":"y","origin":[-6,11.5,3.25]},"faces":{"north":{"uv":[2.75,9,2.9375,9.125],"texture":"#0"},"east":{"uv":[2.75,9,2.9375,9.125],"texture":"#0"},"south":{"uv":[2.75,9,2.9375,9.125],"texture":"#0"},"west":{"uv":[2.75,9,2.9375,9.125],"texture":"#0"},"up":{"uv":[0.5625,8.9375,0.375,8.75],"texture":"#0"},"down":{"uv":[0.375,8.9375,0.5625,8.75],"texture":"#0"}}},{"from":[-6.5,4.76,1.75],"to":[-5.5,5.01,2.75],"rotation":{"angle":45,"axis":"y","origin":[-6,11.5,3.25]},"faces":{"north":{"uv":[9,6.375,9.125,6.4375],"texture":"#0"},"east":{"uv":[7.25,9,7.375,9.0625],"texture":"#0"},"south":{"uv":[7.375,9,7.5,9.0625],"texture":"#0"},"west":{"uv":[7.5,9,7.625,9.0625],"texture":"#0"},"up":{"uv":[6.125,9,6,8.875],"texture":"#0"},"down":{"uv":[9,6,8.875,6.125],"texture":"#0"}}},{"from":[-7,5.01,1.25],"to":[-5,6.01,3.25],"rotation":{"angle":45,"axis":"y","origin":[-6,11.5,3.25]},"faces":{"north":{"uv":[8.75,2.25,9,2.375],"texture":"#0"},"east":{"uv":[8.75,2.25,9,2.375],"texture":"#0"},"south":{"uv":[8.75,2.25,9,2.375],"texture":"#0"},"west":{"uv":[8.75,2.25,9,2.375],"texture":"#0"},"up":{"uv":[5.25,5.625,5,5.375],"texture":"#0"},"down":{"uv":[5.25,5.625,5,5.375],"texture":"#0"}}},{"from":[2.5,6.01,0.25],"to":[2.5,17.01,3.25],"rotation":{"angle":-45,"axis":"y","origin":[2.5,11.5,3.25]},"faces":{"north":{"uv":[0,0,0,1.375],"texture":"#0"},"east":{"uv":[5.875,6.625,6.25,8],"texture":"#0"},"south":{"uv":[0,0,0,1.375],"texture":"#0"},"west":{"uv":[6.25,6.625,5.875,8],"texture":"#0"},"up":{"uv":[0,0.375,0,0],"texture":"#0"},"down":{"uv":[0,0,0,0.375],"texture":"#0"}}},{"from":[2.45711,0.01,1.79289],"to":[3.95711,0.51,3.29289],"rotation":{"angle":0,"axis":"y","origin":[3.20711,0.26,2.54289]},"faces":{"north":{"uv":[3.1875,9,3,9.0625],"texture":"#0"},"east":{"uv":[3.4375,9,3.25,9.0625],"texture":"#0"},"south":{"uv":[9.1875,3.125,9,3.1875],"texture":"#0"},"west":{"uv":[9.1875,3,9,3.0625],"texture":"#0"},"up":{"uv":[1,8.9375,1.1875,8.75],"texture":"#0"},"down":{"uv":[8.75,2,8.9375,2.1875],"texture":"#0"}}},{"from":[2,0.51,1.75],"to":[3,4.01,2.75],"rotation":{"angle":-45,"axis":"y","origin":[2.5,11.5,3.25]},"faces":{"north":{"uv":[6.5,8.25,6.625,8.6875],"texture":"#0"},"east":{"uv":[6.625,8.25,6.5,8.6875],"texture":"#0"},"south":{"uv":[6.5,8.25,6.625,8.6875],"texture":"#0"},"west":{"uv":[6.625,8.25,6.5,8.6875],"texture":"#0"},"up":{"uv":[8.875,6.25,9,6.125],"texture":"#0"},"down":{"uv":[6.25,8.875,6.375,9],"texture":"#0"}}},{"from":[1.75,3.76,1.5],"to":[3.25,4.76,3],"rotation":{"angle":-45,"axis":"y","origin":[2.5,11.5,3.25]},"faces":{"north":{"uv":[2.9375,9,2.75,9.125],"texture":"#0"},"east":{"uv":[2.9375,9,2.75,9.125],"texture":"#0"},"south":{"uv":[2.9375,9,2.75,9.125],"texture":"#0"},"west":{"uv":[2.9375,9,2.75,9.125],"texture":"#0"},"up":{"uv":[0.375,8.9375,0.5625,8.75],"texture":"#0"},"down":{"uv":[0.5625,8.9375,0.375,8.75],"texture":"#0"}}},{"from":[2,4.76,1.75],"to":[3,5.01,2.75],"rotation":{"angle":-45,"axis":"y","origin":[2.5,11.5,3.25]},"faces":{"north":{"uv":[9.125,6.375,9,6.4375],"texture":"#0"},"east":{"uv":[7.625,9,7.5,9.0625],"texture":"#0"},"south":{"uv":[7.5,9,7.375,9.0625],"texture":"#0"},"west":{"uv":[7.375,9,7.25,9.0625],"texture":"#0"},"up":{"uv":[6,9,6.125,8.875],"texture":"#0"},"down":{"uv":[8.875,6,9,6.125],"texture":"#0"}}},{"from":[1.5,5.01,1.25],"to":[3.5,6.01,3.25],"rotation":{"angle":-45,"axis":"y","origin":[2.5,11.5,3.25]},"faces":{"north":{"uv":[9,2.25,8.75,2.375],"texture":"#0"},"east":{"uv":[9,2.25,8.75,2.375],"texture":"#0"},"south":{"uv":[9,2.25,8.75,2.375],"texture":"#0"},"west":{"uv":[9,2.25,8.75,2.375],"texture":"#0"},"up":{"uv":[5,5.625,5.25,5.375],"texture":"#0"},"down":{"uv":[5,5.625,5.25,5.375],"texture":"#0"}}},{"from":[13.5,6.01,0.25],"to":[13.5,17.01,3.25],"rotation":{"angle":45,"axis":"y","origin":[13.5,11.5,3.25]},"faces":{"north":{"uv":[0,0,0,1.375],"texture":"#0"},"east":{"uv":[5.875,6.625,6.25,8],"texture":"#0"},"south":{"uv":[0,0,0,1.375],"texture":"#0"},"west":{"uv":[6.25,6.625,5.875,8],"texture":"#0"},"up":{"uv":[0,0.375,0,0],"texture":"#0"},"down":{"uv":[0,0,0,0.375],"texture":"#0"}}},{"from":[12.04289,0.01,1.79289],"to":[13.54289,0.51,3.29289],"rotation":{"angle":0,"axis":"y","origin":[12.79289,0.26,2.54289]},"faces":{"north":{"uv":[3,9,3.1875,9.0625],"texture":"#0"},"east":{"uv":[9,3,9.1875,3.0625],"texture":"#0"},"south":{"uv":[9,3.125,9.1875,3.1875],"texture":"#0"},"west":{"uv":[3.25,9,3.4375,9.0625],"texture":"#0"},"up":{"uv":[1.1875,8.9375,1,8.75],"texture":"#0"},"down":{"uv":[8.9375,2,8.75,2.1875],"texture":"#0"}}},{"from":[13,0.51,1.75],"to":[14,4.01,2.75],"rotation":{"angle":45,"axis":"y","origin":[13.5,11.5,3.25]},"faces":{"north":{"uv":[6.625,8.25,6.5,8.6875],"texture":"#0"},"east":{"uv":[6.5,8.25,6.625,8.6875],"texture":"#0"},"south":{"uv":[6.625,8.25,6.5,8.6875],"texture":"#0"},"west":{"uv":[6.5,8.25,6.625,8.6875],"texture":"#0"},"up":{"uv":[9,6.25,8.875,6.125],"texture":"#0"},"down":{"uv":[6.375,8.875,6.25,9],"texture":"#0"}}},{"from":[12.75,3.76,1.5],"to":[14.25,4.76,3],"rotation":{"angle":45,"axis":"y","origin":[13.5,11.5,3.25]},"faces":{"north":{"uv":[2.75,9,2.9375,9.125],"texture":"#0"},"east":{"uv":[2.75,9,2.9375,9.125],"texture":"#0"},"south":{"uv":[2.75,9,2.9375,9.125],"texture":"#0"},"west":{"uv":[2.75,9,2.9375,9.125],"texture":"#0"},"up":{"uv":[0.5625,8.9375,0.375,8.75],"texture":"#0"},"down":{"uv":[0.375,8.9375,0.5625,8.75],"texture":"#0"}}},{"from":[13,4.76,1.75],"to":[14,5.01,2.75],"rotation":{"angle":45,"axis":"y","origin":[13.5,11.5,3.25]},"faces":{"north":{"uv":[9,6.375,9.125,6.4375],"texture":"#0"},"east":{"uv":[7.25,9,7.375,9.0625],"texture":"#0"},"south":{"uv":[7.375,9,7.5,9.0625],"texture":"#0"},"west":{"uv":[7.5,9,7.625,9.0625],"texture":"#0"},"up":{"uv":[6.125,9,6,8.875],"texture":"#0"},"down":{"uv":[9,6,8.875,6.125],"texture":"#0"}}},{"from":[12.5,5.01,1.25],"to":[14.5,6.01,3.25],"rotation":{"angle":45,"axis":"y","origin":[13.5,11.5,3.25]},"faces":{"north":{"uv":[8.75,2.25,9,2.375],"texture":"#0"},"east":{"uv":[8.75,2.25,9,2.375],"texture":"#0"},"south":{"uv":[8.75,2.25,9,2.375],"texture":"#0"},"west":{"uv":[8.75,2.25,9,2.375],"texture":"#0"},"up":{"uv":[5.25,5.625,5,5.375],"texture":"#0"},"down":{"uv":[5.25,5.625,5,5.375],"texture":"#0"}}},{"from":[22,6.01,0.25],"to":[22,17.01,3.25],"rotation":{"angle":-45,"axis":"y","origin":[22,11.5,3.25]},"faces":{"north":{"uv":[0,0,0,1.375],"texture":"#0"},"east":{"uv":[5.875,6.625,6.25,8],"texture":"#0"},"south":{"uv":[0,0,0,1.375],"texture":"#0"},"west":{"uv":[6.25,6.625,5.875,8],"texture":"#0"},"up":{"uv":[0,0.375,0,0],"texture":"#0"},"down":{"uv":[0,0,0,0.375],"texture":"#0"}}},{"from":[21.95711,0.01,1.79289],"to":[23.45711,0.51,3.29289],"rotation":{"angle":0,"axis":"y","origin":[22.70711,0.26,2.54289]},"faces":{"north":{"uv":[3.1875,9,3,9.0625],"texture":"#0"},"east":{"uv":[3.4375,9,3.25,9.0625],"texture":"#0"},"south":{"uv":[9.1875,3.125,9,3.1875],"texture":"#0"},"west":{"uv":[9.1875,3,9,3.0625],"texture":"#0"},"up":{"uv":[1,8.9375,1.1875,8.75],"texture":"#0"},"down":{"uv":[8.75,2,8.9375,2.1875],"texture":"#0"}}},{"from":[21.5,0.51,1.75],"to":[22.5,4.01,2.75],"rotation":{"angle":-45,"axis":"y","origin":[22,11.5,3.25]},"faces":{"north":{"uv":[6.5,8.25,6.625,8.6875],"texture":"#0"},"east":{"uv":[6.625,8.25,6.5,8.6875],"texture":"#0"},"south":{"uv":[6.5,8.25,6.625,8.6875],"texture":"#0"},"west":{"uv":[6.625,8.25,6.5,8.6875],"texture":"#0"},"up":{"uv":[8.875,6.25,9,6.125],"texture":"#0"},"down":{"uv":[6.25,8.875,6.375,9],"texture":"#0"}}},{"from":[21.25,3.76,1.5],"to":[22.75,4.76,3],"rotation":{"angle":-45,"axis":"y","origin":[22,11.5,3.25]},"faces":{"north":{"uv":[2.9375,9,2.75,9.125],"texture":"#0"},"east":{"uv":[2.9375,9,2.75,9.125],"texture":"#0"},"south":{"uv":[2.9375,9,2.75,9.125],"texture":"#0"},"west":{"uv":[2.9375,9,2.75,9.125],"texture":"#0"},"up":{"uv":[0.375,8.9375,0.5625,8.75],"texture":"#0"},"down":{"uv":[0.5625,8.9375,0.375,8.75],"texture":"#0"}}},{"from":[21.5,4.76,1.75],"to":[22.5,5.01,2.75],"rotation":{"angle":-45,"axis":"y","origin":[22,11.5,3.25]},"faces":{"north":{"uv":[9.125,6.375,9,6.4375],"texture":"#0"},"east":{"uv":[7.625,9,7.5,9.0625],"texture":"#0"},"south":{"uv":[7.5,9,7.375,9.0625],"texture":"#0"},"west":{"uv":[7.375,9,7.25,9.0625],"texture":"#0"},"up":{"uv":[6,9,6.125,8.875],"texture":"#0"},"down":{"uv":[8.875,6,9,6.125],"texture":"#0"}}},{"from":[21,5.01,1.25],"to":[23,6.01,3.25],"rotation":{"angle":-45,"axis":"y","origin":[22,11.5,3.25]},"faces":{"north":{"uv":[9,2.25,8.75,2.375],"texture":"#0"},"east":{"uv":[9,2.25,8.75,2.375],"texture":"#0"},"south":{"uv":[9,2.25,8.75,2.375],"texture":"#0"},"west":{"uv":[9,2.25,8.75,2.375],"texture":"#0"},"up":{"uv":[5,5.625,5.25,5.375],"texture":"#0"},"down":{"uv":[5,5.625,5.25,5.375],"texture":"#0"}}},{"from":[13.5,6.01,12.75],"to":[13.5,17.01,15.75],"rotation":{"angle":-45,"axis":"y","origin":[13.5,11.5,12.75]},"faces":{"north":{"uv":[0,0,0,1.375],"texture":"#0"},"east":{"uv":[6.25,6.625,5.875,8],"texture":"#0"},"south":{"uv":[0,0,0,1.375],"texture":"#0"},"west":{"uv":[5.875,6.625,6.25,8],"texture":"#0"},"up":{"uv":[0,0,0,0.375],"texture":"#0"},"down":{"uv":[0,0.375,0,0],"texture":"#0"}}},{"from":[12.04289,0.01,12.70711],"to":[13.54289,0.51,14.20711],"rotation":{"angle":0,"axis":"y","origin":[12.79289,0.26,13.45711]},"faces":{"north":{"uv":[9.1875,3.125,9,3.1875],"texture":"#0"},"east":{"uv":[9.1875,3,9,3.0625],"texture":"#0"},"south":{"uv":[3.1875,9,3,9.0625],"texture":"#0"},"west":{"uv":[3.4375,9,3.25,9.0625],"texture":"#0"},"up":{"uv":[1.1875,8.75,1,8.9375],"texture":"#0"},"down":{"uv":[8.9375,2.1875,8.75,2],"texture":"#0"}}},{"from":[13,0.51,13.25],"to":[14,4.01,14.25],"rotation":{"angle":-45,"axis":"y","origin":[13.5,11.5,12.75]},"faces":{"north":{"uv":[6.5,8.25,6.625,8.6875],"texture":"#0"},"east":{"uv":[6.625,8.25,6.5,8.6875],"texture":"#0"},"south":{"uv":[6.5,8.25,6.625,8.6875],"texture":"#0"},"west":{"uv":[6.625,8.25,6.5,8.6875],"texture":"#0"},"up":{"uv":[9,6.125,8.875,6.25],"texture":"#0"},"down":{"uv":[6.375,9,6.25,8.875],"texture":"#0"}}},{"from":[12.75,3.76,13],"to":[14.25,4.76,14.5],"rotation":{"angle":-45,"axis":"y","origin":[13.5,11.5,12.75]},"faces":{"north":{"uv":[2.9375,9,2.75,9.125],"texture":"#0"},"east":{"uv":[2.9375,9,2.75,9.125],"texture":"#0"},"south":{"uv":[2.9375,9,2.75,9.125],"texture":"#0"},"west":{"uv":[2.9375,9,2.75,9.125],"texture":"#0"},"up":{"uv":[0.5625,8.75,0.375,8.9375],"texture":"#0"},"down":{"uv":[0.375,8.75,0.5625,8.9375],"texture":"#0"}}},{"from":[13,4.76,13.25],"to":[14,5.01,14.25],"rotation":{"angle":-45,"axis":"y","origin":[13.5,11.5,12.75]},"faces":{"north":{"uv":[7.5,9,7.375,9.0625],"texture":"#0"},"east":{"uv":[7.375,9,7.25,9.0625],"texture":"#0"},"south":{"uv":[9.125,6.375,9,6.4375],"texture":"#0"},"west":{"uv":[7.625,9,7.5,9.0625],"texture":"#0"},"up":{"uv":[6.125,8.875,6,9],"texture":"#0"},"down":{"uv":[9,6.125,8.875,6],"texture":"#0"}}},{"from":[12.5,5.01,12.75],"to":[14.5,6.01,14.75],"rotation":{"angle":-45,"axis":"y","origin":[13.5,11.5,12.75]},"faces":{"north":{"uv":[9,2.25,8.75,2.375],"texture":"#0"},"east":{"uv":[9,2.25,8.75,2.375],"texture":"#0"},"south":{"uv":[9,2.25,8.75,2.375],"texture":"#0"},"west":{"uv":[9,2.25,8.75,2.375],"texture":"#0"},"up":{"uv":[5.25,5.375,5,5.625],"texture":"#0"},"down":{"uv":[5.25,5.375,5,5.625],"texture":"#0"}}},{"from":[-6,6.01,12.75],"to":[-6,17.01,15.75],"rotation":{"angle":-45,"axis":"y","origin":[-6,11.5,12.75]},"faces":{"north":{"uv":[0,0,0,1.375],"texture":"#0"},"east":{"uv":[6.25,6.625,5.875,8],"texture":"#0"},"south":{"uv":[0,0,0,1.375],"texture":"#0"},"west":{"uv":[5.875,6.625,6.25,8],"texture":"#0"},"up":{"uv":[0,0,0,0.375],"texture":"#0"},"down":{"uv":[0,0.375,0,0],"texture":"#0"}}},{"from":[-7.45711,0.01,12.70711],"to":[-5.95711,0.51,14.20711],"rotation":{"angle":0,"axis":"y","origin":[-6.70711,0.26,13.45711]},"faces":{"north":{"uv":[9.1875,3.125,9,3.1875],"texture":"#0"},"east":{"uv":[9.1875,3,9,3.0625],"texture":"#0"},"south":{"uv":[3.1875,9,3,9.0625],"texture":"#0"},"west":{"uv":[3.4375,9,3.25,9.0625],"texture":"#0"},"up":{"uv":[1.1875,8.75,1,8.9375],"texture":"#0"},"down":{"uv":[8.9375,2.1875,8.75,2],"texture":"#0"}}},{"from":[-6.5,0.51,13.25],"to":[-5.5,4.01,14.25],"rotation":{"angle":-45,"axis":"y","origin":[-6,11.5,12.75]},"faces":{"north":{"uv":[6.5,8.25,6.625,8.6875],"texture":"#0"},"east":{"uv":[6.625,8.25,6.5,8.6875],"texture":"#0"},"south":{"uv":[6.5,8.25,6.625,8.6875],"texture":"#0"},"west":{"uv":[6.625,8.25,6.5,8.6875],"texture":"#0"},"up":{"uv":[9,6.125,8.875,6.25],"texture":"#0"},"down":{"uv":[6.375,9,6.25,8.875],"texture":"#0"}}},{"from":[-6.75,3.76,13],"to":[-5.25,4.76,14.5],"rotation":{"angle":-45,"axis":"y","origin":[-6,11.5,12.75]},"faces":{"north":{"uv":[2.9375,9,2.75,9.125],"texture":"#0"},"east":{"uv":[2.9375,9,2.75,9.125],"texture":"#0"},"south":{"uv":[2.9375,9,2.75,9.125],"texture":"#0"},"west":{"uv":[2.9375,9,2.75,9.125],"texture":"#0"},"up":{"uv":[0.5625,8.75,0.375,8.9375],"texture":"#0"},"down":{"uv":[0.375,8.75,0.5625,8.9375],"texture":"#0"}}},{"from":[-6.5,4.76,13.25],"to":[-5.5,5.01,14.25],"rotation":{"angle":-45,"axis":"y","origin":[-6,11.5,12.75]},"faces":{"north":{"uv":[7.5,9,7.375,9.0625],"texture":"#0"},"east":{"uv":[7.375,9,7.25,9.0625],"texture":"#0"},"south":{"uv":[9.125,6.375,9,6.4375],"texture":"#0"},"west":{"uv":[7.625,9,7.5,9.0625],"texture":"#0"},"up":{"uv":[6.125,8.875,6,9],"texture":"#0"},"down":{"uv":[9,6.125,8.875,6],"texture":"#0"}}},{"from":[-7,5.01,12.75],"to":[-5,6.01,14.75],"rotation":{"angle":-45,"axis":"y","origin":[-6,11.5,12.75]},"faces":{"north":{"uv":[9,2.25,8.75,2.375],"texture":"#0"},"east":{"uv":[9,2.25,8.75,2.375],"texture":"#0"},"south":{"uv":[9,2.25,8.75,2.375],"texture":"#0"},"west":{"uv":[9,2.25,8.75,2.375],"texture":"#0"},"up":{"uv":[5.25,5.375,5,5.625],"texture":"#0"},"down":{"uv":[5.25,5.375,5,5.625],"texture":"#0"}}},{"from":[2.5,6.01,12.75],"to":[2.5,17.01,15.75],"rotation":{"angle":45,"axis":"y","origin":[2.5,11.5,12.75]},"faces":{"north":{"uv":[0,0,0,1.375],"texture":"#0"},"east":{"uv":[6.25,6.625,5.875,8],"texture":"#0"},"south":{"uv":[0,0,0,1.375],"texture":"#0"},"west":{"uv":[5.875,6.625,6.25,8],"texture":"#0"},"up":{"uv":[0,0,0,0.375],"texture":"#0"},"down":{"uv":[0,0.375,0,0],"texture":"#0"}}},{"from":[2.45711,0.01,12.70711],"to":[3.95711,0.51,14.20711],"rotation":{"angle":0,"axis":"y","origin":[3.20711,0.26,13.45711]},"faces":{"north":{"uv":[9,3.125,9.1875,3.1875],"texture":"#0"},"east":{"uv":[3.25,9,3.4375,9.0625],"texture":"#0"},"south":{"uv":[3,9,3.1875,9.0625],"texture":"#0"},"west":{"uv":[9,3,9.1875,3.0625],"texture":"#0"},"up":{"uv":[1,8.75,1.1875,8.9375],"texture":"#0"},"down":{"uv":[8.75,2.1875,8.9375,2],"texture":"#0"}}},{"from":[2,0.51,13.25],"to":[3,4.01,14.25],"rotation":{"angle":45,"axis":"y","origin":[2.5,11.5,12.75]},"faces":{"north":{"uv":[6.625,8.25,6.5,8.6875],"texture":"#0"},"east":{"uv":[6.5,8.25,6.625,8.6875],"texture":"#0"},"south":{"uv":[6.625,8.25,6.5,8.6875],"texture":"#0"},"west":{"uv":[6.5,8.25,6.625,8.6875],"texture":"#0"},"up":{"uv":[8.875,6.125,9,6.25],"texture":"#0"},"down":{"uv":[6.25,9,6.375,8.875],"texture":"#0"}}},{"from":[1.75,3.76,13],"to":[3.25,4.76,14.5],"rotation":{"angle":45,"axis":"y","origin":[2.5,11.5,12.75]},"faces":{"north":{"uv":[2.75,9,2.9375,9.125],"texture":"#0"},"east":{"uv":[2.75,9,2.9375,9.125],"texture":"#0"},"south":{"uv":[2.75,9,2.9375,9.125],"texture":"#0"},"west":{"uv":[2.75,9,2.9375,9.125],"texture":"#0"},"up":{"uv":[0.375,8.75,0.5625,8.9375],"texture":"#0"},"down":{"uv":[0.5625,8.75,0.375,8.9375],"texture":"#0"}}},{"from":[2,4.76,13.25],"to":[3,5.01,14.25],"rotation":{"angle":45,"axis":"y","origin":[2.5,11.5,12.75]},"faces":{"north":{"uv":[7.375,9,7.5,9.0625],"texture":"#0"},"east":{"uv":[7.5,9,7.625,9.0625],"texture":"#0"},"south":{"uv":[9,6.375,9.125,6.4375],"texture":"#0"},"west":{"uv":[7.25,9,7.375,9.0625],"texture":"#0"},"up":{"uv":[6,8.875,6.125,9],"texture":"#0"},"down":{"uv":[8.875,6.125,9,6],"texture":"#0"}}},{"from":[1.5,5.01,12.75],"to":[3.5,6.01,14.75],"rotation":{"angle":45,"axis":"y","origin":[2.5,11.5,12.75]},"faces":{"north":{"uv":[8.75,2.25,9,2.375],"texture":"#0"},"east":{"uv":[8.75,2.25,9,2.375],"texture":"#0"},"south":{"uv":[8.75,2.25,9,2.375],"texture":"#0"},"west":{"uv":[8.75,2.25,9,2.375],"texture":"#0"},"up":{"uv":[5,5.375,5.25,5.625],"texture":"#0"},"down":{"uv":[5,5.375,5.25,5.625],"texture":"#0"}}},{"from":[22,6.01,12.75],"to":[22,17.01,15.75],"rotation":{"angle":45,"axis":"y","origin":[22,11.5,12.75]},"faces":{"north":{"uv":[0,0,0,1.375],"texture":"#0"},"east":{"uv":[6.25,6.625,5.875,8],"texture":"#0"},"south":{"uv":[0,0,0,1.375],"texture":"#0"},"west":{"uv":[5.875,6.625,6.25,8],"texture":"#0"},"up":{"uv":[0,0,0,0.375],"texture":"#0"},"down":{"uv":[0,0.375,0,0],"texture":"#0"}}},{"from":[21.95711,0.01,12.70711],"to":[23.45711,0.51,14.20711],"rotation":{"angle":0,"axis":"y","origin":[22.70711,0.26,13.45711]},"faces":{"north":{"uv":[9,3.125,9.1875,3.1875],"texture":"#0"},"east":{"uv":[3.25,9,3.4375,9.0625],"texture":"#0"},"south":{"uv":[3,9,3.1875,9.0625],"texture":"#0"},"west":{"uv":[9,3,9.1875,3.0625],"texture":"#0"},"up":{"uv":[1,8.75,1.1875,8.9375],"texture":"#0"},"down":{"uv":[8.75,2.1875,8.9375,2],"texture":"#0"}}},{"from":[21.5,0.51,13.25],"to":[22.5,4.01,14.25],"rotation":{"angle":45,"axis":"y","origin":[22,11.5,12.75]},"faces":{"north":{"uv":[6.625,8.25,6.5,8.6875],"texture":"#0"},"east":{"uv":[6.5,8.25,6.625,8.6875],"texture":"#0"},"south":{"uv":[6.625,8.25,6.5,8.6875],"texture":"#0"},"west":{"uv":[6.5,8.25,6.625,8.6875],"texture":"#0"},"up":{"uv":[8.875,6.125,9,6.25],"texture":"#0"},"down":{"uv":[6.25,9,6.375,8.875],"texture":"#0"}}},{"from":[21.25,3.76,13],"to":[22.75,4.76,14.5],"rotation":{"angle":45,"axis":"y","origin":[22,11.5,12.75]},"faces":{"north":{"uv":[2.75,9,2.9375,9.125],"texture":"#0"},"east":{"uv":[2.75,9,2.9375,9.125],"texture":"#0"},"south":{"uv":[2.75,9,2.9375,9.125],"texture":"#0"},"west":{"uv":[2.75,9,2.9375,9.125],"texture":"#0"},"up":{"uv":[0.375,8.75,0.5625,8.9375],"texture":"#0"},"down":{"uv":[0.5625,8.75,0.375,8.9375],"texture":"#0"}}},{"from":[21.5,4.76,13.25],"to":[22.5,5.01,14.25],"rotation":{"angle":45,"axis":"y","origin":[22,11.5,12.75]},"faces":{"north":{"uv":[7.375,9,7.5,9.0625],"texture":"#0"},"east":{"uv":[7.5,9,7.625,9.0625],"texture":"#0"},"south":{"uv":[9,6.375,9.125,6.4375],"texture":"#0"},"west":{"uv":[7.25,9,7.375,9.0625],"texture":"#0"},"up":{"uv":[6,8.875,6.125,9],"texture":"#0"},"down":{"uv":[8.875,6.125,9,6],"texture":"#0"}}},{"from":[21,5.01,12.75],"to":[23,6.01,14.75],"rotation":{"angle":45,"axis":"y","origin":[22,11.5,12.75]},"faces":{"north":{"uv":[8.75,2.25,9,2.375],"texture":"#0"},"east":{"uv":[8.75,2.25,9,2.375],"texture":"#0"},"south":{"uv":[8.75,2.25,9,2.375],"texture":"#0"},"west":{"uv":[8.75,2.25,9,2.375],"texture":"#0"},"up":{"uv":[5,5.375,5.25,5.625],"texture":"#0"},"down":{"uv":[5,5.375,5.25,5.625],"texture":"#0"}}},{"from":[-7,1.51,1.75],"to":[0,2.01,2.75],"rotation":{"angle":-45,"axis":"y","origin":[-7.5,11.5,3.25]},"faces":{"north":{"uv":[9.375,6.875,8.5,6.9375],"texture":"#0"},"east":{"uv":[9.125,7.875,9,7.9375],"texture":"#0"},"south":{"uv":[9.375,7,8.5,7.0625],"texture":"#0"},"west":{"uv":[8,9,7.875,9.0625],"texture":"#0"},"up":{"uv":[7.875,6.25,8.75,6.125],"texture":"#0"},"down":{"uv":[7.875,6.25,8.75,6.125],"texture":"#0"}}},{"from":[-7,1.51,13.25],"to":[0,2.01,14.25],"rotation":{"angle":45,"axis":"y","origin":[-7.5,11.5,12.75]},"faces":{"north":{"uv":[8.5,7,9.375,7.0625],"texture":"#0"},"east":{"uv":[9,7.875,9.125,7.9375],"texture":"#0"},"south":{"uv":[8.5,6.875,9.375,6.9375],"texture":"#0"},"west":{"uv":[7.875,9,8,9.0625],"texture":"#0"},"up":{"uv":[7.875,6.125,8.75,6.25],"texture":"#0"},"down":{"uv":[7.875,6.125,8.75,6.25],"texture":"#0"}}},{"from":[2,1.51,2.75],"to":[3,2.01,9.75],"rotation":{"angle":-45,"axis":"y","origin":[2.5,11.5,3.25]},"faces":{"north":{"uv":[7.875,9,7.75,9.0625],"texture":"#0"},"east":{"uv":[9.375,6.75,8.5,6.8125],"texture":"#0"},"south":{"uv":[9.125,7.75,9,7.8125],"texture":"#0"},"west":{"uv":[9.375,6.625,8.5,6.6875],"texture":"#0"},"up":{"uv":[0.75,8.75,0.875,7.875],"texture":"#0"},"down":{"uv":[0.75,7.875,0.875,8.75],"texture":"#0"}}},{"from":[2,1.51,6.25],"to":[3,2.01,13.25],"rotation":{"angle":45,"axis":"y","origin":[2.5,11.5,12.75]},"faces":{"north":{"uv":[9,7.75,9.125,7.8125],"texture":"#0"},"east":{"uv":[8.5,6.75,9.375,6.8125],"texture":"#0"},"south":{"uv":[7.75,9,7.875,9.0625],"texture":"#0"},"west":{"uv":[8.5,6.625,9.375,6.6875],"texture":"#0"},"up":{"uv":[0.75,7.875,0.875,8.75],"texture":"#0"},"down":{"uv":[0.75,8.75,0.875,7.875],"texture":"#0"}}},{"from":[-2.59315,1.26,6.49264],"to":[-1.09315,2.26,9.49264],"rotation":{"angle":0,"axis":"y","origin":[-1.84315,2.26,7.49264]},"faces":{"north":{"uv":[8.9375,6.375,8.75,6.5],"texture":"#0"},"east":{"uv":[8.875,7.75,8.5,7.875],"texture":"#0"},"south":{"uv":[8.9375,6.375,8.75,6.5],"texture":"#0"},"west":{"uv":[8.875,7.625,8.5,7.75],"texture":"#0"},"up":{"uv":[3.375,8.625,3.5625,8.25],"texture":"#0"},"down":{"uv":[3.375,8.25,3.5625,8.625],"texture":"#0"}}},{"from":[-2.34315,1.01,7.49264],"to":[-1.34315,2.51,8.49264],"rotation":{"angle":0,"axis":"y","origin":[-1.84315,2.26,7.49264]},"faces":{"north":{"uv":[7.125,8.75,7,8.9375],"texture":"#0"},"east":{"uv":[0.25,8.875,0.125,9.0625],"texture":"#0"},"south":{"uv":[0.125,8.875,0,9.0625],"texture":"#0"},"west":{"uv":[8.875,8.75,8.75,8.9375],"texture":"#0"},"up":{"uv":[7.875,9,8,8.875],"texture":"#0"},"down":{"uv":[8.875,7.875,9,8],"texture":"#0"}}},{"from":[-6,6,3.25],"to":[2.5,17,12.75],"rotation":{"angle":0,"axis":"y","origin":[16,0,-0.25]},"faces":{"north":{"uv":[6.3125,4.25,5.25,5.625],"texture":"#0"},"east":{"uv":[2.4375,4.25,1.25,5.625],"texture":"#0"},"south":{"uv":[3.125,0.0625,2.0625,1.4375],"texture":"#0"},"west":{"uv":[1.1875,4.25,0,5.625],"texture":"#0"},"up":{"uv":[1.375,6.8125,2.4375,5.625],"texture":"#0"},"down":{"uv":[6.375,5.25,7.4375,6.4375],"texture":"#0"}}},{"from":[-6.73,5.25,3.253],"to":[-5.74,6,12.703],"rotation":{"angle":22.5,"axis":"z","origin":[-6.75,6.015,5.425]},"faces":{"north":{"uv":[7.375,8.875,7.25,9],"texture":"#0"},"east":{"uv":[8.9375,4.875,7.75,5],"texture":"#0"},"south":{"uv":[9,7.25,8.875,7.375],"texture":"#0"},"west":{"uv":[8.9375,4.75,7.75,4.875],"texture":"#0"},"up":{"uv":[5.25,8.9375,5.375,7.75],"texture":"#0"},"down":{"uv":[5.375,7.75,5.5,8.9375],"texture":"#0"}}},{"from":[-6.725,5.02,3.253],"to":[-5.975,6.01,12.753],"rotation":{"angle":0,"axis":"y","origin":[-1.75,5.5,2.875]},"faces":{"north":{"uv":[7.5,8.875,7.375,9],"texture":"#0"},"east":{"uv":[8.9375,5.125,7.75,5.25],"texture":"#0"},"south":{"uv":[7.625,8.875,7.5,9],"texture":"#0"},"west":{"uv":[8.9375,5,7.75,5.125],"texture":"#0"},"up":{"uv":[5.5,8.9375,5.625,7.75],"texture":"#0"},"down":{"uv":[7.75,5.5,7.875,6.6875],"texture":"#0"}}},{"from":[-6,5.24,2.5],"to":[2.5,5.99,3.5],"rotation":{"angle":-22.5,"axis":"x","origin":[-1.75,6,2.475]},"faces":{"north":{"uv":[8.8125,7.125,7.75,7.25],"texture":"#0"},"east":{"uv":[9,5.875,8.875,6],"texture":"#0"},"south":{"uv":[8.8125,7.25,7.75,7.375],"texture":"#0"},"west":{"uv":[6,8.875,5.875,9],"texture":"#0"},"up":{"uv":[7.375,7.875,8.4375,7.75],"texture":"#0"},"down":{"uv":[7.875,2.75,8.9375,2.875],"texture":"#0"}}},{"from":[-6,5.02,2.5],"to":[2.5,6.01,3.25],"rotation":{"angle":0,"axis":"y","origin":[-1.75,5.5,2.875]},"faces":{"north":{"uv":[8.9375,2.875,7.875,3],"texture":"#0"},"east":{"uv":[6.5,8.875,6.375,9],"texture":"#0"},"south":{"uv":[8.9375,3,7.875,3.125],"texture":"#0"},"west":{"uv":[9,6.25,8.875,6.375],"texture":"#0"},"up":{"uv":[7.875,3.25,8.9375,3.125],"texture":"#0"},"down":{"uv":[7.875,3.25,8.9375,3.375],"texture":"#0"}}},{"from":[2.475,5.02,3.253],"to":[3.225,6.01,12.753],"rotation":{"angle":0,"axis":"y","origin":[-1.75,5.5,2.875]},"faces":{"north":{"uv":[1.375,6.75,1.25,6.875],"texture":"#0"},"east":{"uv":[8.9375,5,7.75,5.125],"texture":"#0"},"south":{"uv":[5.875,8.875,5.75,9],"texture":"#0"},"west":{"uv":[8.9375,4.25,7.75,4.375],"texture":"#0"},"up":{"uv":[3.125,8.9375,3.25,7.75],"texture":"#0"},"down":{"uv":[3.25,7.75,3.375,8.9375],"texture":"#0"}}},{"from":[2.24,5.25,3.253],"to":[3.23,6,12.703],"rotation":{"angle":-22.5,"axis":"z","origin":[3.25,6.015,5.425]},"faces":{"north":{"uv":[7.25,8.875,7.125,9],"texture":"#0"},"east":{"uv":[8.9375,4.625,7.75,4.75],"texture":"#0"},"south":{"uv":[9,7.125,8.875,7.25],"texture":"#0"},"west":{"uv":[8.9375,4.5,7.75,4.625],"texture":"#0"},"up":{"uv":[5.375,7.75,5.25,8.9375],"texture":"#0"},"down":{"uv":[5.125,7.75,5.25,8.9375],"texture":"#0"}}},{"from":[-6,5.24,12.5],"to":[2.5,5.99,13.5],"rotation":{"angle":22.5,"axis":"x","origin":[-1.75,6,13.525]},"faces":{"north":{"uv":[8.9375,3.375,7.875,3.5],"texture":"#0"},"east":{"uv":[9,7.625,8.875,7.75],"texture":"#0"},"south":{"uv":[8.9375,3.5,7.875,3.625],"texture":"#0"},"west":{"uv":[7.75,8.875,7.625,9],"texture":"#0"},"up":{"uv":[7.375,7.75,8.4375,7.875],"texture":"#0"},"down":{"uv":[7.875,3.75,8.9375,3.875],"texture":"#0"}}},{"from":[-6,5.02,12.75],"to":[2.5,6.01,13.5],"rotation":{"angle":0,"axis":"y","origin":[-1.75,5.5,13.125]},"faces":{"north":{"uv":[8.9375,3.875,7.875,4],"texture":"#0"},"east":{"uv":[9,7.75,8.875,7.875],"texture":"#0"},"south":{"uv":[8.9375,2.875,7.875,2.99875],"texture":"#0"},"west":{"uv":[7.875,8.875,7.75,9],"texture":"#0"},"up":{"uv":[7.875,5.75,8.9375,5.625],"texture":"#0"},"down":{"uv":[7.875,5.75,8.9375,5.875],"texture":"#0"}}},{"from":[11.5,6.01,5.25],"to":[13.5,14.01,6.25],"rotation":{"angle":45,"axis":"y","origin":[13.5,10,5.25]},"faces":{"north":{"uv":[4.875,7.375,4.625,8.375],"texture":"#0"},"east":{"uv":[0,7.875,0.125,8.875],"texture":"#0"},"south":{"uv":[1.5,7.625,1.75,8.625],"texture":"#0"},"west":{"uv":[0.125,7.875,0.25,8.875],"texture":"#0"},"up":{"uv":[5.875,8.875,5.625,8.75],"texture":"#0"},"down":{"uv":[6.125,8.75,5.875,8.875],"texture":"#0"}}},{"from":[-7,17,2.25],"to":[24,18,13.75],"rotation":{"angle":0,"axis":"y","origin":[0,0,-0.25]},"faces":{"north":{"uv":[9,2.625,12.875,2.75],"texture":"#0"},"east":{"uv":[10.5625,3.25,9.125,3.375],"texture":"#0"},"south":{"uv":[12.875,2.625,9,2.75],"texture":"#0"},"west":{"uv":[9.125,3.25,10.5625,3.375],"texture":"#0"},"up":{"uv":[11.125,10.5625,7.25,9.125],"texture":"#0"},"down":{"uv":[11.125,9.125,7.25,10.5625],"texture":"#0"}}},{"from":[-5,27,7.75],"to":[-4,28,12.75],"rotation":{"angle":0,"axis":"y","origin":[16,0,-0.25]},"faces":{"north":{"uv":[8,8.875,8.125,9],"texture":"#0"},"east":{"uv":[8.75,2.375,8.125,2.5],"texture":"#0"},"south":{"uv":[8.875,8,9,8.125],"texture":"#0"},"west":{"uv":[8.125,2.375,8.75,2.5],"texture":"#0"},"up":{"uv":[2.875,8.625,2.75,8],"texture":"#0"},"down":{"uv":[3,8,2.875,8.625],"texture":"#0"}}},{"from":[-5,18,7.75],"to":[-4,24,12.75],"rotation":{"angle":0,"axis":"y","origin":[16,0,-0.25]},"faces":{"north":{"uv":[6.25,6.625,6.375,7.375],"texture":"#0"},"east":{"uv":[2.5,6.875,1.875,7.625],"texture":"#0"},"south":{"uv":[8,1.75,8.125,2.5],"texture":"#0"},"west":{"uv":[1.875,6.875,2.5,7.625],"texture":"#0"},"up":{"uv":[3.125,8.625,3,8],"texture":"#0"},"down":{"uv":[6,8,5.875,8.625],"texture":"#0"}}},{"from":[-5,24,7.75],"to":[-4,27,8.75],"rotation":{"angle":0,"axis":"y","origin":[16,0,-0.25]},"faces":{"north":{"uv":[0.625,8.5,0.75,8.875],"texture":"#0"},"east":{"uv":[8.625,7.875,8.5,8.25],"texture":"#0"},"south":{"uv":[7.25,8.5,7.375,8.875],"texture":"#0"},"west":{"uv":[8.5,7.875,8.625,8.25],"texture":"#0"},"up":{"uv":[8.25,9,8.125,8.875],"texture":"#0"},"down":{"uv":[9,8.125,8.875,8.25],"texture":"#0"}}},{"from":[-5,24,11.75],"to":[-4,27,12.75],"rotation":{"angle":0,"axis":"y","origin":[16,0,-0.25]},"faces":{"north":{"uv":[8.5,8.25,8.625,8.625],"texture":"#0"},"east":{"uv":[1.5,8.625,1.375,9],"texture":"#0"},"south":{"uv":[1.25,8.625,1.375,9],"texture":"#0"},"west":{"uv":[1.375,8.625,1.5,9],"texture":"#0"},"up":{"uv":[8.375,9,8.25,8.875],"texture":"#0"},"down":{"uv":[9,8.25,8.875,8.375],"texture":"#0"}}},{"from":[-4.5,24,8.75],"to":[-4.5,27,11.75],"rotation":{"angle":0,"axis":"y","origin":[16,0,-0.25]},"faces":{"north":{"uv":[0,0,0,0.375],"texture":"#0"},"east":{"uv":[6.25,7.75,6.625,8.125],"texture":"#0"},"south":{"uv":[0,0,0,0.375],"texture":"#0"},"west":{"uv":[6.625,7.75,6.25,8.125],"texture":"#0"},"up":{"uv":[0,0.375,0,0],"texture":"#0"},"down":{"uv":[0,0,0,0.375],"texture":"#0"}}},{"from":[20,18,7.75],"to":[21,24,12.75],"rotation":{"angle":0,"axis":"y","origin":[0,0,-0.25]},"faces":{"north":{"uv":[6.375,6.625,6.25,7.375],"texture":"#0"},"east":{"uv":[2.5,6.875,1.875,7.625],"texture":"#0"},"south":{"uv":[8.125,1.75,8,2.5],"texture":"#0"},"west":{"uv":[1.875,6.875,2.5,7.625],"texture":"#0"},"up":{"uv":[3,8.625,3.125,8],"texture":"#0"},"down":{"uv":[5.875,8,6,8.625],"texture":"#0"}}},{"from":[20,24,7.75],"to":[21,27,8.75],"rotation":{"angle":0,"axis":"y","origin":[0,0,-0.25]},"faces":{"north":{"uv":[0.75,8.5,0.625,8.875],"texture":"#0"},"east":{"uv":[8.625,7.875,8.5,8.25],"texture":"#0"},"south":{"uv":[7.375,8.5,7.25,8.875],"texture":"#0"},"west":{"uv":[8.5,7.875,8.625,8.25],"texture":"#0"},"up":{"uv":[8.125,9,8.25,8.875],"texture":"#0"},"down":{"uv":[8.875,8.125,9,8.25],"texture":"#0"}}},{"from":[20,27,7.75],"to":[21,28,12.75],"rotation":{"angle":0,"axis":"y","origin":[0,0,-0.25]},"faces":{"north":{"uv":[8.125,8.875,8,9],"texture":"#0"},"east":{"uv":[8.75,2.375,8.125,2.5],"texture":"#0"},"south":{"uv":[9,8,8.875,8.125],"texture":"#0"},"west":{"uv":[8.125,2.375,8.75,2.5],"texture":"#0"},"up":{"uv":[2.75,8.625,2.875,8],"texture":"#0"},"down":{"uv":[2.875,8,3,8.625],"texture":"#0"}}},{"from":[20,24,11.75],"to":[21,27,12.75],"rotation":{"angle":0,"axis":"y","origin":[0,0,-0.25]},"faces":{"north":{"uv":[8.625,8.25,8.5,8.625],"texture":"#0"},"east":{"uv":[1.5,8.625,1.375,9],"texture":"#0"},"south":{"uv":[1.375,8.625,1.25,9],"texture":"#0"},"west":{"uv":[1.375,8.625,1.5,9],"texture":"#0"},"up":{"uv":[8.25,9,8.375,8.875],"texture":"#0"},"down":{"uv":[8.875,8.25,9,8.375],"texture":"#0"}}},{"from":[20.5,24,8.75],"to":[20.5,27,11.75],"rotation":{"angle":0,"axis":"y","origin":[0,0,-0.25]},"faces":{"north":{"uv":[0,0,0,0.375],"texture":"#0"},"east":{"uv":[6.25,7.75,6.625,8.125],"texture":"#0"},"south":{"uv":[0,0,0,0.375],"texture":"#0"},"west":{"uv":[6.625,7.75,6.25,8.125],"texture":"#0"},"up":{"uv":[0,0.375,0,0],"texture":"#0"},"down":{"uv":[0,0,0,0.375],"texture":"#0"}}},{"from":[20.5,24,8.75],"to":[20.5,27,11.75],"rotation":{"angle":0,"axis":"y","origin":[0,0,-0.25]},"faces":{"north":{"uv":[0,0,0,0.375],"texture":"#0"},"east":{"uv":[6.25,7.75,6.625,8.125],"texture":"#0"},"south":{"uv":[0,0,0,0.375],"texture":"#0"},"west":{"uv":[6.625,7.75,6.25,8.125],"texture":"#0"},"up":{"uv":[0,0.375,0,0],"texture":"#0"},"down":{"uv":[0,0,0,0.375],"texture":"#0"}}},{"from":[-5,28,7.75],"to":[21,29,13.75],"rotation":{"angle":0,"axis":"y","origin":[16,0,-0.25]},"faces":{"north":{"uv":[3.125,1.375,6.375,1.5],"texture":"#0"},"east":{"uv":[0,0.625,0.75,0.75],"texture":"#0"},"south":{"uv":[3.25,2.5,6.5,2.625],"texture":"#0"},"west":{"uv":[0,0.75,0.75,0.875],"texture":"#0"},"up":{"uv":[6.5,2.5,3.25,1.75],"texture":"#0"},"down":{"uv":[6.5,3,3.25,3.75],"texture":"#0"}}},{"from":[-4,22.5,7.75],"to":[20,23.5,12.75],"rotation":{"angle":0,"axis":"y","origin":[16,0,-0.25]},"faces":{"north":{"uv":[3.25,2.625,6.25,2.75],"texture":"#0"},"east":{"uv":[0.25,0.5,0.875,0.625],"texture":"#0"},"south":{"uv":[3.375,1.25,6.375,1.375],"texture":"#0"},"west":{"uv":[0,0.875,0.625,1],"texture":"#0"},"up":{"uv":[6.375,0.625,3.375,0],"texture":"#0"},"down":{"uv":[6.375,0.625,3.375,1.25],"texture":"#0"}}},{"from":[-5,18,12.75],"to":[21,28,13.75],"rotation":{"angle":0,"axis":"y","origin":[16,0,-0.25]},"faces":{"north":{"uv":[0,1.5,3.25,2.75],"texture":"#0"},"east":{"uv":[0.875,0,1,1.25],"texture":"#0"},"south":{"uv":[0,2.75,3.25,4],"texture":"#0"},"west":{"uv":[1,0,1.125,1.25],"texture":"#0"},"up":{"uv":[6.5,1.625,3.25,1.5],"texture":"#0"},"down":{"uv":[6.5,1.625,3.25,1.75],"texture":"#0"}}},{"from":[2.5,14,4.25],"to":[13.5,17,12.75],"rotation":{"angle":0,"axis":"y","origin":[16,0,-0.25]},"faces":{"north":{"uv":[6.5,3.625,7.875,4],"texture":"#0"},"east":{"uv":[6.25,7.375,7.3125,7.75],"texture":"#0"},"south":{"uv":[1.9375,0.0625,3.3125,0.4375],"texture":"#0"},"west":{"uv":[7.375,7.375,8.4375,7.75],"texture":"#0"},"up":{"uv":[5,6.4375,3.625,5.375],"texture":"#0"},"down":{"uv":[1.375,5.625,0,6.6875],"texture":"#0"}}},{"from":[2.5,12,5.25],"to":[13.5,14,6.25],"rotation":{"angle":-45,"axis":"x","origin":[8,14,5.25]},"faces":{"north":{"uv":[3.625,2.75,5,3],"texture":"#0"},"east":{"uv":[6.375,2.75,6.5,3],"texture":"#0"},"south":{"uv":[5,2.75,6.375,3],"texture":"#0"},"west":{"uv":[4.875,8.625,5,8.875],"texture":"#0"},"up":{"uv":[9.125,0.375,7.75,0.25],"texture":"#0"},"down":{"uv":[9.125,0.375,7.75,0.5],"texture":"#0"}}},{"from":[11.5,14.01,3.25],"to":[13.5,17.01,4.75],"rotation":{"angle":45,"axis":"y","origin":[13.5,15.5,3.25]},"faces":{"north":{"uv":[7.875,7.875,7.625,8.25],"texture":"#0"},"east":{"uv":[6.625,8.125,6.8125,8.5],"texture":"#0"},"south":{"uv":[7.375,7.875,7.625,8.25],"texture":"#0"},"west":{"uv":[6.875,8.125,7.0625,8.5],"texture":"#0"},"up":{"uv":[0.625,8.6875,0.375,8.5],"texture":"#0"},"down":{"uv":[2.125,8.5,1.875,8.6875],"texture":"#0"}}},{"from":[2.5,14.01,3.25],"to":[4.5,17.01,4.75],"rotation":{"angle":-45,"axis":"y","origin":[2.5,15.5,3.25]},"faces":{"north":{"uv":[7.625,7.875,7.875,8.25],"texture":"#0"},"east":{"uv":[7.125,8.125,7.3125,8.5],"texture":"#0"},"south":{"uv":[7.875,7.875,8.125,8.25],"texture":"#0"},"west":{"uv":[8.125,7.875,8.3125,8.25],"texture":"#0"},"up":{"uv":[6.875,8.6875,6.625,8.5],"texture":"#0"},"down":{"uv":[7.125,8.5,6.875,8.6875],"texture":"#0"}}},{"from":[2.5,6,6.25],"to":[13.5,14,12.75],"rotation":{"angle":0,"axis":"y","origin":[16,0,-0.25]},"faces":{"north":{"uv":[5,5.625,6.375,6.625],"texture":"#0"},"east":{"uv":[2.5,6.75,3.3125,7.75],"texture":"#0"},"south":{"uv":[1.9375,0.375,3.3125,1.375],"texture":"#0"},"west":{"uv":[6.875,0,7.6875,1],"texture":"#0"},"up":{"uv":[7.75,7.3125,6.375,6.5],"texture":"#0"},"down":{"uv":[8,1.5,6.625,2.3125],"texture":"#0"}}},{"from":[2.5,23,6.74],"to":[13.5,32,13.74],"rotation":{"angle":0,"axis":"y","origin":[16,0,-0.25]},"faces":{"north":{"uv":[2.5,4.25,3.875,5.375],"texture":"#0"},"east":{"uv":[0.875,6.75,0,7.875],"texture":"#0"},"south":{"uv":[3.875,4.25,5.25,5.375],"texture":"#0"},"west":{"uv":[0,6.75,0.875,7.875],"texture":"#0"},"up":{"uv":[7.875,3.625,6.5,2.75],"texture":"#0"},"down":{"uv":[5,6.5,3.625,7.375],"texture":"#0"}}},{"from":[2.5,6.01,5.25],"to":[4.5,14.01,6.25],"rotation":{"angle":-45,"axis":"y","origin":[2.5,10,5.25]},"faces":{"north":{"uv":[4.625,7.375,4.875,8.375],"texture":"#0"},"east":{"uv":[5.625,7.75,5.75,8.75],"texture":"#0"},"south":{"uv":[7.5,5.5,7.75,6.5],"texture":"#0"},"west":{"uv":[5.75,7.75,5.875,8.75],"texture":"#0"},"up":{"uv":[4.25,8.875,4,8.75],"texture":"#0"},"down":{"uv":[4.875,8.75,4.625,8.875],"texture":"#0"}}},{"from":[13.75,17.75,9.25],"to":[14.5,18.25,10.25],"rotation":{"angle":-22.5,"axis":"y","origin":[14.125,18,9.75]},"faces":{"north":{"uv":[8.75,9,8.625,9.0625],"texture":"#0"},"east":{"uv":[9.125,8.75,9,8.8125],"texture":"#0"},"south":{"uv":[8.875,9,8.75,9.0625],"texture":"#0"},"west":{"uv":[9.125,8.625,9,8.6875],"texture":"#0"},"up":{"uv":[0.75,9.125,0.875,9],"texture":"#0"},"down":{"uv":[0.875,9,1,9.125],"texture":"#0"}}},{"from":[13.75,17.75,9.75],"to":[14.25,19,11.75],"rotation":{"angle":0,"axis":"y","origin":[13,21.75,11.75]},"faces":{"north":{"uv":[5.0625,9,5,9.1875],"texture":"#0"},"east":{"uv":[6.5,8.625,6.25,8.8125],"texture":"#0"},"south":{"uv":[9.0625,5,9,5.1875],"texture":"#0"},"west":{"uv":[4.625,8.625,4.375,8.8125],"texture":"#0"},"up":{"uv":[0.375,9.25,0.4375,9],"texture":"#0"},"down":{"uv":[0.5,9,0.5625,9.25],"texture":"#0"}}},{"from":[11.5,17.75,9.25],"to":[12.25,18.25,10.25],"rotation":{"angle":22.5,"axis":"y","origin":[11.875,18,9.75]},"faces":{"north":{"uv":[8.625,9,8.75,9.0625],"texture":"#0"},"east":{"uv":[9,8.625,9.125,8.6875],"texture":"#0"},"south":{"uv":[8.75,9,8.875,9.0625],"texture":"#0"},"west":{"uv":[9,8.75,9.125,8.8125],"texture":"#0"},"up":{"uv":[0.875,9.125,0.75,9],"texture":"#0"},"down":{"uv":[1,9,0.875,9.125],"texture":"#0"}}},{"from":[11.75,17.75,9.75],"to":[12.25,19,11.75],"rotation":{"angle":0,"axis":"y","origin":[13,21.75,11.75]},"faces":{"north":{"uv":[5,9,5.0625,9.1875],"texture":"#0"},"east":{"uv":[4.375,8.625,4.625,8.8125],"texture":"#0"},"south":{"uv":[9,5,9.0625,5.1875],"texture":"#0"},"west":{"uv":[6.25,8.625,6.5,8.8125],"texture":"#0"},"up":{"uv":[0.4375,9.25,0.375,9],"texture":"#0"},"down":{"uv":[0.5625,9,0.5,9.25],"texture":"#0"}}},{"from":[13.75,18.75,8.5],"to":[14,21.75,10],"rotation":{"angle":-22.5,"axis":"z","origin":[13.775,19.75,9.25]},"faces":{"north":{"uv":[0.6875,8.875,0.625,9.25],"texture":"#0"},"east":{"uv":[6.1875,8.25,6,8.625],"texture":"#0"},"south":{"uv":[2.3125,8.875,2.25,9.25],"texture":"#0"},"west":{"uv":[6,8.25,6.1875,8.625],"texture":"#0"},"up":{"uv":[9,3.4375,9.0625,3.25],"texture":"#0"},"down":{"uv":[3.5,9,3.5625,9.1875],"texture":"#0"}}},{"from":[12.25,17.75,6.75],"to":[13.75,19.75,11.75],"rotation":{"angle":0,"axis":"y","origin":[13,21.75,11.75]},"faces":{"north":{"uv":[8.8125,2.5,8.625,2.75],"texture":"#0"},"east":{"uv":[8.375,0.5,7.75,0.75],"texture":"#0"},"south":{"uv":[3.9375,8.625,3.75,8.875],"texture":"#0"},"west":{"uv":[7.75,0.5,8.375,0.75],"texture":"#0"},"up":{"uv":[3.375,7.375,3.5625,6.75],"texture":"#0"},"down":{"uv":[0.25,7.875,0.4375,8.5],"texture":"#0"}}},{"from":[12.25,21.40642,5.47731],"to":[13.75,22.40642,8.47731],"rotation":{"angle":-22.5,"axis":"x","origin":[13,21.40642,7.97731]},"faces":{"north":{"uv":[1.9375,8.875,1.75,9],"texture":"#0"},"east":{"uv":[4,8.625,4.375,8.75],"texture":"#0"},"south":{"uv":[2.1875,8.875,2,9],"texture":"#0"},"west":{"uv":[4.375,8.625,4,8.75],"texture":"#0"},"up":{"uv":[3.875,8.625,4.0625,8.25],"texture":"#0"},"down":{"uv":[4.125,8.25,4.3125,8.625],"texture":"#0"}}},{"from":[12,18.75,8.5],"to":[12.25,21.75,10],"rotation":{"angle":22.5,"axis":"z","origin":[12.225,19.75,9.25]},"faces":{"north":{"uv":[0.6875,8.875,0.625,9.25],"texture":"#0"},"east":{"uv":[6.1875,8.25,6,8.625],"texture":"#0"},"south":{"uv":[2.3125,8.875,2.25,9.25],"texture":"#0"},"west":{"uv":[6,8.25,6.1875,8.625],"texture":"#0"},"up":{"uv":[9,3.6875,9.0625,3.5],"texture":"#0"},"down":{"uv":[3.625,9,3.6875,9.1875],"texture":"#0"}}},{"from":[12.75,20.5918,5.61597],"to":[13.5,20.8418,7.11597],"rotation":{"angle":-45,"axis":"x","origin":[13.125,20.77557,6.62738]},"faces":{"north":{"uv":[8.625,9,8.5,9.0625],"texture":"#0"},"east":{"uv":[9.1875,3.875,9,3.9375],"texture":"#0"},"south":{"uv":[9.125,8.5,9,8.5625],"texture":"#0"},"west":{"uv":[9.1875,3.75,9,3.8125],"texture":"#0"},"up":{"uv":[8.875,2.6875,9,2.5],"texture":"#0"},"down":{"uv":[8.875,2.5,9,2.6875],"texture":"#0"}}},{"from":[12.5,19.75,6.75],"to":[13.5,21.75,7.75],"rotation":{"angle":22.5,"axis":"x","origin":[13,19.75,6.75]},"faces":{"north":{"uv":[4.375,8.75,4.25,9],"texture":"#0"},"east":{"uv":[8.875,6.125,8.75,6.375],"texture":"#0"},"south":{"uv":[6.25,8.75,6.125,9],"texture":"#0"},"west":{"uv":[8.75,6.125,8.875,6.375],"texture":"#0"},"up":{"uv":[8.875,9,9,8.875],"texture":"#0"},"down":{"uv":[0.25,9,0.375,9.125],"texture":"#0"}}},{"from":[13.5,17.75,6.5],"to":[14,19.25,7],"rotation":{"angle":-45,"axis":"y","origin":[13.75,18.5,6.75]},"faces":{"north":{"uv":[4.0625,9,4,9.1875],"texture":"#0"},"east":{"uv":[4.0625,9,4,9.1875],"texture":"#0"},"south":{"uv":[4.3125,9,4.25,9.1875],"texture":"#0"},"west":{"uv":[4.0625,9,4,9.1875],"texture":"#0"},"up":{"uv":[1.5,9.1875,1.5625,9.125],"texture":"#0"},"down":{"uv":[1.625,9.125,1.6875,9.1875],"texture":"#0"}}},{"from":[12,17.75,6.5],"to":[12.5,19.25,7],"rotation":{"angle":45,"axis":"y","origin":[12.25,18.5,6.75]},"faces":{"north":{"uv":[4.0625,9,4,9.1875],"texture":"#0"},"east":{"uv":[4.0625,9,4,9.1875],"texture":"#0"},"south":{"uv":[9.0625,4.5,9,4.6875],"texture":"#0"},"west":{"uv":[4.0625,9,4,9.1875],"texture":"#0"},"up":{"uv":[2,9.1875,2.0625,9.125],"texture":"#0"},"down":{"uv":[9.125,2,9.1875,2.0625],"texture":"#0"}}}],"gui_light":"front","display":{"thirdperson_righthand":{"rotation":[67.5,0,0],"translation":[0,1,0],"scale":[0.15,0.15,0.15]},"thirdperson_lefthand":{"rotation":[67.5,0,0],"translation":[0,1,0],"scale":[0.15,0.15,0.15]},"firstperson_righthand":{"rotation":[0,180,0],"translation":[0.75,2.5,0],"scale":[0.35867,0.35867,0.35867]},"firstperson_lefthand":{"rotation":[0,180,0],"translation":[0.75,2.5,0],"scale":[0.35867,0.35867,0.35867]},"ground":{"translation":[0,6,0],"scale":[0.3,0.3,0.3]},"gui":{"rotation":[30,135,0],"translation":[0,-2,0],"scale":[0.38281,0.38281,0.38281]},"head":{"rotation":[0,-180,0],"translation":[0,-30.4,0],"scale":[1.6,1.6,1.6]},"fixed":{"rotation":[-90,0,0],"translation":[0,0,-16],"scale":[2,2,2]}},"groups":[{"name":"group","origin":[23.5,11.5,12.75],"color":0,"children":[0,1,2,3,4,5]},{"name":"group","origin":[17.75,5.5,13.125],"color":0,"children":[6,7,8,9,10,11,12,13,14,15,16,17,18,19,20,21,22]},{"name":"group","origin":[3.75,18.5,7.75],"color":0,"children":[23,24,25,26,27,28,29,30,31,32,33,34]},{"name":"deskleg","origin":[8,8,8],"color":0,"children":[{"name":"front","origin":[8,8,8],"color":0,"children":[{"name":"group","origin":[13.5,11.5,3.25],"color":0,"children":[35,36,37,38,39,40]},{"name":"group","origin":[13.5,11.5,3.25],"color":0,"children":[41,42,43,44,45,46]},{"name":"group","origin":[13.5,11.5,3.25],"color":0,"children":[47,48,49,50,51,52]},{"name":"group","origin":[13.5,11.5,3.25],"color":0,"children":[53,54,55,56,57,58]}]},{"name":"back","origin":[8,8,8],"color":0,"children":[{"name":"group","origin":[13.5,11.5,3.25],"color":0,"children":[59,60,61,62,63,64]},{"name":"group","origin":[13.5,11.5,3.25],"color":0,"children":[65,66,67,68,69,70]},{"name":"group","origin":[13.5,11.5,3.25],"color":0,"children":[71,72,73,74,75,76]},{"name":"group","origin":[13.5,11.5,3.25],"color":0,"children":[77,78,79,80,81,82]}]}]},{"name":"group","origin":[23.5,11.5,12.75],"color":0,"children":[83,84,85,86,87,88]},{"name":"group","origin":[17.75,5.5,13.125],"color":0,"children":[89,90,91,92,93,94,95,96,97]},{"name":"group","origin":[2.5,10,5.25],"color":0,"children":[98,99,100,101,102,103,104,105,106,107,108,109,110,111,112,113,114,115,116,117,118,119,120]},{"name":"group","origin":[3.75,18.5,7.75],"color":0,"children":[121,122,123,124,125,126,127,128,129,130,131,132]}]}