{"credit":"MadewithBlockbench","texture_size":[64,64],"textures":{"0":"elitecreatures:medieval_tavern_furniture_v1/07_glass_hanging_bar_texture","particle":"elitecreatures:medieval_tavern_furniture_v1/07_glass_hanging_bar_texture"},"elements":[{"from":[0,24,4],"to":[16,32,12],"faces":{"north":{"uv":[0,0,4,2],"texture":"#0"},"east":{"uv":[4,4,6,6],"texture":"#0"},"south":{"uv":[4,0,0,2],"texture":"#0"},"west":{"uv":[4,4,6,6],"texture":"#0"},"up":{"uv":[4,6,0,4],"texture":"#0"},"down":{"uv":[4,4,0,6],"texture":"#0"}}},{"from":[8,16,6],"to":[8,24,10],"rotation":{"angle":0,"axis":"y","origin":[0,-1,0]},"faces":{"north":{"uv":[0,0,0,2],"texture":"#0"},"east":{"uv":[7,7,8,9],"texture":"#0"},"south":{"uv":[0,0,0,2],"texture":"#0"},"west":{"uv":[8,7,7,9],"texture":"#0"},"up":{"uv":[0,1,0,0],"texture":"#0"},"down":{"uv":[0,0,0,1],"texture":"#0"}}},{"from":[4,10.5,5.5],"to":[9,17.5,10.5],"rotation":{"angle":45,"axis":"z","origin":[8,13.5,8]},"faces":{"north":{"uv":[6,3.5,7.25,5.25],"texture":"#0"},"east":{"uv":[6,3.5,7.25,5.25],"texture":"#0"},"south":{"uv":[7.25,3.5,6,5.25],"texture":"#0"},"west":{"uv":[6,3.5,7.25,5.25],"texture":"#0"},"up":{"uv":[8.5,6.75,7.25,5.5],"texture":"#0"},"down":{"uv":[1.25,7.5,0,8.75],"texture":"#0"}}},{"from":[3.5,16,5],"to":[9.5,17,11],"rotation":{"angle":45,"axis":"z","origin":[8,13.5,8]},"faces":{"north":{"uv":[7.5,2.5,9,2.75],"texture":"#0"},"east":{"uv":[2.75,7.5,4.25,7.75],"texture":"#0"},"south":{"uv":[9,2.5,7.5,2.75],"texture":"#0"},"west":{"uv":[7.5,3,9,3.25],"texture":"#0"},"up":{"uv":[7.5,3.5,6,2],"texture":"#0"},"down":{"uv":[4.5,6,3,7.5],"texture":"#0"}}},{"from":[3.5,11,5],"to":[9.5,12,11],"rotation":{"angle":45,"axis":"z","origin":[8,13.5,8]},"faces":{"north":{"uv":[7.5,2.5,9,2.75],"texture":"#0"},"east":{"uv":[2.75,7.5,4.25,7.75],"texture":"#0"},"south":{"uv":[9,2.5,7.5,2.75],"texture":"#0"},"west":{"uv":[7.5,3,9,3.25],"texture":"#0"},"up":{"uv":[7.5,3.5,6,2],"texture":"#0"},"down":{"uv":[4.5,6,3,7.5],"texture":"#0"}}},{"from":[9.5,16,7.5],"to":[11.5,17,8.5],"rotation":{"angle":45,"axis":"z","origin":[8,13.5,8]},"faces":{"north":{"uv":[7.5,3.25,8,3.5],"texture":"#0"},"east":{"uv":[5.5,7.75,5.75,8],"texture":"#0"},"south":{"uv":[1.75,7.75,2.25,8],"texture":"#0"},"west":{"uv":[8,0,8.25,0.25],"texture":"#0"},"up":{"uv":[2.75,8,2.25,7.75],"texture":"#0"},"down":{"uv":[3.25,7.75,2.75,8],"texture":"#0"}}},{"from":[9.5,11,7.5],"to":[11.5,12,8.5],"rotation":{"angle":45,"axis":"z","origin":[8,13.5,8]},"faces":{"north":{"uv":[3.25,7.75,3.75,8],"texture":"#0"},"east":{"uv":[8,0.25,8.25,0.5],"texture":"#0"},"south":{"uv":[3.75,7.75,4.25,8],"texture":"#0"},"west":{"uv":[8,0.5,8.25,0.75],"texture":"#0"},"up":{"uv":[5,8,4.5,7.75],"texture":"#0"},"down":{"uv":[5.5,7.75,5,8],"texture":"#0"}}},{"from":[10.5,12,7.5],"to":[11.5,16,8.5],"rotation":{"angle":45,"axis":"z","origin":[8,13.5,8]},"faces":{"north":{"uv":[5.75,6,6,7],"texture":"#0"},"east":{"uv":[4.25,7.5,4.5,8.5],"texture":"#0"},"south":{"uv":[1.25,7.75,1.5,8.75],"texture":"#0"},"west":{"uv":[1.5,7.75,1.75,8.75],"texture":"#0"},"up":{"uv":[8.25,1,8,0.75],"texture":"#0"},"down":{"uv":[8.25,1,8,1.25],"texture":"#0"}}}],"gui_light":"front","display":{"thirdperson_righthand":{"rotation":[67.5,0,0],"translation":[0,-0.5,-2.5],"scale":[0.25172,0.25172,0.25172]},"thirdperson_lefthand":{"rotation":[67.5,0,0],"translation":[0,-0.5,-2.5],"scale":[0.25172,0.25172,0.25172]},"firstperson_righthand":{"translation":[2,-0.5,0],"scale":[0.33219,0.33219,0.33219]},"firstperson_lefthand":{"translation":[2,-0.5,0],"scale":[0.33219,0.33219,0.33219]},"ground":{"translation":[0,3,0],"scale":[0.5,0.5,0.5]},"gui":{"rotation":[30,135,0],"translation":[0,-7,0],"scale":[0.5718,0.5718,0.5718]},"head":{"rotation":[0,180,0],"translation":[0,-30.4,0],"scale":[1.6,1.6,1.6]},"fixed":{"rotation":[90,0,0],"translation":[0,0,-48],"scale":[2,2,2]}},"groups":[0,1,{"name":"group","origin":[8,14.5,8],"color":0,"children":[2,3,4,5,6,7]}]}