{"credit":"127655 / 354X87MR","texture_size":[32,32],"textures":{"0":"sakura_furniture_v1:sakuralantern2texture","1":"sakura_furniture_v1:sakuralantern2animation01","particle":"sakura_furniture_v1:sakuralantern2texture"},"elements":[{"from":[5.75,0,5.75],"to":[10.25,1,10.25],"faces":{"north":{"uv":[3,5,5.25,5.5],"texture":"#0"},"east":{"uv":[3,5,5.25,5.5],"texture":"#0"},"south":{"uv":[3,5,5.25,5.5],"texture":"#0"},"west":{"uv":[3,5,5.25,5.5],"texture":"#0"},"up":{"uv":[2.25,2.25,0,0],"texture":"#0"},"down":{"uv":[2.25,2.5,0,4.75],"texture":"#0"}}},{"from":[5.75,5.5,5.75],"to":[10.25,6.5,10.25],"faces":{"north":{"uv":[5,5.5,7.25,6],"texture":"#0"},"east":{"uv":[5,5.5,7.25,6],"texture":"#0"},"south":{"uv":[5,5.5,7.25,6],"texture":"#0"},"west":{"uv":[5,5.5,7.25,6],"texture":"#0"},"up":{"uv":[4.75,2.25,2.5,0],"texture":"#0"},"down":{"uv":[4.75,2.5,2.5,4.75],"texture":"#0"}}},{"from":[6.5,7,6.5],"to":[9.5,8,9.5],"faces":{"north":{"uv":[6.5,2.5,8,3],"texture":"#0"},"east":{"uv":[6.5,2.5,8,3],"texture":"#0"},"south":{"uv":[6.5,2.5,8,3],"texture":"#0"},"west":{"uv":[6.5,2.5,8,3],"texture":"#0"},"up":{"uv":[1.5,6.5,0,5],"texture":"#0"},"down":{"uv":[6.5,0,5,1.5],"texture":"#0"}}},{"from":[6.75,6.5,6.75],"to":[9.25,7,9.25],"faces":{"north":{"uv":[7.5,1.5,8.75,1.75],"texture":"#0"},"east":{"uv":[7.5,2,8.75,2.25],"texture":"#0"},"south":{"uv":[7.5,3,8.75,3.25],"texture":"#0"},"west":{"uv":[7.5,3.5,8.75,3.75],"texture":"#0"},"up":{"uv":[2.75,6.25,1.5,5],"texture":"#0"},"down":{"uv":[6.25,1.5,5,2.75],"texture":"#0"}}},{"from":[6,1,6],"to":[7,5.5,7],"faces":{"north":{"uv":[3,5.5,3.5,7.75],"texture":"#0"},"east":{"uv":[3.5,5.5,4,7.75],"texture":"#0"},"south":{"uv":[4,5.5,4.5,7.75],"texture":"#0"},"west":{"uv":[4.5,5.5,5,7.75],"texture":"#0"},"up":{"uv":[2.5,8,2,7.5],"texture":"#0"},"down":{"uv":[3,7.5,2.5,8],"texture":"#0"}}},{"from":[9,1,6],"to":[10,5.5,7],"rotation":{"angle":0,"axis":"y","origin":[16,0,0]},"faces":{"north":{"uv":[3.5,5.5,3,7.75],"texture":"#0"},"east":{"uv":[5,5.5,4.5,7.75],"texture":"#0"},"south":{"uv":[4.5,5.5,4,7.75],"texture":"#0"},"west":{"uv":[4,5.5,3.5,7.75],"texture":"#0"},"up":{"uv":[2,8,2.5,7.5],"texture":"#0"},"down":{"uv":[2.5,7.5,3,8],"texture":"#0"}}},{"from":[6,1,9],"to":[7,5.5,10],"rotation":{"angle":0,"axis":"y","origin":[0,0,16]},"faces":{"north":{"uv":[4.5,5.5,4,7.75],"texture":"#0"},"east":{"uv":[4,5.5,3.5,7.75],"texture":"#0"},"south":{"uv":[3.5,5.5,3,7.75],"texture":"#0"},"west":{"uv":[5,5.5,4.5,7.75],"texture":"#0"},"up":{"uv":[2.5,7.5,2,8],"texture":"#0"},"down":{"uv":[3,8,2.5,7.5],"texture":"#0"}}},{"from":[9,1,9],"to":[10,5.5,10],"rotation":{"angle":0,"axis":"y","origin":[16,0,16]},"faces":{"north":{"uv":[4,5.5,4.5,7.75],"texture":"#0"},"east":{"uv":[4.5,5.5,5,7.75],"texture":"#0"},"south":{"uv":[3,5.5,3.5,7.75],"texture":"#0"},"west":{"uv":[3.5,5.5,4,7.75],"texture":"#0"},"up":{"uv":[2,7.5,2.5,8],"texture":"#0"},"down":{"uv":[2.5,8,3,7.5],"texture":"#0"}}},{"from":[7.25,1,7.25],"to":[8.75,3,8.75],"rotation":{"angle":0,"axis":"y","origin":[8,2,8]},"faces":{"north":{"uv":[5,6.5,5.75,7.5],"texture":"#0"},"east":{"uv":[5,6.5,5.75,7.5],"texture":"#0"},"south":{"uv":[5,6.5,5.75,7.5],"texture":"#0"},"west":{"uv":[5,6.5,5.75,7.5],"texture":"#0"},"up":{"uv":[8.25,1.25,7.5,0.5],"texture":"#0"},"down":{"uv":[1.75,7.5,1,8.25],"texture":"#0"}}},{"from":[8,3,7.25],"to":[8,5.5,8.75],"rotation":{"angle":-45,"axis":"y","origin":[8,4.25,8]},"faces":{"north":{"uv":[0,0,0,1.25],"texture":"#0"},"east":{"uv":[6,0,0,10],"texture":"#1"},"south":{"uv":[0,0,0,1.25],"texture":"#0"},"west":{"uv":[0,0,6,10],"texture":"#1"},"up":{"uv":[0,0.75,0,0],"texture":"#0"},"down":{"uv":[0,0,0,0.75],"texture":"#0"}}},{"from":[8,3,7.25],"to":[8,5.5,8.75],"rotation":{"angle":45,"axis":"y","origin":[8,4.25,8]},"faces":{"north":{"uv":[0,0,0,1.25],"texture":"#0"},"east":{"uv":[6,0,0,10],"texture":"#1"},"south":{"uv":[0,0,0,1.25],"texture":"#0"},"west":{"uv":[0,0,6,10],"texture":"#1"},"up":{"uv":[0,0.75,0,0],"texture":"#0"},"down":{"uv":[0,0,0,0.75],"texture":"#0"}}}],"gui_light":"front","display":{"thirdperson_righthand":{"rotation":[67.5,0,0],"translation":[0,1.75,2],"scale":[0.49805,0.49805,0.49805]},"thirdperson_lefthand":{"rotation":[67.5,0,0],"translation":[0,1.75,2],"scale":[0.49805,0.49805,0.49805]},"firstperson_righthand":{"translation":[3.75,5,0],"scale":[0.57617,0.57617,0.57617]},"firstperson_lefthand":{"translation":[3.75,5,0],"scale":[0.57617,0.57617,0.57617]},"ground":{"translation":[0,6,0],"scale":[0.8,0.8,0.8]},"gui":{"rotation":[30,135,0],"translation":[0,5.5,0],"scale":[1.48047,1.48047,1.48047]},"head":{"rotation":[0,180,0],"translation":[0,-30.4,0],"scale":[1.6,1.6,1.6]},"fixed":{"rotation":[-90,0,0],"translation":[0,0,-16],"scale":[2,2,2]}}}