{"credit":"MadewithBlockbench","texture_size":[64,64],"textures":{"0":"elitecreatures:gym_decoration_v1/gym_machine_6","particle":"elitecreatures:gym_decoration_v1/gym_machine_6"},"elements":[{"from":[2,0,8],"to":[14,24,8],"faces":{"north":{"uv":[0,0,3,6],"texture":"#0"},"east":{"uv":[0,0,0,6],"texture":"#0"},"south":{"uv":[0,0,3,6],"texture":"#0"},"west":{"uv":[0,0,0,6],"texture":"#0"},"up":{"uv":[0,3,0,0],"rotation":90,"texture":"#0"},"down":{"uv":[0,0,0,3],"rotation":270,"texture":"#0"}}},{"from":[2,28,7.5],"to":[14,32,8.5],"faces":{"north":{"uv":[3,0,6,1],"texture":"#0"},"south":{"uv":[3,0,6,1],"texture":"#0"},"up":{"uv":[1.25,9.5,1,6.5],"rotation":90,"texture":"#0"},"down":{"uv":[1.25,6.5,1,9.5],"rotation":270,"texture":"#0"}}},{"from":[7.5,2.5,3.5],"to":[8.5,3.5,12.5],"faces":{"north":{"uv":[3.5,4.5,3.75,4.75],"texture":"#0"},"east":{"uv":[3,1,5.75,1.25],"texture":"#0"},"south":{"uv":[2,6.5,2.25,6.75],"texture":"#0"},"west":{"uv":[3,1,5.75,1.25],"texture":"#0"},"up":{"uv":[5.75,1.25,3,1],"rotation":90,"texture":"#0"},"down":{"uv":[5.75,1,3,1.25],"rotation":270,"texture":"#0"}}},{"from":[7.5,0.5,14.5],"to":[8.5,1.5,27.5],"faces":{"east":{"uv":[0.75,6.25,4,6.5],"texture":"#0"},"west":{"uv":[0.75,6.25,4,6.5],"texture":"#0"},"up":{"uv":[4,6.5,0.75,6.25],"rotation":90,"texture":"#0"},"down":{"uv":[4,6.25,0.75,6.5],"rotation":270,"texture":"#0"}}},{"from":[5.5,0.5,12.5],"to":[10.5,1.5,14.5],"faces":{"north":{"uv":[2.25,6.5,3.5,6.75],"texture":"#0"},"east":{"uv":[4.5,1.75,5,2],"texture":"#0"},"south":{"uv":[2.25,6.5,3.5,6.75],"texture":"#0"},"west":{"uv":[4.5,1.75,5,2],"texture":"#0"},"up":{"uv":[1.75,7.75,1.25,6.5],"rotation":90,"texture":"#0"},"down":{"uv":[1.75,6.5,1.25,7.75],"rotation":270,"texture":"#0"}}},{"from":[5.5,0.5,27.5],"to":[10.5,1.5,28.5],"faces":{"north":{"uv":[3.5,5,4.75,5.25],"texture":"#0"},"east":{"uv":[2,6.5,2.25,6.75],"texture":"#0"},"south":{"uv":[3.5,5,4.75,5.25],"texture":"#0"},"west":{"uv":[4,5.25,4.25,5.5],"texture":"#0"},"up":{"uv":[2,7.75,1.75,6.5],"rotation":90,"texture":"#0"},"down":{"uv":[3.75,3.25,3.5,4.5],"rotation":270,"texture":"#0"}}},{"from":[5.5,2.5,13.5],"to":[6.5,3.5,28.5],"faces":{"north":{"uv":[3.75,4.25,4,4.5],"texture":"#0"},"east":{"uv":[0.75,6,4.5,6.25],"texture":"#0"},"south":{"uv":[4,4.5,4.25,4.75],"texture":"#0"},"west":{"uv":[0.75,6,4.5,6.25],"texture":"#0"},"up":{"uv":[4.5,6.25,0.75,6],"rotation":90,"texture":"#0"},"down":{"uv":[4.5,6,0.75,6.25],"rotation":270,"texture":"#0"}}},{"from":[5,3,18.5],"to":[7,4,22.5],"faces":{"north":{"uv":[4.5,2,5,2.25],"texture":"#0"},"east":{"uv":[4,1.5,5,1.75],"texture":"#0"},"south":{"uv":[4.5,2,5,2.25],"texture":"#0"},"west":{"uv":[4,1.5,5,1.75],"texture":"#0"},"up":{"uv":[4.5,6,3.5,5.5],"rotation":90,"texture":"#0"},"down":{"uv":[4.5,5.5,3.5,6],"rotation":270,"texture":"#0"}}},{"from":[7.5,1.5,12.5],"to":[8.5,20.5,14.5],"faces":{"north":{"uv":[0.75,6.5,1,11.25],"texture":"#0"},"east":{"uv":[3,1.25,3.5,6],"texture":"#0"},"south":{"uv":[0.75,6.5,1,11.25],"texture":"#0"},"west":{"uv":[3,1.25,3.5,6],"texture":"#0"}}},{"from":[7.5,0.5,27.5],"to":[8.5,4.5,28.5],"faces":{"north":{"uv":[4,2.25,4.25,3.25],"texture":"#0"},"east":{"uv":[4,2.25,4.25,3.25],"texture":"#0"},"south":{"uv":[4,3.25,4.25,4.25],"texture":"#0"},"west":{"uv":[4,2.25,4.25,3.25],"texture":"#0"},"up":{"uv":[4.25,4.5,4,4.25],"rotation":90,"texture":"#0"}}},{"from":[6.5,2.5,27.5],"to":[9.5,3.5,28.5],"faces":{"north":{"uv":[3.5,4.75,4.25,5],"texture":"#0"},"south":{"uv":[3.5,4.75,4.25,5],"texture":"#0"},"up":{"uv":[4,4,3.75,3.25],"rotation":90,"texture":"#0"},"down":{"uv":[4,3.25,3.75,4],"rotation":270,"texture":"#0"}}},{"from":[5.5,3.5,13.5],"to":[6.5,27.5,14.5],"faces":{"north":{"uv":[0.5,6,0.75,12],"texture":"#0"},"east":{"uv":[0.5,6,0.75,12],"texture":"#0"},"south":{"uv":[0.5,6,0.75,12],"texture":"#0"},"west":{"uv":[0.5,6,0.75,12],"texture":"#0"},"up":{"uv":[4,4.75,3.75,4.5],"rotation":90,"texture":"#0"}}},{"from":[9,3,18.5],"to":[11,4,22.5],"faces":{"north":{"uv":[4.5,2,5,2.25],"texture":"#0"},"east":{"uv":[4,1.5,5,1.75],"texture":"#0"},"south":{"uv":[4.5,2,5,2.25],"texture":"#0"},"west":{"uv":[4,1.5,5,1.75],"texture":"#0"},"up":{"uv":[4.5,6,3.5,5.5],"rotation":90,"texture":"#0"},"down":{"uv":[4.5,5.5,3.5,6],"rotation":270,"texture":"#0"}}},{"from":[9.5,2.5,13.5],"to":[10.5,3.5,28.5],"faces":{"north":{"uv":[3.75,4.25,4,4.5],"texture":"#0"},"east":{"uv":[0.75,6,4.5,6.25],"texture":"#0"},"south":{"uv":[4,4.5,4.25,4.75],"texture":"#0"},"west":{"uv":[0.75,6,4.5,6.25],"texture":"#0"},"up":{"uv":[4.5,6.25,0.75,6],"rotation":90,"texture":"#0"},"down":{"uv":[4.5,6,0.75,6.25],"rotation":270,"texture":"#0"}}},{"from":[9.5,3.5,13.5],"to":[10.5,27.5,14.5],"faces":{"north":{"uv":[0.5,6,0.75,12],"texture":"#0"},"east":{"uv":[0.5,6,0.75,12],"texture":"#0"},"south":{"uv":[0.5,6,0.75,12],"texture":"#0"},"west":{"uv":[0.5,6,0.75,12],"texture":"#0"},"up":{"uv":[4,4.75,3.75,4.5],"rotation":90,"texture":"#0"}}},{"from":[4.5,20.5,13],"to":[11.5,21.5,15],"faces":{"north":{"uv":[3.5,1.25,5.25,1.5],"texture":"#0"},"east":{"uv":[3.5,5.25,4,5.5],"texture":"#0"},"south":{"uv":[3.5,1.25,5.25,1.5],"texture":"#0"},"west":{"uv":[1.25,7.75,1.75,8],"texture":"#0"},"up":{"uv":[4,3.25,3.5,1.5],"rotation":90,"texture":"#0"},"down":{"uv":[4,1.5,3.5,3.25],"rotation":270,"texture":"#0"}}},{"from":[5.5,0.5,1.5],"to":[10.5,1.5,3.5],"rotation":{"angle":0,"axis":"y","origin":[0,0,16]},"faces":{"north":{"uv":[3.5,6.5,2.25,6.75],"texture":"#0"},"east":{"uv":[5,1.75,4.5,2],"texture":"#0"},"south":{"uv":[3.5,6.5,2.25,6.75],"texture":"#0"},"west":{"uv":[5,1.75,4.5,2],"texture":"#0"},"up":{"uv":[1.25,7.75,1.75,6.5],"rotation":90,"texture":"#0"},"down":{"uv":[1.25,6.5,1.75,7.75],"rotation":270,"texture":"#0"}}},{"from":[9.5,3.5,1.5],"to":[10.5,27.5,2.5],"rotation":{"angle":0,"axis":"y","origin":[0,0,16]},"faces":{"north":{"uv":[0.75,6,0.5,12],"texture":"#0"},"east":{"uv":[0.75,6,0.5,12],"texture":"#0"},"south":{"uv":[0.75,6,0.5,12],"texture":"#0"},"west":{"uv":[0.75,6,0.5,12],"texture":"#0"},"up":{"uv":[3.75,4.75,4,4.5],"rotation":90,"texture":"#0"}}},{"from":[7.5,1.5,1.5],"to":[8.5,20.5,3.5],"rotation":{"angle":0,"axis":"y","origin":[0,0,16]},"faces":{"north":{"uv":[1,6.5,0.75,11.25],"texture":"#0"},"east":{"uv":[3.5,1.25,3,6],"texture":"#0"},"south":{"uv":[1,6.5,0.75,11.25],"texture":"#0"},"west":{"uv":[3.5,1.25,3,6],"texture":"#0"}}},{"from":[4.5,20.5,1],"to":[11.5,21.5,3],"rotation":{"angle":0,"axis":"y","origin":[0,0,16]},"faces":{"north":{"uv":[5.25,1.25,3.5,1.5],"texture":"#0"},"east":{"uv":[4,5.25,3.5,5.5],"texture":"#0"},"south":{"uv":[5.25,1.25,3.5,1.5],"texture":"#0"},"west":{"uv":[1.75,7.75,1.25,8],"texture":"#0"},"up":{"uv":[3.5,3.25,4,1.5],"rotation":90,"texture":"#0"},"down":{"uv":[3.5,1.5,4,3.25],"rotation":270,"texture":"#0"}}},{"from":[5.5,3.5,1.5],"to":[6.5,27.5,2.5],"rotation":{"angle":0,"axis":"y","origin":[0,0,16]},"faces":{"north":{"uv":[0.75,6,0.5,12],"texture":"#0"},"east":{"uv":[0.75,6,0.5,12],"texture":"#0"},"south":{"uv":[0.75,6,0.5,12],"texture":"#0"},"west":{"uv":[0.75,6,0.5,12],"texture":"#0"},"up":{"uv":[3.75,4.75,4,4.5],"rotation":90,"texture":"#0"}}},{"from":[9,3,-6.5],"to":[11,4,-2.5],"rotation":{"angle":0,"axis":"y","origin":[0,0,16]},"faces":{"north":{"uv":[5,2,4.5,2.25],"texture":"#0"},"east":{"uv":[5,1.5,4,1.75],"texture":"#0"},"south":{"uv":[5,2,4.5,2.25],"texture":"#0"},"west":{"uv":[5,1.5,4,1.75],"texture":"#0"},"up":{"uv":[3.5,6,4.5,5.5],"rotation":90,"texture":"#0"},"down":{"uv":[3.5,5.5,4.5,6],"rotation":270,"texture":"#0"}}},{"from":[5,3,-6.5],"to":[7,4,-2.5],"rotation":{"angle":0,"axis":"y","origin":[0,0,16]},"faces":{"north":{"uv":[5,2,4.5,2.25],"texture":"#0"},"east":{"uv":[5,1.5,4,1.75],"texture":"#0"},"south":{"uv":[5,2,4.5,2.25],"texture":"#0"},"west":{"uv":[5,1.5,4,1.75],"texture":"#0"},"up":{"uv":[3.5,6,4.5,5.5],"rotation":90,"texture":"#0"},"down":{"uv":[3.5,5.5,4.5,6],"rotation":270,"texture":"#0"}}},{"from":[5.5,2.5,-12.5],"to":[6.5,3.5,2.5],"rotation":{"angle":0,"axis":"y","origin":[0,0,16]},"faces":{"north":{"uv":[4.25,4.5,4,4.75],"texture":"#0"},"east":{"uv":[4.5,6,0.75,6.25],"texture":"#0"},"south":{"uv":[4,4.25,3.75,4.5],"texture":"#0"},"west":{"uv":[4.5,6,0.75,6.25],"texture":"#0"},"up":{"uv":[0.75,6.25,4.5,6],"rotation":90,"texture":"#0"},"down":{"uv":[0.75,6,4.5,6.25],"rotation":270,"texture":"#0"}}},{"from":[9.5,2.5,-12.5],"to":[10.5,3.5,2.5],"rotation":{"angle":0,"axis":"y","origin":[0,0,16]},"faces":{"north":{"uv":[4.25,4.5,4,4.75],"texture":"#0"},"east":{"uv":[4.5,6,0.75,6.25],"texture":"#0"},"south":{"uv":[4,4.25,3.75,4.5],"texture":"#0"},"west":{"uv":[4.5,6,0.75,6.25],"texture":"#0"},"up":{"uv":[0.75,6.25,4.5,6],"rotation":90,"texture":"#0"},"down":{"uv":[0.75,6,4.5,6.25],"rotation":270,"texture":"#0"}}},{"from":[7.5,0.5,-12.5],"to":[8.5,4.5,-11.5],"rotation":{"angle":0,"axis":"y","origin":[0,0,16]},"faces":{"north":{"uv":[4.25,3.25,4,4.25],"texture":"#0"},"east":{"uv":[4.25,2.25,4,3.25],"texture":"#0"},"south":{"uv":[4.25,2.25,4,3.25],"texture":"#0"},"west":{"uv":[4.25,2.25,4,3.25],"texture":"#0"},"up":{"uv":[4,4.5,4.25,4.25],"rotation":90,"texture":"#0"}}},{"from":[5.5,0.5,-12.5],"to":[10.5,1.5,-11.5],"rotation":{"angle":0,"axis":"y","origin":[0,0,16]},"faces":{"north":{"uv":[4.75,5,3.5,5.25],"texture":"#0"},"east":{"uv":[2.25,6.5,2,6.75],"texture":"#0"},"south":{"uv":[4.75,5,3.5,5.25],"texture":"#0"},"west":{"uv":[4.25,5.25,4,5.5],"texture":"#0"},"up":{"uv":[1.75,7.75,2,6.5],"rotation":90,"texture":"#0"},"down":{"uv":[3.5,3.25,3.75,4.5],"rotation":270,"texture":"#0"}}},{"from":[7.5,0.5,-11.5],"to":[8.5,1.5,1.5],"rotation":{"angle":0,"axis":"y","origin":[0,0,16]},"faces":{"east":{"uv":[4,6.25,0.75,6.5],"texture":"#0"},"west":{"uv":[4,6.25,0.75,6.5],"texture":"#0"},"up":{"uv":[0.75,6.5,4,6.25],"rotation":90,"texture":"#0"},"down":{"uv":[0.75,6.25,4,6.5],"rotation":270,"texture":"#0"}}},{"from":[6.5,2.5,-12.5],"to":[9.5,3.5,-11.5],"rotation":{"angle":0,"axis":"y","origin":[0,0,16]},"faces":{"north":{"uv":[4.25,4.75,3.5,5],"texture":"#0"},"south":{"uv":[4.25,4.75,3.5,5],"texture":"#0"},"up":{"uv":[3.75,4,4,3.25],"rotation":90,"texture":"#0"},"down":{"uv":[3.75,3.25,4,4],"rotation":270,"texture":"#0"}}},{"from":[0,0,7],"to":[2,32,9],"faces":{"north":{"uv":[0,6,0.5,14],"texture":"#0"},"east":{"uv":[0,6,0.5,14],"texture":"#0"},"south":{"uv":[0,6,0.5,14],"texture":"#0"},"west":{"uv":[0,6,0.5,14],"texture":"#0"},"up":{"uv":[4.5,2.25,4,1.75],"rotation":90,"texture":"#0"},"down":{"uv":[4.5,1.75,4,2.25],"rotation":270,"texture":"#0"}}},{"from":[14,0,7],"to":[16,32,9],"faces":{"north":{"uv":[0,6,0.5,14],"texture":"#0"},"east":{"uv":[0,6,0.5,14],"texture":"#0"},"south":{"uv":[0,6,0.5,14],"texture":"#0"},"west":{"uv":[0,6,0.5,14],"texture":"#0"},"up":{"uv":[4.5,2.25,4,1.75],"rotation":90,"texture":"#0"},"down":{"uv":[4.5,1.75,4,2.25],"rotation":270,"texture":"#0"}}}],"gui_light":"front","display":{"thirdperson_righthand":{"scale":[0.19,0.19,0.19]},"thirdperson_lefthand":{"scale":[0.19,0.19,0.19]},"firstperson_righthand":{"scale":[0.19,0.19,0.19]},"firstperson_lefthand":{"scale":[0.19,0.19,0.19]},"ground":{"translation":[0,1,0],"scale":[0.33,0.33,0.33]},"gui":{"rotation":[28,148,0],"translation":[-0.25,-1.5,0],"scale":[0.26,0.26,0.26]},"head":{"rotation":[0,-180,0],"translation":[0,-22.25,0],"scale":[2.61,2.61,2.61]},"fixed":{"translation":[0,-3,-4.75],"scale":[0.54,0.54,0.54]}}}