{"credit":"Made with Blockbench","texture_size":[128,128],"textures":{"1":"elitecreatures:livingroom_furniture_v1/livingroom_frame_1"},"elements":[{"from":[2,1,14],"to":[14,2,15],"rotation":{"angle":0,"axis":"y","origin":[8,0,8]},"faces":{"north":{"uv":[6.875,4,8.375,4.125],"texture":"#1"},"east":{"uv":[6.75,4,6.875,4.125],"texture":"#1"},"south":{"uv":[8.5,4,10,4.125],"texture":"#1"},"west":{"uv":[8.375,4,8.5,4.125],"texture":"#1"},"up":{"uv":[8.375,4,6.875,3.875],"texture":"#1"},"down":{"uv":[9.875,3.875,8.375,4],"texture":"#1"}}},{"from":[1,1,15],"to":[15,31,16],"rotation":{"angle":0,"axis":"y","origin":[8,0,8]},"faces":{"north":{"uv":[0.125,0.125,1.875,3.875],"texture":"#1"},"east":{"uv":[0,0.125,0.125,3.875],"texture":"#1"},"south":{"uv":[2,0.125,3.75,3.875],"texture":"#1"},"west":{"uv":[1.875,0.125,2,3.875],"texture":"#1"},"up":{"uv":[1.875,0.125,0.125,0],"texture":"#1"},"down":{"uv":[3.625,0,1.875,0.125],"texture":"#1"}}},{"from":[14,1,14],"to":[15,31,15],"rotation":{"angle":0,"axis":"y","origin":[8,0,8]},"faces":{"north":{"uv":[6.875,0.125,7,3.875],"texture":"#1"},"east":{"uv":[6.75,0.125,6.875,3.875],"texture":"#1"},"south":{"uv":[7.125,0.125,7.25,3.875],"texture":"#1"},"west":{"uv":[7,0.125,7.125,3.875],"texture":"#1"},"up":{"uv":[7,0.125,6.875,0],"texture":"#1"},"down":{"uv":[7.125,0,7,0.125],"texture":"#1"}}},{"from":[1,1,14],"to":[2,31,15],"rotation":{"angle":0,"axis":"y","origin":[8,0,8]},"faces":{"north":{"uv":[3.125,4,3.25,7.75],"texture":"#1"},"east":{"uv":[3,4,3.125,7.75],"texture":"#1"},"south":{"uv":[3.375,4,3.5,7.75],"texture":"#1"},"west":{"uv":[3.25,4,3.375,7.75],"texture":"#1"},"up":{"uv":[3.25,4,3.125,3.875],"texture":"#1"},"down":{"uv":[3.375,3.875,3.25,4],"texture":"#1"}}},{"from":[2,30,14],"to":[14,31,15],"rotation":{"angle":0,"axis":"y","origin":[8,0,8]},"faces":{"north":{"uv":[6.875,4.25,8.375,4.375],"texture":"#1"},"east":{"uv":[6.75,4.25,6.875,4.375],"texture":"#1"},"south":{"uv":[8.5,4.25,10,4.375],"texture":"#1"},"west":{"uv":[8.375,4.25,8.5,4.375],"texture":"#1"},"up":{"uv":[8.375,4.25,6.875,4.125],"texture":"#1"},"down":{"uv":[9.875,4.125,8.375,4.25],"texture":"#1"}}},{"from":[2,2,14.9],"to":[14,30,14.9],"rotation":{"angle":0,"axis":"y","origin":[8,0,19.9]},"faces":{"north":{"uv":[3.75,3.5,5.25,7],"texture":"#1"},"east":{"uv":[3.75,3.5,3.75,7],"texture":"#1"},"south":{"uv":[5.25,3.5,6.75,7],"texture":"#1"},"west":{"uv":[5.25,3.5,5.25,7],"texture":"#1"},"up":{"uv":[5.25,3.5,3.75,3.5],"texture":"#1"},"down":{"uv":[6.75,3.5,5.25,3.5],"texture":"#1"}}}],"gui_light":"front","display":{"thirdperson_righthand":{"rotation":[67.5,0,0],"translation":[0,1.25,-1.5],"scale":[0.22266,0.22266,0.22266]},"thirdperson_lefthand":{"rotation":[67.5,0,0],"translation":[0,1.25,-1.5],"scale":[0.22266,0.22266,0.22266]},"firstperson_righthand":{"translation":[1.25,3.25,0],"scale":[0.29648,0.29648,0.29648]},"firstperson_lefthand":{"translation":[1.25,3.25,0],"scale":[0.29648,0.29648,0.29648]},"ground":{"translation":[0,6,-2.5],"scale":[0.4,0.4,0.4]},"gui":{"rotation":[30,135,0],"translation":[-2.5,-4.5,0],"scale":[0.48242,0.48242,0.48242]},"head":{"rotation":[0,180,0],"translation":[0,-30.4,0],"scale":[1.6,1.6,1.6]},"fixed":{"translation":[0,0,-16],"scale":[2,2,2]}}}