{"credit":"Made with Blockbench","texture_size":[64,64],"textures":{"1":"elitecreatures:livingroom_furniture_v1/livingroom_sound_system"},"elements":[{"from":[5,0,5],"to":[11,2,11],"rotation":{"angle":0,"axis":"y","origin":[8,0,8]},"faces":{"north":{"uv":[6,4.75,7.5,5.25],"texture":"#1"},"east":{"uv":[4.5,4.75,6,5.25],"texture":"#1"},"south":{"uv":[9,4.75,10.5,5.25],"texture":"#1"},"west":{"uv":[7.5,4.75,9,5.25],"texture":"#1"},"up":{"uv":[7.5,4.75,6,3.25],"texture":"#1"},"down":{"uv":[9,3.25,7.5,4.75],"texture":"#1"}}},{"from":[5,3,5],"to":[11,16,11],"rotation":{"angle":0,"axis":"y","origin":[8,0,8]},"faces":{"north":{"uv":[1.5,1.5,3,4.75],"texture":"#1"},"east":{"uv":[0,1.5,1.5,4.75],"texture":"#1"},"south":{"uv":[4.5,1.5,6,4.75],"texture":"#1"},"west":{"uv":[3,1.5,4.5,4.75],"texture":"#1"},"up":{"uv":[3,1.5,1.5,0],"texture":"#1"},"down":{"uv":[4.5,0,3,1.5],"texture":"#1"}}},{"from":[6,2,6],"to":[10,3,10],"rotation":{"angle":0,"axis":"y","origin":[8,0,8]},"faces":{"north":{"uv":[5.5,1,6.5,1.25],"texture":"#1"},"east":{"uv":[4.5,1,5.5,1.25],"texture":"#1"},"south":{"uv":[7.5,1,8.5,1.25],"texture":"#1"},"west":{"uv":[6.5,1,7.5,1.25],"texture":"#1"},"up":{"uv":[6.5,1,5.5,0],"texture":"#1"},"down":{"uv":[7.5,0,6.5,1],"texture":"#1"}}}],"gui_light":"front","display":{"thirdperson_righthand":{"rotation":[67.5,0,0],"translation":[0,1.25,0],"scale":[0.375,0.375,0.375]},"thirdperson_lefthand":{"rotation":[67.5,0,0],"translation":[0,1.25,0],"scale":[0.375,0.375,0.375]},"firstperson_righthand":{"translation":[4,3.75,0],"scale":[0.4,0.4,0.4]},"firstperson_lefthand":{"translation":[4,3.75,0],"scale":[0.4,0.4,0.4]},"ground":{"translation":[0,6,0],"scale":[0.55,0.55,0.55]},"gui":{"rotation":[30,135,0],"scale":[0.8418,0.8418,0.8418]},"head":{"rotation":[0,180,0],"translation":[0,-30.4,0],"scale":[1.6,1.6,1.6]},"fixed":{"rotation":[-90,0,0],"translation":[0,0,-16],"scale":[2,2,2]}}}