{"credit":"MadewithBlockbench","texture_size":[64,64],"textures":{"1":"viking_furniture_v2:statue_4"},"elements":[{"from":[3,22,11.25],"to":[13,32,11.25],"rotation":{"angle":0,"axis":"y","origin":[24,26,-7]},"faces":{"north":{"uv":[0,0,2.5,2.5],"texture":"#1"},"south":{"uv":[0,2.5,2.5,5],"texture":"#1"}}},{"from":[1,14,11.15],"to":[11,24,11.15],"rotation":{"angle":45,"axis":"z","origin":[5,17,11.25]},"faces":{"north":{"uv":[2.5,0,5,2.5],"texture":"#1"},"south":{"uv":[2.5,2.5,5,5],"texture":"#1"}}},{"from":[3,0,3],"to":[13,2,13],"rotation":{"angle":0,"axis":"y","origin":[12,0.5,5]},"faces":{"north":{"uv":[0,8.75,2.5,9.25],"texture":"#1"},"east":{"uv":[8.75,2.5,11.25,3],"texture":"#1"},"south":{"uv":[8.75,3,11.25,3.5],"texture":"#1"},"west":{"uv":[8.75,3.5,11.25,4],"texture":"#1"},"up":{"uv":[2.5,7.5,0,5],"texture":"#1"},"down":{"uv":[7.5,0,5,2.5],"texture":"#1"}}},{"from":[6,25.5,7],"to":[10,27.5,11],"rotation":{"angle":0,"axis":"y","origin":[12,13,4]},"faces":{"north":{"uv":[11.25,2.75,12.25,3.25],"texture":"#1"},"east":{"uv":[11.25,3.25,12.25,3.75],"texture":"#1"},"south":{"uv":[11.25,3.75,12.25,4.25],"texture":"#1"},"west":{"uv":[11.25,4.25,12.25,4.75],"texture":"#1"},"up":{"uv":[1,10.25,0,9.25],"texture":"#1"},"down":{"uv":[2,9.25,1,10.25],"texture":"#1"}}},{"from":[6,21,7.5],"to":[6.5,25.5,11],"rotation":{"angle":0,"axis":"y","origin":[4,13,4]},"faces":{"north":{"uv":[11.5,5.5,11.625,6.625],"texture":"#1"},"east":{"uv":[9.25,1.25,10.125,2.375],"texture":"#1"},"south":{"uv":[10,11.5,10.125,12.625],"texture":"#1"},"west":{"uv":[3.75,9.25,4.625,10.375],"texture":"#1"}}},{"from":[9.5,21,7.5],"to":[10,25.5,11],"rotation":{"angle":0,"axis":"y","origin":[44,13,4]},"faces":{"north":{"uv":[10.25,11.5,10.375,12.625],"texture":"#1"},"east":{"uv":[9.25,8.75,10.125,9.875],"texture":"#1"},"south":{"uv":[10.5,11.5,10.625,12.625],"texture":"#1"},"west":{"uv":[9.5,0,10.375,1.125],"texture":"#1"}}},{"from":[6.5,22,7.5],"to":[9.5,25.5,11],"rotation":{"angle":0,"axis":"y","origin":[8,23.75,9.25]},"faces":{"north":{"uv":[1.5,10.5,2.25,11.375],"texture":"#1"},"east":{"uv":[10.25,1.25,11.125,2.125],"texture":"#1"},"south":{"uv":[2.25,10.5,3,11.375],"texture":"#1"},"west":{"uv":[10.25,8.75,11.125,9.625],"texture":"#1"},"up":{"uv":[3.75,11.375,3,10.5],"texture":"#1"},"down":{"uv":[4.5,10.5,3.75,11.375],"texture":"#1"}}},{"from":[7,21,7.5],"to":[9,22,11],"rotation":{"angle":0,"axis":"y","origin":[8,23.75,9.25]},"faces":{"north":{"uv":[8,8.5,8.5,8.75],"texture":"#1"},"east":{"uv":[8.75,4,9.625,4.25],"texture":"#1"},"south":{"uv":[1.5,10.25,2,10.5],"texture":"#1"},"west":{"uv":[10.25,2.25,11.125,2.5],"texture":"#1"}}},{"from":[6.25,22,6.5],"to":[8.75,25.5,9],"rotation":{"angle":-45,"axis":"y","origin":[8,23.75,8.25]},"faces":{"north":{"uv":[10.75,10.75,11.375,11.625],"texture":"#1"},"east":{"uv":[8.5,11,9.125,11.875],"texture":"#1"},"south":{"uv":[11.25,0.75,11.875,1.625],"texture":"#1"},"west":{"uv":[11.25,1.75,11.875,2.625],"texture":"#1"},"up":{"uv":[11.875,5.375,11.25,4.75],"texture":"#1"},"down":{"uv":[11.875,7.75,11.25,8.375],"texture":"#1"}}},{"from":[5.75,25,6],"to":[8.75,27,9],"rotation":{"angle":-45,"axis":"y","origin":[8,23.75,8.25]},"faces":{"north":{"uv":[10.5,0.75,11.25,1.25],"texture":"#1"},"east":{"uv":[11.25,8.5,12,9],"texture":"#1"},"south":{"uv":[11.25,9,12,9.5],"texture":"#1"},"west":{"uv":[9.25,11.25,10,11.75],"texture":"#1"},"up":{"uv":[11.5,6.25,10.75,5.5],"texture":"#1"},"down":{"uv":[11.5,6.25,10.75,7],"texture":"#1"}}},{"from":[7,26.5,7.5],"to":[9,28.5,10.5],"rotation":{"angle":45,"axis":"z","origin":[8,27.5,8]},"faces":{"north":{"uv":[2,9.25,2.5,9.75],"texture":"#1"},"east":{"uv":[11.25,9.5,12,10],"texture":"#1"},"south":{"uv":[4,11.5,4.5,12],"texture":"#1"},"west":{"uv":[11.25,10,12,10.5],"texture":"#1"},"up":{"uv":[3.75,10.5,3.25,9.75],"texture":"#1"},"down":{"uv":[0.5,11.5,0,12.25],"texture":"#1"}}},{"from":[4,2,5],"to":[12,7,12],"rotation":{"angle":0,"axis":"y","origin":[0,12,-4]},"faces":{"north":{"uv":[0,7.5,2,8.75],"texture":"#1"},"east":{"uv":[7.5,1.25,9.25,2.5],"texture":"#1"},"south":{"uv":[7.5,0,9.5,1.25],"texture":"#1"},"west":{"uv":[2,7.5,3.75,8.75],"texture":"#1"},"up":{"uv":[7,6.75,5,5],"texture":"#1"},"down":{"uv":[7,6.75,5,8.5],"texture":"#1"}}},{"from":[5,7,6],"to":[11,14,11],"rotation":{"angle":0,"axis":"y","origin":[0,12,-4]},"faces":{"north":{"uv":[7,5,8.5,6.75],"texture":"#1"},"east":{"uv":[7.5,2.5,8.75,4.25],"texture":"#1"},"south":{"uv":[7,6.75,8.5,8.5],"texture":"#1"},"west":{"uv":[3.75,7.5,5,9.25],"texture":"#1"},"up":{"uv":[10,5.5,8.5,4.25],"texture":"#1"},"down":{"uv":[6.5,8.5,5,9.75],"texture":"#1"}}},{"from":[5,17,6.5],"to":[11,21,11],"rotation":{"angle":0,"axis":"y","origin":[0,12,-5]},"faces":{"north":{"uv":[8.5,6.75,10,7.75],"texture":"#1"},"east":{"uv":[2.5,8.75,3.625,9.75],"texture":"#1"},"south":{"uv":[8.5,7.75,10,8.75],"texture":"#1"},"west":{"uv":[8,8.75,9.125,9.75],"texture":"#1"},"up":{"uv":[10,6.625,8.5,5.5],"texture":"#1"},"down":{"uv":[8,8.5,6.5,9.625],"texture":"#1"}}},{"from":[3,10,7.5],"to":[5,15,10],"rotation":{"angle":0,"axis":"y","origin":[5,20,8.75]},"faces":{"north":{"uv":[4.5,10.5,5,11.75],"texture":"#1"},"east":{"uv":[8.5,9.75,9.125,11],"texture":"#1"},"south":{"uv":[5,10.5,5.5,11.75],"texture":"#1"},"west":{"uv":[10,5.5,10.625,6.75],"texture":"#1"},"up":{"uv":[12,0.625,11.5,0],"texture":"#1"},"down":{"uv":[1,11.5,0.5,12.125],"texture":"#1"}}},{"from":[3,15,7.5],"to":[5,20,10],"rotation":{"angle":0,"axis":"y","origin":[5,20,8.75]},"faces":{"north":{"uv":[5.5,10.5,6,11.75],"texture":"#1"},"east":{"uv":[10,6.75,10.625,8],"texture":"#1"},"south":{"uv":[6,10.5,6.5,11.75],"texture":"#1"},"west":{"uv":[9.25,10,9.875,11.25],"texture":"#1"},"up":{"uv":[1.5,12.125,1,11.5],"texture":"#1"},"down":{"uv":[2,11.5,1.5,12.125],"texture":"#1"}}},{"from":[11.025,15.32708,1.7598],"to":[12.975,17.77708,6.7598],"rotation":{"angle":0,"axis":"y","origin":[11,15.35,6.8]},"faces":{"north":{"uv":[2,11.5,2.5,12.125],"texture":"#1"},"east":{"uv":[10,8,11.25,8.625],"texture":"#1"},"south":{"uv":[2.5,11.5,3,12.125],"texture":"#1"},"west":{"uv":[10,10,11.25,10.625],"texture":"#1"},"up":{"uv":[7,11.75,6.5,10.5],"texture":"#1"},"down":{"uv":[7.5,10.5,7,11.75],"texture":"#1"}}},{"from":[11,15,7.5],"to":[13,20,10],"rotation":{"angle":45,"axis":"x","origin":[11,19,8.75]},"faces":{"north":{"uv":[7.5,10.5,8,11.75],"texture":"#1"},"east":{"uv":[0,10.25,0.625,11.5],"texture":"#1"},"south":{"uv":[8,10.5,8.5,11.75],"texture":"#1"},"west":{"uv":[0.75,10.25,1.375,11.5],"texture":"#1"},"up":{"uv":[3.5,12.125,3,11.5],"texture":"#1"},"down":{"uv":[4,11.5,3.5,12.125],"texture":"#1"}}},{"from":[5,14,11.2],"to":[15,24,11.2],"rotation":{"angle":-45,"axis":"z","origin":[11,17,11.25]},"faces":{"north":{"uv":[2.5,5,5,7.5],"texture":"#1"},"south":{"uv":[5,2.5,7.5,5],"texture":"#1"}}},{"from":[6,14,6.5],"to":[10,17,11],"rotation":{"angle":0,"axis":"y","origin":[0,12,-5]},"faces":{"north":{"uv":[7.5,4.25,8.5,5],"texture":"#1"},"east":{"uv":[10,4,11.125,4.75],"texture":"#1"},"south":{"uv":[10.5,0,11.5,0.75],"texture":"#1"},"west":{"uv":[10,4.75,11.125,5.5],"texture":"#1"}}},{"from":[5.5,18,6.5],"to":[10.5,21,9.5],"rotation":{"angle":45,"axis":"x","origin":[8,21,6.5]},"faces":{"north":{"uv":[2,9.75,3.25,10.5],"texture":"#1"},"east":{"uv":[10.75,7,11.5,7.75],"texture":"#1"},"south":{"uv":[4.75,9.75,6,10.5],"texture":"#1"},"west":{"uv":[10,10.75,10.75,11.5],"texture":"#1"},"up":{"uv":[7.25,10.5,6,9.75],"texture":"#1"},"down":{"uv":[8.5,9.75,7.25,10.5],"texture":"#1"}}}],"gui_light":"front","display":{"thirdperson_righthand":{"rotation":[67.5,0,0],"translation":[0,2,1.5],"scale":[0.3,0.3,0.3]},"thirdperson_lefthand":{"rotation":[67.5,0,0],"translation":[0,2,1.5],"scale":[0.3,0.3,0.3]},"firstperson_righthand":{"translation":[2.25,3,0],"scale":[0.35,0.35,0.35]},"firstperson_lefthand":{"translation":[2.25,3,0],"scale":[0.35,0.35,0.35]},"ground":{"translation":[0,6,0],"scale":[0.5,0.5,0.5]},"gui":{"rotation":[30,-135,0],"translation":[0.25,-2.75,0],"scale":[0.4543,0.4543,0.4543]},"head":{"rotation":[0,180,0],"translation":[0,-30.4,0],"scale":[1.6,1.6,1.6]},"fixed":{"rotation":[-90,0,0],"translation":[0,0,-16],"scale":[2,2,2]}}}