{"credit":"Made with Blockbench","texture_size":[64,64],"textures":{"4":"medieval_rpg:sack"},"elements":[{"from":[2,0,2],"to":[14,9,14],"faces":{"north":{"uv":[3,0,6,2.25],"texture":"#4"},"east":{"uv":[3,0,6,2.25],"texture":"#4"},"south":{"uv":[3,0,6,2.25],"texture":"#4"},"west":{"uv":[3,0,6,2.25],"texture":"#4"},"up":{"uv":[3,3,0,0],"texture":"#4"},"down":{"uv":[3,3,0,6],"texture":"#4"}}},{"from":[5,9.25,1.75],"to":[11,9.25,6],"faces":{"north":{"uv":[0,0,1.5,0],"texture":"#4"},"east":{"uv":[0,0,1,0],"texture":"#4"},"south":{"uv":[0,0,1.5,0],"texture":"#4"},"west":{"uv":[0,0,1,0],"texture":"#4"},"up":{"uv":[8.5,7.75,7,6.75],"texture":"#4"},"down":{"uv":[9,3,7.5,4],"texture":"#4"}}},{"from":[5,4.25,1.75],"to":[11,9.25,1.75],"faces":{"north":{"uv":[6,3,7.5,4.25],"texture":"#4"},"east":{"uv":[0,0,0,1.25],"texture":"#4"},"south":{"uv":[6,4.25,7.5,5.5],"texture":"#4"},"west":{"uv":[0,0,0,1.25],"texture":"#4"},"up":{"uv":[1.5,0,0,0],"texture":"#4"},"down":{"uv":[1.5,0,0,0],"texture":"#4"}}},{"from":[5,9.25,10],"to":[11,9.25,14.25],"rotation":{"angle":0,"axis":"y","origin":[16,0,16]},"faces":{"north":{"uv":[0,0,1.5,0],"texture":"#4"},"east":{"uv":[0,0,1,0],"texture":"#4"},"south":{"uv":[0,0,1.5,0],"texture":"#4"},"west":{"uv":[0,0,1,0],"texture":"#4"},"up":{"uv":[7,6.75,8.5,7.75],"texture":"#4"},"down":{"uv":[7.5,4,9,3],"texture":"#4"}}},{"from":[5,4.25,14.25],"to":[11,9.25,14.25],"rotation":{"angle":0,"axis":"y","origin":[16,0,16]},"faces":{"north":{"uv":[6,4.25,7.5,5.5],"texture":"#4"},"east":{"uv":[0,0,0,1.25],"texture":"#4"},"south":{"uv":[6,3,7.5,4.25],"texture":"#4"},"west":{"uv":[0,0,0,1.25],"texture":"#4"},"up":{"uv":[0,0,1.5,0],"texture":"#4"},"down":{"uv":[0,0,1.5,0],"texture":"#4"}}},{"from":[6,9,6],"to":[10,11,10],"faces":{"north":{"uv":[8,7.75,9,8.25],"texture":"#4"},"east":{"uv":[0,8.25,1,8.75],"texture":"#4"},"south":{"uv":[1,8.25,2,8.75],"texture":"#4"},"west":{"uv":[2,8.25,3,8.75],"texture":"#4"},"up":{"uv":[8,8.75,7,7.75],"texture":"#4"},"down":{"uv":[9,0,8,1],"texture":"#4"}}},{"from":[5.75,9,5.75],"to":[10.25,11,10.25],"faces":{"north":{"uv":[8,2.5,9.25,3],"texture":"#4"},"east":{"uv":[8,2.5,9.25,3],"texture":"#4"},"south":{"uv":[8,2.5,9.25,3],"texture":"#4"},"west":{"uv":[8,2.5,9.25,3],"texture":"#4"},"up":{"uv":[5.75,8,4.5,6.75],"texture":"#4"},"down":{"uv":[7,6.75,5.75,8],"texture":"#4"}}},{"from":[4,11,5],"to":[12,13,11],"faces":{"north":{"uv":[7.5,6,9.5,6.5],"texture":"#4"},"east":{"uv":[7.75,6,9.25,6.5],"texture":"#4"},"south":{"uv":[7.5,6,9.5,6.5],"texture":"#4"},"west":{"uv":[7.75,6,9.25,6.5],"texture":"#4"},"up":{"uv":[8,1.5,6,0],"texture":"#4"},"down":{"uv":[8,1.5,6,3],"texture":"#4"}}}],"gui_light":"front","display":{"ground":{"translation":[0,3,0],"scale":[0.25,0.25,0.25]},"fixed":{"rotation":[-90,0,0],"translation":[0,0,-16],"scale":[2,2,2]}},"groups":[{"name":"root","origin":[8,8,8],"color":0,"nbt":"{}","children":[0,1,2,3,4,5,6,7]}]}