{"credit":"Made by LZLeon with Blockbench, Contact - Discord: LZBlocks#0261 - E-Mail: lzblocks@outlook.com","texture_size":[128,128],"textures":{"1":"bedroom:furniture/bedroom/bedroom_lamp","particle":"bedroom:furniture/bedroom/bedroom_lamp"},"elements":[{"from":[3,6,3],"to":[13,6,13],"faces":{"north":{"uv":[5.125,1.375,6.375,1.375],"texture":"#1"},"east":{"uv":[3.875,1.375,5.125,1.375],"texture":"#1"},"south":{"uv":[7.625,1.375,8.875,1.375],"texture":"#1"},"west":{"uv":[6.375,1.375,7.625,1.375],"texture":"#1"},"up":{"uv":[6.375,1.375,5.125,0.125],"texture":"#1"},"down":{"uv":[7.625,0.125,6.375,1.375],"texture":"#1"}}},{"from":[3,17,3],"to":[13,17,13],"faces":{"north":{"uv":[1.25,4,2.5,4],"texture":"#1"},"east":{"uv":[0,4,1.25,4],"texture":"#1"},"south":{"uv":[3.75,4,5,4],"texture":"#1"},"west":{"uv":[2.5,4,3.75,4],"texture":"#1"},"up":{"uv":[2.5,4,1.25,2.75],"texture":"#1"},"down":{"uv":[3.75,2.75,2.5,4],"texture":"#1"}}},{"from":[7,2,7],"to":[9,8,9],"faces":{"north":{"uv":[0.25,0.25,0.5,1],"texture":"#1"},"east":{"uv":[0,0.25,0.25,1],"texture":"#1"},"south":{"uv":[0.75,0.25,1,1],"texture":"#1"},"west":{"uv":[0.5,0.25,0.75,1],"texture":"#1"},"up":{"uv":[0.5,0.25,0.25,0],"texture":"#1"},"down":{"uv":[0.75,0,0.5,0.25],"texture":"#1"}}},{"from":[6,8,6],"to":[10,14,10],"faces":{"north":{"uv":[5.75,6.125,6.25,6.875],"texture":"#1"},"east":{"uv":[5.25,6.125,5.75,6.875],"texture":"#1"},"south":{"uv":[6.75,6.125,7.25,6.875],"texture":"#1"},"west":{"uv":[6.25,6.125,6.75,6.875],"texture":"#1"},"up":{"uv":[6.25,6.125,5.75,5.625],"texture":"#1"},"down":{"uv":[6.75,5.625,6.25,6.125],"texture":"#1"}}},{"from":[3,16,3],"to":[13,16,13],"faces":{"north":{"uv":[1.25,2.625,2.5,2.625],"texture":"#1"},"east":{"uv":[0,2.625,1.25,2.625],"texture":"#1"},"south":{"uv":[3.75,2.625,5,2.625],"texture":"#1"},"west":{"uv":[2.5,2.625,3.75,2.625],"texture":"#1"},"up":{"uv":[2.5,2.625,1.25,1.375],"texture":"#1"},"down":{"uv":[3.75,1.375,2.5,2.625],"texture":"#1"}}},{"from":[3,7,3],"to":[13,7,13],"faces":{"north":{"uv":[1.25,1.25,2.5,1.25],"texture":"#1"},"east":{"uv":[0,1.25,1.25,1.25],"texture":"#1"},"south":{"uv":[3.75,1.25,5,1.25],"texture":"#1"},"west":{"uv":[2.5,1.25,3.75,1.25],"texture":"#1"},"up":{"uv":[2.5,1.25,1.25,0],"texture":"#1"},"down":{"uv":[3.75,0,2.5,1.25],"texture":"#1"}}},{"from":[3,6,3],"to":[3,17,13],"faces":{"north":{"uv":[1.25,6.75,1.25,8.125],"texture":"#1"},"east":{"uv":[0,6.75,1.25,8.125],"texture":"#1"},"south":{"uv":[2.5,6.75,2.5,8.125],"texture":"#1"},"west":{"uv":[1.25,6.75,2.5,8.125],"texture":"#1"},"up":{"uv":[1.25,6.75,1.25,5.5],"texture":"#1"},"down":{"uv":[1.25,5.5,1.25,6.75],"texture":"#1"}}},{"from":[3,6,3],"to":[13,17,3],"faces":{"north":{"uv":[2.625,5.625,3.875,7],"texture":"#1"},"east":{"uv":[2.625,5.625,2.625,7],"texture":"#1"},"south":{"uv":[3.875,5.625,5.125,7],"texture":"#1"},"west":{"uv":[3.875,5.625,3.875,7],"texture":"#1"},"up":{"uv":[3.875,5.625,2.625,5.625],"texture":"#1"},"down":{"uv":[5.125,5.625,3.875,5.625],"texture":"#1"}}},{"from":[3,6,13],"to":[13,17,13],"faces":{"north":{"uv":[5.5,1.5,6.75,2.875],"texture":"#1"},"east":{"uv":[5.5,1.5,5.5,2.875],"texture":"#1"},"south":{"uv":[6.75,1.5,8,2.875],"texture":"#1"},"west":{"uv":[6.75,1.5,6.75,2.875],"texture":"#1"},"up":{"uv":[6.75,1.5,5.5,1.5],"texture":"#1"},"down":{"uv":[8,1.5,6.75,1.5],"texture":"#1"}}},{"from":[13,6,3],"to":[13,17,13],"faces":{"north":{"uv":[5.375,4.125,5.375,5.5],"texture":"#1"},"east":{"uv":[4.125,4.125,5.375,5.5],"texture":"#1"},"south":{"uv":[6.625,4.125,6.625,5.5],"texture":"#1"},"west":{"uv":[5.375,4.125,6.625,5.5],"texture":"#1"},"up":{"uv":[5.375,4.125,5.375,2.875],"texture":"#1"},"down":{"uv":[5.375,2.875,5.375,4.125],"texture":"#1"}}},{"from":[4,0,4],"to":[12,2,12],"faces":{"north":{"uv":[1,5.125,2,5.375],"texture":"#1"},"east":{"uv":[0,5.125,1,5.375],"texture":"#1"},"south":{"uv":[3,5.125,4,5.375],"texture":"#1"},"west":{"uv":[2,5.125,3,5.375],"texture":"#1"},"up":{"uv":[2,5.125,1,4.125],"texture":"#1"},"down":{"uv":[3,4.125,2,5.125],"texture":"#1"}}}],"display":{"thirdperson_righthand":{"rotation":[60,-160,0],"translation":[-0.75,2,-1.5],"scale":[-0.6,0.6,-0.6]},"thirdperson_lefthand":{"rotation":[60,-160,0],"translation":[-0.75,2,-1.5],"scale":[-0.6,0.6,-0.6]},"firstperson_righthand":{"rotation":[0,-73,6],"translation":[1.5,2,0],"scale":[-0.4,0.4,-0.4]},"firstperson_lefthand":{"rotation":[0,-73,6],"translation":[1.5,2,0],"scale":[-0.4,0.4,-0.4]},"ground":{"translation":[0,1.5,0],"scale":[0.35,0.35,0.35]},"gui":{"rotation":[30,-40,0],"translation":[0,-0.75,0],"scale":[-0.55,0.55,-0.55]},"head":{"translation":[0,-30.4,0],"scale":[1.6,1.6,1.6]},"fixed":{"rotation":[90,0,-180],"translation":[0,0,-15],"scale":[2,2,2]}}}