{"credit":"Made with Blockbench","textures":{"1":"leafy_garden_pack_2:garden_tool_2"},"elements":[{"from":[7,0,2],"to":[9,2,6],"faces":{"north":{"uv":[10,0,12,2],"texture":"#1"},"east":{"uv":[0,8,4,10],"texture":"#1"},"south":{"uv":[2,10,4,12],"texture":"#1"},"west":{"uv":[4,8,8,10],"texture":"#1"},"up":{"uv":[10,12,8,8],"texture":"#1"},"down":{"uv":[2,10,0,14],"texture":"#1"}}},{"from":[5.5,1,6],"to":[10.5,1,14],"faces":{"north":{"uv":[0,0,5,0],"texture":"#1"},"east":{"uv":[0,0,8,0],"texture":"#1"},"south":{"uv":[0,0,5,0],"texture":"#1"},"west":{"uv":[0,0,8,0],"texture":"#1"},"up":{"uv":[5,8,0,0],"texture":"#1"},"down":{"uv":[10,0,5,8],"texture":"#1"}}}],"display":{"thirdperson_righthand":{"rotation":[75,45,0],"translation":[0,2.5,0],"scale":[0.375,0.375,0.375]},"thirdperson_lefthand":{"rotation":[75,45,0],"translation":[0,2.5,0],"scale":[0.375,0.375,0.375]},"firstperson_righthand":{"rotation":[0,45,0],"scale":[0.4,0.4,0.4]},"firstperson_lefthand":{"rotation":[0,225,0],"scale":[0.4,0.4,0.4]},"ground":{"translation":[0,3,0],"scale":[0.25,0.25,0.25]},"gui":{"rotation":[30,225,0],"translation":[0,-2.5,0],"scale":[0.625,0.625,0.625]},"fixed":{"rotation":[-90,0,0],"translation":[0,0,-16],"scale":[2,2,2]}}}