{"credit":"Made with Blockbench","texture_size":[64,64],"textures":{"0":"sakura_furniture_v1:sakuratabletexture","particle":"sakura_furniture_v1:sakuratabletexture"},"elements":[{"from":[7.25,8.60315,5.21778],"to":[8.75,16.60315,7.71778],"rotation":{"angle":-22.5,"axis":"x","origin":[7.86142,7.88257,8]},"faces":{"north":{"uv":[6,5.75,6.375,7.75],"texture":"#0"},"east":{"uv":[5.75,0.75,6.375,2.75],"texture":"#0"},"south":{"uv":[6.5,0.75,6.875,2.75],"texture":"#0"},"west":{"uv":[6.375,0.75,5.75,2.75],"texture":"#0"},"up":{"uv":[6.875,3.375,6.5,2.75],"texture":"#0"},"down":{"uv":[6.875,3.5,6.5,4.125],"texture":"#0"}}},{"from":[7.225,-1.18172,3.04957],"to":[8.775,9.31828,5.54957],"rotation":{"angle":22.5,"axis":"x","origin":[8,4.06828,4.29957]},"faces":{"north":{"uv":[5,5.75,5.375,8.375],"texture":"#0"},"east":{"uv":[5,0,5.625,2.625],"texture":"#0"},"south":{"uv":[5.5,5.75,5.875,8.375],"texture":"#0"},"west":{"uv":[5.625,0,5,2.625],"texture":"#0"},"up":{"uv":[6.125,5.375,5.75,4.75],"texture":"#0"},"down":{"uv":[6.625,4.75,6.25,5.375],"texture":"#0"}}},{"from":[7.225,-1.18172,10.45043],"to":[8.775,9.31828,12.95043],"rotation":{"angle":-22.5,"axis":"x","origin":[8,4.06828,11.70043]},"faces":{"north":{"uv":[5.875,5.75,5.5,8.375],"texture":"#0"},"east":{"uv":[5.625,0,5,2.625],"texture":"#0"},"south":{"uv":[5.375,5.75,5,8.375],"texture":"#0"},"west":{"uv":[5,0,5.625,2.625],"texture":"#0"},"up":{"uv":[6.125,4.75,5.75,5.375],"texture":"#0"},"down":{"uv":[6.625,5.375,6.25,4.75],"texture":"#0"}}},{"from":[7.25,8.60315,8.28222],"to":[8.75,16.60315,10.78222],"rotation":{"angle":22.5,"axis":"x","origin":[7.86142,7.88257,8]},"faces":{"north":{"uv":[6.875,0.75,6.5,2.75],"texture":"#0"},"east":{"uv":[6.375,0.75,5.75,2.75],"texture":"#0"},"south":{"uv":[6.375,5.75,6,7.75],"texture":"#0"},"west":{"uv":[5.75,0.75,6.375,2.75],"texture":"#0"},"up":{"uv":[6.875,2.75,6.5,3.375],"texture":"#0"},"down":{"uv":[6.875,4.125,6.5,3.5],"texture":"#0"}}},{"from":[4.78337,-2.30897,7.225],"to":[7.28337,8.19103,8.775],"rotation":{"angle":-22.5,"axis":"z","origin":[8,7.86287,8]},"faces":{"north":{"uv":[5,0,5.625,2.625],"texture":"#0"},"east":{"uv":[5.875,5.75,5.5,8.375],"texture":"#0"},"south":{"uv":[5.625,0,5,2.625],"texture":"#0"},"west":{"uv":[5.375,5.75,5,8.375],"texture":"#0"},"up":{"uv":[6.125,4.75,5.75,5.375],"rotation":90,"texture":"#0"},"down":{"uv":[6.625,5.375,6.25,4.75],"rotation":270,"texture":"#0"}}},{"from":[5.22532,8.60165,7.25],"to":[7.72532,16.60165,8.75],"rotation":{"angle":22.5,"axis":"z","origin":[8,7.86287,8]},"faces":{"north":{"uv":[5.75,0.75,6.375,2.75],"texture":"#0"},"east":{"uv":[6.875,0.75,6.5,2.75],"texture":"#0"},"south":{"uv":[6.375,0.75,5.75,2.75],"texture":"#0"},"west":{"uv":[6.375,5.75,6,7.75],"texture":"#0"},"up":{"uv":[6.875,2.75,6.5,3.375],"rotation":90,"texture":"#0"},"down":{"uv":[6.875,4.125,6.5,3.5],"rotation":270,"texture":"#0"}}},{"from":[8.27468,8.60165,7.25],"to":[10.77468,16.60165,8.75],"rotation":{"angle":-22.5,"axis":"z","origin":[8,7.86287,8]},"faces":{"north":{"uv":[6.375,0.75,5.75,2.75],"texture":"#0"},"east":{"uv":[6,5.75,6.375,7.75],"texture":"#0"},"south":{"uv":[5.75,0.75,6.375,2.75],"texture":"#0"},"west":{"uv":[6.5,0.75,6.875,2.75],"texture":"#0"},"up":{"uv":[6.875,3.375,6.5,2.75],"rotation":90,"texture":"#0"},"down":{"uv":[6.875,3.5,6.5,4.125],"rotation":270,"texture":"#0"}}},{"from":[8.71663,-2.30897,7.225],"to":[11.21663,8.19103,8.775],"rotation":{"angle":22.5,"axis":"z","origin":[8,7.86287,8]},"faces":{"north":{"uv":[5.625,0,5,2.625],"texture":"#0"},"east":{"uv":[5,5.75,5.375,8.375],"texture":"#0"},"south":{"uv":[5,0,5.625,2.625],"texture":"#0"},"west":{"uv":[5.5,5.75,5.875,8.375],"texture":"#0"},"up":{"uv":[6.125,5.375,5.75,4.75],"rotation":90,"texture":"#0"},"down":{"uv":[6.625,4.75,6.25,5.375],"rotation":270,"texture":"#0"}}},{"from":[-2,15,-2],"to":[18,16,18],"faces":{"north":{"uv":[5,5.5,10,5.75],"texture":"#0"},"east":{"uv":[5.75,0,10.75,0.25],"texture":"#0"},"south":{"uv":[10,5.5,5,5.75],"texture":"#0"},"west":{"uv":[10.75,0,5.75,0.25],"texture":"#0"},"up":{"uv":[5,5,0,0],"texture":"#0"},"down":{"uv":[5,5,0,10],"texture":"#0"}}}],"gui_light":"front","display":{"thirdperson_righthand":{"rotation":[67.5,0,0],"translation":[0,0.75,-0.25],"scale":[0.2168,0.2168,0.2168]},"thirdperson_lefthand":{"rotation":[67.5,0,0],"translation":[0,0.75,-0.25],"scale":[0.2168,0.2168,0.2168]},"firstperson_righthand":{"translation":[3,2.25,0],"scale":[0.28125,0.28125,0.28125]},"firstperson_lefthand":{"translation":[3,2.25,0],"scale":[0.28125,0.28125,0.28125]},"ground":{"translation":[0,6,0],"scale":[0.45,0.45,0.45]},"gui":{"rotation":[30,135,0],"translation":[0,-1.25,0],"scale":[0.53906,0.53906,0.53906]},"head":{"rotation":[0,180,0],"translation":[0,-30.4,0],"scale":[1.6,1.6,1.6]},"fixed":{"rotation":[-90,0,0],"translation":[0,0,-16],"scale":[2,2,2]}}}