{"credit":"MadewithBlockbench","texture_size":[64,64],"textures":{"1":"viking_furniture_v2:wooden_pillar"},"elements":[{"from":[5,-16,5],"to":[11,-11,11],"rotation":{"angle":0,"axis":"y","origin":[8,7.5,8]},"faces":{"north":{"uv":[8.25,6.25,9.75,7.5],"texture":"#1"},"east":{"uv":[8.25,7.5,9.75,8.75],"texture":"#1"},"south":{"uv":[8.75,1.5,10.25,2.75],"texture":"#1"},"west":{"uv":[8.75,2.75,10.25,4],"texture":"#1"},"up":{"uv":[8.25,7.75,6.75,6.25],"texture":"#1"},"down":{"uv":[8.25,7.75,6.75,9.25],"texture":"#1"}}},{"from":[4,27,4],"to":[12,32,12],"rotation":{"angle":0,"axis":"y","origin":[8,7.5,8]},"faces":{"north":{"uv":[8.75,3.75,6.75,5],"texture":"#1"},"east":{"uv":[8.75,3.75,6.75,5],"texture":"#1"},"south":{"uv":[6.75,5,8.75,6.25],"texture":"#1"},"west":{"uv":[8.75,3.75,6.75,5],"texture":"#1"},"up":{"uv":[6,4.5,4,2.5],"texture":"#1"},"down":{"uv":[6,4.5,4,6.5],"texture":"#1"}}},{"from":[5,25,5],"to":[11,27,11],"rotation":{"angle":0,"axis":"y","origin":[8,7.5,8]},"faces":{"north":{"uv":[0.75,9,2.25,9.5],"texture":"#1"},"east":{"uv":[2.25,9,3.75,9.5],"texture":"#1"},"south":{"uv":[9,8.75,10.5,9.25],"texture":"#1"},"west":{"uv":[6.25,9.25,7.75,9.75],"texture":"#1"},"up":{"uv":[6.25,9.5,4.75,8],"texture":"#1"},"down":{"uv":[9.75,0,8.25,1.5],"texture":"#1"}}},{"from":[6,-11,6],"to":[10,25,10],"rotation":{"angle":0,"axis":"y","origin":[8,7.5,8]},"faces":{"north":{"uv":[3,0,2,9],"texture":"#1"},"east":{"uv":[1,0,2,9],"texture":"#1"},"south":{"uv":[2,0,3,9],"texture":"#1"},"west":{"uv":[2,0,1,9],"texture":"#1"},"up":{"uv":[9.75,5,8.75,4],"texture":"#1"},"down":{"uv":[9.75,5,8.75,6],"texture":"#1"}}},{"from":[6,-16,2],"to":[10,-14,5],"rotation":{"angle":0,"axis":"y","origin":[8,1,8]},"faces":{"north":{"uv":[9.75,1,10.75,1.5],"texture":"#1"},"east":{"uv":[9.75,7.5,10.5,8],"texture":"#1"},"south":{"uv":[9.75,5,10.75,5.5],"texture":"#1"},"west":{"uv":[9.75,8,10.5,8.5],"texture":"#1"},"up":{"uv":[10,10,9,9.25],"texture":"#1"},"down":{"uv":[1.75,9.5,0.75,10.25],"texture":"#1"}}},{"from":[6,-16,11],"to":[10,-14,14],"rotation":{"angle":0,"axis":"y","origin":[8,1,8]},"faces":{"north":{"uv":[9.75,5.5,10.75,6],"texture":"#1"},"east":{"uv":[8.25,10,9,10.5],"texture":"#1"},"south":{"uv":[9.75,6,10.75,6.5],"texture":"#1"},"west":{"uv":[9,10,9.75,10.5],"texture":"#1"},"up":{"uv":[2.75,10.25,1.75,9.5],"texture":"#1"},"down":{"uv":[3.75,9.5,2.75,10.25],"texture":"#1"}}},{"from":[2,-16,6],"to":[5,-14,10],"rotation":{"angle":0,"axis":"y","origin":[8,1,8]},"faces":{"north":{"uv":[10,9.25,10.75,9.75],"texture":"#1"},"east":{"uv":[6.25,9.75,7.25,10.25],"texture":"#1"},"south":{"uv":[9.75,10,10.5,10.5],"texture":"#1"},"west":{"uv":[9.75,6.5,10.75,7],"texture":"#1"},"up":{"uv":[5.5,10.5,4.75,9.5],"texture":"#1"},"down":{"uv":[6.25,9.5,5.5,10.5],"texture":"#1"}}},{"from":[11,-16,6],"to":[14,-14,10],"rotation":{"angle":0,"axis":"y","origin":[8,1,8]},"faces":{"north":{"uv":[0,10.25,0.75,10.75],"texture":"#1"},"east":{"uv":[9.75,7,10.75,7.5],"texture":"#1"},"south":{"uv":[0.75,10.25,1.5,10.75],"texture":"#1"},"west":{"uv":[7.25,9.75,8.25,10.25],"texture":"#1"},"up":{"uv":[10.5,1,9.75,0],"texture":"#1"},"down":{"uv":[10.5,4,9.75,5],"texture":"#1"}}}],"gui_light":"front","display":{"thirdperson_righthand":{"rotation":[67.5,0,0],"translation":[0,0.5,0.5],"scale":[0.15,0.15,0.15]},"thirdperson_lefthand":{"rotation":[67.5,0,0],"translation":[0,0.5,0.5],"scale":[0.15,0.15,0.15]},"firstperson_righthand":{"translation":[3,5,1],"scale":[0.20391,0.20391,0.20391]},"firstperson_lefthand":{"translation":[3,5,1],"scale":[0.20391,0.20391,0.20391]},"ground":{"translation":[0,9,0],"scale":[0.3,0.3,0.3]},"gui":{"rotation":[30,-135,0],"scale":[0.30977,0.30977,0.30977]},"head":{"rotation":[0,180,0],"translation":[0,-4.8,0],"scale":[1.6,1.6,1.6]},"fixed":{"rotation":[-90,0,0],"translation":[0,0,-48],"scale":[2,2,2]}}}