{"credit":"Created with Blockbench [Exported as resourcepack with the \"resourcepack_packager\" plugin]","texture_size":[128,128],"textures":{"0":"iavegastables:custom/blocks/lottery"},"elements":[{"from":[1,14,1],"to":[15,16,15],"faces":{"north":{"uv":[7.25,6.75,9,7],"texture":"#0"},"east":{"uv":[7.25,7,9,7.25],"texture":"#0"},"south":{"uv":[7.25,7.25,9,7.5],"texture":"#0"},"west":{"uv":[7.5,0,9.25,0.25],"texture":"#0"},"up":{"uv":[3.75,1.75,2,0],"texture":"#0"},"down":{"uv":[3.75,1.75,2,3.5],"texture":"#0"}}},{"from":[5,17,4],"to":[11,18,12],"faces":{"north":{"uv":[9.5,0,10.25,0.125],"texture":"#0"},"east":{"uv":[9.25,8.375,10.25,8.5],"texture":"#0"},"south":{"uv":[9.5,0.125,10.25,0.25],"texture":"#0"},"west":{"uv":[9.375,8.5,10.375,8.625],"texture":"#0"},"up":{"uv":[10.125,1.25,9.375,0.25],"texture":"#0"},"down":{"uv":[10.125,2.25,9.375,3.25],"texture":"#0"}}},{"from":[5,26,4],"to":[11,27,12],"faces":{"north":{"uv":[3.75,6,4.5,6.125],"texture":"#0"},"east":{"uv":[6,3,7,3.125],"texture":"#0"},"south":{"uv":[6,3.75,6.75,3.875],"texture":"#0"},"west":{"uv":[6,3.125,7,3.25],"texture":"#0"},"up":{"uv":[1.5,6.5,0.75,5.5],"texture":"#0"},"down":{"uv":[2.25,5.5,1.5,6.5],"texture":"#0"}}},{"from":[5,16,5],"to":[11,17,11],"faces":{"north":{"uv":[0.75,9.5,1.5,9.625],"texture":"#0"},"east":{"uv":[9.5,1.25,10.25,1.375],"texture":"#0"},"south":{"uv":[9.5,1.375,10.25,1.5],"texture":"#0"},"west":{"uv":[1.5,9.5,2.25,9.625],"texture":"#0"},"up":{"uv":[7.25,10.125,6.5,9.375],"texture":"#0"},"down":{"uv":[10.125,7.375,9.375,8.125],"texture":"#0"}}},{"from":[5,27,5],"to":[11,28,11],"faces":{"north":{"uv":[6,3.25,6.75,3.375],"texture":"#0"},"east":{"uv":[6,3.375,6.75,3.5],"texture":"#0"},"south":{"uv":[6,3.5,6.75,3.625],"texture":"#0"},"west":{"uv":[6,3.625,6.75,3.75],"texture":"#0"},"up":{"uv":[3,6.25,2.25,5.5],"texture":"#0"},"down":{"uv":[3.75,5.5,3,6.25],"texture":"#0"}}},{"from":[4,17.5,6.5],"to":[5,18.5,9.5],"faces":{"north":{"uv":[4.25,3.375,4.375,3.5],"texture":"#0"},"east":{"uv":[6,5.875,6.375,6],"texture":"#0"},"south":{"uv":[4.375,3.375,4.5,3.5],"texture":"#0"},"west":{"uv":[6.75,5.25,7.125,5.375],"texture":"#0"},"up":{"uv":[6.625,2.625,6.5,2.25],"texture":"#0"},"down":{"uv":[3.375,6.5,3.25,6.875],"texture":"#0"}}},{"from":[9.06473,15.46408,6.5],"to":[11.76473,16.46408,9.5],"rotation":{"angle":22.5,"axis":"z","origin":[2.76473,-2.03592,3]},"faces":{"north":{"uv":[7.5,1.125,7.84375,1.25],"texture":"#0"},"east":{"uv":[6.75,5.375,7.125,5.5],"texture":"#0"},"south":{"uv":[7.5,4.625,7.84375,4.75],"texture":"#0"},"west":{"uv":[6.75,5.5,7.125,5.625],"texture":"#0"},"up":{"uv":[4.09375,3.375,3.75,3],"texture":"#0"},"down":{"uv":[4.46875,3,4.125,3.375],"texture":"#0"}}},{"from":[9.14741,16.5402,9],"to":[12.14741,17.0402,9.5],"rotation":{"angle":22.5,"axis":"z","origin":[3.14741,-1.9598,3]},"faces":{"north":{"uv":[9.25,5.75,9.625,5.8125],"texture":"#0"},"east":{"uv":[7.625,8.375,7.6875,8.4375],"texture":"#0"},"south":{"uv":[9.25,5.875,9.625,5.9375],"texture":"#0"},"west":{"uv":[2.5,8.625,2.5625,8.6875],"texture":"#0"},"up":{"uv":[9.625,6.0625,9.25,6],"texture":"#0"},"down":{"uv":[9.625,6.125,9.25,6.1875],"texture":"#0"}}},{"from":[9.24741,16.5402,6.5],"to":[12.14741,17.0402,7],"rotation":{"angle":22.5,"axis":"z","origin":[3.14741,-1.9598,3]},"faces":{"north":{"uv":[9.25,6.25,9.625,6.3125],"texture":"#0"},"east":{"uv":[3.875,8.625,3.9375,8.6875],"texture":"#0"},"south":{"uv":[9.25,6.375,9.625,6.4375],"texture":"#0"},"west":{"uv":[7.5,8.625,7.5625,8.6875],"texture":"#0"},"up":{"uv":[6.875,9.3125,6.5,9.25],"texture":"#0"},"down":{"uv":[9.625,6.5,9.25,6.5625],"texture":"#0"}}},{"from":[4,18.5,6.5],"to":[5,19.5,7.5],"faces":{"north":{"uv":[1.75,5.125,1.875,5.25],"texture":"#0"},"east":{"uv":[1.5,5.375,1.625,5.5],"texture":"#0"},"south":{"uv":[1.625,5.375,1.75,5.5],"texture":"#0"},"west":{"uv":[6.375,5.875,6.5,6],"texture":"#0"},"up":{"uv":[6.625,2.75,6.5,2.625],"texture":"#0"},"down":{"uv":[3.5,6.5,3.375,6.625],"texture":"#0"}}},{"from":[4.7,21,7],"to":[5,23,9],"faces":{"north":{"uv":[3.875,8.375,3.90625,8.625],"texture":"#0"},"east":{"uv":[1.5,5.125,1.75,5.375],"texture":"#0"},"south":{"uv":[9.25,7.375,9.28125,7.625],"texture":"#0"},"west":{"uv":[1.75,5.25,2,5.5],"texture":"#0"},"up":{"uv":[7.53125,9.5,7.5,9.25],"texture":"#0"},"down":{"uv":[7.65625,9.25,7.625,9.5],"texture":"#0"}}},{"from":[-1,16.5,0.5],"to":[2,17.5,9.5],"faces":{"north":{"uv":[6.75,5.625,7.125,5.75],"texture":"#0"},"east":{"uv":[7.5,0.25,8.625,0.375],"texture":"#0"},"south":{"uv":[7.5,1,7.875,1.125],"texture":"#0"},"west":{"uv":[7.5,0.375,8.625,0.5],"texture":"#0"},"up":{"uv":[1.875,5.125,1.5,4],"texture":"#0"},"down":{"uv":[7.875,2.25,7.5,3.375],"texture":"#0"}}},{"from":[-1,17.5,9],"to":[2,18,9.5],"faces":{"north":{"uv":[9.25,6.625,9.625,6.6875],"texture":"#0"},"east":{"uv":[9.25,7.625,9.3125,7.6875],"texture":"#0"},"south":{"uv":[9.25,6.75,9.625,6.8125],"texture":"#0"},"west":{"uv":[7.75,9.25,7.8125,9.3125],"texture":"#0"},"up":{"uv":[7.25,9.3125,6.875,9.25],"texture":"#0"},"down":{"uv":[9.625,6.875,9.25,6.9375],"texture":"#0"}}},{"from":[-1,17.5,0.5],"to":[-0.5,18,9],"faces":{"north":{"uv":[9.25,7.75,9.3125,7.8125],"texture":"#0"},"east":{"uv":[7.5,0.5,8.5625,0.5625],"texture":"#0"},"south":{"uv":[7.875,9.25,7.9375,9.3125],"texture":"#0"},"west":{"uv":[7.5,0.625,8.5625,0.6875],"texture":"#0"},"up":{"uv":[7.5625,8.5625,7.5,7.5],"texture":"#0"},"down":{"uv":[7.6875,3.375,7.625,4.4375],"texture":"#0"}}},{"from":[1.5,17.5,0.5],"to":[2,18,7],"faces":{"north":{"uv":[9.25,7.875,9.3125,7.9375],"texture":"#0"},"east":{"uv":[7.5,0.75,8.3125,0.8125],"texture":"#0"},"south":{"uv":[8,9.25,8.0625,9.3125],"texture":"#0"},"west":{"uv":[7.5,0.875,8.3125,0.9375],"texture":"#0"},"up":{"uv":[7.6875,8.3125,7.625,7.5],"texture":"#0"},"down":{"uv":[2.5625,7.75,2.5,8.5625],"texture":"#0"}}},{"from":[7.5,8.9,12.5],"to":[8.5,9.9,16.5],"rotation":{"angle":-45,"axis":"x","origin":[0,0,0]},"faces":{"north":{"uv":[6.625,2.25,6.75,2.375],"texture":"#0"},"east":{"uv":[3.75,3.375,4.25,3.5],"texture":"#0"},"south":{"uv":[6.625,2.375,6.75,2.5],"texture":"#0"},"west":{"uv":[5.25,2.75,5.75,2.875],"texture":"#0"},"up":{"uv":[4.375,6,4.25,5.5],"texture":"#0"},"down":{"uv":[4.5,5.5,4.375,6],"texture":"#0"}}},{"from":[7.5,20.2,-4.7],"to":[8.5,21.2,-0.7],"rotation":{"angle":45,"axis":"x","origin":[0,0,0]},"faces":{"north":{"uv":[6.625,2.5,6.75,2.625],"texture":"#0"},"east":{"uv":[5.25,2.875,5.75,3],"texture":"#0"},"south":{"uv":[6.625,2.625,6.75,2.75],"texture":"#0"},"west":{"uv":[6,5.75,6.5,5.875],"texture":"#0"},"up":{"uv":[6.375,2.75,6.25,2.25],"texture":"#0"},"down":{"uv":[6.5,2.25,6.375,2.75],"texture":"#0"}}},{"from":[-0.5,17.5,0.5],"to":[1.5,18,1],"faces":{"north":{"uv":[3.25,6.875,3.5,6.9375],"texture":"#0"},"east":{"uv":[9.25,8,9.3125,8.0625],"texture":"#0"},"south":{"uv":[9.25,7,9.5,7.0625],"texture":"#0"},"west":{"uv":[8.125,9.25,8.1875,9.3125],"texture":"#0"},"up":{"uv":[9.5,7.1875,9.25,7.125],"texture":"#0"},"down":{"uv":[9.5,7.25,9.25,7.3125],"texture":"#0"}}},{"from":[4,18.5,8.5],"to":[5,19.5,9.5],"faces":{"north":{"uv":[3.375,6.625,3.5,6.75],"texture":"#0"},"east":{"uv":[3.375,6.75,3.5,6.875],"texture":"#0"},"south":{"uv":[7.125,5.25,7.25,5.375],"texture":"#0"},"west":{"uv":[7.125,5.375,7.25,5.5],"texture":"#0"},"up":{"uv":[7.25,5.625,7.125,5.5],"texture":"#0"},"down":{"uv":[7.25,5.625,7.125,5.75],"texture":"#0"}}},{"from":[5,18,3],"to":[11,19,13],"faces":{"north":{"uv":[9.375,8.625,10.125,8.75],"texture":"#0"},"east":{"uv":[9.25,8.125,10.5,8.25],"texture":"#0"},"south":{"uv":[0,9.5,0.75,9.625],"texture":"#0"},"west":{"uv":[9.25,8.25,10.5,8.375],"texture":"#0"},"up":{"uv":[9,10.5,8.25,9.25],"texture":"#0"},"down":{"uv":[10,8.75,9.25,10],"texture":"#0"}}},{"from":[5,25,3],"to":[11,26,13],"faces":{"north":{"uv":[6,3.875,6.75,4],"texture":"#0"},"east":{"uv":[6,2.75,7.25,2.875],"texture":"#0"},"south":{"uv":[6,4,6.75,4.125],"texture":"#0"},"west":{"uv":[6,2.875,7.25,3],"texture":"#0"},"up":{"uv":[6,2.75,5.25,1.5],"texture":"#0"},"down":{"uv":[0.75,5.5,0,6.75],"texture":"#0"}}},{"from":[5,19,2],"to":[11,25,14],"faces":{"north":{"uv":[6.5,7,7.25,7.75],"texture":"#0"},"east":{"uv":[5,6,6.5,6.75],"texture":"#0"},"south":{"uv":[7.25,5.25,8,6],"texture":"#0"},"west":{"uv":[6.25,1.5,7.75,2.25],"texture":"#0"},"up":{"uv":[1.75,8,1,6.5],"texture":"#0"},"down":{"uv":[2.5,6.5,1.75,8],"texture":"#0"}}},{"from":[14,16,3],"to":[15,32,13],"faces":{"north":{"uv":[0.75,6.75,0.875,8.75],"texture":"#0"},"east":{"uv":[2,3.5,3.25,5.5],"texture":"#0"},"south":{"uv":[0.875,6.75,1,8.75],"texture":"#0"},"west":{"uv":[3.25,3.5,4.5,5.5],"texture":"#0"},"up":{"uv":[2,5.25,1.875,4],"texture":"#0"},"down":{"uv":[7.625,3.375,7.5,4.625],"texture":"#0"}}},{"from":[13,16,3],"to":[14,32,4],"faces":{"north":{"uv":[4,7,4.125,9],"texture":"#0"},"east":{"uv":[4.125,7,4.25,9],"texture":"#0"},"south":{"uv":[4.25,7.5,4.375,9.5],"texture":"#0"},"west":{"uv":[4.375,7.5,4.5,9.5],"texture":"#0"},"up":{"uv":[7.75,4.625,7.625,4.5],"texture":"#0"},"down":{"uv":[4,7.75,3.875,7.875],"texture":"#0"}}},{"from":[13,16,12],"to":[14,32,13],"faces":{"north":{"uv":[4.5,7.5,4.625,9.5],"texture":"#0"},"east":{"uv":[4.625,7.5,4.75,9.5],"texture":"#0"},"south":{"uv":[4.75,7.5,4.875,9.5],"texture":"#0"},"west":{"uv":[4.875,7.5,5,9.5],"texture":"#0"},"up":{"uv":[8,3.375,7.875,3.25],"texture":"#0"},"down":{"uv":[4,7.875,3.875,8],"texture":"#0"}}},{"from":[13,16,6],"to":[14,32,7],"faces":{"north":{"uv":[5.75,7.5,5.875,9.5],"texture":"#0"},"east":{"uv":[5.875,7.5,6,9.5],"texture":"#0"},"south":{"uv":[6,7.5,6.125,9.5],"texture":"#0"},"west":{"uv":[6.125,7.5,6.25,9.5],"texture":"#0"},"up":{"uv":[8,4.75,7.875,4.625],"texture":"#0"},"down":{"uv":[4,8,3.875,8.125],"texture":"#0"}}},{"from":[12.4,30.2,4.3],"to":[13.8,31.4,5.7],"faces":{"north":{"uv":[8,4.75,8.1875,4.90625],"texture":"#0"},"east":{"uv":[5,8,5.1875,8.15625],"texture":"#0"},"south":{"uv":[8,5,8.1875,5.15625],"texture":"#0"},"west":{"uv":[5.25,8,5.4375,8.15625],"texture":"#0"},"up":{"uv":[5.9375,2.9375,5.75,2.75],"texture":"#0"},"down":{"uv":[7.6875,4.75,7.5,4.9375],"texture":"#0"}}},{"from":[12.4,25.1,4.3],"to":[13.8,26.3,5.7],"faces":{"north":{"uv":[8,5.25,8.1875,5.40625],"texture":"#0"},"east":{"uv":[5.5,8,5.6875,8.15625],"texture":"#0"},"south":{"uv":[8,5.5,8.1875,5.65625],"texture":"#0"},"west":{"uv":[8,5.75,8.1875,5.90625],"texture":"#0"},"up":{"uv":[7.6875,5.1875,7.5,5],"texture":"#0"},"down":{"uv":[7.9375,1.5,7.75,1.6875],"texture":"#0"}}},{"from":[12.5,24.9,4.4],"to":[13.7,26.5,5.6],"faces":{"north":{"uv":[6.5,8,6.65625,8.1875],"texture":"#0"},"east":{"uv":[6.75,8,6.90625,8.1875],"texture":"#0"},"south":{"uv":[7,8,7.15625,8.1875],"texture":"#0"},"west":{"uv":[8,7.5,8.15625,7.6875],"texture":"#0"},"up":{"uv":[7.90625,9.15625,7.75,9],"texture":"#0"},"down":{"uv":[9.15625,7.75,9,7.90625],"texture":"#0"}}},{"from":[12.5,26.6,4.4],"to":[13.7,28.2,5.6],"faces":{"north":{"uv":[7.75,8,7.90625,8.1875],"texture":"#0"},"east":{"uv":[8,7.75,8.15625,7.9375],"texture":"#0"},"south":{"uv":[8,8,8.15625,8.1875],"texture":"#0"},"west":{"uv":[8.125,1,8.28125,1.1875],"texture":"#0"},"up":{"uv":[8.15625,9.15625,8,9],"texture":"#0"},"down":{"uv":[9.15625,8,9,8.15625],"texture":"#0"}}},{"from":[12.4,26.8,4.3],"to":[13.8,28,5.7],"faces":{"north":{"uv":[8.125,2.25,8.3125,2.40625],"texture":"#0"},"east":{"uv":[8.125,2.5,8.3125,2.65625],"texture":"#0"},"south":{"uv":[8.125,2.75,8.3125,2.90625],"texture":"#0"},"west":{"uv":[8.125,3,8.3125,3.15625],"texture":"#0"},"up":{"uv":[7.9375,1.9375,7.75,1.75],"texture":"#0"},"down":{"uv":[7.9375,2,7.75,2.1875],"texture":"#0"}}},{"from":[12.4,21.7,4.3],"to":[13.8,22.9,5.7],"faces":{"north":{"uv":[0,8.25,0.1875,8.40625],"texture":"#0"},"east":{"uv":[0.25,8.25,0.4375,8.40625],"texture":"#0"},"south":{"uv":[0.5,8.25,0.6875,8.40625],"texture":"#0"},"west":{"uv":[1,8.25,1.1875,8.40625],"texture":"#0"},"up":{"uv":[2.8125,7.9375,2.625,7.75],"texture":"#0"},"down":{"uv":[3.0625,7.75,2.875,7.9375],"texture":"#0"}}},{"from":[12.5,21.5,4.4],"to":[13.7,23.1,5.6],"faces":{"north":{"uv":[1.25,8.25,1.40625,8.4375],"texture":"#0"},"east":{"uv":[1.5,8.25,1.65625,8.4375],"texture":"#0"},"south":{"uv":[8.25,1.5,8.40625,1.6875],"texture":"#0"},"west":{"uv":[1.75,8.25,1.90625,8.4375],"texture":"#0"},"up":{"uv":[8.40625,9.15625,8.25,9],"texture":"#0"},"down":{"uv":[9.15625,8.25,9,8.40625],"texture":"#0"}}},{"from":[12.5,23.2,4.4],"to":[13.7,24.8,5.6],"faces":{"north":{"uv":[8.25,1.75,8.40625,1.9375],"texture":"#0"},"east":{"uv":[2,8.25,2.15625,8.4375],"texture":"#0"},"south":{"uv":[8.25,2,8.40625,2.1875],"texture":"#0"},"west":{"uv":[2.25,8.25,2.40625,8.4375],"texture":"#0"},"up":{"uv":[8.65625,9.15625,8.5,9],"texture":"#0"},"down":{"uv":[8.90625,9,8.75,9.15625],"texture":"#0"}}},{"from":[12.4,23.4,4.3],"to":[13.8,24.6,5.7],"faces":{"north":{"uv":[2.625,8.25,2.8125,8.40625],"texture":"#0"},"east":{"uv":[2.875,8.25,3.0625,8.40625],"texture":"#0"},"south":{"uv":[3.125,8.25,3.3125,8.40625],"texture":"#0"},"west":{"uv":[8.25,3.25,8.4375,3.40625],"texture":"#0"},"up":{"uv":[3.3125,7.9375,3.125,7.75],"texture":"#0"},"down":{"uv":[3.5625,7.75,3.375,7.9375],"texture":"#0"}}},{"from":[12.4,18.3,4.3],"to":[13.8,19.5,5.7],"faces":{"north":{"uv":[3.375,8.25,3.5625,8.40625],"texture":"#0"},"east":{"uv":[8.25,3.5,8.4375,3.65625],"texture":"#0"},"south":{"uv":[3.625,8.25,3.8125,8.40625],"texture":"#0"},"west":{"uv":[8.25,3.75,8.4375,3.90625],"texture":"#0"},"up":{"uv":[7.9375,3.5625,7.75,3.375],"texture":"#0"},"down":{"uv":[3.8125,7.75,3.625,7.9375],"texture":"#0"}}},{"from":[12.5,18.1,4.4],"to":[13.7,19.7,5.6],"faces":{"north":{"uv":[8.25,4,8.40625,4.1875],"texture":"#0"},"east":{"uv":[8.25,4.25,8.40625,4.4375],"texture":"#0"},"south":{"uv":[8.25,4.5,8.40625,4.6875],"texture":"#0"},"west":{"uv":[8.25,4.75,8.40625,4.9375],"texture":"#0"},"up":{"uv":[9.15625,8.90625,9,8.75],"texture":"#0"},"down":{"uv":[9.15625,9,9,9.15625],"texture":"#0"}}},{"from":[12.4,16.6,4.3],"to":[13.8,17.8,5.7],"faces":{"north":{"uv":[5,8.25,5.1875,8.40625],"texture":"#0"},"east":{"uv":[8.25,5,8.4375,5.15625],"texture":"#0"},"south":{"uv":[5.25,8.25,5.4375,8.40625],"texture":"#0"},"west":{"uv":[8.25,5.25,8.4375,5.40625],"texture":"#0"},"up":{"uv":[7.9375,3.8125,7.75,3.625],"texture":"#0"},"down":{"uv":[7.9375,3.875,7.75,4.0625],"texture":"#0"}}},{"from":[12.4,30.2,7.3],"to":[13.8,31.4,8.7],"faces":{"north":{"uv":[5.5,8.25,5.6875,8.40625],"texture":"#0"},"east":{"uv":[8.25,5.5,8.4375,5.65625],"texture":"#0"},"south":{"uv":[8.25,5.75,8.4375,5.90625],"texture":"#0"},"west":{"uv":[6.5,8.25,6.6875,8.40625],"texture":"#0"},"up":{"uv":[7.9375,4.3125,7.75,4.125],"texture":"#0"},"down":{"uv":[7.9375,4.375,7.75,4.5625],"texture":"#0"}}},{"from":[12.5,30,7.4],"to":[13.7,31.6,8.6],"faces":{"north":{"uv":[6.75,8.25,6.90625,8.4375],"texture":"#0"},"east":{"uv":[7,8.25,7.15625,8.4375],"texture":"#0"},"south":{"uv":[8.25,7.5,8.40625,7.6875],"texture":"#0"},"west":{"uv":[7.75,8.25,7.90625,8.4375],"texture":"#0"},"up":{"uv":[9.28125,0.40625,9.125,0.25],"texture":"#0"},"down":{"uv":[9.28125,0.5,9.125,0.65625],"texture":"#0"}}},{"from":[12.5,28.3,7.4],"to":[13.7,29.9,8.6],"faces":{"north":{"uv":[8.25,7.75,8.40625,7.9375],"texture":"#0"},"east":{"uv":[8,8.25,8.15625,8.4375],"texture":"#0"},"south":{"uv":[8.25,8,8.40625,8.1875],"texture":"#0"},"west":{"uv":[8.25,8.25,8.40625,8.4375],"texture":"#0"},"up":{"uv":[9.28125,0.90625,9.125,0.75],"texture":"#0"},"down":{"uv":[9.28125,1,9.125,1.15625],"texture":"#0"}}},{"from":[12.4,28.5,7.3],"to":[13.8,29.7,8.7],"faces":{"north":{"uv":[8.375,0.75,8.5625,0.90625],"texture":"#0"},"east":{"uv":[8.375,1,8.5625,1.15625],"texture":"#0"},"south":{"uv":[8.375,2.25,8.5625,2.40625],"texture":"#0"},"west":{"uv":[8.375,2.5,8.5625,2.65625],"texture":"#0"},"up":{"uv":[7.9375,4.9375,7.75,4.75],"texture":"#0"},"down":{"uv":[5.1875,7.75,5,7.9375],"texture":"#0"}}},{"from":[12.5,26.6,7.4],"to":[13.7,28.2,8.6],"faces":{"north":{"uv":[8.375,2.75,8.53125,2.9375],"texture":"#0"},"east":{"uv":[8.375,3,8.53125,3.1875],"texture":"#0"},"south":{"uv":[0,8.5,0.15625,8.6875],"texture":"#0"},"west":{"uv":[0.25,8.5,0.40625,8.6875],"texture":"#0"},"up":{"uv":[9.28125,2.40625,9.125,2.25],"texture":"#0"},"down":{"uv":[9.28125,2.5,9.125,2.65625],"texture":"#0"}}},{"from":[12.4,26.8,7.3],"to":[13.8,28,8.7],"faces":{"north":{"uv":[0.5,8.5,0.6875,8.65625],"texture":"#0"},"east":{"uv":[1,8.5,1.1875,8.65625],"texture":"#0"},"south":{"uv":[1.25,8.5,1.4375,8.65625],"texture":"#0"},"west":{"uv":[1.5,8.5,1.6875,8.65625],"texture":"#0"},"up":{"uv":[7.9375,5.1875,7.75,5],"texture":"#0"},"down":{"uv":[5.4375,7.75,5.25,7.9375],"texture":"#0"}}},{"from":[12.5,24.9,7.4],"to":[13.7,26.5,8.6],"faces":{"north":{"uv":[8.5,1.5,8.65625,1.6875],"texture":"#0"},"east":{"uv":[1.75,8.5,1.90625,8.6875],"texture":"#0"},"south":{"uv":[8.5,1.75,8.65625,1.9375],"texture":"#0"},"west":{"uv":[2,8.5,2.15625,8.6875],"texture":"#0"},"up":{"uv":[9.28125,2.90625,9.125,2.75],"texture":"#0"},"down":{"uv":[9.28125,3,9.125,3.15625],"texture":"#0"}}},{"from":[12.4,25.1,7.3],"to":[13.8,26.3,8.7],"faces":{"north":{"uv":[8.5,2,8.6875,2.15625],"texture":"#0"},"east":{"uv":[2.25,8.5,2.4375,8.65625],"texture":"#0"},"south":{"uv":[2.625,8.5,2.8125,8.65625],"texture":"#0"},"west":{"uv":[2.875,8.5,3.0625,8.65625],"texture":"#0"},"up":{"uv":[5.6875,7.9375,5.5,7.75],"texture":"#0"},"down":{"uv":[6.6875,7.75,6.5,7.9375],"texture":"#0"}}},{"from":[12.5,23.2,7.4],"to":[13.7,24.8,8.6],"faces":{"north":{"uv":[3.125,8.5,3.28125,8.6875],"texture":"#0"},"east":{"uv":[8.5,3.25,8.65625,3.4375],"texture":"#0"},"south":{"uv":[3.375,8.5,3.53125,8.6875],"texture":"#0"},"west":{"uv":[8.5,3.5,8.65625,3.6875],"texture":"#0"},"up":{"uv":[9.28125,8.65625,9.125,8.5],"texture":"#0"},"down":{"uv":[0.15625,9.25,0,9.40625],"texture":"#0"}}},{"from":[12.4,23.4,7.3],"to":[13.8,24.6,8.7],"faces":{"north":{"uv":[3.625,8.5,3.8125,8.65625],"texture":"#0"},"east":{"uv":[8.5,3.75,8.6875,3.90625],"texture":"#0"},"south":{"uv":[8.5,4,8.6875,4.15625],"texture":"#0"},"west":{"uv":[8.5,4.25,8.6875,4.40625],"texture":"#0"},"up":{"uv":[6.9375,7.9375,6.75,7.75],"texture":"#0"},"down":{"uv":[7.1875,7.75,7,7.9375],"texture":"#0"}}},{"from":[12.5,21.5,7.4],"to":[13.7,23.1,8.6],"faces":{"north":{"uv":[8.5,4.5,8.65625,4.6875],"texture":"#0"},"east":{"uv":[8.5,4.75,8.65625,4.9375],"texture":"#0"},"south":{"uv":[5,8.5,5.15625,8.6875],"texture":"#0"},"west":{"uv":[8.5,5,8.65625,5.1875],"texture":"#0"},"up":{"uv":[9.40625,0.15625,9.25,0],"texture":"#0"},"down":{"uv":[0.40625,9.25,0.25,9.40625],"texture":"#0"}}},{"from":[12.4,21.7,7.3],"to":[13.8,22.9,8.7],"faces":{"north":{"uv":[5.25,8.5,5.4375,8.65625],"texture":"#0"},"east":{"uv":[8.5,5.25,8.6875,5.40625],"texture":"#0"},"south":{"uv":[5.5,8.5,5.6875,8.65625],"texture":"#0"},"west":{"uv":[8.5,5.5,8.6875,5.65625],"texture":"#0"},"up":{"uv":[7.9375,7.6875,7.75,7.5],"texture":"#0"},"down":{"uv":[7.9375,7.75,7.75,7.9375],"texture":"#0"}}},{"from":[12.5,19.8,7.4],"to":[13.7,21.4,8.6],"faces":{"north":{"uv":[8.5,5.75,8.65625,5.9375],"texture":"#0"},"east":{"uv":[6.5,8.5,6.65625,8.6875],"texture":"#0"},"south":{"uv":[6.75,8.5,6.90625,8.6875],"texture":"#0"},"west":{"uv":[7,8.5,7.15625,8.6875],"texture":"#0"},"up":{"uv":[0.65625,9.40625,0.5,9.25],"texture":"#0"},"down":{"uv":[0.90625,9.25,0.75,9.40625],"texture":"#0"}}},{"from":[12.4,20,7.3],"to":[13.8,21.2,8.7],"faces":{"north":{"uv":[8.5,7.5,8.6875,7.65625],"texture":"#0"},"east":{"uv":[7.625,8.5,7.8125,8.65625],"texture":"#0"},"south":{"uv":[8.5,7.75,8.6875,7.90625],"texture":"#0"},"west":{"uv":[7.875,8.5,8.0625,8.65625],"texture":"#0"},"up":{"uv":[8.0625,1.1875,7.875,1],"texture":"#0"},"down":{"uv":[8.0625,2.25,7.875,2.4375],"texture":"#0"}}},{"from":[12.5,18.1,7.4],"to":[13.7,19.7,8.6],"faces":{"north":{"uv":[8.5,8,8.65625,8.1875],"texture":"#0"},"east":{"uv":[8.125,8.5,8.28125,8.6875],"texture":"#0"},"south":{"uv":[8.5,8.25,8.65625,8.4375],"texture":"#0"},"west":{"uv":[8.375,8.5,8.53125,8.6875],"texture":"#0"},"up":{"uv":[1.15625,9.40625,1,9.25],"texture":"#0"},"down":{"uv":[1.40625,9.25,1.25,9.40625],"texture":"#0"}}},{"from":[12.4,18.3,7.3],"to":[13.8,19.5,8.7],"faces":{"north":{"uv":[8.625,0.25,8.8125,0.40625],"texture":"#0"},"east":{"uv":[8.625,0.5,8.8125,0.65625],"texture":"#0"},"south":{"uv":[8.625,0.75,8.8125,0.90625],"texture":"#0"},"west":{"uv":[8.625,1,8.8125,1.15625],"texture":"#0"},"up":{"uv":[8.0625,2.6875,7.875,2.5],"texture":"#0"},"down":{"uv":[8.0625,2.75,7.875,2.9375],"texture":"#0"}}},{"from":[12.5,16.4,7.4],"to":[13.7,18,8.6],"faces":{"north":{"uv":[8.625,2.25,8.78125,2.4375],"texture":"#0"},"east":{"uv":[8.625,2.5,8.78125,2.6875],"texture":"#0"},"south":{"uv":[8.625,2.75,8.78125,2.9375],"texture":"#0"},"west":{"uv":[8.625,3,8.78125,3.1875],"texture":"#0"},"up":{"uv":[9.40625,1.40625,9.25,1.25],"texture":"#0"},"down":{"uv":[1.65625,9.25,1.5,9.40625],"texture":"#0"}}},{"from":[12.4,16.6,7.3],"to":[13.8,17.8,8.7],"faces":{"north":{"uv":[8.625,8.5,8.8125,8.65625],"texture":"#0"},"east":{"uv":[0,8.75,0.1875,8.90625],"texture":"#0"},"south":{"uv":[0.25,8.75,0.4375,8.90625],"texture":"#0"},"west":{"uv":[0.5,8.75,0.6875,8.90625],"texture":"#0"},"up":{"uv":[8.0625,3.1875,7.875,3],"texture":"#0"},"down":{"uv":[0.1875,8,0,8.1875],"texture":"#0"}}},{"from":[12.4,30.2,10.3],"to":[13.8,31.4,11.7],"faces":{"north":{"uv":[0.75,8.75,0.9375,8.90625],"texture":"#0"},"east":{"uv":[1,8.75,1.1875,8.90625],"texture":"#0"},"south":{"uv":[1.25,8.75,1.4375,8.90625],"texture":"#0"},"west":{"uv":[8.75,1.25,8.9375,1.40625],"texture":"#0"},"up":{"uv":[0.4375,8.1875,0.25,8],"texture":"#0"},"down":{"uv":[0.6875,8,0.5,8.1875],"texture":"#0"}}},{"from":[12.5,30,10.4],"to":[13.7,31.6,11.6],"faces":{"north":{"uv":[1.5,8.75,1.65625,8.9375],"texture":"#0"},"east":{"uv":[8.75,1.5,8.90625,1.6875],"texture":"#0"},"south":{"uv":[1.75,8.75,1.90625,8.9375],"texture":"#0"},"west":{"uv":[8.75,1.75,8.90625,1.9375],"texture":"#0"},"up":{"uv":[9.40625,1.65625,9.25,1.5],"texture":"#0"},"down":{"uv":[1.90625,9.25,1.75,9.40625],"texture":"#0"}}},{"from":[12.5,28.3,10.4],"to":[13.7,29.9,11.6],"faces":{"north":{"uv":[2,8.75,2.15625,8.9375],"texture":"#0"},"east":{"uv":[8.75,2,8.90625,2.1875],"texture":"#0"},"south":{"uv":[2.25,8.75,2.40625,8.9375],"texture":"#0"},"west":{"uv":[2.5,8.75,2.65625,8.9375],"texture":"#0"},"up":{"uv":[9.40625,1.90625,9.25,1.75],"texture":"#0"},"down":{"uv":[2.15625,9.25,2,9.40625],"texture":"#0"}}},{"from":[12.4,28.5,10.3],"to":[13.8,29.7,11.7],"faces":{"north":{"uv":[2.75,8.75,2.9375,8.90625],"texture":"#0"},"east":{"uv":[3,8.75,3.1875,8.90625],"texture":"#0"},"south":{"uv":[3.25,8.75,3.4375,8.90625],"texture":"#0"},"west":{"uv":[8.75,3.25,8.9375,3.40625],"texture":"#0"},"up":{"uv":[1.1875,8.1875,1,8],"texture":"#0"},"down":{"uv":[1.4375,8,1.25,8.1875],"texture":"#0"}}},{"from":[12.5,26.6,10.4],"to":[13.7,28.2,11.6],"faces":{"north":{"uv":[3.5,8.75,3.65625,8.9375],"texture":"#0"},"east":{"uv":[8.75,3.5,8.90625,3.6875],"texture":"#0"},"south":{"uv":[3.75,8.75,3.90625,8.9375],"texture":"#0"},"west":{"uv":[8.75,3.75,8.90625,3.9375],"texture":"#0"},"up":{"uv":[9.40625,2.15625,9.25,2],"texture":"#0"},"down":{"uv":[2.40625,9.25,2.25,9.40625],"texture":"#0"}}},{"from":[12.4,26.8,10.3],"to":[13.8,28,11.7],"faces":{"north":{"uv":[8.75,4,8.9375,4.15625],"texture":"#0"},"east":{"uv":[8.75,4.25,8.9375,4.40625],"texture":"#0"},"south":{"uv":[8.75,4.5,8.9375,4.65625],"texture":"#0"},"west":{"uv":[8.75,4.75,8.9375,4.90625],"texture":"#0"},"up":{"uv":[1.6875,8.1875,1.5,8],"texture":"#0"},"down":{"uv":[8.1875,1.5,8,1.6875],"texture":"#0"}}},{"from":[12.5,24.9,10.4],"to":[13.7,26.5,11.6],"faces":{"north":{"uv":[5,8.75,5.15625,8.9375],"texture":"#0"},"east":{"uv":[8.75,5,8.90625,5.1875],"texture":"#0"},"south":{"uv":[5.25,8.75,5.40625,8.9375],"texture":"#0"},"west":{"uv":[8.75,5.25,8.90625,5.4375],"texture":"#0"},"up":{"uv":[2.65625,9.40625,2.5,9.25],"texture":"#0"},"down":{"uv":[2.90625,9.25,2.75,9.40625],"texture":"#0"}}},{"from":[12.4,25.1,10.3],"to":[13.8,26.3,11.7],"faces":{"north":{"uv":[5.5,8.75,5.6875,8.90625],"texture":"#0"},"east":{"uv":[8.75,5.5,8.9375,5.65625],"texture":"#0"},"south":{"uv":[8.75,5.75,8.9375,5.90625],"texture":"#0"},"west":{"uv":[6.5,8.75,6.6875,8.90625],"texture":"#0"},"up":{"uv":[1.9375,8.1875,1.75,8],"texture":"#0"},"down":{"uv":[8.1875,1.75,8,1.9375],"texture":"#0"}}},{"from":[12.5,23.2,10.4],"to":[13.7,24.8,11.6],"faces":{"north":{"uv":[6.75,8.75,6.90625,8.9375],"texture":"#0"},"east":{"uv":[7,8.75,7.15625,8.9375],"texture":"#0"},"south":{"uv":[7.5,8.75,7.65625,8.9375],"texture":"#0"},"west":{"uv":[8.75,7.5,8.90625,7.6875],"texture":"#0"},"up":{"uv":[3.15625,9.40625,3,9.25],"texture":"#0"},"down":{"uv":[3.40625,9.25,3.25,9.40625],"texture":"#0"}}},{"from":[12.4,23.4,10.3],"to":[13.8,24.6,11.7],"faces":{"north":{"uv":[7.75,8.75,7.9375,8.90625],"texture":"#0"},"east":{"uv":[8.75,7.75,8.9375,7.90625],"texture":"#0"},"south":{"uv":[8,8.75,8.1875,8.90625],"texture":"#0"},"west":{"uv":[8.75,8,8.9375,8.15625],"texture":"#0"},"up":{"uv":[2.1875,8.1875,2,8],"texture":"#0"},"down":{"uv":[8.1875,2,8,2.1875],"texture":"#0"}}},{"from":[12.5,21.5,10.4],"to":[13.7,23.1,11.6],"faces":{"north":{"uv":[8.25,8.75,8.40625,8.9375],"texture":"#0"},"east":{"uv":[8.75,8.25,8.90625,8.4375],"texture":"#0"},"south":{"uv":[8.5,8.75,8.65625,8.9375],"texture":"#0"},"west":{"uv":[8.75,8.75,8.90625,8.9375],"texture":"#0"},"up":{"uv":[9.40625,3.40625,9.25,3.25],"texture":"#0"},"down":{"uv":[3.65625,9.25,3.5,9.40625],"texture":"#0"}}},{"from":[12.4,21.7,10.3],"to":[13.8,22.9,11.7],"faces":{"north":{"uv":[8.875,0.25,9.0625,0.40625],"texture":"#0"},"east":{"uv":[8.875,0.5,9.0625,0.65625],"texture":"#0"},"south":{"uv":[8.875,0.75,9.0625,0.90625],"texture":"#0"},"west":{"uv":[8.875,1,9.0625,1.15625],"texture":"#0"},"up":{"uv":[2.4375,8.1875,2.25,8],"texture":"#0"},"down":{"uv":[2.8125,8,2.625,8.1875],"texture":"#0"}}},{"from":[12.5,19.8,10.4],"to":[13.7,21.4,11.6],"faces":{"north":{"uv":[8.875,2.25,9.03125,2.4375],"texture":"#0"},"east":{"uv":[8.875,2.5,9.03125,2.6875],"texture":"#0"},"south":{"uv":[8.875,2.75,9.03125,2.9375],"texture":"#0"},"west":{"uv":[8.875,3,9.03125,3.1875],"texture":"#0"},"up":{"uv":[9.40625,3.65625,9.25,3.5],"texture":"#0"},"down":{"uv":[3.90625,9.25,3.75,9.40625],"texture":"#0"}}},{"from":[12.4,20,10.3],"to":[13.8,21.2,11.7],"faces":{"north":{"uv":[8.875,8.5,9.0625,8.65625],"texture":"#0"},"east":{"uv":[0,9,0.1875,9.15625],"texture":"#0"},"south":{"uv":[0.25,9,0.4375,9.15625],"texture":"#0"},"west":{"uv":[0.5,9,0.6875,9.15625],"texture":"#0"},"up":{"uv":[3.0625,8.1875,2.875,8],"texture":"#0"},"down":{"uv":[3.3125,8,3.125,8.1875],"texture":"#0"}}},{"from":[12.5,18.1,10.4],"to":[13.7,19.7,11.6],"faces":{"north":{"uv":[0.75,9,0.90625,9.1875],"texture":"#0"},"east":{"uv":[1,9,1.15625,9.1875],"texture":"#0"},"south":{"uv":[1.25,9,1.40625,9.1875],"texture":"#0"},"west":{"uv":[9,1.25,9.15625,1.4375],"texture":"#0"},"up":{"uv":[9.40625,3.90625,9.25,3.75],"texture":"#0"},"down":{"uv":[4.15625,9.25,4,9.40625],"texture":"#0"}}},{"from":[12.4,18.3,10.3],"to":[13.8,19.5,11.7],"faces":{"north":{"uv":[1.5,9,1.6875,9.15625],"texture":"#0"},"east":{"uv":[9,1.5,9.1875,1.65625],"texture":"#0"},"south":{"uv":[1.75,9,1.9375,9.15625],"texture":"#0"},"west":{"uv":[9,1.75,9.1875,1.90625],"texture":"#0"},"up":{"uv":[8.1875,3.4375,8,3.25],"texture":"#0"},"down":{"uv":[3.5625,8,3.375,8.1875],"texture":"#0"}}},{"from":[12.5,16.4,10.4],"to":[13.7,18,11.6],"faces":{"north":{"uv":[2,9,2.15625,9.1875],"texture":"#0"},"east":{"uv":[9,2,9.15625,2.1875],"texture":"#0"},"south":{"uv":[2.25,9,2.40625,9.1875],"texture":"#0"},"west":{"uv":[2.5,9,2.65625,9.1875],"texture":"#0"},"up":{"uv":[9.40625,4.15625,9.25,4],"texture":"#0"},"down":{"uv":[9.40625,4.25,9.25,4.40625],"texture":"#0"}}},{"from":[12.4,16.6,10.3],"to":[13.8,17.8,11.7],"faces":{"north":{"uv":[2.75,9,2.9375,9.15625],"texture":"#0"},"east":{"uv":[3,9,3.1875,9.15625],"texture":"#0"},"south":{"uv":[3.25,9,3.4375,9.15625],"texture":"#0"},"west":{"uv":[9,3.25,9.1875,3.40625],"texture":"#0"},"up":{"uv":[8.1875,3.6875,8,3.5],"texture":"#0"},"down":{"uv":[3.8125,8,3.625,8.1875],"texture":"#0"}}},{"from":[12.5,16.4,4.4],"to":[13.7,18,5.6],"faces":{"north":{"uv":[3.5,9,3.65625,9.1875],"texture":"#0"},"east":{"uv":[9,3.5,9.15625,3.6875],"texture":"#0"},"south":{"uv":[3.75,9,3.90625,9.1875],"texture":"#0"},"west":{"uv":[9,3.75,9.15625,3.9375],"texture":"#0"},"up":{"uv":[9.40625,4.65625,9.25,4.5],"texture":"#0"},"down":{"uv":[9.40625,4.75,9.25,4.90625],"texture":"#0"}}},{"from":[12.5,19.8,4.4],"to":[13.7,21.4,5.6],"faces":{"north":{"uv":[4,9,4.15625,9.1875],"texture":"#0"},"east":{"uv":[9,4,9.15625,4.1875],"texture":"#0"},"south":{"uv":[9,4.25,9.15625,4.4375],"texture":"#0"},"west":{"uv":[9,4.5,9.15625,4.6875],"texture":"#0"},"up":{"uv":[5.15625,9.40625,5,9.25],"texture":"#0"},"down":{"uv":[9.40625,5,9.25,5.15625],"texture":"#0"}}},{"from":[12.4,20,4.3],"to":[13.8,21.2,5.7],"faces":{"north":{"uv":[9,4.75,9.1875,4.90625],"texture":"#0"},"east":{"uv":[5,9,5.1875,9.15625],"texture":"#0"},"south":{"uv":[9,5,9.1875,5.15625],"texture":"#0"},"west":{"uv":[5.25,9,5.4375,9.15625],"texture":"#0"},"up":{"uv":[8.1875,3.9375,8,3.75],"texture":"#0"},"down":{"uv":[8.1875,4,8,4.1875],"texture":"#0"}}},{"from":[12.5,30,4.4],"to":[13.7,31.6,5.6],"faces":{"north":{"uv":[9,5.25,9.15625,5.4375],"texture":"#0"},"east":{"uv":[5.5,9,5.65625,9.1875],"texture":"#0"},"south":{"uv":[9,5.5,9.15625,5.6875],"texture":"#0"},"west":{"uv":[9,5.75,9.15625,5.9375],"texture":"#0"},"up":{"uv":[5.40625,9.40625,5.25,9.25],"texture":"#0"},"down":{"uv":[9.40625,5.25,9.25,5.40625],"texture":"#0"}}},{"from":[-0.2,17.7,1.1],"to":[1.2,18.9,2.5],"faces":{"north":{"uv":[6,2.5,6.1875,2.65625],"texture":"#0"},"east":{"uv":[6,4.125,6.1875,4.28125],"texture":"#0"},"south":{"uv":[6,4.375,6.1875,4.53125],"texture":"#0"},"west":{"uv":[4.5,6,4.6875,6.15625],"texture":"#0"},"up":{"uv":[3.9375,5.6875,3.75,5.5],"texture":"#0"},"down":{"uv":[4.1875,5.5,4,5.6875],"texture":"#0"}}},{"from":[-0.1,17.5,1.2],"to":[1.1,19.1,2.4],"faces":{"north":{"uv":[6,4.625,6.15625,4.8125],"texture":"#0"},"east":{"uv":[4.75,6,4.90625,6.1875],"texture":"#0"},"south":{"uv":[6,4.875,6.15625,5.0625],"texture":"#0"},"west":{"uv":[6,5.125,6.15625,5.3125],"texture":"#0"},"up":{"uv":[4.65625,6.65625,4.5,6.5],"texture":"#0"},"down":{"uv":[6.65625,4.625,6.5,4.78125],"texture":"#0"}}},{"from":[-0.2,17.7,2.7],"to":[1.2,18.9,4.1],"faces":{"north":{"uv":[2.25,6.25,2.4375,6.40625],"texture":"#0"},"east":{"uv":[2.5,6.25,2.6875,6.40625],"texture":"#0"},"south":{"uv":[2.75,6.25,2.9375,6.40625],"texture":"#0"},"west":{"uv":[3,6.25,3.1875,6.40625],"texture":"#0"},"up":{"uv":[3.9375,5.9375,3.75,5.75],"texture":"#0"},"down":{"uv":[4.1875,5.75,4,5.9375],"texture":"#0"}}},{"from":[-0.1,17.5,2.8],"to":[1.1,19.1,4],"faces":{"north":{"uv":[6,5.375,6.15625,5.5625],"texture":"#0"},"east":{"uv":[3.75,6.125,3.90625,6.3125],"texture":"#0"},"south":{"uv":[4,6.125,4.15625,6.3125],"texture":"#0"},"west":{"uv":[4.25,6.125,4.40625,6.3125],"texture":"#0"},"up":{"uv":[4.90625,6.65625,4.75,6.5],"texture":"#0"},"down":{"uv":[6.65625,4.875,6.5,5.03125],"texture":"#0"}}},{"from":[-0.2,17.7,4.3],"to":[1.2,18.9,5.7],"faces":{"north":{"uv":[0.25,6.75,0.4375,6.90625],"texture":"#0"},"east":{"uv":[6.75,0.25,6.9375,0.40625],"texture":"#0"},"south":{"uv":[0.5,6.75,0.6875,6.90625],"texture":"#0"},"west":{"uv":[6.75,0.5,6.9375,0.65625],"texture":"#0"},"up":{"uv":[3.9375,6.8125,3.75,6.625],"texture":"#0"},"down":{"uv":[4.1875,6.625,4,6.8125],"texture":"#0"}}},{"from":[-0.1,17.5,4.4],"to":[1.1,19.1,5.6],"faces":{"north":{"uv":[4.25,6.625,4.40625,6.8125],"texture":"#0"},"east":{"uv":[6.5,6.625,6.65625,6.8125],"texture":"#0"},"south":{"uv":[0,6.75,0.15625,6.9375],"texture":"#0"},"west":{"uv":[6.75,0,6.90625,0.1875],"texture":"#0"},"up":{"uv":[6.90625,0.90625,6.75,0.75],"texture":"#0"},"down":{"uv":[6.90625,1,6.75,1.15625],"texture":"#0"}}},{"from":[-0.2,17.7,5.9],"to":[1.2,18.9,7.3],"faces":{"north":{"uv":[6.25,5.125,6.4375,5.28125],"texture":"#0"},"east":{"uv":[6.25,5.375,6.4375,5.53125],"texture":"#0"},"south":{"uv":[3.75,6.375,3.9375,6.53125],"texture":"#0"},"west":{"uv":[4,6.375,4.1875,6.53125],"texture":"#0"},"up":{"uv":[6.1875,1.6875,6,1.5],"texture":"#0"},"down":{"uv":[6.1875,1.75,6,1.9375],"texture":"#0"}}},{"from":[-0.1,17.5,6],"to":[1.1,19.1,7.2],"faces":{"north":{"uv":[4.5,6.25,4.65625,6.4375],"texture":"#0"},"east":{"uv":[6.25,4.625,6.40625,4.8125],"texture":"#0"},"south":{"uv":[4.75,6.25,4.90625,6.4375],"texture":"#0"},"west":{"uv":[6.25,4.875,6.40625,5.0625],"texture":"#0"},"up":{"uv":[6.65625,5.78125,6.5,5.625],"texture":"#0"},"down":{"uv":[6.65625,5.875,6.5,6.03125],"texture":"#0"}}},{"from":[-0.2,17.7,7.5],"to":[1.2,18.9,8.9],"faces":{"north":{"uv":[3,6.5,3.1875,6.65625],"texture":"#0"},"east":{"uv":[3.5,6.5,3.6875,6.65625],"texture":"#0"},"south":{"uv":[6.5,4.125,6.6875,4.28125],"texture":"#0"},"west":{"uv":[6.5,4.375,6.6875,4.53125],"texture":"#0"},"up":{"uv":[6.1875,2.1875,6,2],"texture":"#0"},"down":{"uv":[6.1875,2.25,6,2.4375],"texture":"#0"}}},{"from":[-0.1,17.5,7.6],"to":[1.1,19.1,8.8],"faces":{"north":{"uv":[4.25,6.375,4.40625,6.5625],"texture":"#0"},"east":{"uv":[0.75,6.5,0.90625,6.6875],"texture":"#0"},"south":{"uv":[2.5,6.5,2.65625,6.6875],"texture":"#0"},"west":{"uv":[2.75,6.5,2.90625,6.6875],"texture":"#0"},"up":{"uv":[6.65625,6.28125,6.5,6.125],"texture":"#0"},"down":{"uv":[6.65625,6.375,6.5,6.53125],"texture":"#0"}}},{"from":[12.4,28.5,4.3],"to":[13.8,29.7,5.7],"faces":{"north":{"uv":[6.5,9,6.6875,9.15625],"texture":"#0"},"east":{"uv":[6.75,9,6.9375,9.15625],"texture":"#0"},"south":{"uv":[9,6.75,9.1875,6.90625],"texture":"#0"},"west":{"uv":[7,9,7.1875,9.15625],"texture":"#0"},"up":{"uv":[8.1875,4.4375,8,4.25],"texture":"#0"},"down":{"uv":[8.1875,4.5,8,4.6875],"texture":"#0"}}},{"from":[12.5,28.3,4.4],"to":[13.7,29.9,5.6],"faces":{"north":{"uv":[9,7,9.15625,7.1875],"texture":"#0"},"east":{"uv":[9,7.25,9.15625,7.4375],"texture":"#0"},"south":{"uv":[7.5,9,7.65625,9.1875],"texture":"#0"},"west":{"uv":[9,7.5,9.15625,7.6875],"texture":"#0"},"up":{"uv":[5.65625,9.40625,5.5,9.25],"texture":"#0"},"down":{"uv":[9.40625,5.5,9.25,5.65625],"texture":"#0"}}},{"from":[13,16,9],"to":[14,32,10],"faces":{"north":{"uv":[6.25,7.5,6.375,9.5],"texture":"#0"},"east":{"uv":[6.375,7.5,6.5,9.5],"texture":"#0"},"south":{"uv":[7.25,7.5,7.375,9.5],"texture":"#0"},"west":{"uv":[7.375,7.5,7.5,9.5],"texture":"#0"},"up":{"uv":[4,8.25,3.875,8.125],"texture":"#0"},"down":{"uv":[4,8.25,3.875,8.375],"texture":"#0"}}},{"from":[0,0,0],"to":[16,2,16],"faces":{"north":{"uv":[6.75,1.25,8.75,1.5],"texture":"#0"},"east":{"uv":[7.25,6,9.25,6.25],"texture":"#0"},"south":{"uv":[7.25,6.25,9.25,6.5],"texture":"#0"},"west":{"uv":[7.25,6.5,9.25,6.75],"texture":"#0"},"up":{"uv":[2,2,0,0],"texture":"#0"},"down":{"uv":[2,2,0,4],"texture":"#0"}}},{"from":[2,2,2],"to":[14,14,14],"faces":{"north":{"uv":[3.75,0,5.25,1.5],"texture":"#0"},"east":{"uv":[3.75,1.5,5.25,3],"texture":"#0"},"south":{"uv":[0,4,1.5,5.5],"texture":"#0"},"west":{"uv":[4.5,3,6,4.5],"texture":"#0"},"up":{"uv":[6,6,4.5,4.5],"texture":"#0"},"down":{"uv":[6.75,0,5.25,1.5],"texture":"#0"}}}],"display":{"thirdperson_righthand":{"scale":[0.6,0.6,0.6]},"thirdperson_lefthand":{"scale":[0.5,0.5,0.5]},"firstperson_righthand":{"scale":[0.6,0.6,0.6]},"firstperson_lefthand":{"rotation":[0,180,0],"scale":[0.6,0.6,0.6]},"ground":{"translation":[0,4.75,0]},"gui":{"rotation":[0,90,0]},"head":{"rotation":[0,-90,0],"translation":[0,-31.25,0],"scale":[1.5,1.5,1.5]},"fixed":{"rotation":[180,-90,180]}}}