{"credit":"Made by LZLeon with Blockbench, Contact - Discord: LZBlocks#0261 - E-Mail: lzblocks@outlook.com","texture_size":[64,64],"textures":{"0":"kitchen:furniture/kitchen/kitchen_dish","particle":"kitchen:furniture/kitchen/kitchen_dish"},"elements":[{"from":[4,0,4],"to":[12,1,12],"faces":{"north":{"uv":[2,2,4,2.25],"texture":"#0"},"east":{"uv":[0,2,2,2.25],"texture":"#0"},"south":{"uv":[6,2,8,2.25],"texture":"#0"},"west":{"uv":[4,2,6,2.25],"texture":"#0"},"up":{"uv":[4,2,2,0],"texture":"#0"},"down":{"uv":[6,0,4,2],"texture":"#0"}}},{"from":[3,1,11],"to":[13,2,13],"faces":{"north":{"uv":[0.5,3,3,3.25],"texture":"#0"},"east":{"uv":[0,3,0.5,3.25],"texture":"#0"},"south":{"uv":[3.5,3,6,3.25],"texture":"#0"},"west":{"uv":[3,3,3.5,3.25],"texture":"#0"},"up":{"uv":[3,3,0.5,2.5],"texture":"#0"},"down":{"uv":[5.5,2.5,3,3],"texture":"#0"}}},{"from":[3,1,5],"to":[5,2,11],"faces":{"north":{"uv":[5.75,6,6.25,6.25],"texture":"#0"},"east":{"uv":[4.25,6,5.75,6.25],"texture":"#0"},"south":{"uv":[7.75,6,8.25,6.25],"texture":"#0"},"west":{"uv":[6.25,6,7.75,6.25],"texture":"#0"},"up":{"uv":[6.25,6,5.75,4.5],"texture":"#0"},"down":{"uv":[6.75,4.5,6.25,6],"texture":"#0"}}},{"from":[11,1,5],"to":[13,2,11],"faces":{"north":{"uv":[1.5,6,2,6.25],"texture":"#0"},"east":{"uv":[0,6,1.5,6.25],"texture":"#0"},"south":{"uv":[3.5,6,4,6.25],"texture":"#0"},"west":{"uv":[2,6,3.5,6.25],"texture":"#0"},"up":{"uv":[2,6,1.5,4.5],"texture":"#0"},"down":{"uv":[2.5,4.5,2,6],"texture":"#0"}}},{"from":[3,1,3],"to":[13,2,5],"faces":{"north":{"uv":[0.5,4,3,4.25],"texture":"#0"},"east":{"uv":[0,4,0.5,4.25],"texture":"#0"},"south":{"uv":[3.5,4,6,4.25],"texture":"#0"},"west":{"uv":[3,4,3.5,4.25],"texture":"#0"},"up":{"uv":[3,4,0.5,3.5],"texture":"#0"},"down":{"uv":[5.5,3.5,3,4],"texture":"#0"}}}],"display":{"thirdperson_righthand":{"rotation":[60,-160,0],"translation":[0,5,2.5],"scale":[-0.6,0.6,-0.6]},"thirdperson_lefthand":{"rotation":[60,-160,0],"translation":[0,5,2.5],"scale":[-0.6,0.6,-0.6]},"firstperson_righthand":{"rotation":[0,-73,6],"translation":[0,6.5,0],"scale":[-1,1,-1]},"firstperson_lefthand":{"rotation":[0,-73,6],"translation":[0,6.5,0],"scale":[-1,1,-1]},"ground":{"translation":[0,3,0],"scale":[0.8,0.8,0.8]},"gui":{"rotation":[30,-40,0],"translation":[0,5,0],"scale":[-1,1,-1]},"head":{"translation":[0,-30.4,0],"scale":[1.6,1.6,1.6]},"fixed":{"rotation":[90,0,-180],"translation":[0,0,-15],"scale":[2,2,2]}}}