{"credit":"Made with Blockbench","texture_size":[32,32],"textures":{"0":"tugkandeman:tugkandeman_cosmetics_vol1/vacuum_backpack","1":"tugkandeman:tugkandeman_cosmetics_vol1/vacuum_backpack_anim","particle":"tugkandeman:tugkandeman_cosmetics_vol1/vacuum_backpack"},"elements":[{"from":[2.5,-13,10],"to":[13.5,2,14],"rotation":{"angle":0,"axis":"y","origin":[8,-7,12]},"faces":{"north":{"uv":[0,0,2.75,3.75],"texture":"#0"},"east":{"uv":[4.5,3.75,5.5,7.5],"texture":"#0"},"south":{"uv":[2.75,0,5.5,3.75],"texture":"#0"},"west":{"uv":[5.5,0,6.5,3.75],"texture":"#0"},"up":{"uv":[8.25,4.75,5.5,3.75],"texture":"#0"},"down":{"uv":[8.25,4.75,5.5,5.75],"texture":"#0"}}},{"from":[3.5,-14.5,10.5],"to":[12.5,-5.5,14.5],"rotation":{"angle":45,"axis":"z","origin":[8,-10,11.5]},"faces":{"north":{"uv":[0,3.75,2.25,6],"texture":"#0"},"east":{"uv":[5.5,5.75,6.5,8],"texture":"#0"},"south":{"uv":[2.25,3.75,4.5,6],"texture":"#0"},"west":{"uv":[0,6,1,8.25],"texture":"#0"},"up":{"uv":[3.25,7,1,6],"texture":"#0"},"down":{"uv":[8.75,0,6.5,1],"texture":"#0"}}},{"from":[8,-2.5,11.5],"to":[14,2.5,15.5],"rotation":{"angle":0,"axis":"y","origin":[7.5,-7.5,13.5]},"faces":{"north":{"uv":[7.5,1,9,2.25],"texture":"#0"},"east":{"uv":[5,8,6,9.25],"texture":"#0"},"south":{"uv":[7.5,2.25,9,3.5],"texture":"#0"},"west":{"uv":[0,8.25,1,9.5],"texture":"#0"},"up":{"uv":[9,6.75,7.5,5.75],"texture":"#0"},"down":{"uv":[9,6.75,7.5,7.75],"texture":"#0"}}},{"from":[12,-8,14],"to":[14,1,16],"rotation":{"angle":-22.5,"axis":"z","origin":[12.5,0,15]},"faces":{"north":{"uv":[2.75,7,3.25,9.25],"texture":"#0"},"east":{"uv":[6,8,6.5,10.25],"texture":"#0"},"south":{"uv":[3.25,8.25,3.75,10.5],"texture":"#0"},"west":{"uv":[3.75,8.25,4.25,10.5],"texture":"#0"},"up":{"uv":[5.5,8,5,7.5],"texture":"#0"},"down":{"uv":[10,2,9.5,2.5],"texture":"#0"}}},{"from":[6.5,-11.5,14.5],"to":[9.5,-8.5,15.5],"rotation":{"angle":0,"axis":"y","origin":[8,-10,15]},"faces":{"north":{"uv":[9,2.5,9.75,3.25],"texture":"#0"},"east":{"uv":[4.25,6,4.5,6.75],"texture":"#0"},"south":{"uv":[9,5.5,9.75,6.25],"texture":"#0"},"west":{"uv":[4.25,6.75,4.5,7.5],"texture":"#0"},"up":{"uv":[8,3.75,7.25,3.5],"texture":"#0"},"down":{"uv":[9,5.5,8.25,5.75],"texture":"#0"}}},{"from":[1.5,-6,11],"to":[4.5,3,15],"rotation":{"angle":0,"axis":"y","origin":[7,-7,13]},"faces":{"north":{"uv":[2,7,2.75,9.25],"texture":"#0"},"east":{"uv":[3.25,6,4.25,8.25],"texture":"#0"},"south":{"uv":[4.25,7.5,5,9.75],"texture":"#0"},"west":{"uv":[6.5,1,7.5,3.25],"texture":"#0"},"up":{"uv":[9.5,1,8.75,0],"texture":"#0"},"down":{"uv":[7.75,8.75,7,9.75],"texture":"#0"}}},{"from":[4,-1.5,12.5],"to":[6,4.5,14.5],"rotation":{"angle":0,"axis":"y","origin":[1.5,4.5,12.5]},"faces":{"north":{"uv":[8.25,8.75,7.75,10.25],"texture":"#0"},"east":{"uv":[9.5,1,9,2.5],"texture":"#0"},"south":{"uv":[1.5,9,1,10.5],"texture":"#0"},"west":{"uv":[9.25,8.25,8.75,9.75],"texture":"#0"},"up":{"uv":[9.5,8.25,10,7.75],"texture":"#0"},"down":{"uv":[1.5,9.75,2,10.25],"texture":"#0"}}},{"from":[0.5,-10,11],"to":[3.5,-8,13],"rotation":{"angle":0,"axis":"y","origin":[-2,-8,12]},"faces":{"north":{"uv":[6.5,3.25,7.25,3.75],"texture":"#0"},"east":{"uv":[2,9.75,2.5,10.25],"texture":"#0"},"south":{"uv":[1.5,9.25,2.25,9.75],"texture":"#0"},"west":{"uv":[2.5,9.75,3,10.25],"texture":"#0"},"up":{"uv":[3,9.75,2.25,9.25],"texture":"#0"},"down":{"uv":[5.75,9.25,5,9.75],"texture":"#0"}}},{"from":[-2.125,-10,10.5],"to":[0.875,-8,13.5],"rotation":{"angle":45,"axis":"y","origin":[-0.625,-9,12]},"faces":{"north":{"uv":[9.25,8.25,10,8.75],"texture":"#0"},"east":{"uv":[9.25,8.75,10,9.25],"texture":"#0"},"south":{"uv":[9.25,9.25,10,9.75],"texture":"#0"},"west":{"uv":[0,9.5,0.75,10],"texture":"#0"},"up":{"uv":[9.75,7,9,6.25],"texture":"#0"},"down":{"uv":[9.75,7,9,7.75],"texture":"#0"}}},{"from":[6.5,-8,14.5],"to":[6.5,0,18.5],"rotation":{"angle":-22.5,"axis":"x","origin":[6.5,-8,14.5]},"faces":{"north":{"uv":[15.75,15.75,16,16],"texture":"#0"},"east":{"uv":[16,0,15,2],"texture":"#0"},"south":{"uv":[15.75,15.75,16,16],"texture":"#0"},"west":{"uv":[15,0,16,2],"texture":"#0"},"up":{"uv":[15.75,15.75,16,16],"texture":"#0"},"down":{"uv":[15.75,15.75,16,16],"texture":"#0"}}},{"from":[2,-11,13],"to":[14,-9,15],"rotation":{"angle":0,"axis":"y","origin":[8,-7,12]},"faces":{"north":{"uv":[6.5,7.75,9.5,8.25],"texture":"#0"},"east":{"uv":[9.75,2.5,10.25,3],"texture":"#0"},"south":{"uv":[8.25,3.5,11.25,4],"texture":"#0"},"west":{"uv":[9.75,3,10.25,3.5],"texture":"#0"},"up":{"uv":[11.25,4.5,8.25,4],"texture":"#0"},"down":{"uv":[11.25,4.5,8.25,5],"texture":"#0"}}},{"from":[5.5,-16,11.5],"to":[8.5,-14,13.5],"rotation":{"angle":45,"axis":"z","origin":[8,-10,11.5]},"faces":{"north":{"uv":[9.5,0,10.25,0.5],"texture":"#0"},"east":{"uv":[4.25,9.75,4.75,10.25],"texture":"#0"},"south":{"uv":[9.5,0.5,10.25,1],"texture":"#0"},"west":{"uv":[4.75,9.75,5.25,10.25],"texture":"#0"},"up":{"uv":[10.25,1.5,9.5,1],"texture":"#0"},"down":{"uv":[10.25,1.5,9.5,2],"texture":"#0"}}},{"from":[-0.5,-0.5,7.5],"to":[1.5,1.5,14.5],"rotation":{"angle":-22.5,"axis":"x","origin":[0,0,13]},"faces":{"north":{"uv":[5.25,9.75,5.75,10.25],"texture":"#0"},"east":{"uv":[8.25,5,10,5.5],"texture":"#0"},"south":{"uv":[9.75,5.5,10.25,6],"texture":"#0"},"west":{"uv":[6.5,8.25,8.25,8.75],"texture":"#0"},"up":{"uv":[8.75,10,8.25,8.25],"texture":"#0"},"down":{"uv":[7,8.75,6.5,10.5],"texture":"#0"}}},{"from":[0.875,-8,13.5],"to":[-2.125,-10,10.5],"rotation":{"angle":45,"axis":"y","origin":[-0.625,-9,12]},"faces":{"north":{"uv":[9.25,9.75,10,9.25],"texture":"#0"},"east":{"uv":[0,10,0.75,9.5],"texture":"#0"},"south":{"uv":[9.25,8.75,10,8.25],"texture":"#0"},"west":{"uv":[9.25,9.25,10,8.75],"texture":"#0"},"up":{"uv":[9,7,9.75,7.75],"texture":"#0"},"down":{"uv":[9,7,9.75,6.25],"texture":"#0"}}},{"from":[0.5,0.5,12.5],"to":[0.5,7.5,20.5],"rotation":{"angle":-22.5,"axis":"x","origin":[0,0,13]},"faces":{"north":{"uv":[0.5,0.5,1,1],"texture":"#1"},"east":{"uv":[16,0,12,3.5],"texture":"#1"},"south":{"uv":[0.5,0.5,1,1],"texture":"#1"},"west":{"uv":[12,0,16,3.5],"texture":"#1"},"up":{"uv":[0.5,0.5,1,1],"texture":"#1"},"down":{"uv":[0.5,0.5,1,1],"texture":"#1"}}},{"from":[11,-7,14.5],"to":[23,8,14.5],"rotation":{"angle":0,"axis":"y","origin":[7.5,-7.5,13.5]},"faces":{"north":{"uv":[6,8.5,0,16],"texture":"#1"},"east":{"uv":[0.5,0.5,1,1],"texture":"#1"},"south":{"uv":[0,8.5,6,16],"texture":"#1"},"west":{"uv":[0.5,0.5,1,1],"texture":"#1"},"up":{"uv":[0.5,0.5,1,1],"texture":"#1"},"down":{"uv":[0.5,0.5,1,1],"texture":"#1"}}},{"from":[2.5,-5,15],"to":[3.5,2,15],"rotation":{"angle":0,"axis":"y","origin":[7,-7,13]},"faces":{"north":{"uv":[14.5,11.5,15,15],"texture":"#1"},"east":{"uv":[6.5,12,8.5,16.5],"texture":"#1"},"south":{"uv":[14.5,11.5,15,15],"texture":"#1"},"west":{"uv":[13,2,15,6.5],"texture":"#1"},"up":{"uv":[19,2,17.5,0],"texture":"#1"},"down":{"uv":[15.5,17.5,14,19.5],"texture":"#1"}}}],"gui_light":"front","display":{"thirdperson_righthand":{"rotation":[45,180,-15],"translation":[-2.25,1.25,3.5],"scale":[0.4,0.4,0.4]},"thirdperson_lefthand":{"rotation":[45,180,-15],"translation":[-2.25,1.25,3.5],"scale":[0.4,0.4,0.4]},"firstperson_righthand":{"rotation":[0,-35,15],"translation":[4.75,11.25,-9.25],"scale":[0.75,0.75,0.75]},"firstperson_lefthand":{"rotation":[0,-35,15],"translation":[4.75,11.25,-9.25],"scale":[0.75,0.75,0.75]},"ground":{"rotation":[-10,0,0],"translation":[0,10,-2.5],"scale":[0.5,0.5,0.5]},"gui":{"rotation":[0,-30,-15],"translation":[4,8.5,0],"scale":[0.65,0.65,0.65]},"head":{"translation":[0,-30,0],"scale":[1.6,1.6,1.6]},"fixed":{"rotation":[0,180,0],"translation":[-0.5,12.5,5.25],"scale":[0.9,0.9,0.9]}}}