{"parent":"minecraft:item/generated","textures":{"layer0":"minecraft:item/charcoal"},"overrides":[{"predicate":{"custom_model_data":10001},"model":"workshop_six:sweetheart_furniture/sweetheart_dresser"},{"predicate":{"custom_model_data":10002},"model":"workshop_six:sweetheart_furniture/sweetheart_vanity"},{"predicate":{"custom_model_data":10003},"model":"workshop_six:sweetheart_furniture/sweetheart_armoire"},{"predicate":{"custom_model_data":10004},"model":"workshop_six:sweetheart_furniture/sweetheart_bed"},{"predicate":{"custom_model_data":10005},"model":"item/charcoal"}]}