{"credit":"Made with Blockbench","textures":{"0":"mob_balloons:wolf_chestnut_balloon","particle":"mob_balloons:wolf_chestnut_balloon"},"elements":[{"from":[0,0,0],"to":[16,16,16],"faces":{"north":{"uv":[0,0,4,4],"texture":"#0"},"east":{"uv":[8,0,4,4],"texture":"#0"},"south":{"uv":[0,4,4,8],"texture":"#0"},"west":{"uv":[4,0,8,4],"texture":"#0"},"up":{"uv":[8,8,4,4],"texture":"#0"},"down":{"uv":[4,8,0,12],"texture":"#0"}}},{"from":[6.5,-1.39142,17.56054],"to":[9.5,9.60858,20.56054],"rotation":{"angle":-22.5,"axis":"x","origin":[8,1.60858,19.06054]},"faces":{"north":{"uv":[8,2.5,8.75,5.25],"texture":"#0"},"east":{"uv":[4.75,8,5.5,10.75],"texture":"#0"},"south":{"uv":[4,8,4.75,10.75],"texture":"#0"},"west":{"uv":[4.75,8,5.5,10.75],"texture":"#0"},"up":{"uv":[10.25,8,9.5,7.25],"texture":"#0"},"down":{"uv":[10.25,8,9.5,8.75],"texture":"#0"}}},{"from":[4,5,-4],"to":[12,10,0],"faces":{"north":{"uv":[8,0,10,1.25],"texture":"#0"},"east":{"uv":[9,6.25,8,7.5],"texture":"#0"},"south":{"uv":[8,1.25,10,2.5],"texture":"#0"},"west":{"uv":[8,6.25,9,7.5],"texture":"#0"},"up":{"uv":[10,6.25,8,5.25],"texture":"#0"},"down":{"uv":[7.5,8,5.5,9],"texture":"#0"}}},{"from":[0.75,-2.975,2],"to":[4.75,1.025,6],"rotation":{"angle":-22.5,"axis":"z","origin":[2.75,-2.475,4.5]},"faces":{"north":{"uv":[8.75,2.5,9.75,3.5],"texture":"#0"},"east":{"uv":[8.75,3.5,9.75,4.5],"texture":"#0"},"south":{"uv":[8.5,8.75,9.5,9.75],"texture":"#0"},"west":{"uv":[5.5,9,6.5,10],"texture":"#0"},"up":{"uv":[10,7.25,9,6.25],"texture":"#0"},"down":{"uv":[7.5,9,6.5,10],"texture":"#0"}}},{"from":[11.25,-2.975,2],"to":[15.25,1.025,6],"rotation":{"angle":22.5,"axis":"z","origin":[13.25,-2.475,4.5]},"faces":{"north":{"uv":[9.75,2.5,8.75,3.5],"texture":"#0"},"east":{"uv":[6.5,9,5.5,10],"texture":"#0"},"south":{"uv":[9.5,8.75,8.5,9.75],"texture":"#0"},"west":{"uv":[9.75,3.5,8.75,4.5],"texture":"#0"},"up":{"uv":[9,7.25,10,6.25],"texture":"#0"},"down":{"uv":[6.5,9,7.5,10],"texture":"#0"}}},{"from":[11.25,-2.975,10],"to":[15.25,1.025,14],"rotation":{"angle":22.5,"axis":"z","origin":[13.25,-2.475,12.5]},"faces":{"north":{"uv":[9.75,2.5,8.75,3.5],"texture":"#0"},"east":{"uv":[6.5,9,5.5,10],"texture":"#0"},"south":{"uv":[9.5,8.75,8.5,9.75],"texture":"#0"},"west":{"uv":[9.75,3.5,8.75,4.5],"texture":"#0"},"up":{"uv":[9,7.25,10,6.25],"texture":"#0"},"down":{"uv":[6.5,9,7.5,10],"texture":"#0"}}},{"from":[0.75,-2.975,10],"to":[4.75,1.025,14],"rotation":{"angle":-22.5,"axis":"z","origin":[2.75,-2.475,12.5]},"faces":{"north":{"uv":[8.75,2.5,9.75,3.5],"texture":"#0"},"east":{"uv":[8.75,3.5,9.75,4.5],"texture":"#0"},"south":{"uv":[8.5,8.75,9.5,9.75],"texture":"#0"},"west":{"uv":[5.5,9,6.5,10],"texture":"#0"},"up":{"uv":[10,7.25,9,6.25],"texture":"#0"},"down":{"uv":[7.5,9,6.5,10],"texture":"#0"}}},{"from":[6,-2,8],"to":[10,1,8],"rotation":{"angle":-45,"axis":"y","origin":[8,-0.5,8]},"faces":{"north":{"uv":[9.75,4.5,8.75,5.25],"texture":"#0"},"east":{"uv":[0,0,0,0.75],"texture":"#0"},"south":{"uv":[8.75,4.5,9.75,5.25],"texture":"#0"},"west":{"uv":[0,0,0,0.75],"texture":"#0"},"up":{"uv":[1,0,0,0],"texture":"#0"},"down":{"uv":[1,0,0,0],"texture":"#0"}}},{"from":[6,-2,8],"to":[10,1,8],"rotation":{"angle":45,"axis":"y","origin":[8,-0.5,8]},"faces":{"north":{"uv":[9.75,4.5,8.75,5.25],"texture":"#0"},"east":{"uv":[0,0,0,0.75],"texture":"#0"},"south":{"uv":[9.75,4.5,8.75,5.25],"texture":"#0"},"west":{"uv":[0,0,0,0.75],"texture":"#0"},"up":{"uv":[0,0,1,0],"texture":"#0"},"down":{"uv":[0,0,1,0],"texture":"#0"}}},{"from":[6,-2,8],"to":[10,1,8],"rotation":{"angle":-45,"axis":"y","origin":[8,-0.5,8]},"faces":{"north":{"uv":[8.75,4.5,9.75,5.25],"texture":"#0"},"east":{"uv":[0,0,0,0.75],"texture":"#0"},"south":{"uv":[9.75,4.5,8.75,5.25],"texture":"#0"},"west":{"uv":[0,0,0,0.75],"texture":"#0"},"up":{"uv":[1,0,0,0],"texture":"#0"},"down":{"uv":[1,0,0,0],"texture":"#0"}}},{"from":[0.11941,15.42702,1],"to":[4.11941,20.42702,3],"rotation":{"angle":22.5,"axis":"z","origin":[3.11941,17.92702,1]},"faces":{"north":{"uv":[7.5,8,8.5,9.25],"texture":"#0"},"east":{"uv":[7.5,9.25,8,10.5],"texture":"#0"},"south":{"uv":[8.5,7.5,9.5,8.75],"texture":"#0"},"west":{"uv":[8,9.25,8.5,10.5],"texture":"#0"},"up":{"uv":[10.5,9.25,9.5,8.75],"texture":"#0"},"down":{"uv":[10.5,9.25,9.5,9.75],"texture":"#0"}}},{"from":[11.88059,15.42702,1],"to":[15.88059,20.42702,3],"rotation":{"angle":-22.5,"axis":"z","origin":[12.88059,17.92702,1]},"faces":{"north":{"uv":[8.5,8,7.5,9.25],"texture":"#0"},"east":{"uv":[8.5,9.25,8,10.5],"texture":"#0"},"south":{"uv":[9.5,7.5,8.5,8.75],"texture":"#0"},"west":{"uv":[8,9.25,7.5,10.5],"texture":"#0"},"up":{"uv":[9.5,9.25,10.5,8.75],"texture":"#0"},"down":{"uv":[9.5,9.25,10.5,9.75],"texture":"#0"}}}],"display":{"thirdperson_righthand":{"rotation":[75,135,0],"translation":[0,2.5,0],"scale":[0.375,0.375,0.375]},"thirdperson_lefthand":{"rotation":[75,135,0],"translation":[0,2.5,0],"scale":[0.375,0.375,0.375]},"firstperson_righthand":{"rotation":[0,135,0],"translation":[0,3.75,0],"scale":[0.4,0.4,0.4]},"firstperson_lefthand":{"rotation":[0,135,0],"translation":[0,3.75,0],"scale":[0.4,0.4,0.4]},"ground":{"translation":[0,3,0],"scale":[0.25,0.25,0.25]},"gui":{"rotation":[30,135,0],"scale":[0.4668,0.4668,0.4668]},"head":{"translation":[0,12,-2],"scale":[1.85,1.85,1.85]},"fixed":{"scale":[0.5,0.5,0.5]}}}