{"credit":"MadewithBlockbench","texture_size":[128,128],"textures":{"0":"easter_furniture:easter_texture_01","particle":"easter_furniture:easter_texture_01"},"elements":[{"from":[-16,0.1,1],"to":[32,0.1,32],"faces":{"north":{"uv":[0,0.0625,6,0.0625],"texture":"#missing"},"east":{"uv":[0,0.0625,3.8125,0.0625],"texture":"#missing"},"south":{"uv":[0,0.0625,6,0.0625],"texture":"#missing"},"west":{"uv":[0,0.0625,3.8125,0.0625],"texture":"#missing"},"up":{"uv":[10,12.0625,16,15.9375],"texture":"#0"},"down":{"uv":[10,12.0625,16,15.9375],"texture":"#0"}}}],"gui_light":"front","display":{"thirdperson_righthand":{"rotation":[67.5,0,0],"translation":[0,4,0.75],"scale":[0.16992,0.16992,0.16992]},"thirdperson_lefthand":{"rotation":[67.5,0,0],"translation":[0,4,0.75],"scale":[0.16992,0.16992,0.16992]},"firstperson_righthand":{"translation":[-0.75,5.5,1.5],"scale":[0.2125,0.2125,0.2125]},"firstperson_lefthand":{"translation":[-0.75,5.5,1.5],"scale":[0.2125,0.2125,0.2125]},"ground":{"translation":[0,6,-3.75],"scale":[0.4,0.4,0.4]},"gui":{"rotation":[30,135,0],"translation":[-1.75,1,0],"scale":[0.26953,0.26953,0.26953]},"head":{"rotation":[0,-180,0],"translation":[0,-30.55,13.5],"scale":[1.6,1.6,1.6]},"fixed":{"rotation":[-90,0,0],"translation":[-0.25,-17,-16],"scale":[2,2,2]}}}