{"credit":"Made with Blockbench","texture_size":[32,32],"textures":{"0":"tugkandeman:tugkandeman_cosmetics_vol1/hacker_visor","particle":"tugkandeman:tugkandeman_cosmetics_vol1/hacker_visor"},"elements":[{"from":[3,1.5,3],"to":[13,6.5,8],"rotation":{"angle":0,"axis":"y","origin":[0,26,0]},"faces":{"north":{"uv":[0,0,5,2.5],"texture":"#0"},"east":{"uv":[0,7.5,2.5,10],"texture":"#0"},"south":{"uv":[0,2.5,5,5],"texture":"#0"},"west":{"uv":[2.5,7.5,5,10],"texture":"#0"},"up":{"uv":[5,7.5,0,5],"texture":"#0"},"down":{"uv":[10,0,5,2.5],"texture":"#0"}}},{"from":[3,3.5,8],"to":[13,6.5,11],"rotation":{"angle":0,"axis":"y","origin":[0,26,3]},"faces":{"north":{"uv":[5,2.5,10,4],"texture":"#0"},"east":{"uv":[5,8.5,6.5,10],"texture":"#0"},"south":{"uv":[5,4,10,5.5],"texture":"#0"},"west":{"uv":[6.5,8.5,8,10],"texture":"#0"},"up":{"uv":[10,7,5,5.5],"texture":"#0"},"down":{"uv":[10,7,5,8.5],"texture":"#0"}}}],"gui_light":"front","display":{"thirdperson_righthand":{"rotation":[35,25,15],"translation":[-0.25,1.75,0.75],"scale":[0.4,0.4,0.4]},"thirdperson_lefthand":{"rotation":[35,25,15],"translation":[-0.25,1.75,0.75],"scale":[0.4,0.4,0.4]},"firstperson_righthand":{"rotation":[125,75,-115],"translation":[2,4,0],"scale":[0.6,0.6,0.6]},"firstperson_lefthand":{"rotation":[125,75,-115],"translation":[2,4,0],"scale":[0.6,0.6,0.6]},"ground":{"rotation":[10,0,0],"scale":[0.4,0.4,0.4]},"gui":{"rotation":[22.5,135,0],"translation":[1,4.75,0],"scale":[1.1,1.1,1.1]},"head":{"translation":[0,6,0],"scale":[1.6,1.6,1.6]},"fixed":{"translation":[0,6,5.25],"scale":[1.5,1.5,1.5]}},"groups":[{"name":"hacker_visor","origin":[0,28.25,-0.5],"color":0,"children":[0,1]}]}