{"credit":"Made by spike5032","textures":{"0":"block/white_concrete","1":"block/glass","2":"block/light_gray_concrete","3":"munchies:furniture/fruitvendor/vending_machine_enter","particle":"block/white_concrete"},"elements":[{"from":[14.3,1,4],"to":[15.7,8,15],"faces":{"north":{"uv":[0,0,15.4,7],"texture":"#0"},"east":{"uv":[0,0,11,7],"texture":"#0"},"south":{"uv":[0,0,15.4,7],"texture":"#0"},"west":{"uv":[0,0,11,7],"texture":"#0"},"up":{"uv":[0,0,15.4,11],"texture":"#0"},"down":{"uv":[0,0,15.4,11],"texture":"#0"}}},{"from":[0.3,1,4],"to":[4.7,8,15],"faces":{"north":{"uv":[0,0,15.4,7],"texture":"#0"},"east":{"uv":[0,0,11,7],"texture":"#0"},"south":{"uv":[0,0,15.4,7],"texture":"#0"},"west":{"uv":[0,0,11,7],"texture":"#0"},"up":{"uv":[0,0,15.4,11],"texture":"#0"},"down":{"uv":[0,0,15.4,11],"texture":"#0"}}},{"from":[4.7,1,14],"to":[14.45,8,15],"faces":{"north":{"uv":[0,0,15.4,7],"texture":"#0"},"east":{"uv":[0,0,11,7],"texture":"#0"},"south":{"uv":[0,0,15.4,7],"texture":"#0"},"west":{"uv":[0,0,11,7],"texture":"#0"},"up":{"uv":[0,0,15.4,11],"texture":"#0"},"down":{"uv":[0,0,15.4,11],"texture":"#0"}}},{"from":[0.84141,-0.03773,2.9996],"to":[1.19141,0.96227,14.9996],"rotation":{"angle":-22.5,"axis":"z","origin":[1.19141,0.46227,8.9996]},"faces":{"north":{"uv":[0,0,0.35,1],"texture":"#0"},"east":{"uv":[0,0,12,1],"texture":"#0"},"south":{"uv":[0,0,0.35,1],"texture":"#0"},"west":{"uv":[0,0,12,1],"texture":"#0"},"up":{"uv":[0,0,0.35,12],"texture":"#0"},"down":{"uv":[0,0,0.35,12],"texture":"#0"}}},{"from":[0.38737,-0.71929,2.9996],"to":[0.73737,0.28071,14.9996],"rotation":{"angle":-45,"axis":"z","origin":[1.73737,-0.21929,8.9996]},"faces":{"north":{"uv":[0,0,0.35,1],"texture":"#0"},"east":{"uv":[0,0,12,1],"texture":"#0"},"south":{"uv":[0,0,0.35,1],"texture":"#0"},"west":{"uv":[0,0,12,1],"texture":"#0"},"up":{"uv":[0,0,0.35,12],"texture":"#0"},"down":{"uv":[0,0,0.35,12],"texture":"#0"}}},{"from":[0.16282,1.72114,2.99959],"to":[1.16282,2.07114,14.99959],"rotation":{"angle":22.5,"axis":"z","origin":[3.66282,1.72114,8.99959]},"faces":{"north":{"uv":[0,0,0.35,1],"rotation":270,"texture":"#0"},"east":{"uv":[0,0,0.35,12],"rotation":90,"texture":"#0"},"south":{"uv":[0,0,0.35,1],"rotation":90,"texture":"#0"},"west":{"uv":[0,0,0.35,12],"rotation":90,"texture":"#0"},"up":{"uv":[0,0,12,1],"rotation":90,"texture":"#0"},"down":{"uv":[0,0,12,1],"rotation":90,"texture":"#0"}}},{"from":[0.29535,0.70509,2.99956],"to":[1.29535,1.05509,14.99956],"faces":{"north":{"uv":[0,0,0.35,1],"rotation":270,"texture":"#0"},"east":{"uv":[0,0,0.35,12],"rotation":90,"texture":"#0"},"south":{"uv":[0,0,0.35,1],"rotation":90,"texture":"#0"},"west":{"uv":[0,0,0.35,12],"rotation":90,"texture":"#0"},"up":{"uv":[0,0,12,1],"rotation":90,"texture":"#0"},"down":{"uv":[0,0,12,1],"rotation":90,"texture":"#0"}}},{"from":[14.70472,0.70476,2.99996],"to":[15.70472,1.05476,14.99996],"faces":{"north":{"uv":[0,1,0.35,0],"rotation":270,"texture":"#0"},"east":{"uv":[0,12,0.35,0],"rotation":90,"texture":"#0"},"south":{"uv":[0,1,0.35,0],"rotation":90,"texture":"#0"},"west":{"uv":[0,12,0.35,0],"rotation":90,"texture":"#0"},"up":{"uv":[0,1,12,0],"rotation":90,"texture":"#0"},"down":{"uv":[0,1,12,0],"rotation":90,"texture":"#0"}}},{"from":[14.83724,1.72081,2.99999],"to":[15.83724,2.07081,14.99999],"rotation":{"angle":-22.5,"axis":"z","origin":[12.33724,1.72081,8.99999]},"faces":{"north":{"uv":[0,1,0.35,0],"rotation":270,"texture":"#0"},"east":{"uv":[0,12,0.35,0],"rotation":90,"texture":"#0"},"south":{"uv":[0,1,0.35,0],"rotation":90,"texture":"#0"},"west":{"uv":[0,12,0.35,0],"rotation":90,"texture":"#0"},"up":{"uv":[0,1,12,0],"rotation":90,"texture":"#0"},"down":{"uv":[0,1,12,0],"rotation":90,"texture":"#0"}}},{"from":[15.26269,-0.71962,3],"to":[15.61269,0.28038,15],"rotation":{"angle":45,"axis":"z","origin":[14.26269,-0.21962,9]},"faces":{"north":{"uv":[0.35,0,0,1],"texture":"#0"},"east":{"uv":[12,0,0,1],"texture":"#0"},"south":{"uv":[0.35,0,0,1],"texture":"#0"},"west":{"uv":[12,0,0,1],"texture":"#0"},"up":{"uv":[0.35,0,0,12],"texture":"#0"},"down":{"uv":[0.35,0,0,12],"texture":"#0"}}},{"from":[14.80866,-0.03806,3],"to":[15.15866,0.96194,15],"rotation":{"angle":22.5,"axis":"z","origin":[14.80866,0.46194,9]},"faces":{"north":{"uv":[0.35,0,0,1],"texture":"#0"},"east":{"uv":[12,0,0,1],"texture":"#0"},"south":{"uv":[0.35,0,0,1],"texture":"#0"},"west":{"uv":[12,0,0,1],"texture":"#0"},"up":{"uv":[0.35,0,0,12],"texture":"#0"},"down":{"uv":[0.35,0,0,12],"texture":"#0"}}},{"from":[1,0,4.1],"to":[15,1,15],"faces":{"north":{"uv":[0,0,14,1],"texture":"#0"},"east":{"uv":[0,0,10.9,1],"texture":"#0"},"south":{"uv":[0,0,14,1],"texture":"#0"},"west":{"uv":[0,0,10.9,1],"texture":"#0"},"up":{"uv":[0,0,14,10.9],"texture":"#0"},"down":{"uv":[0,0,14,10.9],"texture":"#0"}}},{"from":[0.84141,8.03773,2.9996],"to":[1.19141,9.03773,14.9996],"rotation":{"angle":22.5,"axis":"z","origin":[1.19141,8.53773,8.9996]},"faces":{"north":{"uv":[0,1,0.35,2],"texture":"#0"},"east":{"uv":[0,1,12,2],"texture":"#0"},"south":{"uv":[0,1,0.35,2],"texture":"#0"},"west":{"uv":[0,1,12,2],"texture":"#0"},"up":{"uv":[0,4,0.35,16],"texture":"#0"},"down":{"uv":[0,4,0.35,16],"texture":"#0"}}},{"from":[0.38737,8.71929,2.9996],"to":[0.73737,9.71929,14.9996],"rotation":{"angle":45,"axis":"z","origin":[1.73737,9.21929,8.9996]},"faces":{"north":{"uv":[0,1,0.35,2],"texture":"#0"},"east":{"uv":[0,1,12,2],"texture":"#0"},"south":{"uv":[0,1,0.35,2],"texture":"#0"},"west":{"uv":[0,1,12,2],"texture":"#0"},"up":{"uv":[0,4,0.35,16],"texture":"#0"},"down":{"uv":[0,4,0.35,16],"texture":"#0"}}},{"from":[0.16282,6.92886,2.99959],"to":[1.16282,7.27886,14.99959],"rotation":{"angle":-22.5,"axis":"z","origin":[3.66282,7.27886,8.99959]},"faces":{"north":{"uv":[0.35,0,0.7,1],"rotation":270,"texture":"#0"},"east":{"uv":[0.35,0,0.7,12],"rotation":90,"texture":"#0"},"south":{"uv":[0.35,0,0.7,1],"rotation":90,"texture":"#0"},"west":{"uv":[0.35,0,0.7,12],"rotation":90,"texture":"#0"},"up":{"uv":[4,0,16,1],"rotation":90,"texture":"#0"},"down":{"uv":[4,0,16,1],"rotation":90,"texture":"#0"}}},{"from":[0.29535,7.94491,2.99956],"to":[1.29535,8.29491,14.99956],"faces":{"north":{"uv":[0.35,0,0.7,1],"rotation":270,"texture":"#0"},"east":{"uv":[0.35,0,0.7,12],"rotation":90,"texture":"#0"},"south":{"uv":[0.35,0,0.7,1],"rotation":90,"texture":"#0"},"west":{"uv":[0.35,0,0.7,12],"rotation":90,"texture":"#0"},"up":{"uv":[4,0,16,1],"rotation":90,"texture":"#0"},"down":{"uv":[4,0,16,1],"rotation":90,"texture":"#0"}}},{"from":[14.70472,7.94524,2.99996],"to":[15.70472,8.29524,14.99996],"faces":{"north":{"uv":[0.35,1,0.7,2],"rotation":270,"texture":"#0"},"east":{"uv":[0.35,4,0.7,16],"rotation":90,"texture":"#0"},"south":{"uv":[0.35,1,0.7,2],"rotation":90,"texture":"#0"},"west":{"uv":[0.35,4,0.7,16],"rotation":90,"texture":"#0"},"up":{"uv":[4,1,16,2],"rotation":90,"texture":"#0"},"down":{"uv":[4,1,16,2],"rotation":90,"texture":"#0"}}},{"from":[14.83724,6.92919,2.99999],"to":[15.83724,7.27919,14.99999],"rotation":{"angle":22.5,"axis":"z","origin":[12.33724,7.27919,8.99999]},"faces":{"north":{"uv":[0.35,1,0.7,2],"rotation":270,"texture":"#0"},"east":{"uv":[0.35,4,0.7,16],"rotation":90,"texture":"#0"},"south":{"uv":[0.35,1,0.7,2],"rotation":90,"texture":"#0"},"west":{"uv":[0.35,4,0.7,16],"rotation":90,"texture":"#0"},"up":{"uv":[4,1,16,2],"rotation":90,"texture":"#0"},"down":{"uv":[4,1,16,2],"rotation":90,"texture":"#0"}}},{"from":[15.26269,8.71962,3],"to":[15.61269,9.71962,15],"rotation":{"angle":-45,"axis":"z","origin":[14.26269,9.21962,9]},"faces":{"north":{"uv":[0.35,1,0.7,2],"texture":"#0"},"east":{"uv":[4,1,16,2],"texture":"#0"},"south":{"uv":[0.35,1,0.7,2],"texture":"#0"},"west":{"uv":[4,1,16,2],"texture":"#0"},"up":{"uv":[0.35,4,0.7,16],"texture":"#0"},"down":{"uv":[0.35,4,0.7,16],"texture":"#0"}}},{"from":[14.80866,8.03806,3],"to":[15.15866,9.03806,15],"rotation":{"angle":-22.5,"axis":"z","origin":[14.80866,8.53806,9]},"faces":{"north":{"uv":[0.35,1,0.7,2],"texture":"#0"},"east":{"uv":[4,1,16,2],"texture":"#0"},"south":{"uv":[0.35,1,0.7,2],"texture":"#0"},"west":{"uv":[4,1,16,2],"texture":"#0"},"up":{"uv":[0.35,4,0.7,16],"texture":"#0"},"down":{"uv":[0.35,4,0.7,16],"texture":"#0"}}},{"from":[1,8,4.1],"to":[15,9,15],"faces":{"north":{"uv":[0,1,14,2],"texture":"#0"},"east":{"uv":[0,1,10.9,2],"texture":"#0"},"south":{"uv":[0,1,14,2],"texture":"#0"},"west":{"uv":[0,1,10.9,2],"texture":"#0"},"up":{"uv":[0,4,14,14.9],"texture":"#0"},"down":{"uv":[0,4,14,14.9],"texture":"#0"}}},{"from":[4.5,8,3],"to":[15,9,4],"faces":{"north":{"uv":[0,1,10.5,2],"texture":"#0"},"east":{"uv":[0,1,1,2],"texture":"#0"},"south":{"uv":[0,1,10.5,2],"texture":"#0"},"west":{"uv":[0,1,1,2],"texture":"#0"},"up":{"uv":[0,4,10.5,5],"texture":"#0"},"down":{"uv":[0,4,10.5,5],"texture":"#0"}}},{"from":[4.34144,8.03805,2.99991],"to":[4.69144,9.03805,3.99991],"rotation":{"angle":22.5,"axis":"z","origin":[4.69144,8.53805,8.99991]},"faces":{"north":{"uv":[0,1,0.35,2],"texture":"#0"},"east":{"uv":[0,1,1,2],"texture":"#0"},"south":{"uv":[0,1,0.35,2],"texture":"#0"},"west":{"uv":[0,1,1,2],"texture":"#0"},"up":{"uv":[0,4,0.35,5],"texture":"#0"},"down":{"uv":[0,4,0.35,5],"texture":"#0"}}},{"from":[3.8874,8.71961,2.99991],"to":[4.2374,9.71961,3.99991],"rotation":{"angle":45,"axis":"z","origin":[5.2374,9.21961,8.99991]},"faces":{"north":{"uv":[0,1,0.35,2],"texture":"#0"},"east":{"uv":[0,1,1,2],"texture":"#0"},"south":{"uv":[0,1,0.35,2],"texture":"#0"},"west":{"uv":[0,1,1,2],"texture":"#0"},"up":{"uv":[0,4,0.35,5],"texture":"#0"},"down":{"uv":[0,4,0.35,5],"texture":"#0"}}},{"from":[3.66285,6.92919,2.9999],"to":[4.66285,7.27919,3.9999],"rotation":{"angle":-22.5,"axis":"z","origin":[7.16285,7.27919,8.9999]},"faces":{"north":{"uv":[0.35,0,0.7,1],"rotation":270,"texture":"#0"},"east":{"uv":[0.35,0,0.7,1],"rotation":90,"texture":"#0"},"south":{"uv":[0.35,0,0.7,1],"rotation":90,"texture":"#0"},"west":{"uv":[0.35,0,0.7,1],"rotation":90,"texture":"#0"},"up":{"uv":[4,0,5,1],"rotation":90,"texture":"#0"},"down":{"uv":[4,0,5,1],"rotation":90,"texture":"#0"}}},{"from":[3.79537,7.94524,2.99988],"to":[4.79537,8.29524,3.99988],"faces":{"north":{"uv":[0.35,0,0.7,1],"rotation":270,"texture":"#0"},"east":{"uv":[0.35,0,0.7,1],"rotation":90,"texture":"#0"},"south":{"uv":[0.35,0,0.7,1],"rotation":90,"texture":"#0"},"west":{"uv":[0.35,0,0.7,1],"rotation":90,"texture":"#0"},"up":{"uv":[4,0,5,1],"rotation":90,"texture":"#0"},"down":{"uv":[4,0,5,1],"rotation":90,"texture":"#0"}}},{"from":[3.8,1,3],"to":[4.8,8,4],"faces":{"north":{"uv":[0,0,1,7],"texture":"#0"},"east":{"uv":[0,0,1,7],"texture":"#0"},"south":{"uv":[0,0,1,7],"texture":"#0"},"west":{"uv":[0,0,1,7],"texture":"#0"},"up":{"uv":[0,0,1,1],"texture":"#0"},"down":{"uv":[0,0,1,1],"texture":"#0"}}},{"from":[3.79537,0.70476,2.99988],"to":[4.79537,1.05476,3.99988],"faces":{"north":{"uv":[0.7,0,1.05,1],"rotation":270,"texture":"#0"},"east":{"uv":[0.7,0,1.05,1],"rotation":90,"texture":"#0"},"south":{"uv":[0.7,0,1.05,1],"rotation":90,"texture":"#0"},"west":{"uv":[0.7,0,1.05,1],"rotation":90,"texture":"#0"},"up":{"uv":[5,0,6,1],"rotation":90,"texture":"#0"},"down":{"uv":[5,0,6,1],"rotation":90,"texture":"#0"}}},{"from":[3.66285,1.72081,2.9999],"to":[4.66285,2.07081,3.9999],"rotation":{"angle":22.5,"axis":"z","origin":[7.16285,1.72081,8.9999]},"faces":{"north":{"uv":[0.7,0,1.05,1],"rotation":270,"texture":"#0"},"east":{"uv":[0.7,0,1.05,1],"rotation":90,"texture":"#0"},"south":{"uv":[0.7,0,1.05,1],"rotation":90,"texture":"#0"},"west":{"uv":[0.7,0,1.05,1],"rotation":90,"texture":"#0"},"up":{"uv":[5,0,6,1],"rotation":90,"texture":"#0"},"down":{"uv":[5,0,6,1],"rotation":90,"texture":"#0"}}},{"from":[3.8874,-0.71961,2.99991],"to":[4.2374,0.28039,3.99991],"rotation":{"angle":-45,"axis":"z","origin":[5.2374,-0.21961,8.99991]},"faces":{"north":{"uv":[0,2,0.35,3],"texture":"#0"},"east":{"uv":[0,2,1,3],"texture":"#0"},"south":{"uv":[0,2,0.35,3],"texture":"#0"},"west":{"uv":[0,2,1,3],"texture":"#0"},"up":{"uv":[0,5,0.35,6],"texture":"#0"},"down":{"uv":[0,5,0.35,6],"texture":"#0"}}},{"from":[4.34144,-0.03805,2.99991],"to":[4.69144,0.96195,3.99991],"rotation":{"angle":-22.5,"axis":"z","origin":[4.69144,0.46195,8.99991]},"faces":{"north":{"uv":[0,2,0.35,3],"texture":"#0"},"east":{"uv":[0,2,1,3],"texture":"#0"},"south":{"uv":[0,2,0.35,3],"texture":"#0"},"west":{"uv":[0,2,1,3],"texture":"#0"},"up":{"uv":[0,5,0.35,6],"texture":"#0"},"down":{"uv":[0,5,0.35,6],"texture":"#0"}}},{"from":[4.5,0,3],"to":[15,1,4],"faces":{"north":{"uv":[0,0,10.5,1],"texture":"#0"},"east":{"uv":[0,0,1,1],"texture":"#0"},"south":{"uv":[0,0,10.5,1],"texture":"#0"},"west":{"uv":[0,0,1,1],"texture":"#0"},"up":{"uv":[0,0,10.5,1],"texture":"#0"},"down":{"uv":[0,0,10.5,1],"texture":"#0"}}},{"from":[14.3,1,3],"to":[15.7,8,4],"faces":{"north":{"uv":[0,0,1.4,7],"texture":"#0"},"east":{"uv":[0,0,1,7],"texture":"#0"},"south":{"uv":[0,0,1.4,7],"texture":"#0"},"west":{"uv":[0,0,1,7],"texture":"#0"},"up":{"uv":[0,0,1.4,1],"texture":"#0"},"down":{"uv":[0,0,1.4,1],"texture":"#0"}}},{"from":[4.05,2,2],"to":[4.55,7,2.5],"faces":{"north":{"uv":[0,0,0.5,5],"texture":"#2"},"east":{"uv":[0,0,0.5,5],"texture":"#2"},"south":{"uv":[0,0,0.5,5],"texture":"#2"},"west":{"uv":[0,0,0.5,5],"texture":"#2"},"up":{"uv":[0,0,0.5,0.5],"texture":"#2"},"down":{"uv":[0,0,0.5,0.5],"texture":"#2"}}},{"from":[4.05134,1.94054,1.9614],"to":[4.55134,2.19054,2.4614],"rotation":{"angle":-22.5,"axis":"x","origin":[4.50134,2.19054,2.4614]},"faces":{"north":{"uv":[0,0,0.5,0.25],"rotation":180,"texture":"#2"},"east":{"uv":[0,0,0.25,0.5],"rotation":270,"texture":"#2"},"south":{"uv":[0,0,0.5,0.25],"texture":"#2"},"west":{"uv":[0,0,0.25,0.5],"rotation":90,"texture":"#2"},"up":{"uv":[0,0,0.5,0.5],"rotation":180,"texture":"#2"},"down":{"uv":[0,0,0.5,0.5],"texture":"#2"}}},{"from":[4.05144,1.8718,1.94856],"to":[4.55144,2.1218,2.44856],"rotation":{"angle":-45,"axis":"x","origin":[4.50144,2.1218,2.44856]},"faces":{"north":{"uv":[0,0,0.5,0.25],"rotation":180,"texture":"#2"},"east":{"uv":[0,0,0.25,0.5],"rotation":270,"texture":"#2"},"south":{"uv":[0,0,0.5,0.25],"texture":"#2"},"west":{"uv":[0,0,0.25,0.5],"rotation":90,"texture":"#2"},"up":{"uv":[0,0,0.5,0.5],"rotation":180,"texture":"#2"},"down":{"uv":[0,0,0.5,0.5],"texture":"#2"}}},{"from":[4.05159,1.55339,2.46301],"to":[4.55159,2.05339,2.71301],"rotation":{"angle":22.5,"axis":"x","origin":[4.50159,2.05339,2.46301]},"faces":{"north":{"uv":[0,0,0.5,0.5],"texture":"#2"},"east":{"uv":[0,0,0.25,0.5],"texture":"#2"},"south":{"uv":[0,0,0.5,0.5],"texture":"#2"},"west":{"uv":[0,0,0.25,0.5],"texture":"#2"},"up":{"uv":[0,0,0.5,0.25],"texture":"#2"},"down":{"uv":[0,0,0.5,0.25],"texture":"#2"}}},{"from":[4.05176,1.49571,2.50254],"to":[4.55176,1.99571,3.05254],"faces":{"north":{"uv":[0,0,0.5,0.5],"texture":"#2"},"east":{"uv":[0,0,0.55,0.5],"texture":"#2"},"south":{"uv":[0,0,0.5,0.5],"texture":"#2"},"west":{"uv":[0,0,0.55,0.5],"texture":"#2"},"up":{"uv":[0,0,0.5,0.55],"texture":"#2"},"down":{"uv":[0,0,0.5,0.55],"texture":"#2"}}},{"from":[4.05042,7.00348,2.50308],"to":[4.55042,7.50348,3.05308],"faces":{"north":{"uv":[0,0.5,0.5,1],"texture":"#2"},"east":{"uv":[0,0.5,0.55,1],"texture":"#2"},"south":{"uv":[0,0.5,0.5,1],"texture":"#2"},"west":{"uv":[0,0.5,0.55,1],"texture":"#2"},"up":{"uv":[0,0.55,0.5,1.1],"texture":"#2"},"down":{"uv":[0,0.55,0.5,1.1],"texture":"#2"}}},{"from":[4.05025,6.9458,2.46355],"to":[4.55025,7.4458,2.71355],"rotation":{"angle":-22.5,"axis":"x","origin":[4.50025,6.9458,2.46355]},"faces":{"north":{"uv":[0,0.5,0.5,1],"texture":"#2"},"east":{"uv":[0,0.5,0.25,1],"texture":"#2"},"south":{"uv":[0,0.5,0.5,1],"texture":"#2"},"west":{"uv":[0,0.5,0.25,1],"texture":"#2"},"up":{"uv":[0,0.25,0.5,0.5],"texture":"#2"},"down":{"uv":[0,0.25,0.5,0.5],"texture":"#2"}}},{"from":[4.0501,6.87739,1.94911],"to":[4.5501,7.12739,2.44911],"rotation":{"angle":45,"axis":"x","origin":[4.5001,6.87739,2.44911]},"faces":{"north":{"uv":[0,0.25,0.5,0.5],"rotation":180,"texture":"#2"},"east":{"uv":[0.25,0,0.5,0.5],"rotation":270,"texture":"#2"},"south":{"uv":[0,0.25,0.5,0.5],"texture":"#2"},"west":{"uv":[0.25,0,0.5,0.5],"rotation":90,"texture":"#2"},"up":{"uv":[0,0.5,0.5,1],"texture":"#2"},"down":{"uv":[0,0.5,0.5,1],"rotation":180,"texture":"#2"}}},{"from":[4.05,6.80865,1.96194],"to":[4.55,7.05865,2.46194],"rotation":{"angle":22.5,"axis":"x","origin":[4.5,6.80865,2.46194]},"faces":{"north":{"uv":[0,0.25,0.5,0.5],"rotation":180,"texture":"#2"},"east":{"uv":[0.25,0,0.5,0.5],"rotation":270,"texture":"#2"},"south":{"uv":[0,0.25,0.5,0.5],"texture":"#2"},"west":{"uv":[0.25,0,0.5,0.5],"rotation":90,"texture":"#2"},"up":{"uv":[0,0.5,0.5,1],"texture":"#2"},"down":{"uv":[0,0.5,0.5,1],"rotation":180,"texture":"#2"}}},{"from":[2.35,4.2,3.1],"to":[2.8,4.65,3.25],"faces":{"north":{"uv":[3,8.8125,3.6875,9.5],"texture":"#3"},"east":{"uv":[3,8.8125,3.6875,8.875],"texture":"#3"},"south":{"uv":[3,8.8125,3.6875,8.875],"texture":"#3"},"west":{"uv":[3,8.8125,3.6875,8.875],"texture":"#3"},"up":{"uv":[3,8.8125,3.6875,8.875],"texture":"#3"},"down":{"uv":[3,8.8125,3.6875,8.875],"texture":"#3"}}},{"from":[1.15,4.2,3.1],"to":[1.6,4.65,3.25],"faces":{"north":{"uv":[10.8125,8.4375,11.5,9.125],"texture":"#3"},"east":{"uv":[3,8.8125,3.6875,8.875],"texture":"#3"},"south":{"uv":[3,8.8125,3.6875,8.875],"texture":"#3"},"west":{"uv":[3,8.8125,3.6875,8.875],"texture":"#3"},"up":{"uv":[3,8.8125,3.6875,8.875],"texture":"#3"},"down":{"uv":[3,8.8125,3.6875,8.875],"texture":"#3"}}},{"from":[1.15,3.45,3.1],"to":[1.6,3.9,3.25],"faces":{"north":{"uv":[0.6875,8.8125,1.375,9.5],"texture":"#3"},"east":{"uv":[3,8.8125,3.6875,8.875],"texture":"#3"},"south":{"uv":[3,8.8125,3.6875,8.875],"texture":"#3"},"west":{"uv":[3,8.8125,3.6875,8.875],"texture":"#3"},"up":{"uv":[3,8.8125,3.6875,8.875],"texture":"#3"},"down":{"uv":[3,8.8125,3.6875,8.875],"texture":"#3"}}},{"from":[1.75,3.45,3.1],"to":[2.2,3.9,3.25],"faces":{"north":{"uv":[10.125,6.1875,10.8125,6.875],"texture":"#3"},"east":{"uv":[3,8.8125,3.6875,8.875],"texture":"#3"},"south":{"uv":[3,8.8125,3.6875,8.875],"texture":"#3"},"west":{"uv":[3,8.8125,3.6875,8.875],"texture":"#3"},"up":{"uv":[3,8.8125,3.6875,8.875],"texture":"#3"},"down":{"uv":[3,8.8125,3.6875,8.875],"texture":"#3"}}},{"from":[2.35,3.45,3.1],"to":[2.8,3.9,3.25],"faces":{"north":{"uv":[7.0625,6.0625,7.75,6.75],"texture":"#3"},"east":{"uv":[3,8.8125,3.6875,8.875],"texture":"#3"},"south":{"uv":[3,8.8125,3.6875,8.875],"texture":"#3"},"west":{"uv":[3,8.8125,3.6875,8.875],"texture":"#3"},"up":{"uv":[3,8.8125,3.6875,8.875],"texture":"#3"},"down":{"uv":[3,8.8125,3.6875,8.875],"texture":"#3"}}},{"from":[2.35,2.7,3.1],"to":[2.8,3.15,3.25],"faces":{"north":{"uv":[0.6875,6.3125,1.375,7],"texture":"#3"},"east":{"uv":[3,8.8125,3.6875,8.875],"texture":"#3"},"south":{"uv":[3,8.8125,3.6875,8.875],"texture":"#3"},"west":{"uv":[3,8.8125,3.6875,8.875],"texture":"#3"},"up":{"uv":[3,8.8125,3.6875,8.875],"texture":"#3"},"down":{"uv":[3,8.8125,3.6875,8.875],"texture":"#3"}}},{"from":[1.15,2.7,3.1],"to":[1.6,3.15,3.25],"faces":{"north":{"uv":[4.6875,6.3125,5.375,7],"texture":"#3"},"east":{"uv":[3,8.8125,3.6875,8.875],"texture":"#3"},"south":{"uv":[3,8.8125,3.6875,8.875],"texture":"#3"},"west":{"uv":[3,8.8125,3.6875,8.875],"texture":"#3"},"up":{"uv":[3,8.8125,3.6875,8.875],"texture":"#3"},"down":{"uv":[3,8.8125,3.6875,8.875],"texture":"#3"}}},{"from":[1.75,2.7,3.1],"to":[2.2,3.15,3.25],"faces":{"north":{"uv":[2.4375,6.125,3.125,6.8125],"texture":"#3"},"east":{"uv":[3,8.8125,3.6875,8.875],"texture":"#3"},"south":{"uv":[3,8.8125,3.6875,8.875],"texture":"#3"},"west":{"uv":[3,8.8125,3.6875,8.875],"texture":"#3"},"up":{"uv":[3,8.8125,3.6875,8.875],"texture":"#3"},"down":{"uv":[3,8.8125,3.6875,8.875],"texture":"#3"}}},{"from":[1.75,4.2,3.1],"to":[2.2,4.65,3.25],"faces":{"north":{"uv":[5.5625,8.625,6.25,9.3125],"texture":"#3"},"east":{"uv":[3,8.8125,3.6875,8.875],"texture":"#3"},"south":{"uv":[3,8.8125,3.6875,8.875],"texture":"#3"},"west":{"uv":[3,8.8125,3.6875,8.875],"texture":"#3"},"up":{"uv":[3,8.8125,3.6875,8.875],"texture":"#3"},"down":{"uv":[3,8.8125,3.6875,8.875],"texture":"#3"}}},{"from":[0.90009,2.2,3.24991],"to":[3.05009,5.25,3.99991],"faces":{"north":{"uv":[0,0,2.15,3.05],"texture":"#2"},"east":{"uv":[0,0,0.75,3.05],"texture":"#2"},"south":{"uv":[0,0,2.15,3.05],"texture":"#2"},"west":{"uv":[0,0,0.75,3.05],"texture":"#2"},"up":{"uv":[0,0,2.15,0.75],"texture":"#2"},"down":{"uv":[0,0,2.15,0.75],"texture":"#2"}}},{"from":[0.95,0.7,2.75],"to":[3.05,1.95,3],"faces":{"north":{"uv":[0,0,2.6875,1.0625],"texture":"#3"},"east":{"uv":[0,0,1,0.0625],"texture":"#3"},"south":{"uv":[0,0,1,0.0625],"texture":"#3"},"west":{"uv":[0,0,1,0.0625],"texture":"#3"},"up":{"uv":[0,0,1,0.0625],"texture":"#3"},"down":{"uv":[0,0,1,0.0625],"texture":"#3"}}},{"from":[0.90009,5.2,3.34991],"to":[3.05009,8.25,4.09991],"faces":{"north":{"uv":[0,0,1.15,1.05],"texture":"#1"},"east":{"uv":[0,0,1.15,1.05],"texture":"#1"},"south":{"uv":[0,0,1.15,1.05],"texture":"#1"},"west":{"uv":[0,0,1.15,1.05],"texture":"#1"},"up":{"uv":[0,0,1.15,1.05],"texture":"#1"},"down":{"uv":[0,0,1.15,1.05],"texture":"#1"}}},{"from":[4.6,1,3.35],"to":[14.7,8,3.35],"faces":{"north":{"uv":[0,0,16,16],"texture":"#1"}}},{"from":[0.90009,5.2,3.24991],"to":[3.05009,8.25,3.99991],"faces":{"north":{"uv":[1,1,3.15,4.05],"texture":"#1"},"east":{"uv":[0,0,0.75,3.05],"texture":"#1"},"south":{"uv":[0,0,2.15,3.05],"texture":"#1"},"west":{"uv":[0,0,0.75,3.05],"texture":"#1"},"up":{"uv":[0,0,2.15,0.75],"texture":"#1"},"down":{"uv":[0,0,2.15,0.75],"texture":"#1"}}},{"from":[2.40009,6.45,3.14991],"to":[3.15009,7.75,4.14991],"rotation":{"angle":0,"axis":"y","origin":[8.1,8,7.9]},"faces":{"north":{"uv":[3.1875,8.9375,3.5,9.375],"texture":"#3"}}},{"from":[1.65009,6.45,3.14991],"to":[2.40009,7.75,4.14991],"rotation":{"angle":0,"axis":"y","origin":[7.35,8,7.9]},"faces":{"north":{"uv":[5.25,12.0625,5.5625,12.5],"texture":"#3"}}},{"from":[2.35,7.2,3.14],"to":[2.5,7.4,3.14],"rotation":{"angle":0,"axis":"y","origin":[7.35,8,7.9]},"faces":{"north":{"uv":[5.3125,12.125,5.375,12.1875],"texture":"#3"}}},{"from":[2.35,6.75,3.14],"to":[2.5,6.95,3.14],"rotation":{"angle":0,"axis":"y","origin":[7.35,8,7.9]},"faces":{"north":{"uv":[5.3125,12.125,5.375,12.1875],"texture":"#3"}}},{"from":[0.90009,6.45,3.14991],"to":[1.65009,7.75,4.14991],"rotation":{"angle":0,"axis":"y","origin":[6.6,8,7.9]},"faces":{"north":{"uv":[5.25,12.0625,5.5625,12.5],"texture":"#3"}}},{"from":[0.30009,6.45,2.99991],"to":[0.95009,7.75,3.99991],"faces":{"north":{"uv":[0,0,0.65,1.3],"texture":"#0"},"east":{"uv":[0,0,1,1.3],"texture":"#0"},"south":{"uv":[0,0,0.65,1.3],"texture":"#0"},"west":{"uv":[0,0,1,1.3],"texture":"#0"},"up":{"uv":[0,0,0.65,1],"texture":"#0"},"down":{"uv":[0,0,0.65,1],"texture":"#0"}}},{"from":[3.05009,6.45009,2.99983],"to":[3.70009,7.75009,3.99983],"faces":{"north":{"uv":[0,0,0.65,1.3],"texture":"#0"},"east":{"uv":[0,0,1,1.3],"texture":"#0"},"south":{"uv":[0,0,0.65,1.3],"texture":"#0"},"west":{"uv":[0,0,1,1.3],"texture":"#0"},"up":{"uv":[0,0,0.65,1],"texture":"#0"},"down":{"uv":[0,0,0.65,1],"texture":"#0"}}},{"from":[0.3,5,3],"to":[3.7,6.5,4],"faces":{"north":{"uv":[0,0,3.4,1.5],"texture":"#0"},"east":{"uv":[0,0,1,1.5],"texture":"#0"},"south":{"uv":[0,0,3.4,1.5],"texture":"#0"},"west":{"uv":[0,0,1,1.5],"texture":"#0"},"up":{"uv":[0,0,3.4,1],"texture":"#0"},"down":{"uv":[0,0,3.4,1],"texture":"#0"}}},{"from":[0.30009,2.2,2.99991],"to":[0.95009,5,3.99991],"faces":{"north":{"uv":[0,0,0.65,2.8],"texture":"#0"},"east":{"uv":[0,0,1,2.8],"texture":"#0"},"south":{"uv":[0,0,0.65,2.8],"texture":"#0"},"west":{"uv":[0,0,1,2.8],"texture":"#0"},"up":{"uv":[0,0,0.65,1],"texture":"#0"},"down":{"uv":[0,0,0.65,1],"texture":"#0"}}},{"from":[3.05009,2.20009,2.99983],"to":[3.70009,5.00009,3.99983],"faces":{"north":{"uv":[0,0,0.65,2.8],"texture":"#0"},"east":{"uv":[0,0,1,2.8],"texture":"#0"},"south":{"uv":[0,0,0.65,2.8],"texture":"#0"},"west":{"uv":[0,0,1,2.8],"texture":"#0"},"up":{"uv":[0,0,0.65,1],"texture":"#0"},"down":{"uv":[0,0,0.65,1],"texture":"#0"}}},{"from":[0.3,0.95,3],"to":[3.7,2.3,4],"faces":{"north":{"uv":[0,0,3.4,1.35],"texture":"#0"},"east":{"uv":[0,0,1,1.35],"texture":"#0"},"south":{"uv":[0,0,3.4,1.35],"texture":"#0"},"west":{"uv":[0,0,1,1.35],"texture":"#0"},"up":{"uv":[0,0,3.4,1],"texture":"#0"},"down":{"uv":[0,0,3.4,1],"texture":"#0"}}},{"from":[0.3,7.75,3],"to":[3.7,8,4],"faces":{"north":{"uv":[0,0,3.4,0.25],"texture":"#0"},"east":{"uv":[0,0,1,0.25],"texture":"#0"},"south":{"uv":[0,0,3.4,0.25],"texture":"#0"},"west":{"uv":[0,0,1,0.25],"texture":"#0"},"up":{"uv":[0,0,3.4,1],"texture":"#0"},"down":{"uv":[0,0,3.4,1],"texture":"#0"}}},{"from":[1,0,3],"to":[3,1,4],"faces":{"north":{"uv":[0,0,2,1],"texture":"#0"},"east":{"uv":[0,0,1,1],"texture":"#0"},"south":{"uv":[0,0,2,1],"texture":"#0"},"west":{"uv":[0,0,1,1],"texture":"#0"},"up":{"uv":[0,0,2,1],"texture":"#0"},"down":{"uv":[0,0,2,1],"texture":"#0"}}},{"from":[2.80856,-0.03805,3.00009],"to":[3.15856,0.96195,4.00009],"rotation":{"angle":22.5,"axis":"z","origin":[2.80856,0.46195,9.00009]},"faces":{"north":{"uv":[0.35,2,0,1],"texture":"#0"},"east":{"uv":[1,2,0,1],"texture":"#0"},"south":{"uv":[0.35,2,0,1],"texture":"#0"},"west":{"uv":[1,2,0,1],"texture":"#0"},"up":{"uv":[0.35,5,0,4],"texture":"#0"},"down":{"uv":[0.35,5,0,4],"texture":"#0"}}},{"from":[3.2626,-0.71961,3.00009],"to":[3.6126,0.28039,4.00009],"rotation":{"angle":45,"axis":"z","origin":[2.2626,-0.21961,9.00009]},"faces":{"north":{"uv":[0.35,2,0,1],"texture":"#0"},"east":{"uv":[1,2,0,1],"texture":"#0"},"south":{"uv":[0.35,2,0,1],"texture":"#0"},"west":{"uv":[1,2,0,1],"texture":"#0"},"up":{"uv":[0.35,5,0,4],"texture":"#0"},"down":{"uv":[0.35,5,0,4],"texture":"#0"}}},{"from":[2.83715,1.72081,3.00008],"to":[3.83715,2.07081,4.00008],"rotation":{"angle":-22.5,"axis":"z","origin":[0.33715,1.72081,9.00008]},"faces":{"north":{"uv":[0.7,1,0.35,0],"rotation":270,"texture":"#0"},"east":{"uv":[0.7,1,0.35,0],"rotation":90,"texture":"#0"},"south":{"uv":[0.7,1,0.35,0],"rotation":90,"texture":"#0"},"west":{"uv":[0.7,1,0.35,0],"rotation":90,"texture":"#0"},"up":{"uv":[5,1,4,0],"rotation":90,"texture":"#0"},"down":{"uv":[5,1,4,0],"rotation":90,"texture":"#0"}}},{"from":[2.70463,0.70476,3.00005],"to":[3.70463,1.05476,4.00005],"faces":{"north":{"uv":[0.7,1,0.35,0],"rotation":270,"texture":"#0"},"east":{"uv":[0.7,1,0.35,0],"rotation":90,"texture":"#0"},"south":{"uv":[0.7,1,0.35,0],"rotation":90,"texture":"#0"},"west":{"uv":[0.7,1,0.35,0],"rotation":90,"texture":"#0"},"up":{"uv":[5,1,4,0],"rotation":90,"texture":"#0"},"down":{"uv":[5,1,4,0],"rotation":90,"texture":"#0"}}},{"from":[2.80875,8.03807,2.9999],"to":[3.15875,9.03807,3.9999],"rotation":{"angle":-22.5,"axis":"z","origin":[2.80875,8.53807,8.9999]},"faces":{"north":{"uv":[0.35,1,0,2],"texture":"#0"},"east":{"uv":[1,1,0,2],"texture":"#0"},"south":{"uv":[0.35,1,0,2],"texture":"#0"},"west":{"uv":[1,1,0,2],"texture":"#0"},"up":{"uv":[0.35,4,0,5],"texture":"#0"},"down":{"uv":[0.35,4,0,5],"texture":"#0"}}},{"from":[3.26279,8.71963,2.9999],"to":[3.61279,9.71963,3.9999],"rotation":{"angle":-45,"axis":"z","origin":[2.26279,9.21963,8.9999]},"faces":{"north":{"uv":[0.35,1,0,2],"texture":"#0"},"east":{"uv":[1,1,0,2],"texture":"#0"},"south":{"uv":[0.35,1,0,2],"texture":"#0"},"west":{"uv":[1,1,0,2],"texture":"#0"},"up":{"uv":[0.35,4,0,5],"texture":"#0"},"down":{"uv":[0.35,4,0,5],"texture":"#0"}}},{"from":[2.83734,6.9292,2.99988],"to":[3.83734,7.2792,3.99988],"rotation":{"angle":22.5,"axis":"z","origin":[0.33734,7.2792,8.99988]},"faces":{"north":{"uv":[0.35,1,0.7,0],"rotation":270,"texture":"#0"},"east":{"uv":[0.35,1,0.7,0],"rotation":90,"texture":"#0"},"south":{"uv":[0.35,1,0.7,0],"rotation":90,"texture":"#0"},"west":{"uv":[0.35,1,0.7,0],"rotation":90,"texture":"#0"},"up":{"uv":[4,1,5,0],"rotation":90,"texture":"#0"},"down":{"uv":[4,1,5,0],"rotation":90,"texture":"#0"}}},{"from":[2.70482,7.94525,2.99986],"to":[3.70482,8.29525,3.99986],"faces":{"north":{"uv":[0.35,1,0.7,0],"rotation":270,"texture":"#0"},"east":{"uv":[0.35,1,0.7,0],"rotation":90,"texture":"#0"},"south":{"uv":[0.35,1,0.7,0],"rotation":90,"texture":"#0"},"west":{"uv":[0.35,1,0.7,0],"rotation":90,"texture":"#0"},"up":{"uv":[4,1,5,0],"rotation":90,"texture":"#0"},"down":{"uv":[4,1,5,0],"rotation":90,"texture":"#0"}}},{"from":[1,8,3],"to":[3,9,4.1],"faces":{"north":{"uv":[0,1,2,2],"texture":"#0"},"east":{"uv":[0,1,1.1,2],"texture":"#0"},"south":{"uv":[0,1,2,2],"texture":"#0"},"west":{"uv":[0,1,1.1,2],"texture":"#0"},"up":{"uv":[0,4,2,5.1],"texture":"#0"},"down":{"uv":[0,4,2,5.1],"texture":"#0"}}},{"name":"hexadecagon","from":[8.76858,0.9948,5.4608],"to":[10.26822,1.162,13],"rotation":{"angle":-45,"axis":"y","origin":[9.5184,1.2304,9.2304]},"faces":{"north":{"uv":[0,0,1,1],"texture":"#1"},"east":{"uv":[0,0,1,1],"texture":"#1"},"south":{"uv":[0,0,1,1],"texture":"#1"},"west":{"uv":[0,0,1,1],"texture":"#1"},"up":{"uv":[0,0,1,1],"texture":"#1"},"down":{"uv":[0,0,1,1],"texture":"#1"}}},{"name":"hexadecagon","from":[8.76858,0.9948,5.4608],"to":[10.26822,1.162,13],"rotation":{"angle":-22.5,"axis":"y","origin":[9.5184,1.2304,9.2304]},"faces":{"north":{"uv":[0,0,1,1],"texture":"#1"},"east":{"uv":[0,0,1,1],"texture":"#1"},"south":{"uv":[0,0,1,1],"texture":"#1"},"west":{"uv":[0,0,1,1],"texture":"#1"},"up":{"uv":[0,0,1,1],"texture":"#1"},"down":{"uv":[0,0,1,1],"texture":"#1"}}},{"name":"hexadecagon","from":[8.76858,0.9948,5.4608],"to":[10.26822,1.162,13],"rotation":{"angle":0,"axis":"y","origin":[9.5184,1.2304,9.2304]},"faces":{"north":{"uv":[0,0,1,1],"texture":"#1"},"east":{"uv":[0,0,1,1],"texture":"#1"},"south":{"uv":[0,0,1,1],"texture":"#1"},"west":{"uv":[0,0,1,1],"texture":"#1"},"up":{"uv":[0,0,1,1],"texture":"#1"},"down":{"uv":[0,0,1,1],"texture":"#1"}}},{"name":"hexadecagon","from":[8.76858,0.9948,5.4608],"to":[10.26822,1.162,13],"rotation":{"angle":22.5,"axis":"y","origin":[9.5184,1.2304,9.2304]},"faces":{"north":{"uv":[0,0,1,1],"texture":"#1"},"east":{"uv":[0,0,1,1],"texture":"#1"},"south":{"uv":[0,0,1,1],"texture":"#1"},"west":{"uv":[0,0,1,1],"texture":"#1"},"up":{"uv":[0,0,1,1],"texture":"#1"},"down":{"uv":[0,0,1,1],"texture":"#1"}}},{"name":"hexadecagon","from":[8.76858,0.9948,5.4608],"to":[10.26822,1.162,13],"rotation":{"angle":45,"axis":"y","origin":[9.5184,1.2304,9.2304]},"faces":{"north":{"uv":[0,0,1,1],"texture":"#1"},"east":{"uv":[0,0,1,1],"texture":"#1"},"south":{"uv":[0,0,1,1],"texture":"#1"},"west":{"uv":[0,0,1,1],"texture":"#1"},"up":{"uv":[0,0,1,1],"texture":"#1"},"down":{"uv":[0,0,1,1],"texture":"#1"}}},{"name":"hexadecagon","from":[5.7488,0.9948,8.48058],"to":[13.288,1.162,9.98022],"rotation":{"angle":-22.5,"axis":"y","origin":[9.5184,1.2304,9.2304]},"faces":{"north":{"uv":[0,0,1,1],"texture":"#1"},"east":{"uv":[0,0,1,1],"texture":"#1"},"south":{"uv":[0,0,1,1],"texture":"#1"},"west":{"uv":[0,0,1,1],"texture":"#1"},"up":{"uv":[0,0,1,1],"texture":"#1"},"down":{"uv":[0,0,1,1],"texture":"#1"}}},{"name":"hexadecagon","from":[5.7488,0.9948,8.48058],"to":[13.288,1.162,9.98022],"rotation":{"angle":0,"axis":"y","origin":[9.5184,1.2304,9.2304]},"faces":{"north":{"uv":[0,0,1,1],"texture":"#1"},"east":{"uv":[0,0,1,1],"texture":"#1"},"south":{"uv":[0,0,1,1],"texture":"#1"},"west":{"uv":[0,0,1,1],"texture":"#1"},"up":{"uv":[0,0,1,1],"texture":"#1"},"down":{"uv":[0,0,1,1],"texture":"#1"}}},{"name":"hexadecagon","from":[5.7488,0.9948,8.48058],"to":[13.288,1.162,9.98022],"rotation":{"angle":22.5,"axis":"y","origin":[9.5184,1.2304,9.2304]},"faces":{"north":{"uv":[0,0,1,1],"texture":"#1"},"east":{"uv":[0,0,1,1],"texture":"#1"},"south":{"uv":[0,0,1,1],"texture":"#1"},"west":{"uv":[0,0,1,1],"texture":"#1"},"up":{"uv":[0,0,1,1],"texture":"#1"},"down":{"uv":[0,0,1,1],"texture":"#1"}}}],"display":{"thirdperson_righthand":{"rotation":[75,45,0],"translation":[0,2.5,0],"scale":[0.5,0.5,0.5]},"thirdperson_lefthand":{"rotation":[75,45,0],"translation":[0,2.5,0],"scale":[0.5,0.5,0.5]},"firstperson_righthand":{"rotation":[0,126,0],"translation":[0,3.5,0],"scale":[0.5,0.5,0.5]},"firstperson_lefthand":{"rotation":[0,126,0],"translation":[0,3.5,0],"scale":[0.5,0.5,0.5]},"ground":{"translation":[0,1.75,0],"scale":[0.5,0.5,0.5]},"gui":{"rotation":[30,225,0],"translation":[0.5,1.5,0],"scale":[0.75,0.75,0.75]},"head":{"translation":[0,-16.25,-1],"scale":[2,2,2]},"fixed":{"translation":[0,5.5,0.5]}}}