{"credit":"123520 / 3688EP2H9NG35W3R","texture_size":[64,64],"textures":{"0":"elitecreatures:chinese_furniture_v2/08_dragon_decoration_texture","particle":"elitecreatures:chinese_furniture_v2/08_dragon_decoration_texture"},"elements":[{"from":[7,10.49162,12.98746],"to":[9,16.49162,14.98746],"rotation":{"angle":22.5,"axis":"x","origin":[8,10.99162,15.98746]},"faces":{"north":{"uv":[11.5,8.25,12,9.75],"texture":"#0"},"east":{"uv":[11.5,8.25,12,9.75],"texture":"#0"},"south":{"uv":[11.5,8.25,12,9.75],"texture":"#0"},"west":{"uv":[11.5,8.25,12,9.75],"texture":"#0"},"up":{"uv":[2,12.25,1.5,11.75],"texture":"#0"},"down":{"uv":[0.5,12.75,0,13.25],"texture":"#0"}}},{"from":[6.51,9.99162,8.98746],"to":[9.49,12.99162,14.98746],"rotation":{"angle":0,"axis":"y","origin":[8,11.49162,1.23746]},"faces":{"north":{"uv":[8.25,11,9,11.75],"texture":"#0"},"east":{"uv":[10.75,1.5,9.25,2.25],"texture":"#0"},"south":{"uv":[12,9,12.75,9.75],"texture":"#0"},"west":{"uv":[9.25,1.5,10.75,2.25],"texture":"#0"},"up":{"uv":[9,11,8.25,9.5],"texture":"#0"},"down":{"uv":[9.75,9.5,9,11],"texture":"#0"}}},{"from":[6.5,15.28668,8.44941],"to":[9.5,20.28668,11.44941],"rotation":{"angle":22.5,"axis":"x","origin":[8,12.78668,2.94941]},"faces":{"north":{"uv":[9.75,9.5,10.5,10.75],"texture":"#0"},"east":{"uv":[5,10.5,4.25,11.75],"texture":"#0"},"south":{"uv":[10.25,6.5,11,7.75],"texture":"#0"},"west":{"uv":[4.25,10.5,5,11.75],"texture":"#0"},"up":{"uv":[11.75,0.75,11,0],"texture":"#0"},"down":{"uv":[11.75,6.5,11,7.25],"texture":"#0"}}},{"from":[6.51,16.46297,6.67251],"to":[9.49,19.46297,13.67251],"rotation":{"angle":0,"axis":"y","origin":[8,12.96297,1.17251]},"faces":{"north":{"uv":[10.75,8.25,11.5,9],"texture":"#0"},"east":{"uv":[11,0,9.25,0.75],"texture":"#0"},"south":{"uv":[9.75,10.75,10.5,11.5],"texture":"#0"},"west":{"uv":[9.25,0,11,0.75],"texture":"#0"},"up":{"uv":[10,4.5,9.25,2.75],"texture":"#0"},"down":{"uv":[10.25,5,9.5,6.75],"texture":"#0"}}},{"from":[7.76,19.46297,7.17251],"to":[8.24,20.46297,8.67251],"rotation":{"angle":0,"axis":"y","origin":[8,12.96297,1.17251]},"faces":{"north":{"uv":[8.5,4.75,8.625,5],"texture":"#0"},"east":{"uv":[8.875,6.75,8.5,7],"texture":"#0"},"south":{"uv":[8,8.75,8.125,9],"texture":"#0"},"west":{"uv":[8.5,6.75,8.875,7],"texture":"#0"},"up":{"uv":[7.625,9.125,7.5,8.75],"texture":"#0"},"down":{"uv":[7.875,8.75,7.75,9.125],"texture":"#0"}}},{"from":[7.76,17.31297,6.02251],"to":[8.24,18.81297,7.02251],"rotation":{"angle":22.5,"axis":"x","origin":[8,19.96297,7.92251]},"faces":{"north":{"uv":[7.625,9.125,7.5,8.75],"rotation":180,"texture":"#0"},"east":{"uv":[8.875,6.75,8.5,7],"rotation":90,"texture":"#0"},"south":{"uv":[7.875,8.75,7.75,9.125],"texture":"#0"},"west":{"uv":[8.5,6.75,8.875,7],"rotation":270,"texture":"#0"},"up":{"uv":[8,8.75,8.125,9],"texture":"#0"},"down":{"uv":[8.5,4.75,8.625,5],"rotation":180,"texture":"#0"}}},{"from":[7.76,15.31297,6.02251],"to":[8.24,16.81297,7.02251],"rotation":{"angle":22.5,"axis":"x","origin":[8,19.96297,7.92251]},"faces":{"north":{"uv":[7.625,9.125,7.5,8.75],"rotation":180,"texture":"#0"},"east":{"uv":[8.875,6.75,8.5,7],"rotation":90,"texture":"#0"},"south":{"uv":[7.875,8.75,7.75,9.125],"texture":"#0"},"west":{"uv":[8.5,6.75,8.875,7],"rotation":270,"texture":"#0"},"up":{"uv":[8,8.75,8.125,9],"texture":"#0"},"down":{"uv":[8.5,4.75,8.625,5],"rotation":180,"texture":"#0"}}},{"from":[7.76,13.31297,6.02251],"to":[8.24,14.81297,7.02251],"rotation":{"angle":22.5,"axis":"x","origin":[8,19.96297,7.92251]},"faces":{"north":{"uv":[7.625,9.125,7.5,8.75],"rotation":180,"texture":"#0"},"east":{"uv":[8.875,6.75,8.5,7],"rotation":90,"texture":"#0"},"south":{"uv":[7.875,8.75,7.75,9.125],"texture":"#0"},"west":{"uv":[8.5,6.75,8.875,7],"rotation":270,"texture":"#0"},"up":{"uv":[8,8.75,8.125,9],"texture":"#0"},"down":{"uv":[8.5,4.75,8.625,5],"rotation":180,"texture":"#0"}}},{"from":[7.76,19.46297,9.17251],"to":[8.24,20.46297,10.67251],"rotation":{"angle":0,"axis":"y","origin":[8,12.96297,1.17251]},"faces":{"north":{"uv":[8.5,4.75,8.625,5],"texture":"#0"},"east":{"uv":[8.875,6.75,8.5,7],"texture":"#0"},"south":{"uv":[8,8.75,8.125,9],"texture":"#0"},"west":{"uv":[8.5,6.75,8.875,7],"texture":"#0"},"up":{"uv":[7.625,9.125,7.5,8.75],"texture":"#0"},"down":{"uv":[7.875,8.75,7.75,9.125],"texture":"#0"}}},{"from":[7.76,19.46297,11.17251],"to":[8.24,20.46297,12.67251],"rotation":{"angle":0,"axis":"y","origin":[8,12.96297,1.17251]},"faces":{"north":{"uv":[8.5,4.75,8.625,5],"texture":"#0"},"east":{"uv":[8.875,6.75,8.5,7],"texture":"#0"},"south":{"uv":[8,8.75,8.125,9],"texture":"#0"},"west":{"uv":[8.5,6.75,8.875,7],"texture":"#0"},"up":{"uv":[7.625,9.125,7.5,8.75],"texture":"#0"},"down":{"uv":[7.875,8.75,7.75,9.125],"texture":"#0"}}},{"from":[7.76,18.15941,13.06896],"to":[8.24,19.65941,14.06896],"rotation":{"angle":-22.5,"axis":"x","origin":[8,19.60941,13.56896]},"faces":{"north":{"uv":[7.875,8.75,7.75,9.125],"rotation":180,"texture":"#0"},"east":{"uv":[8.875,6.75,8.5,7],"rotation":270,"texture":"#0"},"south":{"uv":[7.625,9.125,7.5,8.75],"texture":"#0"},"west":{"uv":[8.5,6.75,8.875,7],"rotation":90,"texture":"#0"},"up":{"uv":[8.5,4.75,8.625,5],"rotation":180,"texture":"#0"},"down":{"uv":[8,8.75,8.125,9],"texture":"#0"}}},{"from":[7.76,16.0127,13.33684],"to":[8.24,17.5127,14.33684],"rotation":{"angle":0,"axis":"y","origin":[8,18.9627,13.83684]},"faces":{"north":{"uv":[7.875,8.75,7.75,9.125],"rotation":180,"texture":"#0"},"east":{"uv":[8.875,6.75,8.5,7],"rotation":270,"texture":"#0"},"south":{"uv":[7.625,9.125,7.5,8.75],"texture":"#0"},"west":{"uv":[8.5,6.75,8.875,7],"rotation":90,"texture":"#0"},"up":{"uv":[8.5,4.75,8.625,5],"rotation":180,"texture":"#0"},"down":{"uv":[8,8.75,8.125,9],"texture":"#0"}}},{"from":[6.5,11.99058,3.99269],"to":[9.5,20.99058,6.99269],"rotation":{"angle":22.5,"axis":"x","origin":[8,13.49058,1.49269]},"faces":{"north":{"uv":[8.5,0,9.25,2.25],"texture":"#0"},"east":{"uv":[7.5,8.75,6.75,11],"texture":"#0"},"south":{"uv":[6,8.75,6.75,11],"texture":"#0"},"west":{"uv":[6.75,8.75,7.5,11],"texture":"#0"},"up":{"uv":[11.5,1.5,10.75,0.75],"texture":"#0"},"down":{"uv":[11.5,3.25,10.75,4],"texture":"#0"}}},{"from":[6.51,10,-1],"to":[9.49,13,6],"rotation":{"angle":0,"axis":"y","origin":[8,11.5,0.5]},"faces":{"north":{"uv":[9.5,6.75,10.25,7.5],"texture":"#0"},"east":{"uv":[3.25,8.75,1.5,9.5],"texture":"#0"},"south":{"uv":[10,8.25,10.75,9],"texture":"#0"},"west":{"uv":[1.5,8.75,3.25,9.5],"texture":"#0"},"up":{"uv":[4,9.75,3.25,8],"texture":"#0"},"down":{"uv":[9.25,5,8.5,6.75],"texture":"#0"}}},{"from":[6.5,12.31179,-0.54016],"to":[9.5,22.31179,2.45984],"rotation":{"angle":22.5,"axis":"x","origin":[8,13.81179,0.95984]},"faces":{"north":{"uv":[0,8,0.75,10.5],"texture":"#0"},"east":{"uv":[5.75,8,5,10.5],"texture":"#0"},"south":{"uv":[4.25,8,5,10.5],"texture":"#0"},"west":{"uv":[5,8,5.75,10.5],"texture":"#0"},"up":{"uv":[2.75,11.25,2,10.5],"texture":"#0"},"down":{"uv":[3.5,10.5,2.75,11.25],"texture":"#0"}}},{"from":[6,21.09075,1.34847],"to":[10,25.09075,6.34847],"rotation":{"angle":0,"axis":"y","origin":[9,18.09075,2.84847]},"faces":{"north":{"uv":[10.5,9,11.5,10],"texture":"#0"},"east":{"uv":[10.25,4.5,11.5,5.5],"texture":"#0"},"south":{"uv":[10.5,10,11.5,11],"texture":"#0"},"west":{"uv":[11.5,4.5,10.25,5.5],"texture":"#0"},"up":{"uv":[1,11.75,0,10.5],"texture":"#0"},"down":{"uv":[2,10.5,1,11.75],"texture":"#0"}}},{"from":[6.55,22.59075,5.34847],"to":[7.55,25.59075,10.34847],"rotation":{"angle":-22.5,"axis":"y","origin":[8,23.09075,4.59847]},"faces":{"north":{"uv":[8.75,3.75,9,4.5],"texture":"#0"},"east":{"uv":[10,8.75,8.75,9.5],"texture":"#0"},"south":{"uv":[9,3.75,9.25,4.5],"texture":"#0"},"west":{"uv":[8.75,8.75,10,9.5],"texture":"#0"},"up":{"uv":[4.25,9.25,4,8],"texture":"#0"},"down":{"uv":[6,8,5.75,9.25],"texture":"#0"}}},{"from":[3.25,21.59075,4.24847],"to":[7.25,23.09075,5.24847],"rotation":{"angle":22.5,"axis":"y","origin":[8,23.09075,4.59847]},"faces":{"north":{"uv":[1.75,8.25,2.75,8.625],"texture":"#0"},"east":{"uv":[8.75,4.5,9,4.875],"texture":"#0"},"south":{"uv":[0.75,8.25,1.75,8.625],"texture":"#0"},"west":{"uv":[9,4.5,9.25,4.875],"texture":"#0"},"up":{"uv":[8.75,4.75,8.5,3.75],"rotation":90,"texture":"#0"},"down":{"uv":[1,8.75,0.75,9.75],"rotation":270,"texture":"#0"}}},{"from":[4.5,24.59075,4.24847],"to":[7.25,26.09075,5.24847],"rotation":{"angle":22.5,"axis":"y","origin":[8,23.09075,4.59847]},"faces":{"north":{"uv":[8.5,3.25,9.25,3.625],"texture":"#0"},"east":{"uv":[2.75,8.25,3,8.625],"texture":"#0"},"south":{"uv":[8.5,2.75,9.25,3.125],"texture":"#0"},"west":{"uv":[3,8.25,3.25,8.625],"texture":"#0"},"up":{"uv":[1.25,9.5,1,8.75],"rotation":90,"texture":"#0"},"down":{"uv":[1.5,8.75,1.25,9.5],"rotation":270,"texture":"#0"}}},{"from":[8.75,21.59075,4.24847],"to":[12.75,23.09075,5.24847],"rotation":{"angle":-22.5,"axis":"y","origin":[8,23.09075,4.59847]},"faces":{"north":{"uv":[2.75,8.25,1.75,8.625],"texture":"#0"},"east":{"uv":[9.25,4.5,9,4.875],"texture":"#0"},"south":{"uv":[1.75,8.25,0.75,8.625],"texture":"#0"},"west":{"uv":[9,4.5,8.75,4.875],"texture":"#0"},"up":{"uv":[8.75,3.75,8.5,4.75],"rotation":90,"texture":"#0"},"down":{"uv":[1,9.75,0.75,8.75],"rotation":270,"texture":"#0"}}},{"from":[8.75,24.59075,4.24847],"to":[11.5,26.09075,5.24847],"rotation":{"angle":-22.5,"axis":"y","origin":[8,23.09075,4.59847]},"faces":{"north":{"uv":[9.25,3.25,8.5,3.625],"texture":"#0"},"east":{"uv":[3.25,8.25,3,8.625],"texture":"#0"},"south":{"uv":[9.25,2.75,8.5,3.125],"texture":"#0"},"west":{"uv":[3,8.25,2.75,8.625],"texture":"#0"},"up":{"uv":[1.25,8.75,1,9.5],"rotation":90,"texture":"#0"},"down":{"uv":[1.5,9.5,1.25,8.75],"rotation":270,"texture":"#0"}}},{"from":[8.45,22.59075,5.34847],"to":[9.45,25.59075,10.34847],"rotation":{"angle":22.5,"axis":"y","origin":[8,23.09075,4.59847]},"faces":{"north":{"uv":[9,3.75,8.75,4.5],"texture":"#0"},"east":{"uv":[10,8.75,8.75,9.5],"texture":"#0"},"south":{"uv":[9.25,3.75,9,4.5],"texture":"#0"},"west":{"uv":[8.75,8.75,10,9.5],"texture":"#0"},"up":{"uv":[4,9.25,4.25,8],"texture":"#0"},"down":{"uv":[5.75,8,6,9.25],"texture":"#0"}}},{"from":[5.7,23.84075,1.14847],"to":[7.2,24.84075,1.64847],"rotation":{"angle":-22.5,"axis":"z","origin":[6.75,23.94075,1.39847]},"faces":{"north":{"uv":[0.75,8,1.125,8.25],"texture":"#0"},"east":{"uv":[2.75,8,2.875,8.25],"texture":"#0"},"south":{"uv":[0.75,8,1.125,8.25],"texture":"#0"},"west":{"uv":[3,8,3.125,8.25],"texture":"#0"},"up":{"uv":[2.125,8.125,1.75,8],"texture":"#0"},"down":{"uv":[2.625,8,2.25,8.125],"texture":"#0"}}},{"from":[8.8,23.84075,1.14847],"to":[10.3,24.84075,1.64847],"rotation":{"angle":22.5,"axis":"z","origin":[9.25,23.94075,1.39847]},"faces":{"north":{"uv":[1.125,8,0.75,8.25],"texture":"#0"},"east":{"uv":[3.125,8,3,8.25],"texture":"#0"},"south":{"uv":[0.75,8,1.125,8.25],"texture":"#0"},"west":{"uv":[2.875,8,2.75,8.25],"texture":"#0"},"up":{"uv":[1.75,8.125,2.125,8],"texture":"#0"},"down":{"uv":[2.25,8,2.625,8.125],"texture":"#0"}}},{"from":[6,25.09075,2.74847],"to":[10,26.49075,6.34847],"rotation":{"angle":0,"axis":"y","origin":[9,18.09075,2.84847]},"faces":{"north":{"uv":[12.5,9.75,13.5,10.125],"texture":"#0"},"east":{"uv":[12.75,4,13.625,4.375],"texture":"#0"},"south":{"uv":[12.5,10.25,13.5,10.625],"texture":"#0"},"west":{"uv":[13.625,4,12.75,4.375],"texture":"#0"},"up":{"uv":[4,12.375,3,11.5],"texture":"#0"},"down":{"uv":[12.5,3.25,11.5,4.125],"texture":"#0"}}},{"from":[6.01,25.09075,1.34847],"to":[9.99,28.09075,2.34847],"rotation":{"angle":45,"axis":"x","origin":[8,25.09075,1.34847]},"faces":{"north":{"uv":[11.5,5.75,12.5,6.5],"texture":"#0"},"east":{"uv":[9.25,5,9.5,5.75],"texture":"#0"},"south":{"uv":[11.5,9.75,12.5,10.5],"texture":"#0"},"west":{"uv":[9.5,5,9.25,5.75],"texture":"#0"},"up":{"uv":[12.75,1.25,11.75,1],"texture":"#0"},"down":{"uv":[13.5,8,12.5,8.25],"texture":"#0"}}},{"from":[6.26,28.09075,1.59847],"to":[7.24,31.09075,2.59847],"rotation":{"angle":45,"axis":"x","origin":[8,25.09075,1.34847]},"faces":{"north":{"uv":[5.75,10.5,6,11.25],"texture":"#0"},"east":{"uv":[5.75,10.5,6,11.25],"texture":"#0"},"south":{"uv":[5.75,10.5,6,11.25],"texture":"#0"},"west":{"uv":[5.75,10.5,6,11.25],"texture":"#0"},"up":{"uv":[9.5,6.75,9.25,6.5],"texture":"#0"},"down":{"uv":[9.5,6.75,9.25,7],"texture":"#0"}}},{"from":[6.51,29.01372,5.6821],"to":[6.99,29.51372,7.6821],"rotation":{"angle":-22.5,"axis":"x","origin":[6.75,29.86372,7.1821]},"faces":{"north":{"uv":[2.5,13.75,2.625,13.875],"texture":"#0"},"east":{"uv":[8.25,13.25,8.75,13.375],"texture":"#0"},"south":{"uv":[2.75,13.75,2.875,13.875],"texture":"#0"},"west":{"uv":[13.25,8.25,13.75,8.375],"texture":"#0"},"up":{"uv":[10.125,5,10,4.5],"texture":"#0"},"down":{"uv":[4.125,11.5,4,12],"texture":"#0"}}},{"from":[8.76,28.09075,1.59847],"to":[9.74,31.09075,2.59847],"rotation":{"angle":45,"axis":"x","origin":[8,25.09075,1.34847]},"faces":{"north":{"uv":[6,10.5,5.75,11.25],"texture":"#0"},"east":{"uv":[6,10.5,5.75,11.25],"texture":"#0"},"south":{"uv":[6,10.5,5.75,11.25],"texture":"#0"},"west":{"uv":[6,10.5,5.75,11.25],"texture":"#0"},"up":{"uv":[9.25,6.75,9.5,6.5],"texture":"#0"},"down":{"uv":[9.25,6.75,9.5,7],"texture":"#0"}}},{"from":[9.01,29.01372,5.6821],"to":[9.49,29.51372,7.6821],"rotation":{"angle":-22.5,"axis":"x","origin":[9.25,29.86372,7.1821]},"faces":{"north":{"uv":[2.625,13.75,2.5,13.875],"texture":"#0"},"east":{"uv":[13.75,8.25,13.25,8.375],"texture":"#0"},"south":{"uv":[2.875,13.75,2.75,13.875],"texture":"#0"},"west":{"uv":[8.75,13.25,8.25,13.375],"texture":"#0"},"up":{"uv":[10,5,10.125,4.5],"texture":"#0"},"down":{"uv":[4,11.5,4.125,12],"texture":"#0"}}},{"from":[6.26,22.59075,-2.65153],"to":[9.74,24.34075,1.34847],"rotation":{"angle":0,"axis":"y","origin":[9,17.84075,2.84847]},"faces":{"north":{"uv":[12.5,2.25,13.375,2.75],"texture":"#0"},"east":{"uv":[1.5,12.25,2.5,12.75],"texture":"#0"},"south":{"uv":[12.5,6.5,13.375,7],"texture":"#0"},"west":{"uv":[2.5,12.25,1.5,12.75],"texture":"#0"},"up":{"uv":[6.625,12.25,5.75,11.25],"texture":"#0"},"down":{"uv":[7.625,11.25,6.75,12.25],"texture":"#0"}}},{"from":[7.01,24.09075,-3.10153],"to":[8.99,25.09075,-1.35153],"rotation":{"angle":-22.5,"axis":"x","origin":[8,25.09075,-1.65153]},"faces":{"north":{"uv":[3,11.25,3.5,11.5],"texture":"#0"},"east":{"uv":[13.5,12.25,13,12.5],"texture":"#0"},"south":{"uv":[12.75,5.5,13.25,5.75],"texture":"#0"},"west":{"uv":[13,12.25,13.5,12.5],"texture":"#0"},"up":{"uv":[5.5,13.25,5,12.75],"texture":"#0"},"down":{"uv":[13.25,5,12.75,5.5],"texture":"#0"}}},{"from":[6.26,20.39075,-3.05153],"to":[9.74,21.89075,0.94847],"rotation":{"angle":-22.5,"axis":"x","origin":[8,23.59075,-0.65153]},"faces":{"north":{"uv":[1.25,12.75,2.125,13.125],"texture":"#0"},"east":{"uv":[13.5,7.5,12.5,7.875],"texture":"#0"},"south":{"uv":[4,12.75,4.875,13.125],"texture":"#0"},"west":{"uv":[12.5,7.5,13.5,7.875],"texture":"#0"},"up":{"uv":[11.375,12,10.5,11],"texture":"#0"},"down":{"uv":[2.875,11.25,2,12.25],"texture":"#0"}}},{"from":[5.5,24.01526,-2.58787],"to":[7,24.51526,-2.08787],"rotation":{"angle":0,"axis":"y","origin":[6.25,24.26526,-2.33787]},"faces":{"north":{"uv":[2.5,13.5,2.875,13.625],"texture":"#0"},"east":{"uv":[12.25,13.5,12.375,13.625],"texture":"#0"},"south":{"uv":[13.5,2.5,13.875,2.625],"texture":"#0"},"west":{"uv":[13.5,12.25,13.625,12.375],"texture":"#0"},"up":{"uv":[3.375,13.625,3,13.5],"texture":"#0"},"down":{"uv":[3.875,13.5,3.5,13.625],"texture":"#0"}}},{"from":[4.15276,23.74727,-2.58787],"to":[5.65276,24.24727,-2.08787],"rotation":{"angle":22.5,"axis":"z","origin":[4.90276,23.99727,-2.33787]},"faces":{"north":{"uv":[13.5,5,13.875,5.125],"texture":"#0"},"east":{"uv":[12.5,13.5,12.625,13.625],"texture":"#0"},"south":{"uv":[13.5,5.25,13.875,5.375],"texture":"#0"},"west":{"uv":[13.5,12.5,13.625,12.625],"texture":"#0"},"up":{"uv":[13.875,5.625,13.5,5.5],"texture":"#0"},"down":{"uv":[13.875,5.75,13.5,5.875],"texture":"#0"}}},{"from":[3.01063,23.44123,-2.13076],"to":[4.51063,23.94123,-1.63076],"rotation":{"angle":45,"axis":"y","origin":[3.76063,23.69123,-1.88076]},"faces":{"north":{"uv":[6,13.5,6.375,13.625],"texture":"#0"},"east":{"uv":[12.75,13.5,12.875,13.625],"texture":"#0"},"south":{"uv":[13.5,6,13.875,6.125],"texture":"#0"},"west":{"uv":[13.5,12.75,13.625,12.875],"texture":"#0"},"up":{"uv":[13.875,6.375,13.5,6.25],"texture":"#0"},"down":{"uv":[13.875,6.5,13.5,6.625],"texture":"#0"}}},{"from":[3.05352,23.17325,-1.67997],"to":[3.55352,23.67325,0.82003],"rotation":{"angle":22.5,"axis":"x","origin":[3.30352,23.42325,-0.92997]},"faces":{"north":{"uv":[13.5,13,13.625,13.125],"texture":"#0"},"east":{"uv":[13.25,3.25,13.875,3.375],"texture":"#0"},"south":{"uv":[13.5,13.25,13.625,13.375],"texture":"#0"},"west":{"uv":[13.25,3.5,13.875,3.625],"texture":"#0"},"up":{"uv":[4.125,13.875,4,13.25],"texture":"#0"},"down":{"uv":[4.375,13.25,4.25,13.875],"texture":"#0"}}},{"from":[3.05352,20.44594,0.58853],"to":[3.55352,22.94594,1.08853],"rotation":{"angle":-22.5,"axis":"x","origin":[3.30352,22.19594,0.83853]},"faces":{"north":{"uv":[4.5,13.25,4.625,13.875],"texture":"#0"},"east":{"uv":[4.75,13.25,4.875,13.875],"texture":"#0"},"south":{"uv":[5,13.25,5.125,13.875],"texture":"#0"},"west":{"uv":[13.25,5,13.375,5.625],"texture":"#0"},"up":{"uv":[13.625,13.625,13.5,13.5],"texture":"#0"},"down":{"uv":[0.125,13.75,0,13.875],"texture":"#0"}}},{"from":[9,24.01526,-2.58787],"to":[10.5,24.51526,-2.08787],"rotation":{"angle":0,"axis":"y","origin":[9.75,24.26526,-2.33787]},"faces":{"north":{"uv":[2.875,13.5,2.5,13.625],"texture":"#0"},"east":{"uv":[13.625,12.25,13.5,12.375],"texture":"#0"},"south":{"uv":[13.875,2.5,13.5,2.625],"texture":"#0"},"west":{"uv":[12.375,13.5,12.25,13.625],"texture":"#0"},"up":{"uv":[3,13.625,3.375,13.5],"texture":"#0"},"down":{"uv":[3.5,13.5,3.875,13.625],"texture":"#0"}}},{"from":[10.34724,23.74727,-2.58787],"to":[11.84724,24.24727,-2.08787],"rotation":{"angle":-22.5,"axis":"z","origin":[11.09724,23.99727,-2.33787]},"faces":{"north":{"uv":[13.875,5,13.5,5.125],"texture":"#0"},"east":{"uv":[13.625,12.5,13.5,12.625],"texture":"#0"},"south":{"uv":[13.875,5.25,13.5,5.375],"texture":"#0"},"west":{"uv":[12.625,13.5,12.5,13.625],"texture":"#0"},"up":{"uv":[13.5,5.625,13.875,5.5],"texture":"#0"},"down":{"uv":[13.5,5.75,13.875,5.875],"texture":"#0"}}},{"from":[11.48937,23.44123,-2.13076],"to":[12.98937,23.94123,-1.63076],"rotation":{"angle":-45,"axis":"y","origin":[12.23937,23.69123,-1.88076]},"faces":{"north":{"uv":[6.375,13.5,6,13.625],"texture":"#0"},"east":{"uv":[13.625,12.75,13.5,12.875],"texture":"#0"},"south":{"uv":[13.875,6,13.5,6.125],"texture":"#0"},"west":{"uv":[12.875,13.5,12.75,13.625],"texture":"#0"},"up":{"uv":[13.5,6.375,13.875,6.25],"texture":"#0"},"down":{"uv":[13.5,6.5,13.875,6.625],"texture":"#0"}}},{"from":[12.44648,23.17325,-1.67997],"to":[12.94648,23.67325,0.82003],"rotation":{"angle":22.5,"axis":"x","origin":[12.69648,23.42325,-0.92997]},"faces":{"north":{"uv":[13.625,13,13.5,13.125],"texture":"#0"},"east":{"uv":[13.875,3.5,13.25,3.625],"texture":"#0"},"south":{"uv":[13.625,13.25,13.5,13.375],"texture":"#0"},"west":{"uv":[13.875,3.25,13.25,3.375],"texture":"#0"},"up":{"uv":[4,13.875,4.125,13.25],"texture":"#0"},"down":{"uv":[4.25,13.25,4.375,13.875],"texture":"#0"}}},{"from":[12.44648,20.44594,0.58853],"to":[12.94648,22.94594,1.08853],"rotation":{"angle":-22.5,"axis":"x","origin":[12.69648,22.19594,0.83853]},"faces":{"north":{"uv":[4.625,13.25,4.5,13.875],"texture":"#0"},"east":{"uv":[13.375,5,13.25,5.625],"texture":"#0"},"south":{"uv":[5.125,13.25,5,13.875],"texture":"#0"},"west":{"uv":[4.875,13.25,4.75,13.875],"texture":"#0"},"up":{"uv":[13.5,13.625,13.625,13.5],"texture":"#0"},"down":{"uv":[0,13.75,0.125,13.875],"texture":"#0"}}},{"from":[6.11,12,1.25],"to":[8.09,14,5.25],"rotation":{"angle":-45,"axis":"y","origin":[7.6,11.5,1]},"faces":{"north":{"uv":[5.5,12.75,6,13.25],"texture":"#0"},"east":{"uv":[12.5,0,13.5,0.5],"texture":"#0"},"south":{"uv":[6,12.75,6.5,13.25],"texture":"#0"},"west":{"uv":[12.5,0,13.5,0.5],"texture":"#0"},"up":{"uv":[14.75,1.75,14.25,0.75],"texture":"#0"},"down":{"uv":[14.75,1.75,14.25,0.75],"texture":"#0"}}},{"from":[3.54121,11.74124,3.77839],"to":[5.52121,13.74124,7.77839],"rotation":{"angle":-22.5,"axis":"x","origin":[9.03121,10.64124,3.12839]},"faces":{"north":{"uv":[6.5,12.75,7,13.25],"texture":"#0"},"east":{"uv":[12.5,0,13.5,0.5],"texture":"#0"},"south":{"uv":[7,12.75,7.5,13.25],"texture":"#0"},"west":{"uv":[12.5,0,13.5,0.5],"texture":"#0"},"up":{"uv":[14.75,1.75,14.25,0.75],"texture":"#0"},"down":{"uv":[14.75,1.75,14.25,0.75],"texture":"#0"}}},{"from":[3.9413,10.4851,5.25222],"to":[5.4213,14.2351,6.75222],"rotation":{"angle":22.5,"axis":"x","origin":[4.4313,12.9851,5.25222]},"faces":{"north":{"uv":[12.5,10.75,12.875,11.75],"texture":"#0"},"east":{"uv":[12.875,11.75,12.5,12.75],"texture":"#0"},"south":{"uv":[12.5,10.75,12.875,11.75],"texture":"#0"},"west":{"uv":[12.5,11.75,12.875,12.75],"texture":"#0"},"up":{"uv":[12.875,13.125,12.5,12.75],"texture":"#0"},"down":{"uv":[13.375,10.75,13,11.125],"texture":"#0"}}},{"from":[3.85,10,3.75],"to":[5.35,11,5.75],"rotation":{"angle":0,"axis":"y","origin":[-0.4,10,-0.5]},"faces":{"north":{"uv":[1.25,13.25,1.625,13.5],"texture":"#0"},"east":{"uv":[13,12.75,13.5,13],"texture":"#0"},"south":{"uv":[1.25,13.25,1.625,13.5],"texture":"#0"},"west":{"uv":[13,12.75,13.5,13],"texture":"#0"},"up":{"uv":[10.875,13.25,10.5,12.75],"texture":"#0"},"down":{"uv":[11.375,12.75,11,13.25],"texture":"#0"}}},{"from":[4.3,10,2.5],"to":[4.8,10.5,4.5],"rotation":{"angle":45,"axis":"y","origin":[3.85,10.25,4.75]},"faces":{"north":{"uv":[3.5,13.75,3.625,13.875],"texture":"#0"},"east":{"uv":[13.25,9,13.75,9.125],"texture":"#0"},"south":{"uv":[3.75,13.75,3.875,13.875],"texture":"#0"},"west":{"uv":[13.25,9.25,13.75,9.375],"texture":"#0"},"up":{"uv":[10.625,13.75,10.5,13.25],"texture":"#0"},"down":{"uv":[10.875,13.25,10.75,13.75],"texture":"#0"}}},{"from":[4.37665,10,2.06927],"to":[4.87665,10.5,4.06927],"rotation":{"angle":0,"axis":"y","origin":[5.62665,10.25,3.16927]},"faces":{"north":{"uv":[13.75,4.5,13.875,4.625],"texture":"#0"},"east":{"uv":[12,13.25,12.5,13.375],"texture":"#0"},"south":{"uv":[13.75,4.75,13.875,4.875],"texture":"#0"},"west":{"uv":[12.5,13.25,13,13.375],"texture":"#0"},"up":{"uv":[13.125,13.75,13,13.25],"texture":"#0"},"down":{"uv":[13.375,13.25,13.25,13.75],"texture":"#0"}}},{"from":[5.06967,10,1.31256],"to":[5.56967,10.5,3.31256],"rotation":{"angle":-22.5,"axis":"y","origin":[3.31967,10.25,3.51256]},"faces":{"north":{"uv":[13.75,4,13.875,4.125],"texture":"#0"},"east":{"uv":[13.25,9.5,13.75,9.625],"texture":"#0"},"south":{"uv":[13.75,4.25,13.875,4.375],"texture":"#0"},"west":{"uv":[11,13.25,11.5,13.375],"texture":"#0"},"up":{"uv":[11.625,13.75,11.5,13.25],"texture":"#0"},"down":{"uv":[11.875,13.25,11.75,13.75],"texture":"#0"}}},{"from":[4.37665,7.66927,5.57376],"to":[4.87665,8.16927,6.57376],"rotation":{"angle":-22.5,"axis":"x","origin":[5.62665,8.71927,-0.52624]},"faces":{"north":{"uv":[9,13.75,9.125,13.875],"texture":"#0"},"east":{"uv":[12.5,4,12.75,4.125],"texture":"#0"},"south":{"uv":[13.75,9,13.875,9.125],"texture":"#0"},"west":{"uv":[9.25,12.5,9.5,12.625],"texture":"#0"},"up":{"uv":[12.125,13.75,12,13.5],"texture":"#0"},"down":{"uv":[13.625,12,13.5,12.25],"texture":"#0"}}},{"from":[4.37665,11.18995,6.61411],"to":[4.87665,11.68995,8.11411],"rotation":{"angle":22.5,"axis":"x","origin":[5.62665,12.23995,4.51411]},"faces":{"north":{"uv":[7.25,13.75,7.375,13.875],"texture":"#0"},"east":{"uv":[10,13.5,10.375,13.625],"texture":"#0"},"south":{"uv":[7.5,13.75,7.625,13.875],"texture":"#0"},"west":{"uv":[13.5,10,13.875,10.125],"texture":"#0"},"up":{"uv":[6.625,13.875,6.5,13.5],"texture":"#0"},"down":{"uv":[13.625,10.25,13.5,10.625],"texture":"#0"}}},{"from":[7.91,12,1.25],"to":[9.89,14,5.25],"rotation":{"angle":45,"axis":"y","origin":[8.4,11.5,1]},"faces":{"north":{"uv":[6,12.75,5.5,13.25],"texture":"#0"},"east":{"uv":[13.5,0,12.5,0.5],"texture":"#0"},"south":{"uv":[6.5,12.75,6,13.25],"texture":"#0"},"west":{"uv":[13.5,0,12.5,0.5],"texture":"#0"},"up":{"uv":[14.25,1.75,14.75,0.75],"texture":"#0"},"down":{"uv":[14.25,1.75,14.75,0.75],"texture":"#0"}}},{"from":[10.47879,11.74124,3.77839],"to":[12.45879,13.74124,7.77839],"rotation":{"angle":-22.5,"axis":"x","origin":[6.96879,10.64124,3.12839]},"faces":{"north":{"uv":[7,12.75,6.5,13.25],"texture":"#0"},"east":{"uv":[13.5,0,12.5,0.5],"texture":"#0"},"south":{"uv":[7.5,12.75,7,13.25],"texture":"#0"},"west":{"uv":[13.5,0,12.5,0.5],"texture":"#0"},"up":{"uv":[14.25,1.75,14.75,0.75],"texture":"#0"},"down":{"uv":[14.25,1.75,14.75,0.75],"texture":"#0"}}},{"from":[10.5787,10.4851,5.25222],"to":[12.0587,14.2351,6.75222],"rotation":{"angle":22.5,"axis":"x","origin":[11.5687,12.9851,5.25222]},"faces":{"north":{"uv":[12.875,10.75,12.5,11.75],"texture":"#0"},"east":{"uv":[12.875,11.75,12.5,12.75],"texture":"#0"},"south":{"uv":[12.875,10.75,12.5,11.75],"texture":"#0"},"west":{"uv":[12.5,11.75,12.875,12.75],"texture":"#0"},"up":{"uv":[12.5,13.125,12.875,12.75],"texture":"#0"},"down":{"uv":[13,10.75,13.375,11.125],"texture":"#0"}}},{"from":[10.65,10,3.75],"to":[12.15,11,5.75],"rotation":{"angle":0,"axis":"y","origin":[16.4,10,-0.5]},"faces":{"north":{"uv":[1.625,13.25,1.25,13.5],"texture":"#0"},"east":{"uv":[13.5,12.75,13,13],"texture":"#0"},"south":{"uv":[1.625,13.25,1.25,13.5],"texture":"#0"},"west":{"uv":[13.5,12.75,13,13],"texture":"#0"},"up":{"uv":[10.5,13.25,10.875,12.75],"texture":"#0"},"down":{"uv":[11,12.75,11.375,13.25],"texture":"#0"}}},{"from":[11.12335,11.18995,6.61411],"to":[11.62335,11.68995,8.11411],"rotation":{"angle":22.5,"axis":"x","origin":[10.37335,12.23995,4.51411]},"faces":{"north":{"uv":[7.375,13.75,7.25,13.875],"texture":"#0"},"east":{"uv":[13.875,10,13.5,10.125],"texture":"#0"},"south":{"uv":[7.625,13.75,7.5,13.875],"texture":"#0"},"west":{"uv":[10.375,13.5,10,13.625],"texture":"#0"},"up":{"uv":[6.5,13.875,6.625,13.5],"texture":"#0"},"down":{"uv":[13.5,10.25,13.625,10.625],"texture":"#0"}}},{"from":[11.2,10,2.5],"to":[11.7,10.5,4.5],"rotation":{"angle":-45,"axis":"y","origin":[12.15,10.25,4.75]},"faces":{"north":{"uv":[3.625,13.75,3.5,13.875],"texture":"#0"},"east":{"uv":[13.75,9.25,13.25,9.375],"texture":"#0"},"south":{"uv":[3.875,13.75,3.75,13.875],"texture":"#0"},"west":{"uv":[13.75,9,13.25,9.125],"texture":"#0"},"up":{"uv":[10.5,13.75,10.625,13.25],"texture":"#0"},"down":{"uv":[10.75,13.25,10.875,13.75],"texture":"#0"}}},{"from":[11.12335,7.66927,5.57376],"to":[11.62335,8.16927,6.57376],"rotation":{"angle":-22.5,"axis":"x","origin":[10.37335,8.71927,-0.52624]},"faces":{"north":{"uv":[9.125,13.75,9,13.875],"texture":"#0"},"east":{"uv":[9.5,12.5,9.25,12.625],"texture":"#0"},"south":{"uv":[13.875,9,13.75,9.125],"texture":"#0"},"west":{"uv":[12.75,4,12.5,4.125],"texture":"#0"},"up":{"uv":[12,13.75,12.125,13.5],"texture":"#0"},"down":{"uv":[13.5,12,13.625,12.25],"texture":"#0"}}},{"from":[11.12335,10,2.06927],"to":[11.62335,10.5,4.06927],"rotation":{"angle":0,"axis":"y","origin":[10.37335,10.25,3.16927]},"faces":{"north":{"uv":[13.875,4.5,13.75,4.625],"texture":"#0"},"east":{"uv":[13,13.25,12.5,13.375],"texture":"#0"},"south":{"uv":[13.875,4.75,13.75,4.875],"texture":"#0"},"west":{"uv":[12.5,13.25,12,13.375],"texture":"#0"},"up":{"uv":[13,13.75,13.125,13.25],"texture":"#0"},"down":{"uv":[13.25,13.25,13.375,13.75],"texture":"#0"}}},{"from":[10.43033,10,1.31256],"to":[10.93033,10.5,3.31256],"rotation":{"angle":22.5,"axis":"y","origin":[12.68033,10.25,3.51256]},"faces":{"north":{"uv":[13.875,4,13.75,4.125],"texture":"#0"},"east":{"uv":[11.5,13.25,11,13.375],"texture":"#0"},"south":{"uv":[13.875,4.25,13.75,4.375],"texture":"#0"},"west":{"uv":[13.75,9.5,13.25,9.625],"texture":"#0"},"up":{"uv":[11.5,13.75,11.625,13.25],"texture":"#0"},"down":{"uv":[11.75,13.25,11.875,13.75],"texture":"#0"}}},{"from":[3.85,10,11.75],"to":[5.35,11,13.75],"rotation":{"angle":0,"axis":"y","origin":[-0.4,10,7.5]},"faces":{"north":{"uv":[1.25,13.25,1.625,13.5],"texture":"#0"},"east":{"uv":[13,12.75,13.5,13],"texture":"#0"},"south":{"uv":[1.25,13.25,1.625,13.5],"texture":"#0"},"west":{"uv":[13,12.75,13.5,13],"texture":"#0"},"up":{"uv":[10.875,13.25,10.5,12.75],"texture":"#0"},"down":{"uv":[11.375,12.75,11,13.25],"texture":"#0"}}},{"from":[4.3,10,10.5],"to":[4.8,10.5,12.5],"rotation":{"angle":45,"axis":"y","origin":[3.85,10.25,12.75]},"faces":{"north":{"uv":[3.5,13.75,3.625,13.875],"texture":"#0"},"east":{"uv":[13.25,9,13.75,9.125],"texture":"#0"},"south":{"uv":[3.75,13.75,3.875,13.875],"texture":"#0"},"west":{"uv":[13.25,9.25,13.75,9.375],"texture":"#0"},"up":{"uv":[10.625,13.75,10.5,13.25],"texture":"#0"},"down":{"uv":[10.875,13.25,10.75,13.75],"texture":"#0"}}},{"from":[4.37665,10,10.06927],"to":[4.87665,10.5,12.06927],"rotation":{"angle":0,"axis":"y","origin":[5.62665,10.25,11.16927]},"faces":{"north":{"uv":[13.75,4.5,13.875,4.625],"texture":"#0"},"east":{"uv":[12,13.25,12.5,13.375],"texture":"#0"},"south":{"uv":[13.75,4.75,13.875,4.875],"texture":"#0"},"west":{"uv":[12.5,13.25,13,13.375],"texture":"#0"},"up":{"uv":[13.125,13.75,13,13.25],"texture":"#0"},"down":{"uv":[13.375,13.25,13.25,13.75],"texture":"#0"}}},{"from":[5.06967,10,9.31256],"to":[5.56967,10.5,11.31256],"rotation":{"angle":-22.5,"axis":"y","origin":[3.31967,10.25,11.51256]},"faces":{"north":{"uv":[13.75,4,13.875,4.125],"texture":"#0"},"east":{"uv":[13.25,9.5,13.75,9.625],"texture":"#0"},"south":{"uv":[13.75,4.25,13.875,4.375],"texture":"#0"},"west":{"uv":[11,13.25,11.5,13.375],"texture":"#0"},"up":{"uv":[11.625,13.75,11.5,13.25],"texture":"#0"},"down":{"uv":[11.875,13.25,11.75,13.75],"texture":"#0"}}},{"from":[4.37665,7.66927,13.57376],"to":[4.87665,8.16927,14.57376],"rotation":{"angle":-22.5,"axis":"x","origin":[5.62665,8.71927,7.47376]},"faces":{"north":{"uv":[9,13.75,9.125,13.875],"texture":"#0"},"east":{"uv":[12.5,4,12.75,4.125],"texture":"#0"},"south":{"uv":[13.75,9,13.875,9.125],"texture":"#0"},"west":{"uv":[9.25,12.5,9.5,12.625],"texture":"#0"},"up":{"uv":[12.125,13.75,12,13.5],"texture":"#0"},"down":{"uv":[13.625,12,13.5,12.25],"texture":"#0"}}},{"from":[4.37665,11.18995,14.61411],"to":[4.87665,11.68995,16.11411],"rotation":{"angle":22.5,"axis":"x","origin":[5.62665,12.23995,12.51411]},"faces":{"north":{"uv":[7.25,13.75,7.375,13.875],"texture":"#0"},"east":{"uv":[10,13.5,10.375,13.625],"texture":"#0"},"south":{"uv":[7.5,13.75,7.625,13.875],"texture":"#0"},"west":{"uv":[13.5,10,13.875,10.125],"texture":"#0"},"up":{"uv":[6.625,13.875,6.5,13.5],"texture":"#0"},"down":{"uv":[13.625,10.25,13.5,10.625],"texture":"#0"}}},{"from":[3.94121,10.74124,11.07839],"to":[6.42121,13.74124,15.32839],"rotation":{"angle":-22.5,"axis":"x","origin":[9.93121,10.64124,10.42839]},"faces":{"north":{"uv":[13.125,5.75,12.5,6.5],"texture":"#0"},"east":{"uv":[12.5,11.25,11.5,12],"texture":"#0"},"south":{"uv":[12.5,5.75,13.125,6.5],"texture":"#0"},"west":{"uv":[11.5,11.25,12.5,12],"texture":"#0"},"up":{"uv":[0.625,12.75,0,11.75],"texture":"#0"},"down":{"uv":[0.625,12.75,0,11.75],"texture":"#0"}}},{"from":[4.62018,10.88006,13.48606],"to":[6.10018,13.13006,14.98606],"rotation":{"angle":22.5,"axis":"x","origin":[4.61018,13.38006,13.48606]},"faces":{"north":{"uv":[12.5,11.75,12.875,12.3125],"texture":"#0"},"east":{"uv":[12.5,11.75,12.875,12.3125],"texture":"#0"},"south":{"uv":[12.5,11.75,12.875,12.3125],"texture":"#0"},"west":{"uv":[12.5,11.75,12.875,12.3125],"texture":"#0"},"up":{"uv":[13.375,11.625,13,11.25],"texture":"#0"},"down":{"uv":[13.375,11.75,13,12.125],"texture":"#0"}}},{"from":[10.65,10,11.75],"to":[12.15,11,13.75],"rotation":{"angle":0,"axis":"y","origin":[16.4,10,7.5]},"faces":{"north":{"uv":[1.625,13.25,1.25,13.5],"texture":"#0"},"east":{"uv":[13.5,12.75,13,13],"texture":"#0"},"south":{"uv":[1.625,13.25,1.25,13.5],"texture":"#0"},"west":{"uv":[13.5,12.75,13,13],"texture":"#0"},"up":{"uv":[10.5,13.25,10.875,12.75],"texture":"#0"},"down":{"uv":[11,12.75,11.375,13.25],"texture":"#0"}}},{"from":[11.2,10,10.5],"to":[11.7,10.5,12.5],"rotation":{"angle":-45,"axis":"y","origin":[12.15,10.25,12.75]},"faces":{"north":{"uv":[3.625,13.75,3.5,13.875],"texture":"#0"},"east":{"uv":[13.75,9.25,13.25,9.375],"texture":"#0"},"south":{"uv":[3.875,13.75,3.75,13.875],"texture":"#0"},"west":{"uv":[13.75,9,13.25,9.125],"texture":"#0"},"up":{"uv":[10.5,13.75,10.625,13.25],"texture":"#0"},"down":{"uv":[10.75,13.25,10.875,13.75],"texture":"#0"}}},{"from":[11.12335,10,10.06927],"to":[11.62335,10.5,12.06927],"rotation":{"angle":0,"axis":"y","origin":[10.37335,10.25,11.16927]},"faces":{"north":{"uv":[13.875,4.5,13.75,4.625],"texture":"#0"},"east":{"uv":[13,13.25,12.5,13.375],"texture":"#0"},"south":{"uv":[13.875,4.75,13.75,4.875],"texture":"#0"},"west":{"uv":[12.5,13.25,12,13.375],"texture":"#0"},"up":{"uv":[13,13.75,13.125,13.25],"texture":"#0"},"down":{"uv":[13.25,13.25,13.375,13.75],"texture":"#0"}}},{"from":[10.43033,10,9.31256],"to":[10.93033,10.5,11.31256],"rotation":{"angle":22.5,"axis":"y","origin":[12.68033,10.25,11.51256]},"faces":{"north":{"uv":[13.875,4,13.75,4.125],"texture":"#0"},"east":{"uv":[11.5,13.25,11,13.375],"texture":"#0"},"south":{"uv":[13.875,4.25,13.75,4.375],"texture":"#0"},"west":{"uv":[13.75,9.5,13.25,9.625],"texture":"#0"},"up":{"uv":[11.5,13.75,11.625,13.25],"texture":"#0"},"down":{"uv":[11.75,13.25,11.875,13.75],"texture":"#0"}}},{"from":[11.12335,7.66927,13.57376],"to":[11.62335,8.16927,14.57376],"rotation":{"angle":-22.5,"axis":"x","origin":[10.37335,8.71927,7.47376]},"faces":{"north":{"uv":[9.125,13.75,9,13.875],"texture":"#0"},"east":{"uv":[9.5,12.5,9.25,12.625],"texture":"#0"},"south":{"uv":[13.875,9,13.75,9.125],"texture":"#0"},"west":{"uv":[12.75,4,12.5,4.125],"texture":"#0"},"up":{"uv":[12,13.75,12.125,13.5],"texture":"#0"},"down":{"uv":[13.5,12,13.625,12.25],"texture":"#0"}}},{"from":[11.12335,11.18995,14.61411],"to":[11.62335,11.68995,16.11411],"rotation":{"angle":22.5,"axis":"x","origin":[10.37335,12.23995,12.51411]},"faces":{"north":{"uv":[7.375,13.75,7.25,13.875],"texture":"#0"},"east":{"uv":[13.875,10,13.5,10.125],"texture":"#0"},"south":{"uv":[7.625,13.75,7.5,13.875],"texture":"#0"},"west":{"uv":[10.375,13.5,10,13.625],"texture":"#0"},"up":{"uv":[6.5,13.875,6.625,13.5],"texture":"#0"},"down":{"uv":[13.5,10.25,13.625,10.625],"texture":"#0"}}},{"from":[9.57879,10.74124,11.07839],"to":[12.05879,13.74124,15.32839],"rotation":{"angle":-22.5,"axis":"x","origin":[6.06879,10.64124,10.42839]},"faces":{"north":{"uv":[12.5,5.75,13.125,6.5],"texture":"#0"},"east":{"uv":[12.5,11.25,11.5,12],"texture":"#0"},"south":{"uv":[13.125,5.75,12.5,6.5],"texture":"#0"},"west":{"uv":[11.5,11.25,12.5,12],"texture":"#0"},"up":{"uv":[0,12.75,0.625,11.75],"texture":"#0"},"down":{"uv":[0,12.75,0.625,11.75],"texture":"#0"}}},{"from":[9.89982,10.88006,13.48606],"to":[11.37982,13.13006,14.98606],"rotation":{"angle":22.5,"axis":"x","origin":[11.38982,13.38006,13.48606]},"faces":{"north":{"uv":[12.875,11.75,12.5,12.3125],"texture":"#0"},"east":{"uv":[12.875,11.75,12.5,12.3125],"texture":"#0"},"south":{"uv":[12.875,11.75,12.5,12.3125],"texture":"#0"},"west":{"uv":[12.875,11.75,12.5,12.3125],"texture":"#0"},"up":{"uv":[13,11.625,13.375,11.25],"texture":"#0"},"down":{"uv":[13,11.75,13.375,12.125],"texture":"#0"}}},{"from":[2,9,0],"to":[14,10,16],"faces":{"north":{"uv":[11,1.5,14,1.75],"texture":"#0"},"east":{"uv":[10.75,3,14.75,3.25],"texture":"#0"},"south":{"uv":[11,1.5,14,1.75],"texture":"#0"},"west":{"uv":[10.75,3,14.75,3.25],"texture":"#0"},"up":{"uv":[3,4,0,0],"texture":"#0"},"down":{"uv":[6,0,3,4],"texture":"#0"}}},{"from":[2,0,0],"to":[14,2,16],"faces":{"north":{"uv":[9.5,7.75,12.5,8.25],"texture":"#0"},"east":{"uv":[8.5,2.25,12.5,2.75],"texture":"#0"},"south":{"uv":[9.5,7.75,12.5,8.25],"texture":"#0"},"west":{"uv":[8.5,2.25,12.5,2.75],"texture":"#0"},"up":{"uv":[3,8,0,4],"texture":"#0"},"down":{"uv":[6,4,3,8],"texture":"#0"}}},{"from":[3,2,1],"to":[13,9,15],"faces":{"north":{"uv":[7,7,9.5,8.75],"texture":"#0"},"east":{"uv":[6,7,9.5,8.75],"texture":"#0"},"south":{"uv":[6,7,8.5,8.75],"texture":"#0"},"west":{"uv":[6,7,9.5,8.75],"texture":"#0"},"up":{"uv":[8.5,3.5,6,0],"texture":"#0"},"down":{"uv":[8.5,3.5,6,7],"texture":"#0"}}}],"gui_light":"front","display":{"thirdperson_righthand":{"rotation":[67.5,0,0],"translation":[0,2.25,0.25],"scale":[0.2807,0.2807,0.2807]},"thirdperson_lefthand":{"rotation":[67.5,0,0],"translation":[0,2.25,0.25],"scale":[0.2807,0.2807,0.2807]},"firstperson_righthand":{"translation":[3.75,2.5,-1.25],"scale":[0.2807,0.2807,0.2807]},"firstperson_lefthand":{"translation":[3.75,2.5,-1.25],"scale":[0.2807,0.2807,0.2807]},"ground":{"translation":[0,6,0],"scale":[0.4,0.4,0.4]},"gui":{"rotation":[30,135,0],"translation":[0,-1.75,0],"scale":[0.49055,0.49055,0.49055]},"head":{"rotation":[0,180,0],"translation":[0,-30.4,0],"scale":[1.6,1.6,1.6]},"fixed":{"rotation":[-90,0,0],"translation":[0,0,-16],"scale":[2,2,2]}},"groups":[{"name":"group","origin":[8,23.59075,-0.65153],"color":0,"children":[0,1,2,3,4,5,6,7,8,9,10,11,12,13,14,15,16,17,18,19,20,21,22,23,24,25,26,27,28,29,30,31,32,33,34,35,36,37,38,39,40,41,42]},{"name":"group","origin":[3.71967,0.25,4.01256],"color":0,"children":[43,44,45,{"name":"group","origin":[5.62665,12.23995,4.51411],"color":0,"children":[46,47,48,49,50,51]}]},{"name":"group","origin":[3.71967,0.25,4.01256],"color":0,"children":[52,53,54,55,56,57,58,59,60]},{"name":"group","origin":[3.71967,0.25,4.01256],"color":0,"children":[{"name":"group","origin":[5.62665,12.23995,4.51411],"color":0,"children":[61,62,63,64,65,66]},67,68]},{"name":"group","origin":[3.71967,0.25,4.01256],"color":0,"children":[{"name":"group","origin":[5.62665,12.23995,4.51411],"color":0,"children":[69,70,71,72,73,74]},75,76]},77,78,79]}