{"parent":"minecraft:item/handheld","textures":{"layer0":"minecraft:item/diamond_shovel"},"overrides":[{"predicate":{"custom_model_data":10000},"model":"iasurvival:ia_auto_gen/bronze_shovel"},{"predicate":{"custom_model_data":10001},"model":"iasurvival:ia_auto_gen/ruby_shovel"},{"predicate":{"custom_model_data":10002},"model":"iasurvival:ia_auto_gen/dark_amethyst_shovel"},{"predicate":{"custom_model_data":10003},"model":"elitecreatures:wukong_animated/shovel"},{"predicate":{"custom_model_data":10004},"model":"amaterasu_item_set:amaterasu_item_set/shovel"},{"predicate":{"custom_model_data":10005},"model":"item/diamond_shovel"}]}