{"credit":"Made by Nog's Menagerie","texture_size":[32,32],"textures":{"1":"nogs_menagerie:plushies/nm_plushie_droid_blue_texture"},"elements":[{"name":"torso","from":[5.5,1.5,5.25],"to":[10.5,9.5,10.25],"rotation":{"angle":22.5,"axis":"x","origin":[8,3.5,8.25]},"faces":{"north":{"uv":[0,0,2.5,4],"texture":"#1"},"east":{"uv":[2.5,0,5,4],"texture":"#1"},"south":{"uv":[0,4,2.5,8],"texture":"#1"},"west":{"uv":[2.5,4,5,8],"texture":"#1"},"up":{"uv":[7.5,2.5,5,0],"texture":"#1"},"down":{"uv":[7.5,2.5,5,5],"texture":"#1"}}},{"name":"torso","from":[7,7,5.2],"to":[10,9,5.2],"rotation":{"angle":22.5,"axis":"x","origin":[8,3.5,8.25]},"faces":{"north":{"uv":[8,5,9.5,6],"texture":"#1"},"east":{"uv":[0,0,0,1],"texture":"#1"},"south":{"uv":[8,6,9.5,7],"texture":"#1"},"west":{"uv":[0,0,0,1],"texture":"#1"},"up":{"uv":[1.5,0,0,0],"texture":"#1"},"down":{"uv":[1.5,0,0,0],"texture":"#1"}}},{"name":"right_leg","from":[7.5,0.69925,6.57899],"to":[8.5,4.69925,8.57899],"rotation":{"angle":22.5,"axis":"x","origin":[8,3.69925,6.57899]},"faces":{"north":{"uv":[9,7,9.5,9],"texture":"#1"},"east":{"uv":[5,7.5,6,9.5],"texture":"#1"},"south":{"uv":[9,9,9.5,11],"texture":"#1"},"west":{"uv":[6,7.5,7,9.5],"texture":"#1"},"up":{"uv":[6.5,10.5,6,9.5],"texture":"#1"},"down":{"uv":[10,6,9.5,7],"texture":"#1"}}},{"name":"right_leg","from":[4.5,1.01,7.04407],"to":[5.5,6.01,10.04407],"rotation":{"angle":0,"axis":"y","origin":[4,3.01,7.04407]},"faces":{"north":{"uv":[8,7,8.5,9.5],"texture":"#1"},"east":{"uv":[5,5,6.5,7.5],"texture":"#1"},"south":{"uv":[8.5,7,9,9.5],"texture":"#1"},"west":{"uv":[6.5,5,8,7.5],"texture":"#1"},"up":{"uv":[10,4.5,9.5,3],"texture":"#1"},"down":{"uv":[10,4.5,9.5,6],"texture":"#1"}}},{"name":"left_leg","from":[10.5,1.01,7.04407],"to":[11.5,6.01,10.04407],"rotation":{"angle":0,"axis":"y","origin":[12,3.01,7.04407]},"faces":{"north":{"uv":[9,0,9.5,2.5],"texture":"#1"},"east":{"uv":[7.5,0,9,2.5],"texture":"#1"},"south":{"uv":[9,2.5,9.5,5],"texture":"#1"},"west":{"uv":[7.5,2.5,9,5],"texture":"#1"},"up":{"uv":[5.5,11,5,9.5],"texture":"#1"},"down":{"uv":[6,9.5,5.5,11],"texture":"#1"}}},{"name":"right_leg","from":[4,0.01,6.54407],"to":[6,1.01,10.54407],"rotation":{"angle":0,"axis":"y","origin":[4.5,1.01,6.04407]},"faces":{"north":{"uv":[6.5,9.5,7.5,10],"texture":"#1"},"east":{"uv":[9.5,0,11.5,0.5],"texture":"#1"},"south":{"uv":[9.5,7,10.5,7.5],"texture":"#1"},"west":{"uv":[9.5,0.5,11.5,1],"texture":"#1"},"up":{"uv":[8,9.5,7,7.5],"texture":"#1"},"down":{"uv":[1,8,0,10],"texture":"#1"}}},{"name":"left_leg","from":[10,0.01,6.54407],"to":[12,1.01,10.54407],"rotation":{"angle":0,"axis":"y","origin":[11.5,1.01,6.04407]},"faces":{"north":{"uv":[7.5,9.5,8.5,10],"texture":"#1"},"east":{"uv":[9.5,1,11.5,1.5],"texture":"#1"},"south":{"uv":[9.5,7.5,10.5,8],"texture":"#1"},"west":{"uv":[9.5,1.5,11.5,2],"texture":"#1"},"up":{"uv":[2,10,1,8],"texture":"#1"},"down":{"uv":[3,8,2,10],"texture":"#1"}}},{"name":"right_leg","from":[7,0.01,4.54407],"to":[9,1.01,8.54407],"rotation":{"angle":0,"axis":"y","origin":[5,1.01,6.04407]},"faces":{"north":{"uv":[9.5,8,10.5,8.5],"texture":"#1"},"east":{"uv":[9.5,2,11.5,2.5],"texture":"#1"},"south":{"uv":[9.5,8.5,10.5,9],"texture":"#1"},"west":{"uv":[9.5,2.5,11.5,3],"texture":"#1"},"up":{"uv":[4,10,3,8],"texture":"#1"},"down":{"uv":[5,8,4,10],"texture":"#1"}}}],"gui_light":"front","display":{"thirdperson_righthand":{"rotation":[24,13,0],"translation":[0,1.25,-0.5],"scale":[0.6,0.6,0.6]},"thirdperson_lefthand":{"rotation":[24,13,0],"translation":[0,0.75,-0.5],"scale":[0.6,0.6,0.6]},"firstperson_righthand":{"rotation":[0,109,5],"translation":[2,5.25,0],"scale":[0.71,0.71,0.71]},"firstperson_lefthand":{"rotation":[0,109,5],"translation":[2,5.25,0],"scale":[0.71,0.71,0.71]},"ground":{"translation":[0,3.5,0],"scale":[0.65,0.65,0.65]},"gui":{"rotation":[25,151,0],"translation":[0,2,0],"scale":[0.73,0.73,0.73]},"head":{"translation":[0,14.4,0]},"fixed":{"rotation":[-90,0,0],"translation":[0,0,-13.5],"scale":[1.7,1.7,1.7]}}}