{"parent":"minecraft:item/handheld","textures":{"layer0":"minecraft:item/diamond_sword"},"overrides":[{"predicate":{"custom_model_data":10000},"model":"iasurvival:ia_auto_gen/rusteroth_sword"},{"predicate":{"custom_model_data":10001},"model":"iasurvival:ia_auto_gen/bloodnite_sword"},{"predicate":{"custom_model_data":10002},"model":"iasurvival:ia_auto_gen/emerald_sword"},{"predicate":{"custom_model_data":10003},"model":"iasurvival:ia_auto_gen/end_sword"},{"predicate":{"custom_model_data":10004},"model":"iaalchemy:ia_auto_gen/mysterious_sword"},{"predicate":{"custom_model_data":10005},"model":"iasurvival:ia_auto_gen/vyderlight_sword"},{"predicate":{"custom_model_data":10006},"model":"iasurvival:item/swords/firesword_sword"},{"predicate":{"custom_model_data":10007},"model":"iasurvival:ia_auto_gen/aqualight_sword"},{"predicate":{"custom_model_data":10008},"model":"iasurvival:ia_auto_gen/ruby_sword"},{"predicate":{"custom_model_data":10009},"model":"iasurvival:ia_auto_gen/bronze_sword"},{"predicate":{"custom_model_data":10010},"model":"iasurvival:ia_auto_gen/dark_amethyst_sword"},{"predicate":{"custom_model_data":10011},"model":"rpg_katanas:ia_auto_gen/katana1"},{"predicate":{"custom_model_data":10012},"model":"rpg_katanas:ia_auto_gen/katana2"},{"predicate":{"custom_model_data":10013},"model":"rpg_katanas:ia_auto_gen/katana3"},{"predicate":{"custom_model_data":10014},"model":"rpg_katanas:ia_auto_gen/katana4"},{"predicate":{"custom_model_data":10015},"model":"rpg_katanas:ia_auto_gen/katana5"},{"predicate":{"custom_model_data":10016},"model":"rpg_katanas:ia_auto_gen/katana6"},{"predicate":{"custom_model_data":10017},"model":"rpg_katanas:ia_auto_gen/katana7"},{"predicate":{"custom_model_data":10018},"model":"rpg_katanas:ia_auto_gen/katana8"},{"predicate":{"custom_model_data":10019},"model":"rpg_katanas:ia_auto_gen/katana9"},{"predicate":{"custom_model_data":18001},"model":"magic:weapons/emerald_sword"},{"predicate":{"custom_model_data":18002},"model":"magic:other/sword_master"},{"predicate":{"custom_model_data":18003},"model":"magic:sabers/lightsaber_green"},{"predicate":{"custom_model_data":18004},"model":"magic:sabers/lightsaber_blue"},{"predicate":{"custom_model_data":18005},"model":"magic:sabers/lightsaber_red"},{"predicate":{"custom_model_data":18006},"model":"magic:sabers/lightsaber_orange"},{"predicate":{"custom_model_data":18007},"model":"magic:sabers/lightsaber_purple"},{"predicate":{"custom_model_data":18008},"model":"magic:weapons/emerald_sword"},{"predicate":{"custom_model_data":18009},"model":"magic:wands/valkglow"},{"predicate":{"custom_model_data":18010},"model":"magic:other/whitedagger"},{"predicate":{"custom_model_data":18011},"model":"magic:weapons/demon_sword"},{"predicate":{"custom_model_data":18012},"model":"magic:wands/felmglow"},{"predicate":{"custom_model_data":18013},"model":"magic:wands/rivenglow"},{"predicate":{"custom_model_data":18014},"model":"magic:wands/silver"},{"predicate":{"custom_model_data":18015},"model":"magic:wands/lavad"},{"predicate":{"custom_model_data":18102},"model":"magic:icons/spells/wound"},{"predicate":{"custom_model_data":18103},"model":"magic:icons_disabled/spells/wound"},{"predicate":{"custom_model_data":18104},"model":"magic:icons/spells/sharpen_sword"},{"predicate":{"custom_model_data":18105},"model":"magic:icons_disabled/spells/sharpen_sword"},{"predicate":{"custom_model_data":18106},"model":"magic:icons/upgrades/mode_sword"},{"predicate":{"custom_model_data":1404001},"model":"magic:halloween/pumpkin_hammer"},{"predicate":{"custom_model_data":1404002},"model":"magic:halloween/scyth_small"},{"predicate":{"custom_model_data":1404003},"model":"magic:halloween/hsword"},{"predicate":{"custom_model_data":1404004},"model":"magic:halloween/scythe_death"},{"predicate":{"custom_model_data":1404005},"model":"item/diamond_sword"}]}