{"credit":"MadewithBlockbench","texture_size":[64,64],"textures":{"1":"20th_century_furniture_v1:07_table_texture"},"elements":[{"from":[-16,14,0],"to":[16,16,16],"rotation":{"angle":0,"axis":"y","origin":[0,15,8]},"faces":{"north":{"uv":[8,2.25,16,2.75],"texture":"#1"},"east":{"uv":[12,3.75,8,4.25],"texture":"#1"},"south":{"uv":[8,2.25,16,2.75],"texture":"#1"},"west":{"uv":[8,3.75,12,4.25],"texture":"#1"},"up":{"uv":[8,4,0,0],"texture":"#1"},"down":{"uv":[0,4,8,0],"texture":"#1"}}},{"from":[-10,2,3.5],"to":[10,3,12.5],"rotation":{"angle":0,"axis":"y","origin":[0,2,0]},"faces":{"north":{"uv":[8.875,2.25,13.875,2.5],"texture":"#1"},"east":{"uv":[8.375,3.875,10.625,4.125],"texture":"#1"},"south":{"uv":[8.875,2.25,13.875,2.5],"texture":"#1"},"west":{"uv":[8.375,3.875,10.625,4.125],"texture":"#1"},"up":{"uv":[6.375,3,1.375,0.75],"texture":"#1"},"down":{"uv":[6.375,3,1.375,0.75],"texture":"#1"}}},{"from":[11,13,2],"to":[14,14,5],"rotation":{"angle":0,"axis":"y","origin":[-1,15,9]},"faces":{"north":{"uv":[9,8,9.75,8.25],"texture":"#1"},"east":{"uv":[9,8,9.75,8.25],"texture":"#1"},"south":{"uv":[9,8,9.75,8.25],"texture":"#1"},"west":{"uv":[9,8,9.75,8.25],"texture":"#1"},"up":{"uv":[8.25,8.75,7.5,8],"texture":"#1"},"down":{"uv":[9,7.5,8.25,8.25],"texture":"#1"}}},{"from":[11.5,9,2.5],"to":[13.5,13,4.5],"rotation":{"angle":0,"axis":"y","origin":[-1,15,9]},"faces":{"north":{"uv":[8.5,5,9,6],"texture":"#1"},"east":{"uv":[8.5,5,9,6],"texture":"#1"},"south":{"uv":[8.5,5,9,6],"texture":"#1"},"west":{"uv":[8.5,5,9,6],"texture":"#1"},"up":{"uv":[9.5,6,9,5.5],"texture":"#1"},"down":{"uv":[9.5,6.5,9,7],"texture":"#1"}}},{"from":[11.5,1.5,2.51],"to":[13.5,9,4.49],"rotation":{"angle":-22.5,"axis":"z","origin":[13.5,9,3.5]},"faces":{"north":{"uv":[8,4.75,8.5,6.625],"texture":"#1"},"east":{"uv":[8,4.75,8.5,6.625],"texture":"#1"},"south":{"uv":[8,4.75,8.5,6.625],"texture":"#1"},"west":{"uv":[8,4.75,8.5,6.625],"texture":"#1"},"up":{"uv":[9.5,7.5,9,7],"texture":"#1"},"down":{"uv":[9.5,7.5,9,8],"texture":"#1"}}},{"from":[8.14106,2.1,1.76],"to":[11.64106,4.1,4.99],"rotation":{"angle":22.5,"axis":"y","origin":[10.64106,2.1,2.5]},"faces":{"north":{"uv":[8.5,6,9.375,6.5],"texture":"#1"},"east":{"uv":[7.5,8.75,8.25,9.25],"texture":"#1"},"south":{"uv":[9.375,6,8.5,6.5],"texture":"#1"},"west":{"uv":[7.5,8.75,8.25,9.25],"texture":"#1"},"up":{"uv":[7.375,8.75,6.5,8],"texture":"#1"},"down":{"uv":[8.875,6.75,8,7.5],"texture":"#1"}}},{"from":[-14,13,2],"to":[-11,14,5],"rotation":{"angle":0,"axis":"y","origin":[1,15,9]},"faces":{"north":{"uv":[9.75,8,9,8.25],"texture":"#1"},"east":{"uv":[9.75,8,9,8.25],"texture":"#1"},"south":{"uv":[9.75,8,9,8.25],"texture":"#1"},"west":{"uv":[9.75,8,9,8.25],"texture":"#1"},"up":{"uv":[7.5,8.75,8.25,8],"texture":"#1"},"down":{"uv":[8.25,7.5,9,8.25],"texture":"#1"}}},{"from":[-13.5,9,2.5],"to":[-11.5,13,4.5],"rotation":{"angle":0,"axis":"y","origin":[1,15,9]},"faces":{"north":{"uv":[9,5,8.5,6],"texture":"#1"},"east":{"uv":[9,5,8.5,6],"texture":"#1"},"south":{"uv":[9,5,8.5,6],"texture":"#1"},"west":{"uv":[9,5,8.5,6],"texture":"#1"},"up":{"uv":[9,6,9.5,5.5],"texture":"#1"},"down":{"uv":[9,6.5,9.5,7],"texture":"#1"}}},{"from":[-13.5,1.5,2.51],"to":[-11.5,9,4.49],"rotation":{"angle":22.5,"axis":"z","origin":[-13.5,9,3.5]},"faces":{"north":{"uv":[8.5,4.75,8,6.625],"texture":"#1"},"east":{"uv":[8.5,4.75,8,6.625],"texture":"#1"},"south":{"uv":[8.5,4.75,8,6.625],"texture":"#1"},"west":{"uv":[8.5,4.75,8,6.625],"texture":"#1"},"up":{"uv":[9,7.5,9.5,7],"texture":"#1"},"down":{"uv":[9,7.5,9.5,8],"texture":"#1"}}},{"from":[-11.64106,2.1,1.76],"to":[-8.14106,4.1,4.99],"rotation":{"angle":-22.5,"axis":"y","origin":[-10.64106,2.1,2.5]},"faces":{"north":{"uv":[9.375,6,8.5,6.5],"texture":"#1"},"east":{"uv":[8.25,8.75,7.5,9.25],"texture":"#1"},"south":{"uv":[8.5,6,9.375,6.5],"texture":"#1"},"west":{"uv":[8.25,8.75,7.5,9.25],"texture":"#1"},"up":{"uv":[6.5,8.75,7.375,8],"texture":"#1"},"down":{"uv":[8,6.75,8.875,7.5],"texture":"#1"}}},{"from":[11,13,11],"to":[14,14,14],"rotation":{"angle":0,"axis":"y","origin":[-1,15,7]},"faces":{"north":{"uv":[9.75,8,9,8.25],"texture":"#1"},"east":{"uv":[9.75,8,9,8.25],"texture":"#1"},"south":{"uv":[9.75,8,9,8.25],"texture":"#1"},"west":{"uv":[9.75,8,9,8.25],"texture":"#1"},"up":{"uv":[8.25,8,7.5,8.75],"texture":"#1"},"down":{"uv":[9,8.25,8.25,7.5],"texture":"#1"}}},{"from":[11.5,9,11.5],"to":[13.5,13,13.5],"rotation":{"angle":0,"axis":"y","origin":[-1,15,7]},"faces":{"north":{"uv":[9,5,8.5,6],"texture":"#1"},"east":{"uv":[9,5,8.5,6],"texture":"#1"},"south":{"uv":[9,5,8.5,6],"texture":"#1"},"west":{"uv":[9,5,8.5,6],"texture":"#1"},"up":{"uv":[9.5,5.5,9,6],"texture":"#1"},"down":{"uv":[9.5,7,9,6.5],"texture":"#1"}}},{"from":[11.5,1.5,11.51],"to":[13.5,9,13.49],"rotation":{"angle":-22.5,"axis":"z","origin":[13.5,9,12.5]},"faces":{"north":{"uv":[8.5,4.75,8,6.625],"texture":"#1"},"east":{"uv":[8.5,4.75,8,6.625],"texture":"#1"},"south":{"uv":[8.5,4.75,8,6.625],"texture":"#1"},"west":{"uv":[8.5,4.75,8,6.625],"texture":"#1"},"up":{"uv":[9.5,7,9,7.5],"texture":"#1"},"down":{"uv":[9.5,8,9,7.5],"texture":"#1"}}},{"from":[8.14106,2.1,11.01],"to":[11.64106,4.1,14.24],"rotation":{"angle":-22.5,"axis":"y","origin":[10.64106,2.1,13.5]},"faces":{"north":{"uv":[8.5,6,9.375,6.5],"texture":"#1"},"east":{"uv":[8.25,8.75,7.5,9.25],"texture":"#1"},"south":{"uv":[9.375,6,8.5,6.5],"texture":"#1"},"west":{"uv":[8.25,8.75,7.5,9.25],"texture":"#1"},"up":{"uv":[7.375,8,6.5,8.75],"texture":"#1"},"down":{"uv":[8.875,7.5,8,6.75],"texture":"#1"}}},{"from":[-14,13,11],"to":[-11,14,14],"rotation":{"angle":0,"axis":"y","origin":[1,15,7]},"faces":{"north":{"uv":[9,8,9.75,8.25],"texture":"#1"},"east":{"uv":[9,8,9.75,8.25],"texture":"#1"},"south":{"uv":[9,8,9.75,8.25],"texture":"#1"},"west":{"uv":[9,8,9.75,8.25],"texture":"#1"},"up":{"uv":[7.5,8,8.25,8.75],"texture":"#1"},"down":{"uv":[8.25,8.25,9,7.5],"texture":"#1"}}},{"from":[-13.5,9,11.5],"to":[-11.5,13,13.5],"rotation":{"angle":0,"axis":"y","origin":[1,15,7]},"faces":{"north":{"uv":[8.5,5,9,6],"texture":"#1"},"east":{"uv":[8.5,5,9,6],"texture":"#1"},"south":{"uv":[8.5,5,9,6],"texture":"#1"},"west":{"uv":[8.5,5,9,6],"texture":"#1"},"up":{"uv":[9,5.5,9.5,6],"texture":"#1"},"down":{"uv":[9,7,9.5,6.5],"texture":"#1"}}},{"from":[-13.5,1.5,11.51],"to":[-11.5,9,13.49],"rotation":{"angle":22.5,"axis":"z","origin":[-13.5,9,12.5]},"faces":{"north":{"uv":[8,4.75,8.5,6.625],"texture":"#1"},"east":{"uv":[8,4.75,8.5,6.625],"texture":"#1"},"south":{"uv":[8,4.75,8.5,6.625],"texture":"#1"},"west":{"uv":[8,4.75,8.5,6.625],"texture":"#1"},"up":{"uv":[9,7,9.5,7.5],"texture":"#1"},"down":{"uv":[9,8,9.5,7.5],"texture":"#1"}}},{"from":[-11.64106,2.1,11.01],"to":[-8.14106,4.1,14.24],"rotation":{"angle":22.5,"axis":"y","origin":[-10.64106,2.1,13.5]},"faces":{"north":{"uv":[9.375,6,8.5,6.5],"texture":"#1"},"east":{"uv":[7.5,8.75,8.25,9.25],"texture":"#1"},"south":{"uv":[8.5,6,9.375,6.5],"texture":"#1"},"west":{"uv":[7.5,8.75,8.25,9.25],"texture":"#1"},"up":{"uv":[6.5,8,7.375,8.75],"texture":"#1"},"down":{"uv":[8,7.5,8.875,6.75],"texture":"#1"}}}],"gui_light":"front","display":{"thirdperson_righthand":{"rotation":[67.5,0,0],"translation":[1.75,1.25,0.25],"scale":[0.2,0.2,0.2]},"thirdperson_lefthand":{"rotation":[67.5,0,0],"translation":[-1.5,1.25,0.25],"scale":[0.2,0.2,0.2]},"firstperson_righthand":{"translation":[2.25,3,0],"scale":[0.29938,0.29938,0.29938]},"firstperson_lefthand":{"translation":[-2.75,3,0],"scale":[0.29938,0.29938,0.29938]},"ground":{"translation":[0,6,0],"scale":[0.45,0.45,0.45]},"gui":{"rotation":[30,135,0],"translation":[-2.5,0.75,0],"scale":[0.43945,0.43945,0.43945]},"head":{"rotation":[0,-180,0],"translation":[0,-30.4,0],"scale":[1.6,1.6,1.6]},"fixed":{"rotation":[-90,0,0],"translation":[0,0,-15.75],"scale":[2,2,2]}},"groups":[0,1,{"name":"group","origin":[14.5,5,2.5],"color":0,"children":[2,3,4,5]},{"name":"group","origin":[14.5,5,2.5],"color":0,"children":[6,7,8,9]},{"name":"group","origin":[14.5,5,2.5],"color":0,"children":[10,11,12,13]},{"name":"group","origin":[14.5,5,2.5],"color":0,"children":[14,15,16,17]}]}