{"credit":"MadewithBlockbench","texture_size":[128,128],"textures":{"0":"20th_century_furniture_v1:19_book_shelf_texture","particle":"20th_century_furniture_v1:19_book_shelf_texture"},"elements":[{"from":[18.04127,2,2.04799],"to":[20.04127,6,4.04799],"rotation":{"angle":0,"axis":"y","origin":[19.04127,7,2.92299]},"faces":{"north":{"uv":[10.375,5,10.625,5.5],"texture":"#0"},"east":{"uv":[1.625,10.5,1.375,11],"texture":"#0"},"south":{"uv":[10.375,5,10.625,5.5],"texture":"#0"},"west":{"uv":[1.375,10.5,1.625,11],"texture":"#0"},"up":{"uv":[3,11,2.75,10.75],"texture":"#0"},"down":{"uv":[3.375,10.75,3.125,11],"texture":"#0"}}},{"from":[17.54127,6,1.54799],"to":[20.54127,11,4.04799],"rotation":{"angle":0,"axis":"y","origin":[19.04127,7,2.92299]},"faces":{"north":{"uv":[8,8.875,8.375,9.5],"texture":"#0"},"east":{"uv":[8,8.875,8.375,9.5],"texture":"#0"},"south":{"uv":[8,8.875,8.375,9.5],"texture":"#0"},"west":{"uv":[8,8.875,8.3125,9.5],"texture":"#0"},"up":{"uv":[10.75,5.8125,10.375,5.5],"texture":"#0"},"down":{"uv":[10.75,5.8125,10.375,5.5],"texture":"#0"}}},{"from":[18.79127,5,1.04799],"to":[19.29127,10,1.54799],"rotation":{"angle":0,"axis":"y","origin":[19.04127,7,2.92299]},"faces":{"north":{"uv":[8.375,8.875,8.4375,9.5],"texture":"#0"},"east":{"uv":[8.375,8.875,8.4375,9.5],"texture":"#0"},"south":{"uv":[1.875,11,1.9375,11.625],"texture":"#0"},"west":{"uv":[8.375,8.875,8.4375,9.5],"texture":"#0"},"up":{"uv":[2.4375,11.1875,2.375,11.125],"texture":"#0"},"down":{"uv":[2.5625,11.125,2.5,11.1875],"texture":"#0"}}},{"from":[17.54127,7,1.54799],"to":[20.54127,8,3.04799],"rotation":{"angle":22.5,"axis":"x","origin":[19.04127,10,2.54799]},"faces":{"north":{"uv":[0.375,11,0.75,11.125],"texture":"#0"},"east":{"uv":[10.625,11,10.8125,11.125],"texture":"#0"},"south":{"uv":[11,0.375,11.375,0.5],"texture":"#0"},"west":{"uv":[10.875,11,11.0625,11.125],"texture":"#0"},"up":{"uv":[9.875,1.6875,9.5,1.5],"texture":"#0"},"down":{"uv":[10.25,1.5,9.875,1.6875],"texture":"#0"}}},{"from":[17.04127,7,1.54799],"to":[17.54127,10,3.04799],"rotation":{"angle":22.5,"axis":"x","origin":[19.04127,10,2.54799]},"faces":{"north":{"uv":[10.125,11,10.1875,11.375],"texture":"#0"},"east":{"uv":[9.375,10.5,9.5625,10.875],"texture":"#0"},"south":{"uv":[10.25,11,10.3125,11.375],"texture":"#0"},"west":{"uv":[10.6875,10,10.5,10.375],"texture":"#0"},"up":{"uv":[0.6875,11.3125,0.625,11.125],"texture":"#0"},"down":{"uv":[1.1875,11.125,1.125,11.3125],"texture":"#0"}}},{"from":[20.54127,7,1.54799],"to":[21.04127,10,3.04799],"rotation":{"angle":22.5,"axis":"x","origin":[19.04127,10,2.54799]},"faces":{"north":{"uv":[10.375,11,10.4375,11.375],"texture":"#0"},"east":{"uv":[10.5,10,10.6875,10.375],"texture":"#0"},"south":{"uv":[10.5,11,10.5625,11.375],"texture":"#0"},"west":{"uv":[10.125,10.5,10.3125,10.875],"texture":"#0"},"up":{"uv":[1.3125,11.3125,1.25,11.125],"texture":"#0"},"down":{"uv":[1.4375,11.125,1.375,11.3125],"texture":"#0"}}},{"from":[18.04127,11,1.54799],"to":[20.04127,13.5,4.04799],"rotation":{"angle":0,"axis":"y","origin":[19.04127,7,2.92299]},"faces":{"north":{"uv":[6.25,4.875,6.5,5.1875],"texture":"#0"},"east":{"uv":[8.3125,10.5,8,10.8125],"texture":"#0"},"south":{"uv":[7.375,10.5,7.625,10.8125],"texture":"#0"},"west":{"uv":[8,10.5,8.3125,10.8125],"texture":"#0"},"up":{"uv":[9.125,10.8125,8.875,10.5],"texture":"#0"},"down":{"uv":[9.375,10.5,9.125,10.8125],"texture":"#0"}}},{"from":[18.79127,11.5,1.04799],"to":[19.29127,13,1.54799],"rotation":{"angle":22.5,"axis":"x","origin":[19.04127,11.5,1.54799]},"faces":{"north":{"uv":[1.5,11.125,1.5625,11.3125],"texture":"#0"},"east":{"uv":[1.625,11.125,1.6875,11.3125],"texture":"#0"},"south":{"uv":[1.75,11.125,1.8125,11.3125],"texture":"#0"},"west":{"uv":[2.25,11.125,2.3125,11.3125],"texture":"#0"},"up":{"uv":[2.8125,11.1875,2.75,11.125],"texture":"#0"},"down":{"uv":[2.9375,11.125,2.875,11.1875],"texture":"#0"}}},{"from":[18.2,-12,2],"to":[20.2,-7,4],"rotation":{"angle":-22.5,"axis":"y","origin":[19,-10.75,2.5]},"faces":{"north":{"uv":[6.25,4.25,6.5,4.875],"texture":"#0"},"east":{"uv":[6.25,4.25,6.5,4.875],"texture":"#0"},"south":{"uv":[6.25,4.25,6.5,4.875],"texture":"#0"},"west":{"uv":[6.25,4.25,6.5,4.875],"texture":"#0"},"up":{"uv":[10.875,5.5,10.625,5.25],"texture":"#0"},"down":{"uv":[6.375,10.625,6.125,10.875],"texture":"#0"}}},{"from":[17.7,-13,1.5],"to":[20.7,-12,4.5],"rotation":{"angle":-22.5,"axis":"y","origin":[19,-10.75,2.5]},"faces":{"north":{"uv":[3.375,10.75,3.75,10.875],"texture":"#0"},"east":{"uv":[3.375,10.75,3.75,10.875],"texture":"#0"},"south":{"uv":[3.375,10.75,3.75,10.875],"texture":"#0"},"west":{"uv":[3.375,10.75,3.75,10.875],"texture":"#0"},"up":{"uv":[10.25,4.25,9.875,3.875],"texture":"#0"},"down":{"uv":[10.375,5.125,10,5.5],"texture":"#0"}}},{"from":[17.7,-7,1.5],"to":[20.7,-6,4.5],"rotation":{"angle":-22.5,"axis":"y","origin":[19,26.75,2.5]},"faces":{"north":{"uv":[3.375,10.875,3.75,10.75],"texture":"#0"},"east":{"uv":[3.375,10.875,3.75,10.75],"texture":"#0"},"south":{"uv":[3.375,10.875,3.75,10.75],"texture":"#0"},"west":{"uv":[3.375,10.875,3.75,10.75],"texture":"#0"},"up":{"uv":[10.375,5.5,10,5.125],"texture":"#0"},"down":{"uv":[10.25,3.875,9.875,4.25],"texture":"#0"}}},{"from":[-4.2,-12,2],"to":[-2.2,-7,4],"rotation":{"angle":22.5,"axis":"y","origin":[-3,-10.75,2.5]},"faces":{"north":{"uv":[6.5,4.25,6.25,4.875],"texture":"#0"},"east":{"uv":[6.5,4.25,6.25,4.875],"texture":"#0"},"south":{"uv":[6.5,4.25,6.25,4.875],"texture":"#0"},"west":{"uv":[6.5,4.25,6.25,4.875],"texture":"#0"},"up":{"uv":[10.625,5.5,10.875,5.25],"texture":"#0"},"down":{"uv":[6.125,10.625,6.375,10.875],"texture":"#0"}}},{"from":[-4.7,-13,1.5],"to":[-1.7,-12,4.5],"rotation":{"angle":22.5,"axis":"y","origin":[-3,-10.75,2.5]},"faces":{"north":{"uv":[3.75,10.75,3.375,10.875],"texture":"#0"},"east":{"uv":[3.75,10.75,3.375,10.875],"texture":"#0"},"south":{"uv":[3.75,10.75,3.375,10.875],"texture":"#0"},"west":{"uv":[3.75,10.75,3.375,10.875],"texture":"#0"},"up":{"uv":[9.875,4.25,10.25,3.875],"texture":"#0"},"down":{"uv":[10,5.125,10.375,5.5],"texture":"#0"}}},{"from":[-4.7,-7,1.5],"to":[-1.7,-6,4.5],"rotation":{"angle":22.5,"axis":"y","origin":[-3,26.75,2.5]},"faces":{"north":{"uv":[3.75,10.875,3.375,10.75],"texture":"#0"},"east":{"uv":[3.75,10.875,3.375,10.75],"texture":"#0"},"south":{"uv":[3.75,10.875,3.375,10.75],"texture":"#0"},"west":{"uv":[3.75,10.875,3.375,10.75],"texture":"#0"},"up":{"uv":[10,5.5,10.375,5.125],"texture":"#0"},"down":{"uv":[9.875,3.875,10.25,4.25],"texture":"#0"}}},{"from":[-4.2,-12,12],"to":[-2.2,-7,14],"rotation":{"angle":-22.5,"axis":"y","origin":[-3,-10.75,13.5]},"faces":{"north":{"uv":[6.25,4.25,6.5,4.875],"texture":"#0"},"east":{"uv":[6.25,4.25,6.5,4.875],"texture":"#0"},"south":{"uv":[6.25,4.25,6.5,4.875],"texture":"#0"},"west":{"uv":[6.25,4.25,6.5,4.875],"texture":"#0"},"up":{"uv":[10.625,5.25,10.875,5.5],"texture":"#0"},"down":{"uv":[6.125,10.875,6.375,10.625],"texture":"#0"}}},{"from":[-4.7,-13,11.5],"to":[-1.7,-12,14.5],"rotation":{"angle":-22.5,"axis":"y","origin":[-3,-10.75,13.5]},"faces":{"north":{"uv":[3.375,10.75,3.75,10.875],"texture":"#0"},"east":{"uv":[3.375,10.75,3.75,10.875],"texture":"#0"},"south":{"uv":[3.375,10.75,3.75,10.875],"texture":"#0"},"west":{"uv":[3.375,10.75,3.75,10.875],"texture":"#0"},"up":{"uv":[9.875,3.875,10.25,4.25],"texture":"#0"},"down":{"uv":[10,5.5,10.375,5.125],"texture":"#0"}}},{"from":[-4.7,-7,11.5],"to":[-1.7,-6,14.5],"rotation":{"angle":-22.5,"axis":"y","origin":[-3,26.75,13.5]},"faces":{"north":{"uv":[3.375,10.875,3.75,10.75],"texture":"#0"},"east":{"uv":[3.375,10.875,3.75,10.75],"texture":"#0"},"south":{"uv":[3.375,10.875,3.75,10.75],"texture":"#0"},"west":{"uv":[3.375,10.875,3.75,10.75],"texture":"#0"},"up":{"uv":[10,5.125,10.375,5.5],"texture":"#0"},"down":{"uv":[9.875,4.25,10.25,3.875],"texture":"#0"}}},{"from":[18.2,-12,12],"to":[20.2,-7,14],"rotation":{"angle":22.5,"axis":"y","origin":[19,-10.75,13.5]},"faces":{"north":{"uv":[6.5,4.25,6.25,4.875],"texture":"#0"},"east":{"uv":[6.5,4.25,6.25,4.875],"texture":"#0"},"south":{"uv":[6.5,4.25,6.25,4.875],"texture":"#0"},"west":{"uv":[6.5,4.25,6.25,4.875],"texture":"#0"},"up":{"uv":[10.875,5.25,10.625,5.5],"texture":"#0"},"down":{"uv":[6.375,10.875,6.125,10.625],"texture":"#0"}}},{"from":[17.7,-13,11.5],"to":[20.7,-12,14.5],"rotation":{"angle":22.5,"axis":"y","origin":[19,-10.75,13.5]},"faces":{"north":{"uv":[3.75,10.75,3.375,10.875],"texture":"#0"},"east":{"uv":[3.75,10.75,3.375,10.875],"texture":"#0"},"south":{"uv":[3.75,10.75,3.375,10.875],"texture":"#0"},"west":{"uv":[3.75,10.75,3.375,10.875],"texture":"#0"},"up":{"uv":[10.25,3.875,9.875,4.25],"texture":"#0"},"down":{"uv":[10.375,5.5,10,5.125],"texture":"#0"}}},{"from":[17.7,-7,11.5],"to":[20.7,-6,14.5],"rotation":{"angle":22.5,"axis":"y","origin":[19,26.75,13.5]},"faces":{"north":{"uv":[3.75,10.875,3.375,10.75],"texture":"#0"},"east":{"uv":[3.75,10.875,3.375,10.75],"texture":"#0"},"south":{"uv":[3.75,10.875,3.375,10.75],"texture":"#0"},"west":{"uv":[3.75,10.875,3.375,10.75],"texture":"#0"},"up":{"uv":[10.375,5.125,10,5.5],"texture":"#0"},"down":{"uv":[10.25,4.25,9.875,3.875],"texture":"#0"}}},{"from":[18.2,-4,2],"to":[20.2,1,4],"rotation":{"angle":-22.5,"axis":"y","origin":[19,-2.75,2.5]},"faces":{"north":{"uv":[6.25,4.25,6.5,4.875],"texture":"#0"},"east":{"uv":[6.25,4.25,6.5,4.875],"texture":"#0"},"south":{"uv":[6.25,4.25,6.5,4.875],"texture":"#0"},"west":{"uv":[6.25,4.25,6.5,4.875],"texture":"#0"},"up":{"uv":[10.875,5.5,10.625,5.25],"texture":"#0"},"down":{"uv":[6.375,10.625,6.125,10.875],"texture":"#0"}}},{"from":[17.7,-5,1.5],"to":[20.7,-4,4.5],"rotation":{"angle":-22.5,"axis":"y","origin":[19,-2.75,2.5]},"faces":{"north":{"uv":[3.375,10.75,3.75,10.875],"texture":"#0"},"east":{"uv":[3.375,10.75,3.75,10.875],"texture":"#0"},"south":{"uv":[3.375,10.75,3.75,10.875],"texture":"#0"},"west":{"uv":[3.375,10.75,3.75,10.875],"texture":"#0"},"up":{"uv":[10.25,4.25,9.875,3.875],"texture":"#0"},"down":{"uv":[10.375,5.125,10,5.5],"texture":"#0"}}},{"from":[17.7,1,1.5],"to":[20.7,2,4.5],"rotation":{"angle":-22.5,"axis":"y","origin":[19,34.75,2.5]},"faces":{"north":{"uv":[3.375,10.875,3.75,10.75],"texture":"#0"},"east":{"uv":[3.375,10.875,3.75,10.75],"texture":"#0"},"south":{"uv":[3.375,10.875,3.75,10.75],"texture":"#0"},"west":{"uv":[3.375,10.875,3.75,10.75],"texture":"#0"},"up":{"uv":[10.375,5.5,10,5.125],"texture":"#0"},"down":{"uv":[10.25,3.875,9.875,4.25],"texture":"#0"}}},{"from":[-4.2,-4,2],"to":[-2.2,1,4],"rotation":{"angle":22.5,"axis":"y","origin":[-3,-2.75,2.5]},"faces":{"north":{"uv":[6.5,4.25,6.25,4.875],"texture":"#0"},"east":{"uv":[6.5,4.25,6.25,4.875],"texture":"#0"},"south":{"uv":[6.5,4.25,6.25,4.875],"texture":"#0"},"west":{"uv":[6.5,4.25,6.25,4.875],"texture":"#0"},"up":{"uv":[10.625,5.5,10.875,5.25],"texture":"#0"},"down":{"uv":[6.125,10.625,6.375,10.875],"texture":"#0"}}},{"from":[-4.7,-5,1.5],"to":[-1.7,-4,4.5],"rotation":{"angle":22.5,"axis":"y","origin":[-3,-2.75,2.5]},"faces":{"north":{"uv":[3.75,10.75,3.375,10.875],"texture":"#0"},"east":{"uv":[3.75,10.75,3.375,10.875],"texture":"#0"},"south":{"uv":[3.75,10.75,3.375,10.875],"texture":"#0"},"west":{"uv":[3.75,10.75,3.375,10.875],"texture":"#0"},"up":{"uv":[9.875,4.25,10.25,3.875],"texture":"#0"},"down":{"uv":[10,5.125,10.375,5.5],"texture":"#0"}}},{"from":[-4.7,1,1.5],"to":[-1.7,2,4.5],"rotation":{"angle":22.5,"axis":"y","origin":[-3,34.75,2.5]},"faces":{"north":{"uv":[3.75,10.875,3.375,10.75],"texture":"#0"},"east":{"uv":[3.75,10.875,3.375,10.75],"texture":"#0"},"south":{"uv":[3.75,10.875,3.375,10.75],"texture":"#0"},"west":{"uv":[3.75,10.875,3.375,10.75],"texture":"#0"},"up":{"uv":[10,5.5,10.375,5.125],"texture":"#0"},"down":{"uv":[9.875,3.875,10.25,4.25],"texture":"#0"}}},{"from":[-4.2,-4,12],"to":[-2.2,1,14],"rotation":{"angle":-22.5,"axis":"y","origin":[-3,-2.75,13.5]},"faces":{"north":{"uv":[6.25,4.25,6.5,4.875],"texture":"#0"},"east":{"uv":[6.25,4.25,6.5,4.875],"texture":"#0"},"south":{"uv":[6.25,4.25,6.5,4.875],"texture":"#0"},"west":{"uv":[6.25,4.25,6.5,4.875],"texture":"#0"},"up":{"uv":[10.625,5.25,10.875,5.5],"texture":"#0"},"down":{"uv":[6.125,10.875,6.375,10.625],"texture":"#0"}}},{"from":[-4.7,-5,11.5],"to":[-1.7,-4,14.5],"rotation":{"angle":-22.5,"axis":"y","origin":[-3,-2.75,13.5]},"faces":{"north":{"uv":[3.375,10.75,3.75,10.875],"texture":"#0"},"east":{"uv":[3.375,10.75,3.75,10.875],"texture":"#0"},"south":{"uv":[3.375,10.75,3.75,10.875],"texture":"#0"},"west":{"uv":[3.375,10.75,3.75,10.875],"texture":"#0"},"up":{"uv":[9.875,3.875,10.25,4.25],"texture":"#0"},"down":{"uv":[10,5.5,10.375,5.125],"texture":"#0"}}},{"from":[-4.7,1,11.5],"to":[-1.7,2,14.5],"rotation":{"angle":-22.5,"axis":"y","origin":[-3,34.75,13.5]},"faces":{"north":{"uv":[3.375,10.875,3.75,10.75],"texture":"#0"},"east":{"uv":[3.375,10.875,3.75,10.75],"texture":"#0"},"south":{"uv":[3.375,10.875,3.75,10.75],"texture":"#0"},"west":{"uv":[3.375,10.875,3.75,10.75],"texture":"#0"},"up":{"uv":[10,5.125,10.375,5.5],"texture":"#0"},"down":{"uv":[9.875,4.25,10.25,3.875],"texture":"#0"}}},{"from":[18.2,-4,12],"to":[20.2,1,14],"rotation":{"angle":22.5,"axis":"y","origin":[19,-2.75,13.5]},"faces":{"north":{"uv":[6.5,4.25,6.25,4.875],"texture":"#0"},"east":{"uv":[6.5,4.25,6.25,4.875],"texture":"#0"},"south":{"uv":[6.5,4.25,6.25,4.875],"texture":"#0"},"west":{"uv":[6.5,4.25,6.25,4.875],"texture":"#0"},"up":{"uv":[10.875,5.25,10.625,5.5],"texture":"#0"},"down":{"uv":[6.375,10.875,6.125,10.625],"texture":"#0"}}},{"from":[17.7,-5,11.5],"to":[20.7,-4,14.5],"rotation":{"angle":22.5,"axis":"y","origin":[19,-2.75,13.5]},"faces":{"north":{"uv":[3.75,10.75,3.375,10.875],"texture":"#0"},"east":{"uv":[3.75,10.75,3.375,10.875],"texture":"#0"},"south":{"uv":[3.75,10.75,3.375,10.875],"texture":"#0"},"west":{"uv":[3.75,10.75,3.375,10.875],"texture":"#0"},"up":{"uv":[10.25,3.875,9.875,4.25],"texture":"#0"},"down":{"uv":[10.375,5.5,10,5.125],"texture":"#0"}}},{"from":[17.7,1,11.5],"to":[20.7,2,14.5],"rotation":{"angle":22.5,"axis":"y","origin":[19,34.75,13.5]},"faces":{"north":{"uv":[3.75,10.875,3.375,10.75],"texture":"#0"},"east":{"uv":[3.75,10.875,3.375,10.75],"texture":"#0"},"south":{"uv":[3.75,10.875,3.375,10.75],"texture":"#0"},"west":{"uv":[3.75,10.875,3.375,10.75],"texture":"#0"},"up":{"uv":[10.375,5.125,10,5.5],"texture":"#0"},"down":{"uv":[10.25,4.25,9.875,3.875],"texture":"#0"}}},{"from":[19,-13.01,4],"to":[20,-12.01,12],"rotation":{"angle":0,"axis":"y","origin":[8,-15.03033,8]},"faces":{"north":{"uv":[0.25,11.125,0.125,11.25],"texture":"#0"},"east":{"uv":[10.75,5.875,9.75,6],"texture":"#0"},"south":{"uv":[0.375,11.125,0.25,11.25],"texture":"#0"},"west":{"uv":[10.375,3.25,9.375,3.375],"texture":"#0"},"up":{"uv":[4.875,11.375,5,10.375],"texture":"#0"},"down":{"uv":[0.75,10.5,0.875,11.5],"texture":"#0"}}},{"from":[-5,-6.5,1],"to":[21,-4.5,15],"rotation":{"angle":0,"axis":"y","origin":[8,-15.03033,8]},"faces":{"north":{"uv":[8.875,6,12.125,6.25],"texture":"#0"},"east":{"uv":[8.875,7.5,10.625,7.75],"texture":"#0"},"south":{"uv":[8.875,6,12.125,6.25],"texture":"#0"},"west":{"uv":[8.875,7.5,10.625,7.75],"texture":"#0"},"up":{"uv":[6.25,1.75,3,0],"texture":"#0"},"down":{"uv":[6.25,1.75,3,0],"texture":"#0"}}},{"from":[-5,15,1],"to":[21,16,15],"rotation":{"angle":0,"axis":"y","origin":[8,-15.03033,8]},"faces":{"north":{"uv":[3.25,5.25,6.5,5.375],"texture":"#0"},"east":{"uv":[0,0.125,1.75,0.25],"texture":"#0"},"south":{"uv":[3.25,5.25,6.5,5.375],"texture":"#0"},"west":{"uv":[0,0.125,1.75,0.25],"texture":"#0"},"up":{"uv":[6.25,5.25,3,3.5],"texture":"#0"},"down":{"uv":[6.25,5.25,3,3.5],"texture":"#0"}}},{"from":[-3,9.5,4],"to":[19,10,12],"rotation":{"angle":0,"axis":"y","origin":[8,-15.03033,8]},"faces":{"north":{"uv":[0,1.875,2.75,1.9375],"texture":"#0"},"east":{"uv":[1.75,0.125,2.75,0.25],"texture":"#0"},"south":{"uv":[0,2,2.75,2.125],"texture":"#0"},"west":{"uv":[0,2.125,1,2.25],"texture":"#0"},"up":{"uv":[5.5,6.375,2.75,5.375],"texture":"#0"},"down":{"uv":[8.25,5.375,5.5,6.375],"texture":"#0"}}},{"from":[-3,5,4],"to":[19,5.5,12],"rotation":{"angle":0,"axis":"y","origin":[8,-15.03033,8]},"faces":{"north":{"uv":[0,1.875,2.75,1.9375],"texture":"#0"},"east":{"uv":[1.75,0.125,2.75,0.25],"texture":"#0"},"south":{"uv":[0,2,2.75,2.125],"texture":"#0"},"west":{"uv":[0,2.125,1,2.25],"texture":"#0"},"up":{"uv":[5.5,6.375,2.75,5.375],"texture":"#0"},"down":{"uv":[8.25,5.375,5.5,6.375],"texture":"#0"}}},{"from":[-3,0.5,4],"to":[19,1,12],"rotation":{"angle":0,"axis":"y","origin":[8,-15.03033,8]},"faces":{"north":{"uv":[0,1.875,2.75,1.9375],"texture":"#0"},"east":{"uv":[1.75,0.125,2.75,0.25],"texture":"#0"},"south":{"uv":[0,2,2.75,2.125],"texture":"#0"},"west":{"uv":[0,2.125,1,2.25],"texture":"#0"},"up":{"uv":[5.5,6.375,2.75,5.375],"texture":"#0"},"down":{"uv":[8.25,5.375,5.5,6.375],"texture":"#0"}}},{"from":[-3,-13,3],"to":[19,-6,13],"rotation":{"angle":0,"axis":"y","origin":[8,-15.03033,8]},"faces":{"north":{"uv":[2.25,7,5,7.875],"texture":"#0"},"east":{"uv":[3.125,7.875,4.375,8.75],"texture":"#0"},"south":{"uv":[2.25,7,5,7.875],"texture":"#0"},"west":{"uv":[3.125,7.875,4.375,8.75],"texture":"#0"},"up":{"uv":[9,3,6.25,1.75],"texture":"#0"},"down":{"uv":[9,3,6.25,4.25],"texture":"#0"}}},{"from":[-3.95873,13.5,1.54799],"to":[20.04127,15,3.04799],"rotation":{"angle":0,"axis":"y","origin":[19.04127,7,2.92299]},"faces":{"north":{"uv":[9.125,6.0625,12.125,6.25],"texture":"#0"},"east":{"uv":[11,2.25,11.1875,2.4375],"texture":"#0"},"south":{"uv":[8.875,6.5,11.875,6.6875],"texture":"#0"},"west":{"uv":[11.1875,2.25,11,2.4375],"texture":"#0"},"up":{"uv":[11.875,6.9375,8.875,6.75],"texture":"#0"},"down":{"uv":[6.125,0.1875,3.125,0],"texture":"#0"}}},{"from":[-3.95873,13.5,12.95201],"to":[20.04127,15,14.45201],"rotation":{"angle":0,"axis":"y","origin":[19.04127,7,13.07701]},"faces":{"north":{"uv":[11.875,6.5,8.875,6.6875],"texture":"#0"},"east":{"uv":[11.1875,2.25,11,2.4375],"texture":"#0"},"south":{"uv":[12.125,6.0625,9.125,6.25],"texture":"#0"},"west":{"uv":[11,2.25,11.1875,2.4375],"texture":"#0"},"up":{"uv":[11.875,6.75,8.875,6.9375],"texture":"#0"},"down":{"uv":[6.125,0,3.125,0.1875],"texture":"#0"}}},{"from":[-4,-5,12],"to":[20,15,13],"rotation":{"angle":0,"axis":"y","origin":[8,5,12.5]},"faces":{"north":{"uv":[0,2.5,3,5],"texture":"#0"},"east":{"uv":[4.125,8.75,4.25,11.25],"texture":"#0"},"south":{"uv":[0,2.5,3,5],"texture":"#0"},"west":{"uv":[4.25,8.75,4.375,11.25],"texture":"#0"},"up":{"uv":[11.875,8.375,8.875,8.25],"texture":"#0"},"down":{"uv":[11.875,8.375,8.875,8.5],"texture":"#0"}}},{"from":[16,-5,3],"to":[19,15,4],"rotation":{"angle":0,"axis":"y","origin":[8,-15.03033,8]},"faces":{"north":{"uv":[8.875,6,8.5,8.5],"texture":"#0"},"east":{"uv":[8,8.875,7.875,11.375],"texture":"#0"},"south":{"uv":[8.875,8.5,8.5,11],"texture":"#0"},"west":{"uv":[7.875,8.875,7.75,11.375],"texture":"#0"},"up":{"uv":[1.5,11.125,1.875,11],"texture":"#0"},"down":{"uv":[2.25,11,2.625,11.125],"texture":"#0"}}},{"from":[9,11.5,3],"to":[16,13.5,4],"rotation":{"angle":0,"axis":"y","origin":[8,-15.03033,8]},"faces":{"north":{"uv":[0.875,9.5,0,9.75],"texture":"#0"},"east":{"uv":[8.375,11,8.25,11.25],"texture":"#0"},"south":{"uv":[10.375,0,9.5,0.25],"texture":"#0"},"west":{"uv":[4.75,11,4.625,11.25],"texture":"#0"},"up":{"uv":[10.5,9.5,11.375,9.375],"texture":"#0"},"down":{"uv":[10.5,9.5,11.375,9.625],"texture":"#0"}}},{"from":[7,-5,3],"to":[9,15,4],"rotation":{"angle":0,"axis":"y","origin":[8,-15.03033,8]},"faces":{"north":{"uv":[6.25,7,6.5,9.5],"texture":"#0"},"east":{"uv":[5.5,8.875,5.625,11.375],"texture":"#0"},"south":{"uv":[4.75,7.875,5,10.375],"texture":"#0"},"west":{"uv":[5.625,8.875,5.5,11.375],"texture":"#0"},"up":{"uv":[9.75,11.125,9.5,11],"texture":"#0"},"down":{"uv":[10,11,9.75,11.125],"texture":"#0"}}},{"from":[0,11.5,3],"to":[7,13.5,4],"rotation":{"angle":0,"axis":"y","origin":[8,-15.03033,8]},"faces":{"north":{"uv":[0,9.5,0.875,9.75],"texture":"#0"},"east":{"uv":[4.625,11,4.75,11.25],"texture":"#0"},"south":{"uv":[9.5,0,10.375,0.25],"texture":"#0"},"west":{"uv":[8.25,11,8.375,11.25],"texture":"#0"},"up":{"uv":[11.375,9.5,10.5,9.375],"texture":"#0"},"down":{"uv":[11.375,9.5,10.5,9.625],"texture":"#0"}}},{"from":[-3,-5,3],"to":[0,15,4],"rotation":{"angle":0,"axis":"y","origin":[8,-15.03033,8]},"faces":{"north":{"uv":[8.5,6,8.875,8.5],"texture":"#0"},"east":{"uv":[7.75,8.875,7.875,11.375],"texture":"#0"},"south":{"uv":[8.5,8.5,8.875,11],"texture":"#0"},"west":{"uv":[7.875,8.875,8,11.375],"texture":"#0"},"up":{"uv":[1.875,11.125,1.5,11],"texture":"#0"},"down":{"uv":[2.625,11,2.25,11.125],"texture":"#0"}}},{"from":[0,-5,3],"to":[7,-3,4],"rotation":{"angle":0,"axis":"y","origin":[8,-15.03033,8]},"faces":{"north":{"uv":[9.375,2.75,10.25,3],"texture":"#0"},"east":{"uv":[6.875,10.625,7,10.875],"texture":"#0"},"south":{"uv":[9.375,3,10.25,3.25],"texture":"#0"},"west":{"uv":[9.875,10.625,10,10.875],"texture":"#0"},"up":{"uv":[11.375,9.25,10.5,9.125],"texture":"#0"},"down":{"uv":[11.375,9.25,10.5,9.375],"texture":"#0"}}},{"from":[9,-5,3],"to":[16,-3,4],"rotation":{"angle":0,"axis":"y","origin":[8,-15.03033,8]},"faces":{"north":{"uv":[10.25,2.75,9.375,3],"texture":"#0"},"east":{"uv":[10,10.625,9.875,10.875],"texture":"#0"},"south":{"uv":[10.25,3,9.375,3.25],"texture":"#0"},"west":{"uv":[7,10.625,6.875,10.875],"texture":"#0"},"up":{"uv":[10.5,9.25,11.375,9.125],"texture":"#0"},"down":{"uv":[10.5,9.25,11.375,9.375],"texture":"#0"}}},{"from":[9,-3,3.25],"to":[16,11.5,3.75],"rotation":{"angle":0,"axis":"y","origin":[12.5,4.25,3.5]},"faces":{"north":{"uv":[8.5,7,7.625,8.8125],"texture":"#0"},"east":{"uv":[6.0625,10.5,6,12.3125],"texture":"#0"},"south":{"uv":[8.5,7,7.625,8.8125],"texture":"#0"},"west":{"uv":[5.9375,10.5,5.875,12.3125],"texture":"#0"},"up":{"uv":[10.625,4.1875,11.5,4.125],"texture":"#0"},"down":{"uv":[10.75,3.375,11.625,3.4375],"texture":"#0"}}},{"from":[0,-3,3.25],"to":[7,11.5,3.75],"rotation":{"angle":0,"axis":"y","origin":[3.5,4.25,3.5]},"faces":{"north":{"uv":[7.625,7,8.5,8.8125],"texture":"#0"},"east":{"uv":[5.875,10.5,5.9375,12.3125],"texture":"#0"},"south":{"uv":[7.625,7,8.5,8.8125],"texture":"#0"},"west":{"uv":[6,10.5,6.0625,12.3125],"texture":"#0"},"up":{"uv":[11.5,4.1875,10.625,4.125],"texture":"#0"},"down":{"uv":[11.625,3.375,10.75,3.4375],"texture":"#0"}}},{"from":[-4,-5,3],"to":[-3,15,12],"rotation":{"angle":0,"axis":"y","origin":[-3.5,5,7.5]},"faces":{"north":{"uv":[5,8.875,5.125,11.375],"texture":"#0"},"east":{"uv":[0,7,1.125,9.5],"texture":"#0"},"south":{"uv":[5.125,8.875,5.25,11.375],"texture":"#0"},"west":{"uv":[0,7,1.125,9.5],"texture":"#0"},"up":{"uv":[3.125,10.875,3,9.75],"texture":"#0"},"down":{"uv":[8.5,10.125,8.375,11.25],"texture":"#0"}}},{"from":[19,-5,3],"to":[20,15,12],"rotation":{"angle":0,"axis":"y","origin":[19.5,5,7.5]},"faces":{"north":{"uv":[5.25,8.875,5.375,11.375],"texture":"#0"},"east":{"uv":[0,7,1.125,9.5],"texture":"#0"},"south":{"uv":[5.375,8.875,5.5,11.375],"texture":"#0"},"west":{"uv":[0,7,1.125,9.5],"texture":"#0"},"up":{"uv":[10.125,11.375,10,10.25],"texture":"#0"},"down":{"uv":[4.875,10.375,4.75,11.5],"texture":"#0"}}},{"from":[-2,-13.01,2],"to":[18,-12.01,3],"rotation":{"angle":0,"axis":"y","origin":[8,-15.03033,8]},"faces":{"north":{"uv":[9,1.75,11.5,1.875],"texture":"#0"},"east":{"uv":[10.5,10.375,10.625,10.5],"texture":"#0"},"south":{"uv":[9,1.875,11.5,2],"texture":"#0"},"west":{"uv":[0,11.125,0.125,11.25],"texture":"#0"},"up":{"uv":[11.5,2.125,9,2],"texture":"#0"},"down":{"uv":[11.5,2.125,9,2.25],"texture":"#0"}}},{"from":[-2,-13.01,13],"to":[18,-12.01,14],"rotation":{"angle":0,"axis":"y","origin":[8,-15.03033,8]},"faces":{"north":{"uv":[11.5,1.875,9,2],"texture":"#0"},"east":{"uv":[10.625,10.375,10.5,10.5],"texture":"#0"},"south":{"uv":[11.5,1.75,9,1.875],"texture":"#0"},"west":{"uv":[0.125,11.125,0,11.25],"texture":"#0"},"up":{"uv":[11.5,2,9,2.125],"texture":"#0"},"down":{"uv":[11.5,2.25,9,2.125],"texture":"#0"}}},{"from":[-4,-13.01,4],"to":[-3,-12.01,12],"rotation":{"angle":0,"axis":"y","origin":[8,-15.03033,8]},"faces":{"north":{"uv":[0.125,11.125,0.25,11.25],"texture":"#0"},"east":{"uv":[9.375,3.25,10.375,3.375],"texture":"#0"},"south":{"uv":[0.25,11.125,0.375,11.25],"texture":"#0"},"west":{"uv":[9.75,5.875,10.75,6],"texture":"#0"},"up":{"uv":[5,11.375,4.875,10.375],"texture":"#0"},"down":{"uv":[0.875,10.5,0.75,11.5],"texture":"#0"}}},{"from":[18,-16,0],"to":[20,-15,16],"rotation":{"angle":0,"axis":"y","origin":[5,-15.03033,8]},"faces":{"north":{"uv":[9.75,5.75,10,5.875],"texture":"#0"},"east":{"uv":[9,2.25,11,2.375],"texture":"#0"},"south":{"uv":[9.625,10.125,9.875,10.25],"texture":"#0"},"west":{"uv":[9,2.25,11,2.375],"texture":"#0"},"up":{"uv":[3.375,10.75,3.125,8.75],"texture":"#0"},"down":{"uv":[3.625,8.75,3.375,10.75],"texture":"#0"}}},{"from":[18,-10.35203,0.36459],"to":[20,-9.35203,2.36459],"rotation":{"angle":-45,"axis":"x","origin":[5,-15.03033,8]},"faces":{"north":{"uv":[10.375,10.75,10.625,10.875],"texture":"#0"},"east":{"uv":[2.75,11,3,11.125],"texture":"#0"},"south":{"uv":[3.125,11,3.375,11.125],"texture":"#0"},"west":{"uv":[3.375,11,3.625,11.125],"texture":"#0"},"up":{"uv":[10.625,10.75,10.375,10.5],"texture":"#0"},"down":{"uv":[10.875,0.625,10.625,0.875],"texture":"#0"}}},{"from":[18,-10.35203,13.63541],"to":[20,-9.35203,15.63541],"rotation":{"angle":45,"axis":"x","origin":[5,-15.03033,8]},"faces":{"north":{"uv":[3.625,11,3.875,11.125],"texture":"#0"},"east":{"uv":[3.875,11,4.125,11.125],"texture":"#0"},"south":{"uv":[4.375,11,4.625,11.125],"texture":"#0"},"west":{"uv":[6.125,11,6.375,11.125],"texture":"#0"},"up":{"uv":[10.875,1.125,10.625,0.875],"texture":"#0"},"down":{"uv":[10.875,1.125,10.625,1.375],"texture":"#0"}}},{"from":[-4,-10.35203,0.36459],"to":[-2,-9.35203,2.36459],"rotation":{"angle":-45,"axis":"x","origin":[11,-15.03033,8]},"faces":{"north":{"uv":[10.625,10.75,10.375,10.875],"texture":"#0"},"east":{"uv":[3.625,11,3.375,11.125],"texture":"#0"},"south":{"uv":[3.375,11,3.125,11.125],"texture":"#0"},"west":{"uv":[3,11,2.75,11.125],"texture":"#0"},"up":{"uv":[10.375,10.75,10.625,10.5],"texture":"#0"},"down":{"uv":[10.625,0.625,10.875,0.875],"texture":"#0"}}},{"from":[-4,-16,0],"to":[-2,-15,16],"rotation":{"angle":0,"axis":"y","origin":[11,-15.03033,8]},"faces":{"north":{"uv":[10,5.75,9.75,5.875],"texture":"#0"},"east":{"uv":[11,2.25,9,2.375],"texture":"#0"},"south":{"uv":[9.875,10.125,9.625,10.25],"texture":"#0"},"west":{"uv":[11,2.25,9,2.375],"texture":"#0"},"up":{"uv":[3.125,10.75,3.375,8.75],"texture":"#0"},"down":{"uv":[3.375,8.75,3.625,10.75],"texture":"#0"}}},{"from":[-4,-10.35203,13.63541],"to":[-2,-9.35203,15.63541],"rotation":{"angle":45,"axis":"x","origin":[11,-15.03033,8]},"faces":{"north":{"uv":[3.875,11,3.625,11.125],"texture":"#0"},"east":{"uv":[6.375,11,6.125,11.125],"texture":"#0"},"south":{"uv":[4.625,11,4.375,11.125],"texture":"#0"},"west":{"uv":[4.125,11,3.875,11.125],"texture":"#0"},"up":{"uv":[10.625,1.125,10.875,0.875],"texture":"#0"},"down":{"uv":[10.625,1.125,10.875,1.375],"texture":"#0"}}},{"from":[-5,-15,1],"to":[21,-13,15],"rotation":{"angle":0,"axis":"y","origin":[8,-15.03033,8]},"faces":{"north":{"uv":[8.875,6,12.125,6.25],"texture":"#0"},"east":{"uv":[8.875,7.5,10.625,7.75],"texture":"#0"},"south":{"uv":[8.875,6,12.125,6.25],"texture":"#0"},"west":{"uv":[8.875,7.5,10.625,7.75],"texture":"#0"},"up":{"uv":[6.25,1.75,3,0],"texture":"#0"},"down":{"uv":[6.25,1.75,3,3.5],"texture":"#0"}}},{"from":[-4.04127,2,2.04799],"to":[-2.04127,6,4.04799],"rotation":{"angle":0,"axis":"y","origin":[-3.04127,7,2.92299]},"faces":{"north":{"uv":[10.625,5,10.375,5.5],"texture":"#0"},"east":{"uv":[1.625,10.5,1.375,11],"texture":"#0"},"south":{"uv":[10.625,5,10.375,5.5],"texture":"#0"},"west":{"uv":[1.375,10.5,1.625,11],"texture":"#0"},"up":{"uv":[2.75,11,3,10.75],"texture":"#0"},"down":{"uv":[3.125,10.75,3.375,11],"texture":"#0"}}},{"from":[-4.54127,6,1.54799],"to":[-1.54127,11,4.04799],"rotation":{"angle":0,"axis":"y","origin":[-3.04127,7,2.92299]},"faces":{"north":{"uv":[8.375,8.875,8,9.5],"texture":"#0"},"east":{"uv":[8.3125,8.875,8,9.5],"texture":"#0"},"south":{"uv":[8.375,8.875,8,9.5],"texture":"#0"},"west":{"uv":[8.375,8.875,8,9.5],"texture":"#0"},"up":{"uv":[10.375,5.8125,10.75,5.5],"texture":"#0"},"down":{"uv":[10.375,5.8125,10.75,5.5],"texture":"#0"}}},{"from":[-3.29127,5,1.04799],"to":[-2.79127,10,1.54799],"rotation":{"angle":0,"axis":"y","origin":[-3.04127,7,2.92299]},"faces":{"north":{"uv":[8.4375,8.875,8.375,9.5],"texture":"#0"},"east":{"uv":[8.4375,8.875,8.375,9.5],"texture":"#0"},"south":{"uv":[1.9375,11,1.875,11.625],"texture":"#0"},"west":{"uv":[8.4375,8.875,8.375,9.5],"texture":"#0"},"up":{"uv":[2.375,11.1875,2.4375,11.125],"texture":"#0"},"down":{"uv":[2.5,11.125,2.5625,11.1875],"texture":"#0"}}},{"from":[-4.54127,7,1.54799],"to":[-1.54127,8,3.04799],"rotation":{"angle":22.5,"axis":"x","origin":[-3.04127,10,2.54799]},"faces":{"north":{"uv":[0.75,11,0.375,11.125],"texture":"#0"},"east":{"uv":[11.0625,11,10.875,11.125],"texture":"#0"},"south":{"uv":[11.375,0.375,11,0.5],"texture":"#0"},"west":{"uv":[10.8125,11,10.625,11.125],"texture":"#0"},"up":{"uv":[9.5,1.6875,9.875,1.5],"texture":"#0"},"down":{"uv":[9.875,1.5,10.25,1.6875],"texture":"#0"}}},{"from":[-1.54127,7,1.54799],"to":[-1.04127,10,3.04799],"rotation":{"angle":22.5,"axis":"x","origin":[-3.04127,10,2.54799]},"faces":{"north":{"uv":[10.1875,11,10.125,11.375],"texture":"#0"},"east":{"uv":[10.5,10,10.6875,10.375],"texture":"#0"},"south":{"uv":[10.3125,11,10.25,11.375],"texture":"#0"},"west":{"uv":[9.5625,10.5,9.375,10.875],"texture":"#0"},"up":{"uv":[0.625,11.3125,0.6875,11.125],"texture":"#0"},"down":{"uv":[1.125,11.125,1.1875,11.3125],"texture":"#0"}}},{"from":[-5.04127,7,1.54799],"to":[-4.54127,10,3.04799],"rotation":{"angle":22.5,"axis":"x","origin":[-3.04127,10,2.54799]},"faces":{"north":{"uv":[10.4375,11,10.375,11.375],"texture":"#0"},"east":{"uv":[10.3125,10.5,10.125,10.875],"texture":"#0"},"south":{"uv":[10.5625,11,10.5,11.375],"texture":"#0"},"west":{"uv":[10.6875,10,10.5,10.375],"texture":"#0"},"up":{"uv":[1.25,11.3125,1.3125,11.125],"texture":"#0"},"down":{"uv":[1.375,11.125,1.4375,11.3125],"texture":"#0"}}},{"from":[-4.04127,11,1.54799],"to":[-2.04127,13.5,4.04799],"rotation":{"angle":0,"axis":"y","origin":[-3.04127,7,2.92299]},"faces":{"north":{"uv":[6.5,4.875,6.25,5.1875],"texture":"#0"},"east":{"uv":[8.3125,10.5,8,10.8125],"texture":"#0"},"south":{"uv":[7.625,10.5,7.375,10.8125],"texture":"#0"},"west":{"uv":[8,10.5,8.3125,10.8125],"texture":"#0"},"up":{"uv":[8.875,10.8125,9.125,10.5],"texture":"#0"},"down":{"uv":[9.125,10.5,9.375,10.8125],"texture":"#0"}}},{"from":[-3.29127,11.5,1.04799],"to":[-2.79127,13,1.54799],"rotation":{"angle":22.5,"axis":"x","origin":[-3.04127,11.5,1.54799]},"faces":{"north":{"uv":[1.5625,11.125,1.5,11.3125],"texture":"#0"},"east":{"uv":[2.3125,11.125,2.25,11.3125],"texture":"#0"},"south":{"uv":[1.8125,11.125,1.75,11.3125],"texture":"#0"},"west":{"uv":[1.6875,11.125,1.625,11.3125],"texture":"#0"},"up":{"uv":[2.75,11.1875,2.8125,11.125],"texture":"#0"},"down":{"uv":[2.875,11.125,2.9375,11.1875],"texture":"#0"}}},{"from":[-4.04127,2,11.95201],"to":[-2.04127,6,13.95201],"rotation":{"angle":0,"axis":"y","origin":[-3.04127,7,13.07701]},"faces":{"north":{"uv":[10.375,5,10.625,5.5],"texture":"#0"},"east":{"uv":[1.375,10.5,1.625,11],"texture":"#0"},"south":{"uv":[10.375,5,10.625,5.5],"texture":"#0"},"west":{"uv":[1.625,10.5,1.375,11],"texture":"#0"},"up":{"uv":[2.75,10.75,3,11],"texture":"#0"},"down":{"uv":[3.125,11,3.375,10.75],"texture":"#0"}}},{"from":[-4.54127,6,11.95201],"to":[-1.54127,11,14.45201],"rotation":{"angle":0,"axis":"y","origin":[-3.04127,7,13.07701]},"faces":{"north":{"uv":[8,8.875,8.375,9.5],"texture":"#0"},"east":{"uv":[8,8.875,8.3125,9.5],"texture":"#0"},"south":{"uv":[8,8.875,8.375,9.5],"texture":"#0"},"west":{"uv":[8,8.875,8.375,9.5],"texture":"#0"},"up":{"uv":[10.375,5.5,10.75,5.8125],"texture":"#0"},"down":{"uv":[10.375,5.5,10.75,5.8125],"texture":"#0"}}},{"from":[-3.29127,5,14.45201],"to":[-2.79127,10,14.95201],"rotation":{"angle":0,"axis":"y","origin":[-3.04127,7,13.07701]},"faces":{"north":{"uv":[1.875,11,1.9375,11.625],"texture":"#0"},"east":{"uv":[8.375,8.875,8.4375,9.5],"texture":"#0"},"south":{"uv":[8.375,8.875,8.4375,9.5],"texture":"#0"},"west":{"uv":[8.375,8.875,8.4375,9.5],"texture":"#0"},"up":{"uv":[2.375,11.125,2.4375,11.1875],"texture":"#0"},"down":{"uv":[2.5,11.1875,2.5625,11.125],"texture":"#0"}}},{"from":[-4.54127,7,12.95201],"to":[-1.54127,8,14.45201],"rotation":{"angle":-22.5,"axis":"x","origin":[-3.04127,10,13.45201]},"faces":{"north":{"uv":[11,0.375,11.375,0.5],"texture":"#0"},"east":{"uv":[10.875,11,11.0625,11.125],"texture":"#0"},"south":{"uv":[0.375,11,0.75,11.125],"texture":"#0"},"west":{"uv":[10.625,11,10.8125,11.125],"texture":"#0"},"up":{"uv":[9.5,1.5,9.875,1.6875],"texture":"#0"},"down":{"uv":[9.875,1.6875,10.25,1.5],"texture":"#0"}}},{"from":[-1.54127,7,12.95201],"to":[-1.04127,10,14.45201],"rotation":{"angle":-22.5,"axis":"x","origin":[-3.04127,10,13.45201]},"faces":{"north":{"uv":[10.25,11,10.3125,11.375],"texture":"#0"},"east":{"uv":[10.6875,10,10.5,10.375],"texture":"#0"},"south":{"uv":[10.125,11,10.1875,11.375],"texture":"#0"},"west":{"uv":[9.375,10.5,9.5625,10.875],"texture":"#0"},"up":{"uv":[0.625,11.125,0.6875,11.3125],"texture":"#0"},"down":{"uv":[1.125,11.3125,1.1875,11.125],"texture":"#0"}}},{"from":[-5.04127,7,12.95201],"to":[-4.54127,10,14.45201],"rotation":{"angle":-22.5,"axis":"x","origin":[-3.04127,10,13.45201]},"faces":{"north":{"uv":[10.5,11,10.5625,11.375],"texture":"#0"},"east":{"uv":[10.125,10.5,10.3125,10.875],"texture":"#0"},"south":{"uv":[10.375,11,10.4375,11.375],"texture":"#0"},"west":{"uv":[10.5,10,10.6875,10.375],"texture":"#0"},"up":{"uv":[1.25,11.125,1.3125,11.3125],"texture":"#0"},"down":{"uv":[1.375,11.3125,1.4375,11.125],"texture":"#0"}}},{"from":[-4.04127,11,11.95201],"to":[-2.04127,13.5,14.45201],"rotation":{"angle":0,"axis":"y","origin":[-3.04127,7,13.07701]},"faces":{"north":{"uv":[7.375,10.5,7.625,10.8125],"texture":"#0"},"east":{"uv":[8,10.5,8.3125,10.8125],"texture":"#0"},"south":{"uv":[6.25,4.875,6.5,5.1875],"texture":"#0"},"west":{"uv":[8.3125,10.5,8,10.8125],"texture":"#0"},"up":{"uv":[8.875,10.5,9.125,10.8125],"texture":"#0"},"down":{"uv":[9.125,10.8125,9.375,10.5],"texture":"#0"}}},{"from":[-3.29127,11.5,14.45201],"to":[-2.79127,13,14.95201],"rotation":{"angle":-22.5,"axis":"x","origin":[-3.04127,11.5,14.45201]},"faces":{"north":{"uv":[1.75,11.125,1.8125,11.3125],"texture":"#0"},"east":{"uv":[2.25,11.125,2.3125,11.3125],"texture":"#0"},"south":{"uv":[1.5,11.125,1.5625,11.3125],"texture":"#0"},"west":{"uv":[1.625,11.125,1.6875,11.3125],"texture":"#0"},"up":{"uv":[2.75,11.125,2.8125,11.1875],"texture":"#0"},"down":{"uv":[2.875,11.1875,2.9375,11.125],"texture":"#0"}}},{"from":[18.04127,2,11.95201],"to":[20.04127,6,13.95201],"rotation":{"angle":0,"axis":"y","origin":[19.04127,7,13.07701]},"faces":{"north":{"uv":[10.625,5,10.375,5.5],"texture":"#0"},"east":{"uv":[1.375,10.5,1.625,11],"texture":"#0"},"south":{"uv":[10.625,5,10.375,5.5],"texture":"#0"},"west":{"uv":[1.625,10.5,1.375,11],"texture":"#0"},"up":{"uv":[3,10.75,2.75,11],"texture":"#0"},"down":{"uv":[3.375,11,3.125,10.75],"texture":"#0"}}},{"from":[17.54127,6,11.95201],"to":[20.54127,11,14.45201],"rotation":{"angle":0,"axis":"y","origin":[19.04127,7,13.07701]},"faces":{"north":{"uv":[8.375,8.875,8,9.5],"texture":"#0"},"east":{"uv":[8.375,8.875,8,9.5],"texture":"#0"},"south":{"uv":[8.375,8.875,8,9.5],"texture":"#0"},"west":{"uv":[8.3125,8.875,8,9.5],"texture":"#0"},"up":{"uv":[10.75,5.5,10.375,5.8125],"texture":"#0"},"down":{"uv":[10.75,5.5,10.375,5.8125],"texture":"#0"}}},{"from":[18.79127,5,14.45201],"to":[19.29127,10,14.95201],"rotation":{"angle":0,"axis":"y","origin":[19.04127,7,13.07701]},"faces":{"north":{"uv":[1.9375,11,1.875,11.625],"texture":"#0"},"east":{"uv":[8.4375,8.875,8.375,9.5],"texture":"#0"},"south":{"uv":[8.4375,8.875,8.375,9.5],"texture":"#0"},"west":{"uv":[8.4375,8.875,8.375,9.5],"texture":"#0"},"up":{"uv":[2.4375,11.125,2.375,11.1875],"texture":"#0"},"down":{"uv":[2.5625,11.1875,2.5,11.125],"texture":"#0"}}},{"from":[17.54127,7,12.95201],"to":[20.54127,8,14.45201],"rotation":{"angle":-22.5,"axis":"x","origin":[19.04127,10,13.45201]},"faces":{"north":{"uv":[11.375,0.375,11,0.5],"texture":"#0"},"east":{"uv":[10.8125,11,10.625,11.125],"texture":"#0"},"south":{"uv":[0.75,11,0.375,11.125],"texture":"#0"},"west":{"uv":[11.0625,11,10.875,11.125],"texture":"#0"},"up":{"uv":[9.875,1.5,9.5,1.6875],"texture":"#0"},"down":{"uv":[10.25,1.6875,9.875,1.5],"texture":"#0"}}},{"from":[17.04127,7,12.95201],"to":[17.54127,10,14.45201],"rotation":{"angle":-22.5,"axis":"x","origin":[19.04127,10,13.45201]},"faces":{"north":{"uv":[10.3125,11,10.25,11.375],"texture":"#0"},"east":{"uv":[9.5625,10.5,9.375,10.875],"texture":"#0"},"south":{"uv":[10.1875,11,10.125,11.375],"texture":"#0"},"west":{"uv":[10.5,10,10.6875,10.375],"texture":"#0"},"up":{"uv":[0.6875,11.125,0.625,11.3125],"texture":"#0"},"down":{"uv":[1.1875,11.3125,1.125,11.125],"texture":"#0"}}},{"from":[20.54127,7,12.95201],"to":[21.04127,10,14.45201],"rotation":{"angle":-22.5,"axis":"x","origin":[19.04127,10,13.45201]},"faces":{"north":{"uv":[10.5625,11,10.5,11.375],"texture":"#0"},"east":{"uv":[10.6875,10,10.5,10.375],"texture":"#0"},"south":{"uv":[10.4375,11,10.375,11.375],"texture":"#0"},"west":{"uv":[10.3125,10.5,10.125,10.875],"texture":"#0"},"up":{"uv":[1.3125,11.125,1.25,11.3125],"texture":"#0"},"down":{"uv":[1.4375,11.3125,1.375,11.125],"texture":"#0"}}},{"from":[18.04127,11,11.95201],"to":[20.04127,13.5,14.45201],"rotation":{"angle":0,"axis":"y","origin":[19.04127,7,13.07701]},"faces":{"north":{"uv":[7.625,10.5,7.375,10.8125],"texture":"#0"},"east":{"uv":[8,10.5,8.3125,10.8125],"texture":"#0"},"south":{"uv":[6.5,4.875,6.25,5.1875],"texture":"#0"},"west":{"uv":[8.3125,10.5,8,10.8125],"texture":"#0"},"up":{"uv":[9.125,10.5,8.875,10.8125],"texture":"#0"},"down":{"uv":[9.375,10.8125,9.125,10.5],"texture":"#0"}}},{"from":[18.79127,11.5,14.45201],"to":[19.29127,13,14.95201],"rotation":{"angle":-22.5,"axis":"x","origin":[19.04127,11.5,14.45201]},"faces":{"north":{"uv":[1.8125,11.125,1.75,11.3125],"texture":"#0"},"east":{"uv":[1.6875,11.125,1.625,11.3125],"texture":"#0"},"south":{"uv":[1.5625,11.125,1.5,11.3125],"texture":"#0"},"west":{"uv":[2.3125,11.125,2.25,11.3125],"texture":"#0"},"up":{"uv":[2.8125,11.125,2.75,11.1875],"texture":"#0"},"down":{"uv":[2.9375,11.1875,2.875,11.125],"texture":"#0"}}},{"from":[8.5,0.5,5.75],"to":[9.25,4.25,8.75],"rotation":{"angle":0,"axis":"y","origin":[8,-2.875,7.25]},"faces":{"north":{"uv":[1.875,1.25,2,1.75],"texture":"#0"},"east":{"uv":[1.125,0.25,0.75,0.75],"texture":"#0"},"south":{"uv":[2,0.25,2.125,0.75],"texture":"#0"},"west":{"uv":[0.75,0.25,1.125,0.75],"texture":"#0"},"up":{"uv":[2.25,2.5,2.125,2.125],"texture":"#0"},"down":{"uv":[2.375,0.25,2.25,0.625],"texture":"#0"}}},{"from":[7.75,0.5,5.75],"to":[8.5,3.25,8.75],"rotation":{"angle":0,"axis":"y","origin":[8,-2.875,7.25]},"faces":{"north":{"uv":[1,2.125,1.125,2.5],"texture":"#0"},"east":{"uv":[0,1.25,0.375,1.625],"texture":"#0"},"south":{"uv":[1.125,2.125,1.25,2.5],"texture":"#0"},"west":{"uv":[0.375,1.25,0,1.625],"texture":"#0"},"up":{"uv":[1.375,2.5,1.25,2.125],"texture":"#0"},"down":{"uv":[2.25,1.25,2.125,1.625],"texture":"#0"}}},{"from":[7,0.5,5.75],"to":[7.75,3.25,8.75],"rotation":{"angle":0,"axis":"y","origin":[8,-2.875,7.25]},"faces":{"north":{"uv":[2.25,0.625,2.375,1],"texture":"#0"},"east":{"uv":[1.5,0.25,1.875,0.625],"texture":"#0"},"south":{"uv":[2.25,1,2.375,1.375],"texture":"#0"},"west":{"uv":[1.875,0.25,1.5,0.625],"texture":"#0"},"up":{"uv":[2.375,1.75,2.25,1.375],"texture":"#0"},"down":{"uv":[2.375,2.125,2.25,2.5],"texture":"#0"}}},{"from":[6.5,0.75,5.75],"to":[7.25,4.5,8.75],"rotation":{"angle":45,"axis":"z","origin":[6.125,0.875,7.25]},"faces":{"north":{"uv":[2.125,0.25,2.25,0.75],"texture":"#0"},"east":{"uv":[1.5,0.75,1.125,1.25],"texture":"#0"},"south":{"uv":[2.125,0.75,2.25,1.25],"texture":"#0"},"west":{"uv":[1.125,0.75,1.5,1.25],"texture":"#0"},"up":{"uv":[2.625,1,2.5,0.625],"texture":"#0"},"down":{"uv":[2.625,1,2.5,1.375],"texture":"#0"}}},{"from":[16.25,-4.5,5.75],"to":[17,-0.75,8.75],"rotation":{"angle":0,"axis":"y","origin":[8,-2.875,7.25]},"faces":{"north":{"uv":[1.875,1.25,2,1.75],"texture":"#0"},"east":{"uv":[1.125,0.25,0.75,0.75],"texture":"#0"},"south":{"uv":[2,0.25,2.125,0.75],"texture":"#0"},"west":{"uv":[0.75,0.25,1.125,0.75],"texture":"#0"},"up":{"uv":[2.25,2.5,2.125,2.125],"texture":"#0"},"down":{"uv":[2.375,0.25,2.25,0.625],"texture":"#0"}}},{"from":[15.5,-4.5,5.75],"to":[16.25,-1.75,8.75],"rotation":{"angle":0,"axis":"y","origin":[8,-2.875,7.25]},"faces":{"north":{"uv":[1,2.125,1.125,2.5],"texture":"#0"},"east":{"uv":[0,1.25,0.375,1.625],"texture":"#0"},"south":{"uv":[1.125,2.125,1.25,2.5],"texture":"#0"},"west":{"uv":[0.375,1.25,0,1.625],"texture":"#0"},"up":{"uv":[1.375,2.5,1.25,2.125],"texture":"#0"},"down":{"uv":[2.25,1.25,2.125,1.625],"texture":"#0"}}},{"from":[14.75,-4.5,5.75],"to":[15.5,-1.75,8.75],"rotation":{"angle":0,"axis":"y","origin":[8,-2.875,7.25]},"faces":{"north":{"uv":[2.25,0.625,2.375,1],"texture":"#0"},"east":{"uv":[1.5,0.25,1.875,0.625],"texture":"#0"},"south":{"uv":[2.25,1,2.375,1.375],"texture":"#0"},"west":{"uv":[1.875,0.25,1.5,0.625],"texture":"#0"},"up":{"uv":[2.375,1.75,2.25,1.375],"texture":"#0"},"down":{"uv":[2.375,2.125,2.25,2.5],"texture":"#0"}}},{"from":[14,-4.5,5.75],"to":[14.75,-0.75,8.75],"rotation":{"angle":0,"axis":"y","origin":[8,-2.875,7.25]},"faces":{"north":{"uv":[2.125,0.25,2.25,0.75],"texture":"#0"},"east":{"uv":[1.5,0.75,1.125,1.25],"texture":"#0"},"south":{"uv":[2.125,0.75,2.25,1.25],"texture":"#0"},"west":{"uv":[1.125,0.75,1.5,1.25],"texture":"#0"},"up":{"uv":[2.625,1,2.5,0.625],"texture":"#0"},"down":{"uv":[2.625,1,2.5,1.375],"texture":"#0"}}},{"from":[13.25,-4.5,5.75],"to":[14,-1.75,8.75],"rotation":{"angle":0,"axis":"y","origin":[8,-2.875,7.25]},"faces":{"north":{"uv":[1.625,2.125,1.75,2.5],"texture":"#0"},"east":{"uv":[0.75,1.25,1.125,1.625],"texture":"#0"},"south":{"uv":[1.75,2.125,1.875,2.5],"texture":"#0"},"west":{"uv":[1.125,1.25,0.75,1.625],"texture":"#0"},"up":{"uv":[2,2.5,1.875,2.125],"texture":"#0"},"down":{"uv":[2.125,2.125,2,2.5],"texture":"#0"}}},{"from":[12.5,-4.5,5.75],"to":[13.25,-0.75,8.75],"rotation":{"angle":0,"axis":"y","origin":[8,-2.875,7.25]},"faces":{"north":{"uv":[1.875,0.25,2,0.75],"texture":"#0"},"east":{"uv":[0.75,0.25,0.375,0.75],"texture":"#0"},"south":{"uv":[1.875,0.75,2,1.25],"texture":"#0"},"west":{"uv":[0.375,0.25,0.75,0.75],"texture":"#0"},"up":{"uv":[1.5,2.5,1.375,2.125],"texture":"#0"},"down":{"uv":[1.625,2.125,1.5,2.5],"texture":"#0"}}},{"from":[11.25,-4.5,5.75],"to":[12,-0.75,8.75],"rotation":{"angle":0,"axis":"y","origin":[8,-2.875,7.25]},"faces":{"north":{"uv":[2,0.75,2.125,1.25],"texture":"#0"},"east":{"uv":[1.125,0.75,0.75,1.25],"texture":"#0"},"south":{"uv":[2,1.25,2.125,1.75],"texture":"#0"},"west":{"uv":[0.75,0.75,1.125,1.25],"texture":"#0"},"up":{"uv":[2.5,0.625,2.375,0.25],"texture":"#0"},"down":{"uv":[2.5,0.625,2.375,1],"texture":"#0"}}},{"from":[10.5,-4.5,5.75],"to":[11.25,-1.75,8.75],"rotation":{"angle":0,"axis":"y","origin":[8,-2.875,7.25]},"faces":{"north":{"uv":[2.375,1,2.5,1.375],"texture":"#0"},"east":{"uv":[1.5,1,1.875,1.375],"texture":"#0"},"south":{"uv":[2.375,1.375,2.5,1.75],"texture":"#0"},"west":{"uv":[1.875,1,1.5,1.375],"texture":"#0"},"up":{"uv":[2.5,2.5,2.375,2.125],"texture":"#0"},"down":{"uv":[2.625,0.25,2.5,0.625],"texture":"#0"}}},{"from":[9.75,-4.5,5.75],"to":[10.5,-0.75,8.75],"rotation":{"angle":0,"axis":"y","origin":[8,-2.875,7.25]},"faces":{"north":{"uv":[1.875,1.25,2,1.75],"texture":"#0"},"east":{"uv":[1.125,0.25,0.75,0.75],"texture":"#0"},"south":{"uv":[2,0.25,2.125,0.75],"texture":"#0"},"west":{"uv":[0.75,0.25,1.125,0.75],"texture":"#0"},"up":{"uv":[2.25,2.5,2.125,2.125],"texture":"#0"},"down":{"uv":[2.375,0.25,2.25,0.625],"texture":"#0"}}},{"from":[9,-4.5,5.75],"to":[9.75,-1.75,8.75],"rotation":{"angle":0,"axis":"y","origin":[8,-2.875,7.25]},"faces":{"north":{"uv":[1,2.125,1.125,2.5],"texture":"#0"},"east":{"uv":[0,1.25,0.375,1.625],"texture":"#0"},"south":{"uv":[1.125,2.125,1.25,2.5],"texture":"#0"},"west":{"uv":[0.375,1.25,0,1.625],"texture":"#0"},"up":{"uv":[1.375,2.5,1.25,2.125],"texture":"#0"},"down":{"uv":[2.25,1.25,2.125,1.625],"texture":"#0"}}},{"from":[7.81451,-4.33798,5.75],"to":[8.56451,-1.58798,8.75],"rotation":{"angle":-22.5,"axis":"z","origin":[8,-2.875,7.25]},"faces":{"north":{"uv":[1.625,2.125,1.75,2.5],"texture":"#0"},"east":{"uv":[0.75,1.25,1.125,1.625],"texture":"#0"},"south":{"uv":[1.75,2.125,1.875,2.5],"texture":"#0"},"west":{"uv":[1.125,1.25,0.75,1.625],"texture":"#0"},"up":{"uv":[2,2.5,1.875,2.125],"texture":"#0"},"down":{"uv":[2.125,2.125,2,2.5],"texture":"#0"}}},{"from":[11.75,1,5.75],"to":[12.5,4.75,8.75],"rotation":{"angle":0,"axis":"y","origin":[10,2.625,7.25]},"faces":{"north":{"uv":[1.875,1.25,2,1.75],"texture":"#0"},"east":{"uv":[1.125,0.25,0.75,0.75],"texture":"#0"},"south":{"uv":[2,0.25,2.125,0.75],"texture":"#0"},"west":{"uv":[0.75,0.25,1.125,0.75],"texture":"#0"},"up":{"uv":[2.25,2.5,2.125,2.125],"texture":"#0"},"down":{"uv":[2.375,0.25,2.25,0.625],"texture":"#0"}}},{"from":[11,1,5.75],"to":[11.75,3.75,8.75],"rotation":{"angle":0,"axis":"y","origin":[10,2.625,7.25]},"faces":{"north":{"uv":[1,2.125,1.125,2.5],"texture":"#0"},"east":{"uv":[0,1.25,0.375,1.625],"texture":"#0"},"south":{"uv":[1.125,2.125,1.25,2.5],"texture":"#0"},"west":{"uv":[0.375,1.25,0,1.625],"texture":"#0"},"up":{"uv":[1.375,2.5,1.25,2.125],"texture":"#0"},"down":{"uv":[2.25,1.25,2.125,1.625],"texture":"#0"}}},{"from":[13.5,3.25,5.75],"to":[14.25,6,8.75],"rotation":{"angle":45,"axis":"z","origin":[14.875,3.875,7.25]},"faces":{"north":{"uv":[1,2.125,1.125,2.5],"texture":"#0"},"east":{"uv":[0,1.25,0.375,1.625],"texture":"#0"},"south":{"uv":[1.125,2.125,1.25,2.5],"texture":"#0"},"west":{"uv":[0.375,1.25,0,1.625],"texture":"#0"},"up":{"uv":[1.375,2.5,1.25,2.125],"texture":"#0"},"down":{"uv":[2.25,1.25,2.125,1.625],"texture":"#0"}}},{"from":[9.81451,1.16202,5.75],"to":[10.56451,3.91202,8.75],"rotation":{"angle":-22.5,"axis":"z","origin":[10,2.625,7.25]},"faces":{"north":{"uv":[1.625,2.125,1.75,2.5],"texture":"#0"},"east":{"uv":[0.75,1.25,1.125,1.625],"texture":"#0"},"south":{"uv":[1.75,2.125,1.875,2.5],"texture":"#0"},"west":{"uv":[1.125,1.25,0.75,1.625],"texture":"#0"},"up":{"uv":[2,2.5,1.875,2.125],"texture":"#0"},"down":{"uv":[2.125,2.125,2,2.5],"texture":"#0"}}},{"from":[6.5,-4.5,5.75],"to":[7.25,-0.75,8.75],"rotation":{"angle":0,"axis":"y","origin":[8,-2.875,7.25]},"faces":{"north":{"uv":[1.875,0.25,2,0.75],"texture":"#0"},"east":{"uv":[0.75,0.25,0.375,0.75],"texture":"#0"},"south":{"uv":[1.875,0.75,2,1.25],"texture":"#0"},"west":{"uv":[0.375,0.25,0.75,0.75],"texture":"#0"},"up":{"uv":[1.5,2.5,1.375,2.125],"texture":"#0"},"down":{"uv":[1.625,2.125,1.5,2.5],"texture":"#0"}}},{"from":[5.15757,-5.56267,5.75],"to":[5.90757,-1.81267,8.75],"rotation":{"angle":-22.5,"axis":"z","origin":[8,-2.875,7.25]},"faces":{"north":{"uv":[1.875,1.25,2,1.75],"texture":"#0"},"east":{"uv":[1.125,0.25,0.75,0.75],"texture":"#0"},"south":{"uv":[2,0.25,2.125,0.75],"texture":"#0"},"west":{"uv":[0.75,0.25,1.125,0.75],"texture":"#0"},"up":{"uv":[2.25,2.5,2.125,2.125],"texture":"#0"},"down":{"uv":[2.375,0.25,2.25,0.625],"texture":"#0"}}},{"from":[3.5,-4.5,5.75],"to":[4.25,-0.75,8.75],"rotation":{"angle":0,"axis":"y","origin":[8,-2.875,7.25]},"faces":{"north":{"uv":[2,0.75,2.125,1.25],"texture":"#0"},"east":{"uv":[1.125,0.75,0.75,1.25],"texture":"#0"},"south":{"uv":[2,1.25,2.125,1.75],"texture":"#0"},"west":{"uv":[0.75,0.75,1.125,1.25],"texture":"#0"},"up":{"uv":[2.5,0.625,2.375,0.25],"texture":"#0"},"down":{"uv":[2.5,0.625,2.375,1],"texture":"#0"}}},{"from":[2.75,-4.5,5.75],"to":[3.5,-1.75,8.75],"rotation":{"angle":0,"axis":"y","origin":[8,-2.875,7.25]},"faces":{"north":{"uv":[2.25,0.625,2.375,1],"texture":"#0"},"east":{"uv":[1.5,0.25,1.875,0.625],"texture":"#0"},"south":{"uv":[2.25,1,2.375,1.375],"texture":"#0"},"west":{"uv":[1.875,0.25,1.5,0.625],"texture":"#0"},"up":{"uv":[2.375,1.75,2.25,1.375],"texture":"#0"},"down":{"uv":[2.375,2.125,2.25,2.5],"texture":"#0"}}},{"from":[2,-4.5,5.75],"to":[2.75,-0.75,8.75],"rotation":{"angle":0,"axis":"y","origin":[8,-2.875,7.25]},"faces":{"north":{"uv":[2.125,0.25,2.25,0.75],"texture":"#0"},"east":{"uv":[1.5,0.75,1.125,1.25],"texture":"#0"},"south":{"uv":[2.125,0.75,2.25,1.25],"texture":"#0"},"west":{"uv":[1.125,0.75,1.5,1.25],"texture":"#0"},"up":{"uv":[2.625,1,2.5,0.625],"texture":"#0"},"down":{"uv":[2.625,1,2.5,1.375],"texture":"#0"}}},{"from":[14.375,6.5,5.875],"to":[17.375,7.25,8.625],"rotation":{"angle":-22.5,"axis":"y","origin":[15.875,6.875,7.25]},"faces":{"north":{"uv":[2.5,2.5,2.375,2.125],"rotation":90,"texture":"#0"},"east":{"uv":[2.375,1.375,2.5,1.75],"rotation":90,"texture":"#0"},"south":{"uv":[2.625,0.25,2.5,0.625],"rotation":90,"texture":"#0"},"west":{"uv":[2.375,1,2.5,1.375],"rotation":270,"texture":"#0"},"up":{"uv":[1.875,1,1.5,1.375],"texture":"#0"},"down":{"uv":[1.5,1,1.875,1.375],"rotation":180,"texture":"#0"}}},{"from":[14,5.75,5.75],"to":[17.75,6.5,8.75],"rotation":{"angle":0,"axis":"y","origin":[15.875,7.375,7.25]},"faces":{"north":{"uv":[2,0.75,2.125,1.25],"rotation":90,"texture":"#0"},"east":{"uv":[2.5,0.625,2.375,1],"rotation":270,"texture":"#0"},"south":{"uv":[2,1.25,2.125,1.75],"rotation":270,"texture":"#0"},"west":{"uv":[2.5,0.625,2.375,0.25],"rotation":270,"texture":"#0"},"up":{"uv":[1.125,0.75,0.75,1.25],"rotation":270,"texture":"#0"},"down":{"uv":[0.75,0.75,1.125,1.25],"rotation":270,"texture":"#0"}}},{"from":[13,5.5,5.75],"to":[13.75,8.25,8.75],"rotation":{"angle":0,"axis":"y","origin":[12,7.125,7.25]},"faces":{"north":{"uv":[1,2.125,1.125,2.5],"texture":"#0"},"east":{"uv":[0,1.25,0.375,1.625],"texture":"#0"},"south":{"uv":[1.125,2.125,1.25,2.5],"texture":"#0"},"west":{"uv":[0.375,1.25,0,1.625],"texture":"#0"},"up":{"uv":[1.375,2.5,1.25,2.125],"texture":"#0"},"down":{"uv":[2.25,1.25,2.125,1.625],"texture":"#0"}}},{"from":[11.81451,5.66202,5.75],"to":[12.56451,8.41202,8.75],"rotation":{"angle":-22.5,"axis":"z","origin":[12,7.125,7.25]},"faces":{"north":{"uv":[1.625,2.125,1.75,2.5],"texture":"#0"},"east":{"uv":[0.75,1.25,1.125,1.625],"texture":"#0"},"south":{"uv":[1.75,2.125,1.875,2.5],"texture":"#0"},"west":{"uv":[1.125,1.25,0.75,1.625],"texture":"#0"},"up":{"uv":[2,2.5,1.875,2.125],"texture":"#0"},"down":{"uv":[2.125,2.125,2,2.5],"texture":"#0"}}},{"from":[10.5,5.5,5.75],"to":[11.25,8.25,8.75],"rotation":{"angle":0,"axis":"y","origin":[8,7.125,7.25]},"faces":{"north":{"uv":[2.375,1,2.5,1.375],"texture":"#0"},"east":{"uv":[1.5,1,1.875,1.375],"texture":"#0"},"south":{"uv":[2.375,1.375,2.5,1.75],"texture":"#0"},"west":{"uv":[1.875,1,1.5,1.375],"texture":"#0"},"up":{"uv":[2.5,2.5,2.375,2.125],"texture":"#0"},"down":{"uv":[2.625,0.25,2.5,0.625],"texture":"#0"}}},{"from":[9.75,5.5,5.75],"to":[10.5,9.25,8.75],"rotation":{"angle":0,"axis":"y","origin":[8,7.125,7.25]},"faces":{"north":{"uv":[1.875,1.25,2,1.75],"texture":"#0"},"east":{"uv":[1.125,0.25,0.75,0.75],"texture":"#0"},"south":{"uv":[2,0.25,2.125,0.75],"texture":"#0"},"west":{"uv":[0.75,0.25,1.125,0.75],"texture":"#0"},"up":{"uv":[2.25,2.5,2.125,2.125],"texture":"#0"},"down":{"uv":[2.375,0.25,2.25,0.625],"texture":"#0"}}},{"from":[9,5.5,5.75],"to":[9.75,8.25,8.75],"rotation":{"angle":0,"axis":"y","origin":[8,7.125,7.25]},"faces":{"north":{"uv":[1,2.125,1.125,2.5],"texture":"#0"},"east":{"uv":[0,1.25,0.375,1.625],"texture":"#0"},"south":{"uv":[1.125,2.125,1.25,2.5],"texture":"#0"},"west":{"uv":[0.375,1.25,0,1.625],"texture":"#0"},"up":{"uv":[1.375,2.5,1.25,2.125],"texture":"#0"},"down":{"uv":[2.25,1.25,2.125,1.625],"texture":"#0"}}},{"from":[7.81451,5.66202,5.75],"to":[8.56451,8.41202,8.75],"rotation":{"angle":-22.5,"axis":"z","origin":[8,7.125,7.25]},"faces":{"north":{"uv":[1.625,2.125,1.75,2.5],"texture":"#0"},"east":{"uv":[0.75,1.25,1.125,1.625],"texture":"#0"},"south":{"uv":[1.75,2.125,1.875,2.5],"texture":"#0"},"west":{"uv":[1.125,1.25,0.75,1.625],"texture":"#0"},"up":{"uv":[2,2.5,1.875,2.125],"texture":"#0"},"down":{"uv":[2.125,2.125,2,2.5],"texture":"#0"}}},{"from":[6.5,5.5,5.75],"to":[7.25,9.25,8.75],"rotation":{"angle":0,"axis":"y","origin":[8,7.125,7.25]},"faces":{"north":{"uv":[1.875,0.25,2,0.75],"texture":"#0"},"east":{"uv":[0.75,0.25,0.375,0.75],"texture":"#0"},"south":{"uv":[1.875,0.75,2,1.25],"texture":"#0"},"west":{"uv":[0.375,0.25,0.75,0.75],"texture":"#0"},"up":{"uv":[1.5,2.5,1.375,2.125],"texture":"#0"},"down":{"uv":[1.625,2.125,1.5,2.5],"texture":"#0"}}},{"from":[5.75,5.5,5.75],"to":[6.5,9.25,8.75],"rotation":{"angle":0,"axis":"y","origin":[8,-2.875,7.25]},"faces":{"north":{"uv":[2,0.75,2.125,1.25],"texture":"#0"},"east":{"uv":[1.125,0.75,0.75,1.25],"texture":"#0"},"south":{"uv":[2,1.25,2.125,1.75],"texture":"#0"},"west":{"uv":[0.75,0.75,1.125,1.25],"texture":"#0"},"up":{"uv":[2.5,0.625,2.375,0.25],"texture":"#0"},"down":{"uv":[2.5,0.625,2.375,1],"texture":"#0"}}},{"from":[5,5.5,5.75],"to":[5.75,8.25,8.75],"rotation":{"angle":0,"axis":"y","origin":[8,-2.875,7.25]},"faces":{"north":{"uv":[2.25,0.625,2.375,1],"texture":"#0"},"east":{"uv":[1.5,0.25,1.875,0.625],"texture":"#0"},"south":{"uv":[2.25,1,2.375,1.375],"texture":"#0"},"west":{"uv":[1.875,0.25,1.5,0.625],"texture":"#0"},"up":{"uv":[2.375,1.75,2.25,1.375],"texture":"#0"},"down":{"uv":[2.375,2.125,2.25,2.5],"texture":"#0"}}},{"from":[4.25,5.5,5.75],"to":[5,9.25,8.75],"rotation":{"angle":0,"axis":"y","origin":[8,-2.875,7.25]},"faces":{"north":{"uv":[2.125,0.25,2.25,0.75],"texture":"#0"},"east":{"uv":[1.5,0.75,1.125,1.25],"texture":"#0"},"south":{"uv":[2.125,0.75,2.25,1.25],"texture":"#0"},"west":{"uv":[1.125,0.75,1.5,1.25],"texture":"#0"},"up":{"uv":[2.625,1,2.5,0.625],"texture":"#0"},"down":{"uv":[2.625,1,2.5,1.375],"texture":"#0"}}},{"from":[-0.125,7.875,5.75],"to":[3.625,8.625,8.75],"rotation":{"angle":22.5,"axis":"y","origin":[1.75,8.25,7.25]},"faces":{"north":{"uv":[2.125,0.25,2.25,0.75],"rotation":270,"texture":"#0"},"east":{"uv":[2.625,1,2.5,0.625],"rotation":90,"texture":"#0"},"south":{"uv":[2.125,0.75,2.25,1.25],"rotation":90,"texture":"#0"},"west":{"uv":[2.625,1,2.5,1.375],"rotation":90,"texture":"#0"},"up":{"uv":[1.125,0.75,1.5,1.25],"rotation":90,"texture":"#0"},"down":{"uv":[1.5,0.75,1.125,1.25],"rotation":90,"texture":"#0"}}},{"from":[-0.125,7.125,5.75],"to":[2.625,7.875,8.75],"rotation":{"angle":-22.5,"axis":"y","origin":[1.25,7.5,7.25]},"faces":{"north":{"uv":[2.25,0.625,2.375,1],"rotation":270,"texture":"#0"},"east":{"uv":[2.375,1.75,2.25,1.375],"rotation":90,"texture":"#0"},"south":{"uv":[2.25,1,2.375,1.375],"rotation":90,"texture":"#0"},"west":{"uv":[2.375,2.125,2.25,2.5],"rotation":90,"texture":"#0"},"up":{"uv":[1.875,0.25,1.5,0.625],"rotation":90,"texture":"#0"},"down":{"uv":[1.5,0.25,1.875,0.625],"rotation":90,"texture":"#0"}}},{"from":[-0.125,6.375,5.75],"to":[3.625,7.125,8.75],"rotation":{"angle":0,"axis":"y","origin":[5.75,7.125,7.25]},"faces":{"north":{"uv":[2,0.75,2.125,1.25],"rotation":270,"texture":"#0"},"east":{"uv":[2.5,0.625,2.375,0.25],"rotation":90,"texture":"#0"},"south":{"uv":[2,1.25,2.125,1.75],"rotation":90,"texture":"#0"},"west":{"uv":[2.5,0.625,2.375,1],"rotation":90,"texture":"#0"},"up":{"uv":[0.75,0.75,1.125,1.25],"rotation":90,"texture":"#0"},"down":{"uv":[1.125,0.75,0.75,1.25],"rotation":90,"texture":"#0"}}},{"from":[0.25,5.625,5.375],"to":[3.25,6.375,9.125],"rotation":{"angle":-45,"axis":"y","origin":[1.75,6,7.25]},"faces":{"north":{"uv":[1.5,2.5,1.375,2.125],"rotation":90,"texture":"#0"},"east":{"uv":[1.875,0.75,2,1.25],"rotation":90,"texture":"#0"},"south":{"uv":[1.625,2.125,1.5,2.5],"rotation":90,"texture":"#0"},"west":{"uv":[1.875,0.25,2,0.75],"rotation":270,"texture":"#0"},"up":{"uv":[0.375,0.25,0.75,0.75],"texture":"#0"},"down":{"uv":[0.75,0.25,0.375,0.75],"rotation":180,"texture":"#0"}}},{"from":[-0.125,3.375,5.75],"to":[3.625,4.125,8.75],"rotation":{"angle":22.5,"axis":"y","origin":[1.75,3.75,7.25]},"faces":{"north":{"uv":[2.125,0.25,2.25,0.75],"rotation":270,"texture":"#0"},"east":{"uv":[2.625,1,2.5,0.625],"rotation":90,"texture":"#0"},"south":{"uv":[2.125,0.75,2.25,1.25],"rotation":90,"texture":"#0"},"west":{"uv":[2.625,1,2.5,1.375],"rotation":90,"texture":"#0"},"up":{"uv":[1.125,0.75,1.5,1.25],"rotation":90,"texture":"#0"},"down":{"uv":[1.5,0.75,1.125,1.25],"rotation":90,"texture":"#0"}}},{"from":[-0.125,2.625,5.75],"to":[2.625,3.375,8.75],"rotation":{"angle":-22.5,"axis":"y","origin":[1.25,3,7.25]},"faces":{"north":{"uv":[2.25,0.625,2.375,1],"rotation":270,"texture":"#0"},"east":{"uv":[2.375,1.75,2.25,1.375],"rotation":90,"texture":"#0"},"south":{"uv":[2.25,1,2.375,1.375],"rotation":90,"texture":"#0"},"west":{"uv":[2.375,2.125,2.25,2.5],"rotation":90,"texture":"#0"},"up":{"uv":[1.875,0.25,1.5,0.625],"rotation":90,"texture":"#0"},"down":{"uv":[1.5,0.25,1.875,0.625],"rotation":90,"texture":"#0"}}},{"from":[13.375,1.875,5.75],"to":[17.125,2.625,8.75],"rotation":{"angle":22.5,"axis":"y","origin":[15.25,2.25,7.25]},"faces":{"north":{"uv":[2.125,0.25,2.25,0.75],"rotation":270,"texture":"#0"},"east":{"uv":[2.625,1,2.5,0.625],"rotation":90,"texture":"#0"},"south":{"uv":[2.125,0.75,2.25,1.25],"rotation":90,"texture":"#0"},"west":{"uv":[2.625,1,2.5,1.375],"rotation":90,"texture":"#0"},"up":{"uv":[1.125,0.75,1.5,1.25],"rotation":90,"texture":"#0"},"down":{"uv":[1.5,0.75,1.125,1.25],"rotation":90,"texture":"#0"}}},{"from":[13.375,1.125,5.75],"to":[16.125,1.875,8.75],"rotation":{"angle":-22.5,"axis":"y","origin":[14.75,1.5,7.25]},"faces":{"north":{"uv":[2.25,0.625,2.375,1],"rotation":270,"texture":"#0"},"east":{"uv":[2.375,1.75,2.25,1.375],"rotation":90,"texture":"#0"},"south":{"uv":[2.25,1,2.375,1.375],"rotation":90,"texture":"#0"},"west":{"uv":[2.375,2.125,2.25,2.5],"rotation":90,"texture":"#0"},"up":{"uv":[1.875,0.25,1.5,0.625],"rotation":90,"texture":"#0"},"down":{"uv":[1.5,0.25,1.875,0.625],"rotation":90,"texture":"#0"}}},{"from":[-0.125,1.875,5.75],"to":[3.625,2.625,8.75],"rotation":{"angle":0,"axis":"y","origin":[5.75,2.625,7.25]},"faces":{"north":{"uv":[2,0.75,2.125,1.25],"rotation":270,"texture":"#0"},"east":{"uv":[2.5,0.625,2.375,0.25],"rotation":90,"texture":"#0"},"south":{"uv":[2,1.25,2.125,1.75],"rotation":90,"texture":"#0"},"west":{"uv":[2.5,0.625,2.375,1],"rotation":90,"texture":"#0"},"up":{"uv":[0.75,0.75,1.125,1.25],"rotation":90,"texture":"#0"},"down":{"uv":[1.125,0.75,0.75,1.25],"rotation":90,"texture":"#0"}}},{"from":[0.25,1.125,5.375],"to":[3.25,1.875,9.125],"rotation":{"angle":-45,"axis":"y","origin":[1.75,1.5,7.25]},"faces":{"north":{"uv":[1.5,2.5,1.375,2.125],"rotation":90,"texture":"#0"},"east":{"uv":[1.875,0.75,2,1.25],"rotation":90,"texture":"#0"},"south":{"uv":[1.625,2.125,1.5,2.5],"rotation":90,"texture":"#0"},"west":{"uv":[1.875,0.25,2,0.75],"rotation":270,"texture":"#0"},"up":{"uv":[0.375,0.25,0.75,0.75],"texture":"#0"},"down":{"uv":[0.75,0.25,0.375,0.75],"rotation":180,"texture":"#0"}}},{"from":[1.25,-4.5,5.75],"to":[2,-0.75,8.75],"rotation":{"angle":0,"axis":"y","origin":[8,-2.875,7.25]},"faces":{"north":{"uv":[2,0.75,2.125,1.25],"texture":"#0"},"east":{"uv":[1.125,0.75,0.75,1.25],"texture":"#0"},"south":{"uv":[2,1.25,2.125,1.75],"texture":"#0"},"west":{"uv":[0.75,0.75,1.125,1.25],"texture":"#0"},"up":{"uv":[2.5,0.625,2.375,0.25],"texture":"#0"},"down":{"uv":[2.5,0.625,2.375,1],"texture":"#0"}}},{"from":[0.5,-4.5,5.75],"to":[1.25,-0.75,8.75],"rotation":{"angle":0,"axis":"y","origin":[8,-2.875,7.25]},"faces":{"north":{"uv":[1.875,0.25,2,0.75],"texture":"#0"},"east":{"uv":[0.75,0.25,0.375,0.75],"texture":"#0"},"south":{"uv":[1.875,0.75,2,1.25],"texture":"#0"},"west":{"uv":[0.375,0.25,0.75,0.75],"texture":"#0"},"up":{"uv":[1.5,2.5,1.375,2.125],"texture":"#0"},"down":{"uv":[1.625,2.125,1.5,2.5],"texture":"#0"}}},{"from":[-0.25,-4.5,5.75],"to":[0.5,-0.75,8.75],"rotation":{"angle":0,"axis":"y","origin":[8,-2.875,7.25]},"faces":{"north":{"uv":[2,0.75,2.125,1.25],"texture":"#0"},"east":{"uv":[1.125,0.75,0.75,1.25],"texture":"#0"},"south":{"uv":[2,1.25,2.125,1.75],"texture":"#0"},"west":{"uv":[0.75,0.75,1.125,1.25],"texture":"#0"},"up":{"uv":[2.5,0.625,2.375,0.25],"texture":"#0"},"down":{"uv":[2.5,0.625,2.375,1],"texture":"#0"}}},{"from":[-1,-4.5,5.75],"to":[-0.25,-1.75,8.75],"rotation":{"angle":0,"axis":"y","origin":[8,-2.875,7.25]},"faces":{"north":{"uv":[2.375,1,2.5,1.375],"texture":"#0"},"east":{"uv":[1.5,1,1.875,1.375],"texture":"#0"},"south":{"uv":[2.375,1.375,2.5,1.75],"texture":"#0"},"west":{"uv":[1.875,1,1.5,1.375],"texture":"#0"},"up":{"uv":[2.5,2.5,2.375,2.125],"texture":"#0"},"down":{"uv":[2.625,0.25,2.5,0.625],"texture":"#0"}}},{"from":[11.25,9.75,5.75],"to":[12,13.5,8.75],"rotation":{"angle":0,"axis":"y","origin":[8,11.375,7.25]},"faces":{"north":{"uv":[2,0.75,2.125,1.25],"texture":"#0"},"east":{"uv":[1.125,0.75,0.75,1.25],"texture":"#0"},"south":{"uv":[2,1.25,2.125,1.75],"texture":"#0"},"west":{"uv":[0.75,0.75,1.125,1.25],"texture":"#0"},"up":{"uv":[2.5,0.625,2.375,0.25],"texture":"#0"},"down":{"uv":[2.5,0.625,2.375,1],"texture":"#0"}}},{"from":[10.5,9.75,5.75],"to":[11.25,12.5,8.75],"rotation":{"angle":0,"axis":"y","origin":[8,11.375,7.25]},"faces":{"north":{"uv":[2.375,1,2.5,1.375],"texture":"#0"},"east":{"uv":[1.5,1,1.875,1.375],"texture":"#0"},"south":{"uv":[2.375,1.375,2.5,1.75],"texture":"#0"},"west":{"uv":[1.875,1,1.5,1.375],"texture":"#0"},"up":{"uv":[2.5,2.5,2.375,2.125],"texture":"#0"},"down":{"uv":[2.625,0.25,2.5,0.625],"texture":"#0"}}},{"from":[6.5,9.75,5.75],"to":[7.25,13.5,8.75],"rotation":{"angle":0,"axis":"y","origin":[8,11.375,7.25]},"faces":{"north":{"uv":[1.875,1.25,2,1.75],"texture":"#0"},"east":{"uv":[1.125,0.25,0.75,0.75],"texture":"#0"},"south":{"uv":[2,0.25,2.125,0.75],"texture":"#0"},"west":{"uv":[0.75,0.25,1.125,0.75],"texture":"#0"},"up":{"uv":[2.25,2.5,2.125,2.125],"texture":"#0"},"down":{"uv":[2.375,0.25,2.25,0.625],"texture":"#0"}}},{"from":[9,9.75,5.75],"to":[9.75,12.5,8.75],"rotation":{"angle":0,"axis":"y","origin":[8,11.375,7.25]},"faces":{"north":{"uv":[1,2.125,1.125,2.5],"texture":"#0"},"east":{"uv":[0,1.25,0.375,1.625],"texture":"#0"},"south":{"uv":[1.125,2.125,1.25,2.5],"texture":"#0"},"west":{"uv":[0.375,1.25,0,1.625],"texture":"#0"},"up":{"uv":[1.375,2.5,1.25,2.125],"texture":"#0"},"down":{"uv":[2.25,1.25,2.125,1.625],"texture":"#0"}}},{"from":[7.81451,9.91202,5.75],"to":[8.56451,12.66202,8.75],"rotation":{"angle":-22.5,"axis":"z","origin":[8,11.375,7.25]},"faces":{"north":{"uv":[1.625,2.125,1.75,2.5],"texture":"#0"},"east":{"uv":[0.75,1.25,1.125,1.625],"texture":"#0"},"south":{"uv":[1.75,2.125,1.875,2.5],"texture":"#0"},"west":{"uv":[1.125,1.25,0.75,1.625],"texture":"#0"},"up":{"uv":[2,2.5,1.875,2.125],"texture":"#0"},"down":{"uv":[2.125,2.125,2,2.5],"texture":"#0"}}},{"from":[3.5,9.75,5.75],"to":[4.25,13.5,8.75],"rotation":{"angle":0,"axis":"y","origin":[8,11.375,7.25]},"faces":{"north":{"uv":[1.875,0.25,2,0.75],"texture":"#0"},"east":{"uv":[0.75,0.25,0.375,0.75],"texture":"#0"},"south":{"uv":[1.875,0.75,2,1.25],"texture":"#0"},"west":{"uv":[0.375,0.25,0.75,0.75],"texture":"#0"},"up":{"uv":[1.5,2.5,1.375,2.125],"texture":"#0"},"down":{"uv":[1.625,2.125,1.5,2.5],"texture":"#0"}}},{"from":[5.15757,8.68733,5.75],"to":[5.90757,12.43733,8.75],"rotation":{"angle":-22.5,"axis":"z","origin":[8,11.375,7.25]},"faces":{"north":{"uv":[1.875,1.25,2,1.75],"texture":"#0"},"east":{"uv":[1.125,0.25,0.75,0.75],"texture":"#0"},"south":{"uv":[2,0.25,2.125,0.75],"texture":"#0"},"west":{"uv":[0.75,0.25,1.125,0.75],"texture":"#0"},"up":{"uv":[2.25,2.5,2.125,2.125],"texture":"#0"},"down":{"uv":[2.375,0.25,2.25,0.625],"texture":"#0"}}},{"from":[9.75,9.75,5.75],"to":[10.5,13.5,8.75],"rotation":{"angle":0,"axis":"y","origin":[8,11.375,7.25]},"faces":{"north":{"uv":[2,0.75,2.125,1.25],"texture":"#0"},"east":{"uv":[1.125,0.75,0.75,1.25],"texture":"#0"},"south":{"uv":[2,1.25,2.125,1.75],"texture":"#0"},"west":{"uv":[0.75,0.75,1.125,1.25],"texture":"#0"},"up":{"uv":[2.5,0.625,2.375,0.25],"texture":"#0"},"down":{"uv":[2.5,0.625,2.375,1],"texture":"#0"}}},{"from":[14,10,5.75],"to":[17.75,10.75,8.75],"rotation":{"angle":0,"axis":"y","origin":[15.875,11.625,7.25]},"faces":{"north":{"uv":[2,0.75,2.125,1.25],"rotation":90,"texture":"#0"},"east":{"uv":[2.5,0.625,2.375,1],"rotation":270,"texture":"#0"},"south":{"uv":[2,1.25,2.125,1.75],"rotation":270,"texture":"#0"},"west":{"uv":[2.5,0.625,2.375,0.25],"rotation":270,"texture":"#0"},"up":{"uv":[1.125,0.75,0.75,1.25],"rotation":270,"texture":"#0"},"down":{"uv":[0.75,0.75,1.125,1.25],"rotation":270,"texture":"#0"}}},{"from":[2.75,9.75,5.75],"to":[3.5,12.5,8.75],"rotation":{"angle":0,"axis":"y","origin":[8,11.375,7.25]},"faces":{"north":{"uv":[2.25,0.625,2.375,1],"texture":"#0"},"east":{"uv":[1.5,0.25,1.875,0.625],"texture":"#0"},"south":{"uv":[2.25,1,2.375,1.375],"texture":"#0"},"west":{"uv":[1.875,0.25,1.5,0.625],"texture":"#0"},"up":{"uv":[2.375,1.75,2.25,1.375],"texture":"#0"},"down":{"uv":[2.375,2.125,2.25,2.5],"texture":"#0"}}},{"from":[2,9.75,5.75],"to":[2.75,13.5,8.75],"rotation":{"angle":0,"axis":"y","origin":[8,11.375,7.25]},"faces":{"north":{"uv":[1.875,0.25,2,0.75],"texture":"#0"},"east":{"uv":[0.75,0.25,0.375,0.75],"texture":"#0"},"south":{"uv":[1.875,0.75,2,1.25],"texture":"#0"},"west":{"uv":[0.375,0.25,0.75,0.75],"texture":"#0"},"up":{"uv":[1.5,2.5,1.375,2.125],"texture":"#0"},"down":{"uv":[1.625,2.125,1.5,2.5],"texture":"#0"}}},{"from":[1.25,9.75,5.75],"to":[2,13.5,8.75],"rotation":{"angle":0,"axis":"y","origin":[8,11.375,7.25]},"faces":{"north":{"uv":[2,0.75,2.125,1.25],"texture":"#0"},"east":{"uv":[1.125,0.75,0.75,1.25],"texture":"#0"},"south":{"uv":[2,1.25,2.125,1.75],"texture":"#0"},"west":{"uv":[0.75,0.75,1.125,1.25],"texture":"#0"},"up":{"uv":[2.5,0.625,2.375,0.25],"texture":"#0"},"down":{"uv":[2.5,0.625,2.375,1],"texture":"#0"}}},{"from":[0.5,9.75,5.75],"to":[1.25,12.5,8.75],"rotation":{"angle":0,"axis":"y","origin":[8,11.375,7.25]},"faces":{"north":{"uv":[2.375,1,2.5,1.375],"texture":"#0"},"east":{"uv":[1.5,1,1.875,1.375],"texture":"#0"},"south":{"uv":[2.375,1.375,2.5,1.75],"texture":"#0"},"west":{"uv":[1.875,1,1.5,1.375],"texture":"#0"},"up":{"uv":[2.5,2.5,2.375,2.125],"texture":"#0"},"down":{"uv":[2.625,0.25,2.5,0.625],"texture":"#0"}}},{"from":[12,9.75,5.75],"to":[12.75,12.5,8.75],"rotation":{"angle":0,"axis":"y","origin":[8,11.375,7.25]},"faces":{"north":{"uv":[2.375,1,2.5,1.375],"texture":"#0"},"east":{"uv":[1.5,1,1.875,1.375],"texture":"#0"},"south":{"uv":[2.375,1.375,2.5,1.75],"texture":"#0"},"west":{"uv":[1.875,1,1.5,1.375],"texture":"#0"},"up":{"uv":[2.5,2.5,2.375,2.125],"texture":"#0"},"down":{"uv":[2.625,0.25,2.5,0.625],"texture":"#0"}}},{"from":[14.375,10.75,5.875],"to":[17.375,11.5,8.625],"rotation":{"angle":-22.5,"axis":"y","origin":[15.875,11.125,7.25]},"faces":{"north":{"uv":[2.5,2.5,2.375,2.125],"rotation":90,"texture":"#0"},"east":{"uv":[2.375,1.375,2.5,1.75],"rotation":90,"texture":"#0"},"south":{"uv":[2.625,0.25,2.5,0.625],"rotation":90,"texture":"#0"},"west":{"uv":[2.375,1,2.5,1.375],"rotation":270,"texture":"#0"},"up":{"uv":[1.875,1,1.5,1.375],"texture":"#0"},"down":{"uv":[1.5,1,1.875,1.375],"rotation":180,"texture":"#0"}}}],"gui_light":"front","display":{"thirdperson_righthand":{"rotation":[67.5,0,0],"translation":[0,1.5,1],"scale":[0.15492,0.15492,0.15492]},"thirdperson_lefthand":{"rotation":[67.5,0,0],"translation":[0,1.5,1],"scale":[0.15492,0.15492,0.15492]},"firstperson_righthand":{"rotation":[0,180,0],"translation":[0.5,7.5,0],"scale":[0.27227,0.27227,0.27227]},"firstperson_lefthand":{"rotation":[0,180,0],"translation":[0.5,7.5,0],"scale":[0.27227,0.27227,0.27227]},"ground":{"translation":[0,9,0],"scale":[0.3,0.3,0.3]},"gui":{"rotation":[30,135,0],"translation":[0,2.5,0],"scale":[0.34766,0.34766,0.34766]},"head":{"rotation":[0,-180,0],"translation":[0,-3.15,0],"scale":[1.6,1.6,1.6]},"fixed":{"rotation":[-90,0,0],"translation":[0,0,-50.5],"scale":[2,2,2]}},"groups":[{"name":"group","origin":[19.04127,11.5,1.54799],"color":0,"children":[0,1,2,3,4,5,6,7]},{"name":"group","origin":[8,8,8],"color":0,"children":[{"name":"group","origin":[19,26.75,2.5],"color":0,"children":[8,9,10]},{"name":"group","origin":[19,26.75,2.5],"color":0,"children":[11,12,13]},{"name":"group","origin":[19,26.75,2.5],"color":0,"children":[14,15,16]},{"name":"group","origin":[19,26.75,2.5],"color":0,"children":[17,18,19]}]},{"name":"group","origin":[8,8,8],"color":0,"children":[{"name":"group","origin":[19,26.75,2.5],"color":0,"children":[20,21,22]},{"name":"group","origin":[19,26.75,2.5],"color":0,"children":[23,24,25]},{"name":"group","origin":[19,26.75,2.5],"color":0,"children":[26,27,28]},{"name":"group","origin":[19,26.75,2.5],"color":0,"children":[29,30,31]}]},{"name":"group","origin":[8,-15.03033,8],"color":0,"children":[32,33,34,35,36,37,38,39,40,41,{"name":"group","origin":[3.5,4.25,3.5],"color":0,"children":[42,43,44,45,46,47,48,49,50]},51,52,53,54,55,56,57,58,59,60,61,62]},{"name":"group","origin":[19.04127,11.5,1.54799],"color":0,"children":[63,64,65,66,67,68,69,70]},{"name":"group","origin":[19.04127,11.5,1.54799],"color":0,"children":[71,72,73,74,75,76,77,78]},{"name":"group","origin":[19.04127,11.5,1.54799],"color":0,"children":[79,80,81,82,83,84,85,86]},{"name":"group","origin":[0,0,0],"color":0,"children":[87,88,89,90,91,92,93,94,95,96,97,98,99,100,101,102,103,104,105,106,107,108,109,110,{"name":"group","origin":[1.75,6,7.25],"color":0,"children":[111,112,113,114,115,116,117,118,119,120,121,122,123,124,125,126]},{"name":"group","origin":[1.75,6,7.25],"color":0,"children":[127,128,129,130,131,132]},133,134,135,136]},{"name":"group","origin":[0,0,0],"color":0,"children":[137,138,139,140,141,142,143,144,145,146,147,148,149,150,151]}]}