{"credit":"MadewithBlockbench","texture_size":[64,64],"textures":{"0":"elitecreatures:dwaeven_decoration_v1/12_smithy_themed_kitchen_texture","particle":"elitecreatures:dwaeven_decoration_v1/12_smithy_themed_kitchen_texture"},"elements":[{"from":[0,0,0],"to":[4,16,4],"faces":{"north":{"uv":[4,7.5,3,11.5],"texture":"#0"},"east":{"uv":[4,7.5,3,11.5],"texture":"#0"},"south":{"uv":[4,7.5,3,11.5],"texture":"#0"},"west":{"uv":[3,7.5,4,11.5],"texture":"#0"},"up":{"uv":[7,7.5,6,6.5],"texture":"#0"},"down":{"uv":[13,6,12,7],"texture":"#0"}}},{"from":[4,14,0],"to":[12,16,4],"faces":{"north":{"uv":[11.75,12,13.75,12.5],"texture":"#0"},"east":{"uv":[13,6.5,14,7],"texture":"#0"},"south":{"uv":[13.75,12,11.75,12.5],"texture":"#0"},"west":{"uv":[13,7,14,7.5],"texture":"#0"},"up":{"uv":[6,7.5,4,6.5],"texture":"#0"},"down":{"uv":[13.5,1,11.5,2],"texture":"#0"}}},{"from":[4,0,0.5],"to":[12,14,0.5],"rotation":{"angle":0,"axis":"y","origin":[8,7,8]},"faces":{"north":{"uv":[3.9375,0,5.9375,3.5],"texture":"#0"},"east":{"uv":[0,0,0,3.5],"texture":"#0"},"south":{"uv":[5.9375,0,3.9375,3.5],"texture":"#0"},"west":{"uv":[0,0,0,3.5],"texture":"#0"},"up":{"uv":[2,0,0,0],"texture":"#0"},"down":{"uv":[2,0,0,0],"texture":"#0"}}},{"from":[4,0,15.5],"to":[12,14,15.5],"rotation":{"angle":0,"axis":"y","origin":[8,7,8]},"faces":{"north":{"uv":[3.9375,0,5.9375,3.5],"texture":"#0"},"east":{"uv":[0,0,0,3.5],"texture":"#0"},"south":{"uv":[5.9375,0,3.9375,3.5],"texture":"#0"},"west":{"uv":[0,0,0,3.5],"texture":"#0"},"up":{"uv":[2,0,0,0],"texture":"#0"},"down":{"uv":[2,0,0,0],"texture":"#0"}}},{"from":[0.5,0,4],"to":[0.5,14,12],"rotation":{"angle":0,"axis":"y","origin":[8,7,8]},"faces":{"north":{"uv":[0,0,0,3.5],"texture":"#0"},"east":{"uv":[5.9375,0,3.9375,3.5],"texture":"#0"},"south":{"uv":[0,0,0,3.5],"texture":"#0"},"west":{"uv":[3.9375,0,5.9375,3.5],"texture":"#0"},"up":{"uv":[2,0,0,0],"rotation":270,"texture":"#0"},"down":{"uv":[2,0,0,0],"rotation":90,"texture":"#0"}}},{"from":[15.5,0,4],"to":[15.5,14,12],"rotation":{"angle":0,"axis":"y","origin":[8,7,8]},"faces":{"north":{"uv":[0,0,0,3.5],"texture":"#0"},"east":{"uv":[5.9375,0,3.9375,3.5],"texture":"#0"},"south":{"uv":[0,0,0,3.5],"texture":"#0"},"west":{"uv":[3.9375,0,5.9375,3.5],"texture":"#0"},"up":{"uv":[2,0,0,0],"rotation":270,"texture":"#0"},"down":{"uv":[2,0,0,0],"rotation":90,"texture":"#0"}}},{"from":[12,0,0],"to":[16,16,4],"faces":{"north":{"uv":[3,7.5,4,11.5],"texture":"#0"},"east":{"uv":[3,7.5,4,11.5],"texture":"#0"},"south":{"uv":[3,7.5,4,11.5],"texture":"#0"},"west":{"uv":[4,7.5,3,11.5],"texture":"#0"},"up":{"uv":[4,7.5,3,6.5],"texture":"#0"},"down":{"uv":[13,8,12,9],"texture":"#0"}}},{"from":[12,0,12],"to":[16,16,16],"rotation":{"angle":0,"axis":"y","origin":[0,0,16]},"faces":{"north":{"uv":[4,7.5,3,11.5],"texture":"#0"},"east":{"uv":[4,7.5,3,11.5],"texture":"#0"},"south":{"uv":[4,7.5,3,11.5],"texture":"#0"},"west":{"uv":[3,7.5,4,11.5],"texture":"#0"},"up":{"uv":[13,7,12,8],"texture":"#0"},"down":{"uv":[13,9,12,8],"texture":"#0"}}},{"from":[4,14,12],"to":[12,16,16],"rotation":{"angle":0,"axis":"y","origin":[0,0,16]},"faces":{"north":{"uv":[13.75,12,11.75,12.5],"texture":"#0"},"east":{"uv":[14,6.5,13,7],"texture":"#0"},"south":{"uv":[13.75,12,11.75,12.5],"texture":"#0"},"west":{"uv":[14,7,13,7.5],"texture":"#0"},"up":{"uv":[13.5,0,11.5,1],"texture":"#0"},"down":{"uv":[13.5,2,11.5,1],"texture":"#0"}}},{"from":[0,14,4],"to":[4,16,12],"rotation":{"angle":0,"axis":"y","origin":[8,15,8]},"faces":{"north":{"uv":[13,6.5,14,7],"texture":"#0"},"east":{"uv":[13.75,12,11.75,12.5],"texture":"#0"},"south":{"uv":[13,7,14,7.5],"texture":"#0"},"west":{"uv":[11.75,12,13.75,12.5],"texture":"#0"},"up":{"uv":[6.875,6.5,4.875,5.5],"rotation":270,"texture":"#0"},"down":{"uv":[13.5,1,11.5,2],"rotation":90,"texture":"#0"}}},{"from":[8,15.25,9],"to":[8,18.25,14],"rotation":{"angle":0,"axis":"y","origin":[8,17.5,8]},"faces":{"north":{"uv":[0,0,0,0.75],"texture":"#0"},"east":{"uv":[1.25,3.75,0,4.5],"texture":"#0"},"south":{"uv":[0,0,0,0.75],"texture":"#0"},"west":{"uv":[0,3.75,1.25,4.5],"texture":"#0"},"up":{"uv":[1.25,0,0,0],"rotation":270,"texture":"#0"},"down":{"uv":[1.25,0,0,0],"rotation":90,"texture":"#0"}}},{"from":[8,15.25,2],"to":[8,18.25,7],"rotation":{"angle":0,"axis":"y","origin":[8,17.5,8]},"faces":{"north":{"uv":[0,0,0,0.75],"texture":"#0"},"east":{"uv":[0,3.75,1.25,4.5],"texture":"#0"},"south":{"uv":[0,0,0,0.75],"texture":"#0"},"west":{"uv":[1.25,3.75,0,4.5],"texture":"#0"},"up":{"uv":[0,0,1.25,0],"rotation":270,"texture":"#0"},"down":{"uv":[0,0,1.25,0],"rotation":90,"texture":"#0"}}},{"from":[9,15.25,8],"to":[14,18.25,8],"rotation":{"angle":0,"axis":"y","origin":[8,17.5,8]},"faces":{"north":{"uv":[1.25,3.75,0,4.5],"texture":"#0"},"east":{"uv":[0,0,0,0.75],"texture":"#0"},"south":{"uv":[0,3.75,1.25,4.5],"texture":"#0"},"west":{"uv":[0,0,0,0.75],"texture":"#0"},"up":{"uv":[0,0,1.25,0],"texture":"#0"},"down":{"uv":[0,0,1.25,0],"texture":"#0"}}},{"from":[2,15.25,8],"to":[7,18.25,8],"rotation":{"angle":0,"axis":"y","origin":[8,17.5,8]},"faces":{"north":{"uv":[0,3.75,1.25,4.5],"texture":"#0"},"east":{"uv":[0,0,0,0.75],"texture":"#0"},"south":{"uv":[1.25,3.75,0,4.5],"texture":"#0"},"west":{"uv":[0,0,0,0.75],"texture":"#0"},"up":{"uv":[1.25,0,0,0],"texture":"#0"},"down":{"uv":[1.25,0,0,0],"texture":"#0"}}},{"from":[12,14,4],"to":[16,16,12],"rotation":{"angle":0,"axis":"y","origin":[8,15,8]},"faces":{"north":{"uv":[14,6.5,13,7],"texture":"#0"},"east":{"uv":[13.75,12,11.75,12.5],"texture":"#0"},"south":{"uv":[14,7,13,7.5],"texture":"#0"},"west":{"uv":[13.75,12,11.75,12.5],"texture":"#0"},"up":{"uv":[6.625,3.875,4.625,4.875],"rotation":270,"texture":"#0"},"down":{"uv":[13.5,2,11.5,1],"rotation":90,"texture":"#0"}}},{"from":[0,0,12],"to":[4,16,16],"rotation":{"angle":0,"axis":"y","origin":[0,0,16]},"faces":{"north":{"uv":[4,7.5,3,11.5],"texture":"#0"},"east":{"uv":[3,7.5,4,11.5],"texture":"#0"},"south":{"uv":[3,7.5,4,11.5],"texture":"#0"},"west":{"uv":[4,7.5,3,11.5],"texture":"#0"},"up":{"uv":[13,5,12,6],"texture":"#0"},"down":{"uv":[13,7,12,6],"texture":"#0"}}},{"from":[1,0,1],"to":[15,15,15],"faces":{"north":{"uv":[0,0,3.5,3.75],"texture":"#0"},"east":{"uv":[0,0,3.5,3.75],"texture":"#0"},"south":{"uv":[0,0,3.5,3.75],"texture":"#0"},"west":{"uv":[0,0,3.5,3.75],"texture":"#0"},"up":{"uv":[10.5,3.5,7,0],"texture":"#0"},"down":{"uv":[10.5,3.5,7,7],"texture":"#0"}}},{"from":[4.5,15,4.5],"to":[11.5,17,11.5],"faces":{"north":{"uv":[13,6,14.75,6.5],"texture":"#0"},"east":{"uv":[13,6,14.75,6.5],"texture":"#0"},"south":{"uv":[13,6,14.75,6.5],"texture":"#0"},"west":{"uv":[13,6,14.75,6.5],"texture":"#0"},"up":{"uv":[10.75,12.75,9,11],"texture":"#0"},"down":{"uv":[1.75,11.5,0,13.25],"texture":"#0"}}},{"from":[5,18.25,4.75],"to":[11,24.25,10.75],"faces":{"north":{"uv":[2.75,3.75,4.25,5.25],"texture":"#0"},"east":{"uv":[2.75,3.75,4.25,5.25],"texture":"#0"},"south":{"uv":[2.75,3.75,4.25,5.25],"texture":"#0"},"west":{"uv":[2.75,3.75,4.25,5.25],"texture":"#0"},"up":{"uv":[1.5,8.25,0,6.75],"texture":"#0"},"down":{"uv":[3,6.75,1.5,8.25],"texture":"#0"}}},{"from":[5.5,24.25,5.25],"to":[10.5,25.25,10.25],"rotation":{"angle":0,"axis":"y","origin":[8,24.75,7.75]},"faces":{"north":{"uv":[3.5,3.5,4.75,3.75],"rotation":180,"texture":"#0"},"east":{"uv":[3.5,3.5,4.75,3.75],"rotation":180,"texture":"#0"},"south":{"uv":[3.5,3.5,4.75,3.75],"rotation":180,"texture":"#0"},"west":{"uv":[3.5,3.5,4.75,3.75],"rotation":180,"texture":"#0"},"up":{"uv":[8.25,7,7,8.25],"rotation":180,"texture":"#0"},"down":{"uv":[4.25,6.5,3,5.25],"rotation":180,"texture":"#0"}}}],"gui_light":"front","display":{"thirdperson_righthand":{"rotation":[67.5,0,0],"translation":[0,1.5,-0.25],"scale":[0.19758,0.19758,0.19758]},"thirdperson_lefthand":{"rotation":[67.5,0,0],"translation":[0,1.5,-0.25],"scale":[0.19758,0.19758,0.19758]},"firstperson_righthand":{"translation":[1.75,2.75,0],"scale":[0.25711,0.25711,0.25711]},"firstperson_lefthand":{"translation":[1.75,2.75,0],"scale":[0.25711,0.25711,0.25711]},"ground":{"translation":[0,6,0],"scale":[0.4,0.4,0.4]},"gui":{"rotation":[30,135,0],"translation":[0,-1,0],"scale":[0.51664,0.51664,0.51664]},"head":{"rotation":[0,180,0],"translation":[0,-30.4,0],"scale":[1.6,1.6,1.6]},"fixed":{"rotation":[-90,0,0],"translation":[0,0,-16],"scale":[2,2,2]}}}