{"credit":"Made with Blockbench","texture_size":[64,64],"textures":{"3":"medieval_rpg:adventurers_belongings"},"elements":[{"from":[1,0,5],"to":[9,6,13],"rotation":{"angle":0,"axis":"y","origin":[-1,0,3]},"faces":{"north":{"uv":[6,5,8,6.5],"texture":"#3"},"east":{"uv":[6,5,8,6.5],"texture":"#3"},"south":{"uv":[6,5,8,6.5],"texture":"#3"},"west":{"uv":[6,5,8,6.5],"texture":"#3"},"up":{"uv":[6,6.5,4,4.5],"texture":"#3"},"down":{"uv":[6,4.5,4,6.5],"texture":"#3"}}},{"from":[0.9,6.1,5],"to":[5,6.1,13],"rotation":{"angle":0,"axis":"y","origin":[-1,0,3]},"faces":{"north":{"uv":[0,0,1,0],"texture":"#3"},"east":{"uv":[0,0,2,0],"texture":"#3"},"south":{"uv":[0,0,1,0],"texture":"#3"},"west":{"uv":[0,0,2,0],"texture":"#3"},"up":{"uv":[10,10.25,9,8.25],"texture":"#3"},"down":{"uv":[10.25,2.5,9.25,4.5],"texture":"#3"}}},{"from":[-1.1,6.1,5],"to":[4,6.1,13],"rotation":{"angle":-22.5,"axis":"z","origin":[3.95,6.1,9]},"faces":{"north":{"uv":[0,0,1.25,0],"texture":"#3"},"east":{"uv":[0,0,2,0],"texture":"#3"},"south":{"uv":[0,0,1.25,0],"texture":"#3"},"west":{"uv":[0,0,2,0],"texture":"#3"},"up":{"uv":[3.25,10,2,8],"texture":"#3"},"down":{"uv":[3.25,8,2,10],"texture":"#3"}}},{"from":[0.9,3.1,5],"to":[0.9,6.1,13],"rotation":{"angle":0,"axis":"y","origin":[-1,0,3]},"faces":{"north":{"uv":[0,0,0,0.75],"texture":"#3"},"east":{"uv":[9.75,7,11.75,7.75],"texture":"#3"},"south":{"uv":[0,0,0,0.75],"texture":"#3"},"west":{"uv":[1.25,10,3.25,10.75],"texture":"#3"},"up":{"uv":[0,2,0,0],"texture":"#3"},"down":{"uv":[0,0,0,2],"texture":"#3"}}},{"from":[3.5,6,7.5],"to":[6.5,8,10.5],"rotation":{"angle":0,"axis":"y","origin":[-1,0,3]},"faces":{"north":{"uv":[1.25,9.5,2,10],"texture":"#3"},"east":{"uv":[6,10.75,6.75,11.25],"texture":"#3"},"south":{"uv":[6.75,10.75,7.5,11.25],"texture":"#3"},"west":{"uv":[7.5,10.75,8.25,11.25],"texture":"#3"},"up":{"uv":[2,11.5,1.25,10.75],"texture":"#3"},"down":{"uv":[2.75,10.75,2,11.5],"texture":"#3"}}},{"from":[3.4,6,7.4],"to":[6.6,8,10.6],"rotation":{"angle":0,"axis":"y","origin":[-1,0,3]},"faces":{"north":{"uv":[8.25,10.75,9,11.25],"texture":"#3"},"east":{"uv":[9,10.75,9.75,11.25],"texture":"#3"},"south":{"uv":[2.75,11,3.5,11.5],"texture":"#3"},"west":{"uv":[3.5,11,4.25,11.5],"texture":"#3"},"up":{"uv":[5.25,11.5,4.5,10.75],"texture":"#3"},"down":{"uv":[6,10.75,5.25,11.5],"texture":"#3"}}},{"from":[2.5,8,6.5],"to":[7.5,10,11.5],"rotation":{"angle":-22.5,"axis":"z","origin":[3.5,8,9]},"faces":{"north":{"uv":[4.5,10.25,5.75,10.75],"texture":"#3"},"east":{"uv":[5.75,10.25,7,10.75],"texture":"#3"},"south":{"uv":[8.5,10.25,9.75,10.75],"texture":"#3"},"west":{"uv":[0,10.75,1.25,11.25],"texture":"#3"},"up":{"uv":[1.25,10.75,0,9.5],"texture":"#3"},"down":{"uv":[8.5,9.5,7.25,10.75],"texture":"#3"}}},{"from":[9.8,0,0.8],"to":[17.8,5,9.8],"rotation":{"angle":22.5,"axis":"y","origin":[7.8,3.2,7]},"faces":{"north":{"uv":[3.25,8,5.25,9.25],"texture":"#3"},"east":{"uv":[8,0,10.25,1.25],"texture":"#3"},"south":{"uv":[8,4.5,10,5.75],"texture":"#3"},"west":{"uv":[10.25,0,8,1.25],"texture":"#3"},"up":{"uv":[6,2.25,4,0],"texture":"#3"},"down":{"uv":[6,0,4,2.25],"texture":"#3"}}},{"from":[6.77903,5.1,-1.43163],"to":[14.97903,5.1,2.66837],"rotation":{"angle":22.5,"axis":"y","origin":[11.69774,3.85,-1.40816]},"faces":{"north":{"uv":[0,0,2,0],"texture":"#3"},"east":{"uv":[0,0,1,0],"texture":"#3"},"south":{"uv":[0,0,2,0],"texture":"#3"},"west":{"uv":[0,0,1,0],"texture":"#3"},"up":{"uv":[5.25,10.25,3.25,9.25],"texture":"#3"},"down":{"uv":[7.25,9.25,5.25,10.25],"texture":"#3"}}},{"from":[6.83237,0.1,-1.11654],"to":[15.03237,5.1,-1.11654],"rotation":{"angle":22.5,"axis":"y","origin":[10.93237,2.6,-1.11654]},"faces":{"north":{"uv":[5.25,8,7.25,9.25],"texture":"#3"},"east":{"uv":[0,0,0,1.25],"texture":"#3"},"south":{"uv":[8,5.75,10,7],"texture":"#3"},"west":{"uv":[0,0,0,1.25],"texture":"#3"},"up":{"uv":[2,0,0,0],"texture":"#3"},"down":{"uv":[2,0,0,0],"texture":"#3"}}},{"from":[6.77903,0.1,-1.43163],"to":[6.77903,5.1,2.56837],"rotation":{"angle":22.5,"axis":"y","origin":[11.69774,3.85,-1.40816]},"faces":{"north":{"uv":[0,0,0,1.25],"texture":"#3"},"east":{"uv":[10,8.5,11,9.75],"texture":"#3"},"south":{"uv":[0,0,0,1.25],"texture":"#3"},"west":{"uv":[10,9.75,11,11],"texture":"#3"},"up":{"uv":[0,1,0,0],"texture":"#3"},"down":{"uv":[0,0,0,1],"texture":"#3"}}},{"from":[14.97903,0.1,-1.43163],"to":[14.97903,5.1,2.56837],"rotation":{"angle":22.5,"axis":"y","origin":[11.69774,3.85,-1.40816]},"faces":{"north":{"uv":[0,0,0,1.25],"texture":"#3"},"east":{"uv":[10.25,0,11.25,1.25],"texture":"#3"},"south":{"uv":[0,0,0,1.25],"texture":"#3"},"west":{"uv":[10.25,1.25,11.25,2.5],"texture":"#3"},"up":{"uv":[0,1,0,0],"texture":"#3"},"down":{"uv":[0,0,0,1],"texture":"#3"}}},{"from":[5.8,0.1,-3.2],"to":[21.8,0.1,9.8],"rotation":{"angle":22.5,"axis":"y","origin":[7.8,3.2,7]},"faces":{"north":{"uv":[0,0,4,0],"texture":"#3"},"east":{"uv":[0,0,3.25,0],"texture":"#3"},"south":{"uv":[0,0,4,0],"texture":"#3"},"west":{"uv":[0,0,3.25,0],"texture":"#3"},"up":{"uv":[4,3.25,0,0],"texture":"#3"},"down":{"uv":[4,3.25,0,6.5],"texture":"#3"}}},{"from":[10,0,11],"to":[18,3,13],"faces":{"north":{"uv":[10,4.5,12,5.25],"texture":"#3"},"east":{"uv":[8.5,9.5,9,10.25],"texture":"#3"},"south":{"uv":[10,5.25,12,6],"texture":"#3"},"west":{"uv":[11,8.5,11.5,9.25],"texture":"#3"},"up":{"uv":[12.25,3,10.25,2.5],"texture":"#3"},"down":{"uv":[12.25,2.5,10.25,3],"texture":"#3"}}},{"from":[10,3.01,13],"to":[18,3.01,19],"faces":{"north":{"uv":[0,0,2,0],"texture":"#3"},"east":{"uv":[0,0,1.5,0],"texture":"#3"},"south":{"uv":[0,0,2,0],"texture":"#3"},"west":{"uv":[0,0,1.5,0],"texture":"#3"},"up":{"uv":[4,8,2,6.5],"texture":"#3"},"down":{"uv":[4,6.5,2,8],"texture":"#3"}}},{"from":[10,0.01,13],"to":[18,0.01,19],"faces":{"north":{"uv":[0,0,2,0],"texture":"#3"},"east":{"uv":[0,0,1.5,0],"texture":"#3"},"south":{"uv":[0,0,2,0],"texture":"#3"},"west":{"uv":[0,0,1.5,0],"texture":"#3"},"up":{"uv":[8,8,6,6.5],"texture":"#3"},"down":{"uv":[4,6.5,2,8],"texture":"#3"}}},{"from":[10.5,0,13],"to":[17.5,3,18],"faces":{"north":{"uv":[10,6,11.75,6.75],"texture":"#3"},"east":{"uv":[3.25,10.25,4.5,11],"texture":"#3"},"south":{"uv":[10,7.75,11.75,8.5],"texture":"#3"},"west":{"uv":[10.25,3.5,11.5,4.25],"texture":"#3"},"up":{"uv":[9.75,8.25,8,7],"texture":"#3"},"down":{"uv":[9,8.25,7.25,9.5],"texture":"#3"}}},{"from":[10,6.05,11],"to":[18,9.05,13],"rotation":{"angle":0,"axis":"y","origin":[14,7.56,14]},"faces":{"north":{"uv":[10,4.5,12,5.25],"texture":"#3"},"east":{"uv":[8.5,9.5,9,10.25],"texture":"#3"},"south":{"uv":[10,5.25,12,6],"texture":"#3"},"west":{"uv":[11,8.5,11.5,9.25],"texture":"#3"},"up":{"uv":[12.25,3,10.25,2.5],"texture":"#3"},"down":{"uv":[12.25,2.5,10.25,3],"texture":"#3"}}},{"from":[10,9.06,13],"to":[18,9.06,19],"rotation":{"angle":0,"axis":"y","origin":[14,7.56,14]},"faces":{"north":{"uv":[0,0,2,0],"texture":"#3"},"east":{"uv":[0,0,1.5,0],"texture":"#3"},"south":{"uv":[0,0,2,0],"texture":"#3"},"west":{"uv":[0,0,1.5,0],"texture":"#3"},"up":{"uv":[4,8,2,6.5],"texture":"#3"},"down":{"uv":[4,6.5,2,8],"texture":"#3"}}},{"from":[10,6.06,13],"to":[18,6.06,19],"rotation":{"angle":0,"axis":"y","origin":[14,7.56,14]},"faces":{"north":{"uv":[0,0,2,0],"texture":"#3"},"east":{"uv":[0,0,1.5,0],"texture":"#3"},"south":{"uv":[0,0,2,0],"texture":"#3"},"west":{"uv":[0,0,1.5,0],"texture":"#3"},"up":{"uv":[8,8,6,6.5],"texture":"#3"},"down":{"uv":[4,6.5,2,8],"texture":"#3"}}},{"from":[10.5,6.05,13],"to":[17.5,9.05,18],"rotation":{"angle":0,"axis":"y","origin":[14,7.56,14]},"faces":{"north":{"uv":[10,6,11.75,6.75],"texture":"#3"},"east":{"uv":[3.25,10.25,4.5,11],"texture":"#3"},"south":{"uv":[10,7.75,11.75,8.5],"texture":"#3"},"west":{"uv":[10.25,3.5,11.5,4.25],"texture":"#3"},"up":{"uv":[9.75,8.25,8,7],"texture":"#3"},"down":{"uv":[9,8.25,7.25,9.5],"texture":"#3"}}},{"from":[10,3.025,11],"to":[18,6.025,13],"rotation":{"angle":45,"axis":"y","origin":[14,4.51,14]},"faces":{"north":{"uv":[10,4.5,12,5.25],"texture":"#3"},"east":{"uv":[8.5,9.5,9,10.25],"texture":"#3"},"south":{"uv":[10,5.25,12,6],"texture":"#3"},"west":{"uv":[11,8.5,11.5,9.25],"texture":"#3"},"up":{"uv":[12.25,3,10.25,2.5],"texture":"#3"},"down":{"uv":[12.25,2.5,10.25,3],"texture":"#3"}}},{"from":[10,6.035,13],"to":[18,6.035,19],"rotation":{"angle":45,"axis":"y","origin":[14,4.51,14]},"faces":{"north":{"uv":[0,0,2,0],"texture":"#3"},"east":{"uv":[0,0,1.5,0],"texture":"#3"},"south":{"uv":[0,0,2,0],"texture":"#3"},"west":{"uv":[0,0,1.5,0],"texture":"#3"},"up":{"uv":[4,8,2,6.5],"texture":"#3"},"down":{"uv":[4,6.5,2,8],"texture":"#3"}}},{"from":[10,3.035,13],"to":[18,3.035,19],"rotation":{"angle":45,"axis":"y","origin":[14,4.51,14]},"faces":{"north":{"uv":[0,0,2,0],"texture":"#3"},"east":{"uv":[0,0,1.5,0],"texture":"#3"},"south":{"uv":[0,0,2,0],"texture":"#3"},"west":{"uv":[0,0,1.5,0],"texture":"#3"},"up":{"uv":[8,8,6,6.5],"texture":"#3"},"down":{"uv":[4,6.5,2,8],"texture":"#3"}}},{"from":[10.5,3.025,13],"to":[17.5,6.025,18],"rotation":{"angle":45,"axis":"y","origin":[14,4.51,14]},"faces":{"north":{"uv":[10,6,11.75,6.75],"texture":"#3"},"east":{"uv":[3.25,10.25,4.5,11],"texture":"#3"},"south":{"uv":[10,7.75,11.75,8.5],"texture":"#3"},"west":{"uv":[10.25,3.5,11.5,4.25],"texture":"#3"},"up":{"uv":[9.75,8.25,8,7],"texture":"#3"},"down":{"uv":[9,8.25,7.25,9.5],"texture":"#3"}}}],"gui_light":"front","display":{"ground":{"translation":[-2.25,3,0],"scale":[0.25,0.25,0.25]},"gui":{"translation":[-1.5,0,0],"scale":[0.7,0.7,0.7]},"fixed":{"rotation":[-90,0,0],"translation":[0,0,-16],"scale":[2,2,2]}},"groups":[{"name":"root","origin":[8,8,8],"color":0,"nbt":"{}","children":[{"name":"sack","origin":[8,8,8],"color":0,"nbt":"{}","children":[0,1,2,3,4,5,6]},{"name":"bag","origin":[8,8,8],"color":0,"nbt":"{}","children":[7,8,9,10,11,12]},{"name":"book","origin":[8,8,8],"color":0,"nbt":"{}","children":[13,14,15,16]},{"name":"book","origin":[8,8,8],"color":0,"nbt":"{}","children":[17,18,19,20]},{"name":"book","origin":[8,8,8],"color":0,"nbt":"{}","children":[21,22,23,24]}]}]}