{"credit":"Made with Blockbench","texture_size":[128,128],"textures":{"3":"medieval_rpg:fancy_table"},"elements":[{"from":[-7,14,-7],"to":[23,16,23],"rotation":{"angle":0,"axis":"y","origin":[0,0,2]},"faces":{"north":{"uv":[3.75,4.5,7.5,4.75],"texture":"#3"},"east":{"uv":[4.75,0,8.5,0.25],"texture":"#3"},"south":{"uv":[4.75,0.25,8.5,0.5],"texture":"#3"},"west":{"uv":[4.75,0.5,8.5,0.75],"texture":"#3"},"up":{"uv":[3.75,3.75,0,0],"texture":"#3"},"down":{"uv":[3.75,3.75,0,7.5],"texture":"#3"}}},{"from":[6,-4,2],"to":[10,14,6],"rotation":{"angle":22.5,"axis":"x","origin":[8,14,6]},"faces":{"north":{"uv":[3.75,0,4.25,2.25],"texture":"#3"},"east":{"uv":[4.25,0,3.75,2.25],"texture":"#3"},"south":{"uv":[3.75,0,4.25,2.25],"texture":"#3"},"west":{"uv":[4.25,0,3.75,2.25],"texture":"#3"},"up":{"uv":[5.25,1.25,4.75,0.75],"texture":"#3"},"down":{"uv":[5.25,1.25,4.75,1.75],"texture":"#3"}}},{"from":[9,-4,6],"to":[13,14,10],"rotation":{"angle":22.5,"axis":"z","origin":[9,14,6]},"faces":{"north":{"uv":[4.25,0,3.75,2.25],"texture":"#3"},"east":{"uv":[3.75,0,4.25,2.25],"texture":"#3"},"south":{"uv":[4.25,0,3.75,2.25],"texture":"#3"},"west":{"uv":[3.75,0,4.25,2.25],"texture":"#3"},"up":{"uv":[5.25,1.25,4.75,0.75],"rotation":90,"texture":"#3"},"down":{"uv":[5.25,1.25,4.75,1.75],"rotation":270,"texture":"#3"}}},{"from":[6,-4,10],"to":[10,14,14],"rotation":{"angle":-22.5,"axis":"x","origin":[8,14,10]},"faces":{"north":{"uv":[3.75,0,4.25,2.25],"texture":"#3"},"east":{"uv":[4.25,0,3.75,2.25],"texture":"#3"},"south":{"uv":[3.75,0,4.25,2.25],"texture":"#3"},"west":{"uv":[4.25,0,3.75,2.25],"texture":"#3"},"up":{"uv":[4.75,0.75,5.25,1.25],"texture":"#3"},"down":{"uv":[4.75,1.75,5.25,1.25],"texture":"#3"}}},{"from":[3,-4,6],"to":[7,14,10],"rotation":{"angle":-22.5,"axis":"z","origin":[7,14,10]},"faces":{"north":{"uv":[4.25,0,3.75,2.25],"texture":"#3"},"east":{"uv":[3.75,0,4.25,2.25],"texture":"#3"},"south":{"uv":[4.25,0,3.75,2.25],"texture":"#3"},"west":{"uv":[3.75,0,4.25,2.25],"texture":"#3"},"up":{"uv":[4.75,0.75,5.25,1.25],"rotation":90,"texture":"#3"},"down":{"uv":[4.75,1.75,5.25,1.25],"rotation":270,"texture":"#3"}}}],"gui_light":"front","display":{"ground":{"translation":[0,3,0],"scale":[0.25,0.25,0.25]},"gui":{"rotation":[27,146,0],"translation":[-0.5,-0.5,0],"scale":[0.4,0.4,0.4]},"fixed":{"rotation":[-90,0,0],"translation":[0,0,-16],"scale":[2,2,2]}},"groups":[{"name":"root","origin":[8,8,8],"color":0,"nbt":"{}","children":[0,1,2,3,4]}]}