{"credit":"Made with Blockbench","texture_size":[128,128],"textures":{"1":"elitecreatures:livingroom_furniture_v1/livingroom_cupboard"},"elements":[{"from":[-16,14,0],"to":[32,16,8],"rotation":{"angle":0,"axis":"y","origin":[7,1,8]},"faces":{"north":{"uv":[1,5.25,7,5.5],"texture":"#1"},"east":{"uv":[0,5.25,1,5.5],"texture":"#1"},"south":{"uv":[8,5.25,14,5.5],"texture":"#1"},"west":{"uv":[7,5.25,8,5.5],"texture":"#1"},"up":{"uv":[7,5.25,1,4.25],"texture":"#1"},"down":{"uv":[13,4.25,7,5.25],"texture":"#1"}}},{"from":[-16,0,0],"to":[32,2,8],"rotation":{"angle":0,"axis":"y","origin":[8,0,8]},"faces":{"north":{"uv":[1,4,7,4.25],"texture":"#1"},"east":{"uv":[0,4,1,4.25],"texture":"#1"},"south":{"uv":[8,4,14,4.25],"texture":"#1"},"west":{"uv":[7,4,8,4.25],"texture":"#1"},"up":{"uv":[7,4,1,3],"texture":"#1"},"down":{"uv":[13,3,7,4],"texture":"#1"}}},{"from":[30,2,0],"to":[32,14,8],"rotation":{"angle":0,"axis":"y","origin":[8,0,8]},"faces":{"north":{"uv":[3.5,7.5,3.75,9],"texture":"#1"},"east":{"uv":[2.5,7.5,3.5,9],"texture":"#1"},"south":{"uv":[4.75,7.5,5,9],"texture":"#1"},"west":{"uv":[3.75,7.5,4.75,9],"texture":"#1"},"up":{"uv":[3.75,7.5,3.5,6.5],"texture":"#1"},"down":{"uv":[4,6.5,3.75,7.5],"texture":"#1"}}},{"from":[-16,2,0],"to":[-14,14,8],"rotation":{"angle":0,"axis":"y","origin":[8,0,8]},"faces":{"north":{"uv":[1,7.5,1.25,9],"texture":"#1"},"east":{"uv":[0,7.5,1,9],"texture":"#1"},"south":{"uv":[2.25,7.5,2.5,9],"texture":"#1"},"west":{"uv":[1.25,7.5,2.25,9],"texture":"#1"},"up":{"uv":[1.25,7.5,1,6.5],"texture":"#1"},"down":{"uv":[1.5,6.5,1.25,7.5],"texture":"#1"}}},{"from":[-14,7.5,1],"to":[30,8.5,8],"rotation":{"angle":0,"axis":"y","origin":[8,0,8]},"faces":{"north":{"uv":[0.875,6.375,6.375,6.5],"texture":"#1"},"east":{"uv":[0,6.375,0.875,6.5],"texture":"#1"},"south":{"uv":[7.25,6.375,12.75,6.5],"texture":"#1"},"west":{"uv":[6.375,6.375,7.25,6.5],"texture":"#1"},"up":{"uv":[6.375,6.375,0.875,5.5],"texture":"#1"},"down":{"uv":[11.875,5.5,6.375,6.375],"texture":"#1"}}},{"from":[-16,0,8],"to":[32,16,16],"rotation":{"angle":0,"axis":"y","origin":[8,0,8]},"faces":{"north":{"uv":[1,1,7,3],"texture":"#1"},"east":{"uv":[0,1,1,3],"texture":"#1"},"south":{"uv":[8,1,14,3],"texture":"#1"},"west":{"uv":[7,1,8,3],"texture":"#1"},"up":{"uv":[7,1,1,0],"texture":"#1"},"down":{"uv":[13,0,7,1],"texture":"#1"}}},{"from":[-9,8.5,3],"to":[-4,12.5,8],"rotation":{"angle":0,"axis":"y","origin":[-16,-0.5,6]},"faces":{"north":{"uv":[10.625,7.125,11.25,7.625],"texture":"#1"},"east":{"uv":[10,7.125,10.625,7.625],"texture":"#1"},"south":{"uv":[11.875,7.125,12.5,7.625],"texture":"#1"},"west":{"uv":[11.25,7.125,11.875,7.625],"texture":"#1"},"up":{"uv":[11.25,7.125,10.625,6.5],"texture":"#1"},"down":{"uv":[11.875,6.5,11.25,7.125],"texture":"#1"}}},{"from":[-14,8.5,3],"to":[-9,13.5,8],"rotation":{"angle":0,"axis":"y","origin":[-16,15.5,6]},"faces":{"north":{"uv":[3.125,9.625,3.75,10.25],"texture":"#1"},"east":{"uv":[2.5,9.625,3.125,10.25],"texture":"#1"},"south":{"uv":[4.375,9.625,5,10.25],"texture":"#1"},"west":{"uv":[3.75,9.625,4.375,10.25],"texture":"#1"},"up":{"uv":[3.75,9.625,3.125,9],"texture":"#1"},"down":{"uv":[4.375,9,3.75,9.625],"texture":"#1"}}},{"from":[27,2,3],"to":[30,7,8],"rotation":{"angle":0,"axis":"y","origin":[8,0,9]},"faces":{"north":{"uv":[2.625,10.875,3,11.5],"texture":"#1"},"east":{"uv":[2,10.875,2.625,11.5],"texture":"#1"},"south":{"uv":[3.625,10.875,4,11.5],"texture":"#1"},"west":{"uv":[3,10.875,3.625,11.5],"texture":"#1"},"up":{"uv":[3,10.875,2.625,10.25],"texture":"#1"},"down":{"uv":[3.375,10.25,3,10.875],"texture":"#1"}}},{"from":[21,2,3],"to":[24,7,8],"rotation":{"angle":0,"axis":"y","origin":[8,0,9]},"faces":{"north":{"uv":[0.625,10.875,1,11.5],"texture":"#1"},"east":{"uv":[0,10.875,0.625,11.5],"texture":"#1"},"south":{"uv":[1.625,10.875,2,11.5],"texture":"#1"},"west":{"uv":[1,10.875,1.625,11.5],"texture":"#1"},"up":{"uv":[1,10.875,0.625,10.25],"texture":"#1"},"down":{"uv":[1.375,10.25,1,10.875],"texture":"#1"}}},{"from":[10,2,3],"to":[17,7,8],"rotation":{"angle":0,"axis":"y","origin":[8,0,9]},"faces":{"north":{"uv":[8.25,7.75,9.125,8.375],"texture":"#1"},"east":{"uv":[7.625,7.75,8.25,8.375],"texture":"#1"},"south":{"uv":[9.75,7.75,10.625,8.375],"texture":"#1"},"west":{"uv":[9.125,7.75,9.75,8.375],"texture":"#1"},"up":{"uv":[9.125,7.75,8.25,7.125],"texture":"#1"},"down":{"uv":[10,7.125,9.125,7.75],"texture":"#1"}}},{"from":[7,2,2],"to":[10,7,8],"rotation":{"angle":0,"axis":"y","origin":[8,0,9]},"faces":{"north":{"uv":[5.75,9.75,6.125,10.375],"texture":"#1"},"east":{"uv":[5,9.75,5.75,10.375],"texture":"#1"},"south":{"uv":[6.875,9.75,7.25,10.375],"texture":"#1"},"west":{"uv":[6.125,9.75,6.875,10.375],"texture":"#1"},"up":{"uv":[6.125,9.75,5.75,9],"texture":"#1"},"down":{"uv":[6.5,9,6.125,9.75],"texture":"#1"}}},{"from":[24,2,2],"to":[27,7,8],"rotation":{"angle":0,"axis":"y","origin":[8,0,9]},"faces":{"north":{"uv":[7.25,10.375,7.625,11],"texture":"#1"},"east":{"uv":[6.5,10.375,7.25,11],"texture":"#1"},"south":{"uv":[8.375,10.375,8.75,11],"texture":"#1"},"west":{"uv":[7.625,10.375,8.375,11],"texture":"#1"},"up":{"uv":[7.625,10.375,7.25,9.625],"texture":"#1"},"down":{"uv":[8,9.625,7.625,10.375],"texture":"#1"}}},{"from":[17,2,2],"to":[21,6,8],"rotation":{"angle":0,"axis":"y","origin":[8,0,9]},"faces":{"north":{"uv":[8,9.125,8.5,9.625],"texture":"#1"},"east":{"uv":[7.25,9.125,8,9.625],"texture":"#1"},"south":{"uv":[9.25,9.125,9.75,9.625],"texture":"#1"},"west":{"uv":[8.5,9.125,9.25,9.625],"texture":"#1"},"up":{"uv":[8.5,9.125,8,8.375],"texture":"#1"},"down":{"uv":[9,8.375,8.5,9.125],"texture":"#1"}}},{"from":[23,8.5,2],"to":[27,12.5,8],"rotation":{"angle":0,"axis":"y","origin":[8,0,9]},"faces":{"north":{"uv":[0.75,9.75,1.25,10.25],"texture":"#1"},"east":{"uv":[0,9.75,0.75,10.25],"texture":"#1"},"south":{"uv":[2,9.75,2.5,10.25],"texture":"#1"},"west":{"uv":[1.25,9.75,2,10.25],"texture":"#1"},"up":{"uv":[1.25,9.75,0.75,9],"texture":"#1"},"down":{"uv":[1.75,9,1.25,9.75],"texture":"#1"}}},{"from":[16,8.5,3],"to":[23,13.5,8],"rotation":{"angle":0,"axis":"y","origin":[8,0,9]},"faces":{"north":{"uv":[5.625,8.375,6.5,9],"texture":"#1"},"east":{"uv":[5,8.375,5.625,9],"texture":"#1"},"south":{"uv":[7.125,8.375,8,9],"texture":"#1"},"west":{"uv":[6.5,8.375,7.125,9],"texture":"#1"},"up":{"uv":[6.5,8.375,5.625,7.75],"texture":"#1"},"down":{"uv":[7.375,7.75,6.5,8.375],"texture":"#1"}}},{"from":[27,8.5,2],"to":[30,13.5,8],"rotation":{"angle":0,"axis":"y","origin":[8,0,9]},"faces":{"north":{"uv":[9.75,9.625,10.125,10.25],"texture":"#1"},"east":{"uv":[9,9.625,9.75,10.25],"texture":"#1"},"south":{"uv":[10.875,9.625,11.25,10.25],"texture":"#1"},"west":{"uv":[10.125,9.625,10.875,10.25],"texture":"#1"},"up":{"uv":[10.125,9.625,9.75,8.875],"texture":"#1"},"down":{"uv":[10.5,8.875,10.125,9.625],"texture":"#1"}}},{"from":[-14,2,3],"to":[-6,7,8],"rotation":{"angle":0,"axis":"y","origin":[8,0,9]},"faces":{"north":{"uv":[5.625,7.125,6.625,7.75],"texture":"#1"},"east":{"uv":[5,7.125,5.625,7.75],"texture":"#1"},"south":{"uv":[7.25,7.125,8.25,7.75],"texture":"#1"},"west":{"uv":[6.625,7.125,7.25,7.75],"texture":"#1"},"up":{"uv":[6.625,7.125,5.625,6.5],"texture":"#1"},"down":{"uv":[7.625,6.5,6.625,7.125],"texture":"#1"}}},{"from":[-3.19605,7.90828,2],"to":[-2.19605,12.90828,7],"rotation":{"angle":22.5,"axis":"z","origin":[-3.44605,10.70828,6.5]},"faces":{"north":{"uv":[9.375,10.875,9.5,11.5],"texture":"#1"},"east":{"uv":[8.75,10.875,9.375,11.5],"texture":"#1"},"south":{"uv":[10.125,10.875,10.25,11.5],"texture":"#1"},"west":{"uv":[9.5,10.875,10.125,11.5],"texture":"#1"},"up":{"uv":[9.5,10.875,9.375,10.25],"texture":"#1"},"down":{"uv":[9.625,10.25,9.5,10.875],"texture":"#1"}}},{"from":[-2.19605,7.35828,3],"to":[-1.19605,12.35828,8],"rotation":{"angle":22.5,"axis":"z","origin":[-3.44605,10.70828,6.5]},"faces":{"north":{"uv":[4.625,10.875,4.75,11.5],"texture":"#1"},"east":{"uv":[4,10.875,4.625,11.5],"texture":"#1"},"south":{"uv":[5.375,10.875,5.5,11.5],"texture":"#1"},"west":{"uv":[4.75,10.875,5.375,11.5],"texture":"#1"},"up":{"uv":[4.75,10.875,4.625,10.25],"texture":"#1"},"down":{"uv":[4.875,10.25,4.75,10.875],"texture":"#1"}}}],"gui_light":"front","display":{"thirdperson_righthand":{"rotation":[67.5,0,0],"translation":[0,1,0],"scale":[0.12109,0.12109,0.12109]},"thirdperson_lefthand":{"rotation":[67.5,0,0],"translation":[0,1,0],"scale":[0.12109,0.12109,0.12109]},"firstperson_righthand":{"translation":[0,2.75,0],"scale":[0.23008,0.23008,0.23008]},"firstperson_lefthand":{"translation":[0,2.75,0],"scale":[0.23008,0.23008,0.23008]},"ground":{"translation":[0,6,0],"scale":[0.3,0.3,0.3]},"gui":{"rotation":[30,135,0],"translation":[0,-0.5,0],"scale":[0.33008,0.33008,0.33008]},"head":{"rotation":[0,180,0],"translation":[0,-30.4,0],"scale":[1.6,1.6,1.6]},"fixed":{"rotation":[-90,0,0],"translation":[0,0,-16],"scale":[2,2,2]}},"groups":[{"name":"bone","origin":[8,0,8],"color":0,"children":[0,1,2,3,4,5,6,7,8,9,10,11,12,13,14,15,16,17,18,19]}]}