{"credit":"Made with Blockbench","textures":{"5":"balloon_entities:entity/glare_balloon/glare"},"elements":[{"from":[5.08,-2.6,4.8],"to":[11.48,-0.2,11.2],"rotation":{"angle":0,"axis":"y","origin":[8.28,-10.6,8]},"faces":{"north":{"uv":[8,0.875,10,1.625],"texture":"#5","tintindex":0},"east":{"uv":[8,1.625,10,2.375],"texture":"#5","tintindex":0},"south":{"uv":[2,8,4,8.75],"texture":"#5","tintindex":0},"west":{"uv":[8,2.375,10,3.125],"texture":"#5","tintindex":0},"up":{"uv":[2,2,0,0],"texture":"#5","tintindex":0},"down":{"uv":[2,2,0,4],"texture":"#5","tintindex":0}}},{"from":[5.08,-0.6,4.8],"to":[11.48,-3,11.2],"rotation":{"angle":0,"axis":"y","origin":[8.28,-10.6,8]},"faces":{"north":{"uv":[8,1.625,10,0.875],"texture":"#5","tintindex":0},"east":{"uv":[8,2.375,10,1.625],"texture":"#5","tintindex":0},"south":{"uv":[2,8.75,4,8],"texture":"#5","tintindex":0},"west":{"uv":[8,3.125,10,2.375],"texture":"#5","tintindex":0},"up":{"uv":[2,2,0,0],"texture":"#5","tintindex":0},"down":{"uv":[2,2,0,4],"texture":"#5","tintindex":0}}},{"from":[5.28,-3.4,7],"to":[11.38,1.8,11.2],"rotation":{"angle":0,"axis":"y","origin":[8.28,-0.82,10.78]},"faces":{"north":{"uv":[6,0,8,1.625],"texture":"#5","tintindex":0},"east":{"uv":[6.125,0,6.875,1.625],"texture":"#5","tintindex":0},"south":{"uv":[13.875,12.375,15.875,14],"texture":"#5","tintindex":0},"west":{"uv":[6.5,0,7.375,1.625],"texture":"#5","tintindex":0},"up":{"uv":[6,9.375,4,9],"texture":"#5","tintindex":0},"down":{"uv":[8,9,6,9.375],"texture":"#5","tintindex":0}}},{"from":[5.08,-3.8,4.8],"to":[11.48,-2.6,11.2],"rotation":{"angle":0,"axis":"y","origin":[8.28,-10.6,8]},"faces":{"north":{"uv":[8.25,8.5,10.25,8.875],"texture":"#5","tintindex":0},"east":{"uv":[2,8.75,4,9.125],"texture":"#5","tintindex":0},"south":{"uv":[0,8.875,2,9.25],"texture":"#5","tintindex":0},"west":{"uv":[8.25,8.875,10.25,9.25],"texture":"#5","tintindex":0},"up":{"uv":[2,6,0,4],"texture":"#5","tintindex":0},"down":{"uv":[6,0,4,2],"texture":"#5","tintindex":0}}},{"from":[5.08,-0.2,4.8],"to":[11.48,2.6,11.2],"rotation":{"angle":0,"axis":"y","origin":[8.28,-10.6,8]},"faces":{"north":{"uv":[7.625,3.25,9.625,4.125],"texture":"#5","tintindex":0},"east":{"uv":[7.625,4.125,9.625,5],"texture":"#5","tintindex":0},"south":{"uv":[0,8,2,8.875],"texture":"#5","tintindex":0},"west":{"uv":[8,0,10,0.875],"texture":"#5","tintindex":0},"up":{"uv":[4,2,2,0],"texture":"#5","tintindex":0},"down":{"uv":[4,2,2,4],"texture":"#5","tintindex":0}}},{"from":[5.08,1.8,4.8],"to":[11.48,-1,11.2],"rotation":{"angle":0,"axis":"y","origin":[8.28,-10.6,8]},"faces":{"north":{"uv":[7.625,4.125,9.625,3.25],"texture":"#5","tintindex":0},"east":{"uv":[7.625,5,9.625,4.125],"texture":"#5","tintindex":0},"south":{"uv":[0,8.875,2,8],"texture":"#5","tintindex":0},"west":{"uv":[8,0.875,10,0],"texture":"#5","tintindex":0},"up":{"uv":[2,2,0,0],"texture":"#5","tintindex":0},"down":{"uv":[4,0,2,2],"texture":"#5","tintindex":0}}},{"from":[5.88,2.6,5.6],"to":[10.68,3.4,10.8],"rotation":{"angle":0,"axis":"y","origin":[8.28,-10.6,8]},"faces":{"north":{"uv":[9.5,5.25,11,5.5],"texture":"#5","tintindex":0},"east":{"uv":[2,9.5,3.625,9.75],"texture":"#5","tintindex":0},"south":{"uv":[9.5,5.5,11,5.75],"texture":"#5","tintindex":0},"west":{"uv":[9.5,5,11.125,5.25],"texture":"#5","tintindex":0},"up":{"uv":[8.375,6.875,6.875,5.25],"texture":"#5","tintindex":0},"down":{"uv":[8.375,6.875,6.875,8.5],"texture":"#5","tintindex":0}}},{"from":[5.08,1.4,4.8],"to":[11.48,2.6,11.2],"rotation":{"angle":0,"axis":"y","origin":[8.28,-10.6,8]},"faces":{"north":{"uv":[2,9.125,4,9.5],"texture":"#5","tintindex":0},"east":{"uv":[0,9.25,2,9.625],"texture":"#5","tintindex":0},"south":{"uv":[8,9.25,10,9.625],"texture":"#5","tintindex":0},"west":{"uv":[4,9.375,6,9.75],"texture":"#5","tintindex":0},"up":{"uv":[4,6,2,4],"texture":"#5","tintindex":0},"down":{"uv":[6,2,4,4],"texture":"#5","tintindex":0}}},{"from":[5.08,-5.4,4.8],"to":[11.48,-3.8,11.2],"rotation":{"angle":0,"axis":"y","origin":[8.28,-10.6,8]},"faces":{"north":{"uv":[8.375,7,10.375,7.5],"texture":"#5","tintindex":0},"east":{"uv":[8.375,7.5,10.375,8],"texture":"#5","tintindex":0},"south":{"uv":[8.375,8,10.375,8.5],"texture":"#5","tintindex":0},"west":{"uv":[6.25,8.5,8.25,9],"texture":"#5","tintindex":0},"up":{"uv":[6,6,4,4],"texture":"#5","tintindex":0},"down":{"uv":[2,6,0,8],"texture":"#5","tintindex":0}}},{"from":[10.68,1.8,4.76],"to":[11.88,3,4.76],"rotation":{"angle":0,"axis":"y","origin":[8.28,-10.6,8]},"faces":{"north":{"uv":[6.25,8,6.625,8.375],"texture":"#5"},"east":{"uv":[0,0,0,0.375],"texture":"#5"},"south":{"uv":[7.25,9.375,7.625,9.75],"texture":"#5"},"west":{"uv":[0,0,0,0.375],"texture":"#5"},"up":{"uv":[0.375,0,0,0],"texture":"#5"},"down":{"uv":[0.375,0,0,0],"texture":"#5"}}},{"from":[4.68,0.6,4.76],"to":[5.88,1.8,4.76],"rotation":{"angle":0,"axis":"y","origin":[8.28,-10.6,8]},"faces":{"north":{"uv":[6.25,8,6.625,8.375],"texture":"#5"},"east":{"uv":[0,0,0,0.375],"texture":"#5"},"south":{"uv":[7.25,9.375,7.625,9.75],"texture":"#5"},"west":{"uv":[0,0,0,0.375],"texture":"#5"},"up":{"uv":[0.375,0,0,0],"texture":"#5"},"down":{"uv":[0.375,0,0,0],"texture":"#5"}}},{"from":[4.68,-4.6,4.76],"to":[5.88,-3.4,4.76],"rotation":{"angle":0,"axis":"y","origin":[8.28,-10.6,8]},"faces":{"north":{"uv":[6.25,8,6.625,8.375],"texture":"#5"},"east":{"uv":[0,0,0,0.375],"texture":"#5"},"south":{"uv":[7.25,9.375,7.625,9.75],"texture":"#5"},"west":{"uv":[0,0,0,0.375],"texture":"#5"},"up":{"uv":[0.375,0,0,0],"texture":"#5"},"down":{"uv":[0.375,0,0,0],"texture":"#5"}}},{"from":[10.28,-3.8,4.76],"to":[11.48,-2.6,4.76],"rotation":{"angle":0,"axis":"y","origin":[8.28,-10.6,8]},"faces":{"north":{"uv":[6.25,8,6.625,8.375],"texture":"#5"},"east":{"uv":[0,0,0,0.375],"texture":"#5"},"south":{"uv":[7.25,9.375,7.625,9.75],"texture":"#5"},"west":{"uv":[0,0,0,0.375],"texture":"#5"},"up":{"uv":[0.375,0,0,0],"texture":"#5"},"down":{"uv":[0.375,0,0,0],"texture":"#5"}}},{"from":[5.04,-6.6,6.4],"to":[5.04,-3.4,10],"rotation":{"angle":0,"axis":"y","origin":[8.28,-10.6,8]},"faces":{"north":{"uv":[4,8,5.125,9],"texture":"#5"},"east":{"uv":[4,8,5.125,9],"texture":"#5"},"south":{"uv":[4,8,5.125,9],"texture":"#5"},"west":{"uv":[5.125,8,4,9],"texture":"#5"},"up":{"uv":[4,8,5.125,9],"texture":"#5"},"down":{"uv":[4,8,5.125,9],"texture":"#5"}}},{"from":[11.48,-6.6,6.4],"to":[11.48,-3.4,10],"rotation":{"angle":0,"axis":"y","origin":[8.28,-10.6,8]},"faces":{"north":{"uv":[4,8,5.125,9],"texture":"#5"},"east":{"uv":[4,8,5.125,9],"texture":"#5"},"south":{"uv":[4,8,5.125,9],"texture":"#5"},"west":{"uv":[5.125,8,4,9],"texture":"#5"},"up":{"uv":[4,8,5.125,9],"texture":"#5"},"down":{"uv":[4,8,5.125,9],"texture":"#5"}}},{"from":[8.98,-1.84,6.8],"to":[10.18,0.16,8.6],"rotation":{"angle":0,"axis":"y","origin":[8.28,-10.6,8]},"faces":{"north":{"uv":[6,5.25,6.375,5.875],"texture":"#5"},"east":{"uv":[6.75,9.375,7,10],"texture":"#5"},"south":{"uv":[6.375,5.25,6.75,5.875],"texture":"#5"},"west":{"uv":[7,9.375,7.25,10],"texture":"#5"},"up":{"uv":[8,5.25,7.625,5],"texture":"#5"},"down":{"uv":[8.375,5,8,5.25],"texture":"#5"}}},{"from":[8.58,-1.44,6.8],"to":[8.98,-0.24,8.6],"rotation":{"angle":0,"axis":"y","origin":[8.28,-10.6,8]},"faces":{"north":{"uv":[6.75,5.25,6.875,5.625],"texture":"#5"},"east":{"uv":[6.625,8,6.875,8.375],"texture":"#5"},"south":{"uv":[6.75,5.625,6.875,6],"texture":"#5"},"west":{"uv":[7.625,9.375,7.875,9.75],"texture":"#5"},"up":{"uv":[8.125,9.25,8,9],"texture":"#5"},"down":{"uv":[8.25,9,8.125,9.25],"texture":"#5"}}},{"from":[10.18,-1.44,6.8],"to":[10.58,-0.24,8.6],"rotation":{"angle":0,"axis":"y","origin":[8.28,-10.6,8]},"faces":{"north":{"uv":[7.875,9.375,8,9.75],"texture":"#5"},"east":{"uv":[3.625,9.5,3.875,9.875],"texture":"#5"},"south":{"uv":[3.875,9.5,4,9.875],"texture":"#5"},"west":{"uv":[9.5,5.75,9.75,6.125],"texture":"#5"},"up":{"uv":[0.375,9.875,0.25,9.625],"texture":"#5"},"down":{"uv":[0.5,9.625,0.375,9.875],"texture":"#5"}}},{"from":[7.58,-1.44,6.8],"to":[7.98,-0.24,8.6],"rotation":{"angle":0,"axis":"y","origin":[8.28,-10.6,8]},"faces":{"north":{"uv":[6.875,5.25,6.75,5.625],"texture":"#5"},"east":{"uv":[7.875,9.375,7.625,9.75],"texture":"#5"},"south":{"uv":[6.875,5.625,6.75,6],"texture":"#5"},"west":{"uv":[6.875,8,6.625,8.375],"texture":"#5"},"up":{"uv":[8,9.25,8.125,9],"texture":"#5"},"down":{"uv":[8.125,9,8.25,9.25],"texture":"#5"}}},{"from":[6.38,-1.84,6.8],"to":[7.58,0.16,8.6],"rotation":{"angle":0,"axis":"y","origin":[8.28,-10.6,8]},"faces":{"north":{"uv":[6.375,5.25,6,5.875],"texture":"#5"},"east":{"uv":[7.25,9.375,7,10],"texture":"#5"},"south":{"uv":[6.75,5.25,6.375,5.875],"texture":"#5"},"west":{"uv":[7,9.375,6.75,10],"texture":"#5"},"up":{"uv":[7.625,5.25,8,5],"texture":"#5"},"down":{"uv":[8,5,8.375,5.25],"texture":"#5"}}},{"from":[5.98,-1.44,6.8],"to":[6.38,-0.24,8.6],"rotation":{"angle":0,"axis":"y","origin":[8.28,-10.6,8]},"faces":{"north":{"uv":[8,9.375,7.875,9.75],"texture":"#5"},"east":{"uv":[9.75,5.75,9.5,6.125],"texture":"#5"},"south":{"uv":[4,9.5,3.875,9.875],"texture":"#5"},"west":{"uv":[3.875,9.5,3.625,9.875],"texture":"#5"},"up":{"uv":[0.25,9.875,0.375,9.625],"texture":"#5"},"down":{"uv":[0.375,9.625,0.5,9.875],"texture":"#5"}}},{"from":[7.88,3,7.6],"to":[8.68,6.6,8.4],"rotation":{"angle":0,"axis":"y","origin":[8.28,-10.6,8]},"faces":{"north":{"uv":[5.625,2.25,5.875,3.375],"texture":"#5","tintindex":0},"east":{"uv":[5.625,2.25,5.875,3.375],"texture":"#5","tintindex":0},"south":{"uv":[5.625,2.25,5.875,3.375],"texture":"#5","tintindex":0},"west":{"uv":[5.625,2.25,5.875,3.375],"texture":"#5","tintindex":0},"up":{"uv":[5.625,2.25,5.875,3.375],"texture":"#5","tintindex":0},"down":{"uv":[5.625,2.25,5.875,3.375],"texture":"#5","tintindex":0}}}],"gui_light":"front","display":{"gui":{"rotation":[-167,35.25,-180],"translation":[0,10.5,0],"scale":[1.35938,1.35938,1.35938]},"head":{"translation":[0,5.6,0],"scale":[4,4,4]}}}