{"credit":"Made with Blockbench","textures":{"2":"balloon_entities:entity/warden_balloon/warden"},"elements":[{"from":[4,16.6,7.2],"to":[5.6,18.2,8.8],"rotation":{"angle":0,"axis":"y","origin":[8,9.4,8]},"faces":{"north":{"uv":[5,1.375,5.5,1.875],"texture":"#2","tintindex":0},"east":{"uv":[6.625,5.75,7.125,6.25],"texture":"#2","tintindex":0},"south":{"uv":[7.5,3.875,8,4.375],"texture":"#2","tintindex":0},"west":{"uv":[6.25,8.5,6.75,9],"texture":"#2","tintindex":0},"up":{"uv":[8.25,9.375,7.75,8.875],"texture":"#2","tintindex":0},"down":{"uv":[8.75,8.875,8.25,9.375],"texture":"#2","tintindex":0}}},{"from":[12.08,18,7.6],"to":[12.88,19.6,8.4],"rotation":{"angle":0,"axis":"y","origin":[13,17.4,8.2]},"faces":{"north":{"uv":[2,6.375,1.75,6.875],"texture":"#2","tintindex":0},"east":{"uv":[8,9.375,7.75,9.875],"texture":"#2","tintindex":0},"south":{"uv":[9.625,4.625,9.375,5.125],"texture":"#2","tintindex":0},"west":{"uv":[3.125,8.125,2.875,8.625],"texture":"#2","tintindex":0},"up":{"uv":[1.25,3.25,1.5,3],"texture":"#2","tintindex":0},"down":{"uv":[1.5,3,1.75,3.25],"texture":"#2","tintindex":0}}},{"from":[11.72,17.56,7.24],"to":[13.32,19.16,8.76],"rotation":{"angle":45,"axis":"z","origin":[13,17.4,8.2]},"faces":{"north":{"uv":[9.375,8.25,8.875,8.75],"texture":"#2","tintindex":0},"east":{"uv":[3.875,9,3.375,9.5],"texture":"#2","tintindex":0},"south":{"uv":[3.375,9,2.875,9.5],"texture":"#2","tintindex":0},"west":{"uv":[9.25,8.875,8.75,9.375],"texture":"#2","tintindex":0},"up":{"uv":[6.25,9.5,6.75,9],"texture":"#2","tintindex":0},"down":{"uv":[3.875,9.125,4.375,9.625],"texture":"#2","tintindex":0}}},{"from":[10.4,16.6,7.2],"to":[12,18.2,8.8],"rotation":{"angle":0,"axis":"y","origin":[8,9.4,8]},"faces":{"north":{"uv":[5.5,1.375,5,1.875],"texture":"#2","tintindex":0},"east":{"uv":[6.75,8.5,6.25,9],"texture":"#2","tintindex":0},"south":{"uv":[8,3.875,7.5,4.375],"texture":"#2","tintindex":0},"west":{"uv":[7.125,5.75,6.625,6.25],"texture":"#2","tintindex":0},"up":{"uv":[7.75,9.375,8.25,8.875],"texture":"#2","tintindex":0},"down":{"uv":[8.25,8.875,8.75,9.375],"texture":"#2","tintindex":0}}},{"from":[2.68,17.56,7.24],"to":[4.28,19.16,8.76],"rotation":{"angle":-45,"axis":"z","origin":[3,17.4,8.2]},"faces":{"north":{"uv":[8.875,8.25,9.375,8.75],"texture":"#2","tintindex":0},"east":{"uv":[8.75,8.875,9.25,9.375],"texture":"#2","tintindex":0},"south":{"uv":[2.875,9,3.375,9.5],"texture":"#2","tintindex":0},"west":{"uv":[3.375,9,3.875,9.5],"texture":"#2","tintindex":0},"up":{"uv":[6.75,9.5,6.25,9],"texture":"#2","tintindex":0},"down":{"uv":[4.375,9.125,3.875,9.625],"texture":"#2","tintindex":0}}},{"from":[3.12,18,7.6],"to":[3.92,19.6,8.4],"rotation":{"angle":0,"axis":"y","origin":[3,17.4,8.2]},"faces":{"north":{"uv":[1.75,6.375,2,6.875],"texture":"#2","tintindex":0},"east":{"uv":[2.875,8.125,3.125,8.625],"texture":"#2","tintindex":0},"south":{"uv":[9.375,4.625,9.625,5.125],"texture":"#2","tintindex":0},"west":{"uv":[7.75,9.375,8,9.875],"texture":"#2","tintindex":0},"up":{"uv":[1.5,3.25,1.25,3],"texture":"#2","tintindex":0},"down":{"uv":[1.75,3,1.5,3.25],"texture":"#2","tintindex":0}}},{"from":[5.6,16.2,6],"to":[10.4,18.6,10],"rotation":{"angle":0,"axis":"y","origin":[8,10.2,8]},"faces":{"north":{"uv":[1.375,8.125,2.875,8.875],"texture":"#2","tintindex":0},"east":{"uv":[8.125,4.625,9.375,5.375],"texture":"#2","tintindex":0},"south":{"uv":[8.125,3.875,9.625,4.625],"texture":"#2","tintindex":0},"west":{"uv":[8.25,0,9.5,0.75],"texture":"#2","tintindex":0},"up":{"uv":[8.125,5.75,6.625,4.5],"texture":"#2","tintindex":0},"down":{"uv":[8.25,0,6.75,1.25],"texture":"#2","tintindex":0}}},{"from":[10.8,13,5.6],"to":[11.2,16.6,10],"rotation":{"angle":0,"axis":"y","origin":[8,10.2,8]},"faces":{"north":{"uv":[6.875,9.25,7,10.375],"texture":"#2","tintindex":0},"east":{"uv":[1.75,7,3.125,8.125],"texture":"#2","tintindex":0},"south":{"uv":[7,9.25,7.125,10.375],"texture":"#2","tintindex":0},"west":{"uv":[5.375,7.375,6.75,8.5],"texture":"#2","tintindex":0},"up":{"uv":[4.875,10.5,4.75,9.125],"texture":"#2","tintindex":0},"down":{"uv":[5,9.125,4.875,10.5],"texture":"#2","tintindex":0}}},{"from":[5.2,13,5.64],"to":[10.8,13.4,10],"rotation":{"angle":0,"axis":"y","origin":[8,10.2,8]},"faces":{"north":{"uv":[8.875,8.75,10.625,8.875],"texture":"#2","tintindex":0},"east":{"uv":[9.25,3.375,10.625,3.5],"texture":"#2","tintindex":0},"south":{"uv":[9.25,3.25,11,3.375],"texture":"#2","tintindex":0},"west":{"uv":[9.25,3.5,10.625,3.625],"texture":"#2","tintindex":0},"up":{"uv":[5.5,3.375,3.75,2],"texture":"#2","tintindex":0},"down":{"uv":[5.5,3.375,3.75,4.75],"texture":"#2","tintindex":0}}},{"from":[4.8,13,5.6],"to":[5.2,16.6,10],"rotation":{"angle":0,"axis":"y","origin":[8,10.2,8]},"faces":{"north":{"uv":[7.5,9.25,7.625,10.375],"texture":"#2","tintindex":0},"east":{"uv":[0,7.5,1.375,8.625],"texture":"#2","tintindex":0},"south":{"uv":[7.625,9.25,7.75,10.375],"texture":"#2","tintindex":0},"west":{"uv":[7.5,1.25,8.875,2.375],"texture":"#2","tintindex":0},"up":{"uv":[1.5,10.625,1.375,9.25],"texture":"#2","tintindex":0},"down":{"uv":[6.875,9.25,6.75,10.625],"texture":"#2","tintindex":0}}},{"from":[4.8,9.4,5.6],"to":[11.2,13,5.6],"rotation":{"angle":0,"axis":"y","origin":[8,10.2,8]},"faces":{"north":{"uv":[0,5.25,2,6.375],"texture":"#2","tintindex":0},"east":{"uv":[0,0,0,1.125],"texture":"#2","tintindex":0},"south":{"uv":[5.5,1.375,7.5,2.5],"texture":"#2","tintindex":0},"west":{"uv":[0,0,0,1.125],"texture":"#2","tintindex":0},"up":{"uv":[2,0,0,0],"texture":"#2","tintindex":0},"down":{"uv":[2,0,0,0],"texture":"#2","tintindex":0}}},{"from":[5.2,13,5.6],"to":[10.8,16.6,5.6],"rotation":{"angle":0,"axis":"y","origin":[8,10.2,8]},"faces":{"north":{"uv":[5.375,6.25,7.125,7.375],"texture":"#2","tintindex":0},"east":{"uv":[0,0,0,1.125],"texture":"#2","tintindex":0},"south":{"uv":[0,6.375,1.75,7.5],"texture":"#2","tintindex":0},"west":{"uv":[0,0,0,1.125],"texture":"#2","tintindex":0},"up":{"uv":[1.75,0,0,0],"texture":"#2","tintindex":0},"down":{"uv":[1.75,0,0,0],"texture":"#2","tintindex":0}}},{"from":[5.2,13.4,10],"to":[10.8,16.6,10],"rotation":{"angle":0,"axis":"y","origin":[8,10.2,8]},"faces":{"north":{"uv":[7.125,5.75,8.875,6.75],"texture":"#2","tintindex":0},"east":{"uv":[0,0,0,1],"texture":"#2","tintindex":0},"south":{"uv":[7.125,6.75,8.875,7.75],"texture":"#2","tintindex":0},"west":{"uv":[0,0,0,1],"texture":"#2","tintindex":0},"up":{"uv":[1.75,0,0,0],"texture":"#2","tintindex":0},"down":{"uv":[1.75,0,0,0],"texture":"#2","tintindex":0}}},{"from":[6.8,13.4,10.04],"to":[9.2,15.4,12.44],"rotation":{"angle":0,"axis":"y","origin":[8,10.2,8]},"faces":{"north":{"uv":[8.875,5.75,9.625,6.375],"texture":"#2","tintindex":0},"east":{"uv":[8.875,6.375,9.625,7],"texture":"#2","tintindex":0},"south":{"uv":[8.875,7,9.625,7.625],"texture":"#2","tintindex":0},"west":{"uv":[8.875,7.625,9.625,8.25],"texture":"#2","tintindex":0},"up":{"uv":[2.25,9.625,1.5,8.875],"texture":"#2","tintindex":0},"down":{"uv":[9.625,1.5,8.875,2.25],"texture":"#2","tintindex":0}}},{"from":[4.84,9.4,10.4],"to":[11.16,14.2,13.6],"rotation":{"angle":-22.5,"axis":"x","origin":[8,11,11.4]},"faces":{"north":{"uv":[0,0,2,1.5],"texture":"#2","tintindex":0},"east":{"uv":[7.5,2.375,8.5,3.875],"texture":"#2","tintindex":0},"south":{"uv":[0,1.5,2,3],"texture":"#2","tintindex":0},"west":{"uv":[6.75,7.75,7.75,9.25],"texture":"#2","tintindex":0},"up":{"uv":[7.5,3.5,5.5,2.5],"texture":"#2","tintindex":0},"down":{"uv":[7.5,3.5,5.5,4.5],"texture":"#2","tintindex":0}}},{"from":[1.6,14.2,10.04],"to":[6.4,15.4,11.24],"rotation":{"angle":-45,"axis":"z","origin":[6,14.6,10.44]},"faces":{"north":{"uv":[8.125,5.375,9.625,5.75],"texture":"#2","tintindex":0},"east":{"uv":[6.75,7.375,7.125,7.75],"texture":"#2","tintindex":0},"south":{"uv":[8.25,0.75,9.75,1.125],"texture":"#2","tintindex":0},"west":{"uv":[7.125,9.25,7.5,9.625],"texture":"#2","tintindex":0},"up":{"uv":[1.5,9.25,0,8.875],"texture":"#2","tintindex":0},"down":{"uv":[10.375,1.125,8.875,1.5],"texture":"#2","tintindex":0}}},{"from":[12.74372,17.23294,10.2],"to":[15.94372,18.03294,11],"rotation":{"angle":22.5,"axis":"z","origin":[12.64666,17.47294,10.6]},"faces":{"north":{"uv":[1,5,0,5.25],"texture":"#2","tintindex":0},"east":{"uv":[1.25,5,1,5.25],"texture":"#2","tintindex":0},"south":{"uv":[9.5,3.625,8.5,3.875],"texture":"#2","tintindex":0},"west":{"uv":[2,3,1.75,3.25],"texture":"#2","tintindex":0},"up":{"uv":[0,8.875,1,8.625],"texture":"#2","tintindex":0},"down":{"uv":[0,9.25,1,9.5],"texture":"#2","tintindex":0}}},{"from":[15.82372,18.87294,10.72],"to":[21.42372,23.19294,10.72],"rotation":{"angle":0,"axis":"y","origin":[12.64666,17.47294,10.6]},"faces":{"north":{"uv":[5,0,6.75,1.375],"texture":"#2","tintindex":0},"east":{"uv":[0,0,0,1.375],"texture":"#2","tintindex":0},"south":{"uv":[6.75,0,5,1.375],"texture":"#2","tintindex":0},"west":{"uv":[0,0,0,1.375],"texture":"#2","tintindex":0},"up":{"uv":[0,0,1.75,0],"texture":"#2","tintindex":0},"down":{"uv":[0,0,1.75,0],"texture":"#2","tintindex":0}}},{"from":[15.42372,18.47294,10.24],"to":[18.22372,19.19294,10.96],"rotation":{"angle":0,"axis":"y","origin":[12.64666,17.47294,10.6]},"faces":{"north":{"uv":[10.125,2.25,9.25,2.5],"texture":"#2","tintindex":0},"east":{"uv":[3.125,8.625,2.875,8.875],"texture":"#2","tintindex":0},"south":{"uv":[10.125,2.5,9.25,2.75],"texture":"#2","tintindex":0},"west":{"uv":[1.25,8.625,1,8.875],"texture":"#2","tintindex":0},"up":{"uv":[9.25,3,10.125,2.75],"texture":"#2","tintindex":0},"down":{"uv":[9.25,3,10.125,3.25],"texture":"#2","tintindex":0}}},{"from":[9.6,14.2,10.04],"to":[14.4,15.4,11.24],"rotation":{"angle":45,"axis":"z","origin":[10,14.6,10.44]},"faces":{"north":{"uv":[9.625,5.375,8.125,5.75],"texture":"#2","tintindex":0},"east":{"uv":[7.5,9.25,7.125,9.625],"texture":"#2","tintindex":0},"south":{"uv":[9.75,0.75,8.25,1.125],"texture":"#2","tintindex":0},"west":{"uv":[7.125,7.375,6.75,7.75],"texture":"#2","tintindex":0},"up":{"uv":[0,9.25,1.5,8.875],"texture":"#2","tintindex":0},"down":{"uv":[8.875,1.125,10.375,1.5],"texture":"#2","tintindex":0}}},{"from":[0.05628,17.23294,10.2],"to":[3.25628,18.03294,11],"rotation":{"angle":-22.5,"axis":"z","origin":[3.35334,17.47294,10.6]},"faces":{"north":{"uv":[0,5,1,5.25],"texture":"#2","tintindex":0},"east":{"uv":[1.75,3,2,3.25],"texture":"#2","tintindex":0},"south":{"uv":[8.5,3.625,9.5,3.875],"texture":"#2","tintindex":0},"west":{"uv":[1,5,1.25,5.25],"texture":"#2","tintindex":0},"up":{"uv":[1,8.875,0,8.625],"texture":"#2","tintindex":0},"down":{"uv":[1,9.25,0,9.5],"texture":"#2","tintindex":0}}},{"from":[-2.22372,18.47294,10.24],"to":[0.57628,19.19294,10.96],"rotation":{"angle":0,"axis":"y","origin":[3.35334,17.47294,10.6]},"faces":{"north":{"uv":[9.25,2.25,10.125,2.5],"texture":"#2","tintindex":0},"east":{"uv":[1,8.625,1.25,8.875],"texture":"#2","tintindex":0},"south":{"uv":[9.25,2.5,10.125,2.75],"texture":"#2","tintindex":0},"west":{"uv":[2.875,8.625,3.125,8.875],"texture":"#2","tintindex":0},"up":{"uv":[10.125,3,9.25,2.75],"texture":"#2","tintindex":0},"down":{"uv":[10.125,3,9.25,3.25],"texture":"#2","tintindex":0}}},{"from":[-5.42372,18.79294,10.72],"to":[0.17628,23.11294,10.72],"rotation":{"angle":0,"axis":"y","origin":[3.35334,17.47294,10.6]},"faces":{"north":{"uv":[6.75,0,5,1.375],"texture":"#2","tintindex":0},"east":{"uv":[0,0,0,1.375],"texture":"#2","tintindex":0},"south":{"uv":[5,0,6.75,1.375],"texture":"#2","tintindex":0},"west":{"uv":[0,0,0,1.375],"texture":"#2","tintindex":0},"up":{"uv":[1.75,0,0,0],"texture":"#2","tintindex":0},"down":{"uv":[1.75,0,0,0],"texture":"#2","tintindex":0}}},{"from":[3.37628,17.35294,7.12],"to":[8.97628,22.47294,7.12],"rotation":{"angle":0,"axis":"y","origin":[3.35334,17.47294,10.6]},"faces":{"north":{"uv":[3.75,1.625,2,3.25],"texture":"#2","tintindex":0},"east":{"uv":[0,0,0,1.625],"texture":"#2","tintindex":0},"south":{"uv":[2,1.625,3.75,3.25],"texture":"#2","tintindex":0},"west":{"uv":[0,0,0,1.625],"texture":"#2","tintindex":0},"up":{"uv":[1.75,0,0,0],"texture":"#2","tintindex":0},"down":{"uv":[1.75,0,0,0],"texture":"#2","tintindex":0}}},{"from":[7.02372,17.35294,7.12],"to":[12.62372,22.47294,7.12],"rotation":{"angle":0,"axis":"y","origin":[12.64666,17.47294,10.6]},"faces":{"north":{"uv":[2,1.625,3.75,3.25],"texture":"#2","tintindex":0},"east":{"uv":[0,0,0,1.625],"texture":"#2","tintindex":0},"south":{"uv":[3.75,1.625,2,3.25],"texture":"#2","tintindex":0},"west":{"uv":[0,0,0,1.625],"texture":"#2","tintindex":0},"up":{"uv":[0,0,1.75,0],"texture":"#2","tintindex":0},"down":{"uv":[0,0,1.75,0],"texture":"#2","tintindex":0}}},{"from":[6,7.8,11.6],"to":[7.2,9.8,12.8],"rotation":{"angle":0,"axis":"y","origin":[8,5,8]},"faces":{"north":{"uv":[1.375,7.5,1.75,8.125],"texture":"#2","tintindex":0},"east":{"uv":[5,7.875,5.375,8.5],"texture":"#2","tintindex":0},"south":{"uv":[4.375,9.125,4.75,9.75],"texture":"#2","tintindex":0},"west":{"uv":[1,9.25,1.375,9.875],"texture":"#2","tintindex":0},"up":{"uv":[9.625,9.25,9.25,8.875],"texture":"#2","tintindex":0},"down":{"uv":[9.625,9.25,9.25,9.625],"texture":"#2","tintindex":0}}},{"from":[8.4,7.8,11.6],"to":[9.6,9.8,12.8],"rotation":{"angle":0,"axis":"y","origin":[8,5,8]},"faces":{"north":{"uv":[1.375,7.5,1.75,8.125],"texture":"#2","tintindex":0},"east":{"uv":[5,7.875,5.375,8.5],"texture":"#2","tintindex":0},"south":{"uv":[4.375,9.125,4.75,9.75],"texture":"#2","tintindex":0},"west":{"uv":[1,9.25,1.375,9.875],"texture":"#2","tintindex":0},"up":{"uv":[9.625,9.25,9.25,8.875],"texture":"#2","tintindex":0},"down":{"uv":[9.625,9.25,9.25,9.625],"texture":"#2","tintindex":0}}}],"gui_light":"front","display":{"gui":{"rotation":[-180,17.75,-180],"translation":[-0.5,-8,0],"scale":[1.11133,1.11133,1.11133]},"head":{"translation":[0,5.6,0],"scale":[4,4,4]}}}