{"credit":"MadewithBlockbench","texture_size":[256,256],"textures":{"0":"20th_century_furniture_v1:05_bed_texture","particle":"20th_century_furniture_v1:05_bed_texture"},"elements":[{"from":[-8,5,-12],"to":[24,10,30],"rotation":{"angle":0,"axis":"y","origin":[-1,1,1]},"faces":{"north":{"uv":[0,5.3125,2,5.625],"texture":"#0"},"east":{"uv":[4.25,1.875,6.875,2.1875],"texture":"#0"},"south":{"uv":[2,5.3125,4,5.625],"texture":"#0"},"west":{"uv":[6.875,1.875,4.25,2.1875],"texture":"#0"},"up":{"uv":[2,5.3125,0,2.6875],"texture":"#0"},"down":{"uv":[4,2.6875,2,5.3125],"texture":"#0"}}},{"from":[-7,11,27],"to":[23,15,31],"rotation":{"angle":45,"axis":"x","origin":[8,14,28]},"faces":{"north":{"uv":[4.6875,5.625,6.5625,5.875],"texture":"#0"},"east":{"uv":[1.75,6.25,1.5,6.5],"texture":"#0"},"south":{"uv":[4.6875,5.625,6.5625,5.875],"texture":"#0"},"west":{"uv":[1.5,6.25,1.75,6.5],"texture":"#0"},"up":{"uv":[4.6875,5.625,6.5625,5.875],"texture":"#0"},"down":{"uv":[4.6875,5.625,6.5625,5.875],"texture":"#0"}}},{"from":[-9,2,-13],"to":[25,5,30],"rotation":{"angle":0,"axis":"y","origin":[-1,-1,1]},"faces":{"north":{"uv":[6,5.3125,8.125,5.5],"texture":"#0"},"east":{"uv":[4.6875,5.625,2,5.8125],"texture":"#0"},"south":{"uv":[0,6.0625,2.125,6.25],"texture":"#0"},"west":{"uv":[2,5.625,4.6875,5.8125],"texture":"#0"},"up":{"uv":[2.125,2.6875,0,0],"texture":"#0"},"down":{"uv":[4.25,0,2.125,2.6875],"texture":"#0"}}},{"from":[-9,2,-14],"to":[25,8,-13],"rotation":{"angle":0,"axis":"y","origin":[-1,-1,1]},"faces":{"north":{"uv":[6.625,7.21875,8.75,7.59375],"texture":"#0"},"east":{"uv":[3.625,6.4375,3.6875,6.8125],"texture":"#0"},"south":{"uv":[4,4.9375,6.125,5.3125],"texture":"#0"},"west":{"uv":[3.6875,6.4375,3.75,6.8125],"texture":"#0"},"up":{"uv":[8.25,5.1875,6.125,5.125],"texture":"#0"},"down":{"uv":[8.25,5.1875,6.125,5.25],"texture":"#0"}}},{"from":[0,1.15,-15],"to":[16,2.15,-14],"rotation":{"angle":0,"axis":"y","origin":[-1,10.15,1]},"faces":{"north":{"uv":[6.25,2.875,7.25,2.9375],"texture":"#0"},"east":{"uv":[2.375,6.625,2.4375,6.6875],"texture":"#0"},"south":{"uv":[6.25,2.9375,7.25,3],"texture":"#0"},"west":{"uv":[2.4375,6.625,2.5,6.6875],"texture":"#0"},"up":{"uv":[4,6.3125,3,6.25],"texture":"#0"},"down":{"uv":[4,6.25,3,6.3125],"texture":"#0"}}},{"from":[16,1.15,-15],"to":[24,2.15,-14],"rotation":{"angle":22.5,"axis":"z","origin":[16,1.15,-14.5]},"faces":{"north":{"uv":[6.375,1.75,6.875,1.8125],"texture":"#0"},"east":{"uv":[6.625,1,6.6875,1.0625],"texture":"#0"},"south":{"uv":[6.375,1.8125,6.875,1.875],"texture":"#0"},"west":{"uv":[6.625,1.0625,6.6875,1.125],"texture":"#0"},"up":{"uv":[6.875,3.375,6.375,3.3125],"texture":"#0"},"down":{"uv":[6.875,3.3125,6.375,3.375],"texture":"#0"}}},{"from":[-8,1.15,-15],"to":[0,2.15,-14],"rotation":{"angle":-22.5,"axis":"z","origin":[0,1.15,-14.5]},"faces":{"north":{"uv":[6.375,1.5,6.875,1.5625],"texture":"#0"},"east":{"uv":[0.9375,6.625,1,6.6875],"texture":"#0"},"south":{"uv":[6.375,1.5625,6.875,1.625],"texture":"#0"},"west":{"uv":[6.625,0.9375,6.6875,1],"texture":"#0"},"up":{"uv":[6.875,1.6875,6.375,1.625],"texture":"#0"},"down":{"uv":[6.875,1.625,6.375,1.6875],"texture":"#0"}}},{"from":[-8,7.6,-15],"to":[0,8.6,-14],"rotation":{"angle":22.5,"axis":"z","origin":[0,8.6,-14.5]},"faces":{"north":{"uv":[6.375,1.5625,6.875,1.5],"texture":"#0"},"east":{"uv":[0.9375,6.6875,1,6.625],"texture":"#0"},"south":{"uv":[6.375,1.625,6.875,1.5625],"texture":"#0"},"west":{"uv":[6.625,1,6.6875,0.9375],"texture":"#0"},"up":{"uv":[6.875,1.6875,6.375,1.625],"texture":"#0"},"down":{"uv":[6.875,1.625,6.375,1.6875],"texture":"#0"}}},{"from":[0,7.6,-15],"to":[16,8.6,-14],"rotation":{"angle":0,"axis":"y","origin":[-1,-0.4,1]},"faces":{"north":{"uv":[6.25,2.9375,7.25,2.875],"texture":"#0"},"east":{"uv":[2.375,6.6875,2.4375,6.625],"texture":"#0"},"south":{"uv":[6.25,3,7.25,2.9375],"texture":"#0"},"west":{"uv":[2.4375,6.6875,2.5,6.625],"texture":"#0"},"up":{"uv":[4,6.3125,3,6.25],"texture":"#0"},"down":{"uv":[4,6.25,3,6.3125],"texture":"#0"}}},{"from":[16,7.6,-15],"to":[24,8.6,-14],"rotation":{"angle":-22.5,"axis":"z","origin":[16,8.6,-14.5]},"faces":{"north":{"uv":[6.375,1.8125,6.875,1.75],"texture":"#0"},"east":{"uv":[6.625,1.0625,6.6875,1],"texture":"#0"},"south":{"uv":[6.375,1.875,6.875,1.8125],"texture":"#0"},"west":{"uv":[6.625,1.125,6.6875,1.0625],"texture":"#0"},"up":{"uv":[6.875,3.375,6.375,3.3125],"texture":"#0"},"down":{"uv":[6.875,3.3125,6.375,3.375],"texture":"#0"}}},{"from":[-9,8,-13.99],"to":[-4,9.25,-13.01],"rotation":{"angle":-22.5,"axis":"z","origin":[-9,8,-13.5]},"faces":{"north":{"uv":[6.375,3.4375,6.6875,3.53125],"texture":"#0"},"east":{"uv":[6.5625,6.25,6.625,6.34375],"texture":"#0"},"south":{"uv":[6.375,3.5625,6.6875,3.65625],"texture":"#0"},"west":{"uv":[6.375,6.5625,6.4375,6.65625],"texture":"#0"},"up":{"uv":[6.75,4.4375,6.4375,4.375],"texture":"#0"},"down":{"uv":[6.75,4.4375,6.4375,4.5],"texture":"#0"}}},{"from":[-9.5,9.25,-14.49],"to":[-2.5,10.5,-12.51],"rotation":{"angle":-22.5,"axis":"z","origin":[-9,8,-13.5]},"faces":{"north":{"uv":[2.75,6.3125,3.1875,6.40625],"texture":"#0"},"east":{"uv":[6.5,4.8125,6.625,4.90625],"texture":"#0"},"south":{"uv":[3.1875,6.3125,3.625,6.40625],"texture":"#0"},"west":{"uv":[6.5,4.9375,6.625,5.03125],"texture":"#0"},"up":{"uv":[6.6875,3.1875,6.25,3.0625],"texture":"#0"},"down":{"uv":[6.6875,3.1875,6.25,3.3125],"texture":"#0"}}},{"from":[18.5,9.25,-14.49],"to":[25.5,10.5,-12.51],"rotation":{"angle":22.5,"axis":"z","origin":[25,8,-13.5]},"faces":{"north":{"uv":[3.1875,6.3125,2.75,6.40625],"texture":"#0"},"east":{"uv":[6.625,4.9375,6.5,5.03125],"texture":"#0"},"south":{"uv":[3.625,6.3125,3.1875,6.40625],"texture":"#0"},"west":{"uv":[6.625,4.8125,6.5,4.90625],"texture":"#0"},"up":{"uv":[6.25,3.1875,6.6875,3.0625],"texture":"#0"},"down":{"uv":[6.25,3.1875,6.6875,3.3125],"texture":"#0"}}},{"from":[20,8,-13.99],"to":[25,9.25,-13.01],"rotation":{"angle":22.5,"axis":"z","origin":[25,8,-13.5]},"faces":{"north":{"uv":[6.6875,3.4375,6.375,3.53125],"texture":"#0"},"east":{"uv":[6.4375,6.5625,6.375,6.65625],"texture":"#0"},"south":{"uv":[6.6875,3.5625,6.375,3.65625],"texture":"#0"},"west":{"uv":[6.625,6.25,6.5625,6.34375],"texture":"#0"},"up":{"uv":[6.4375,4.4375,6.75,4.375],"texture":"#0"},"down":{"uv":[6.4375,4.4375,6.75,4.5],"texture":"#0"}}},{"from":[-9,0,-13.99],"to":[-4,2,-13.01],"rotation":{"angle":22.5,"axis":"z","origin":[-9,2,-13.5]},"faces":{"north":{"uv":[6.375,0.125,6.6875,0.25],"texture":"#0"},"east":{"uv":[2.0625,6.5625,2.125,6.6875],"texture":"#0"},"south":{"uv":[6.375,0.25,6.6875,0.375],"texture":"#0"},"west":{"uv":[2.125,6.5625,2.1875,6.6875],"texture":"#0"},"up":{"uv":[6.75,4.0625,6.4375,4],"texture":"#0"},"down":{"uv":[6.75,4.0625,6.4375,4.125],"texture":"#0"}}},{"from":[20,0,-13.99],"to":[25,2,-13.01],"rotation":{"angle":-22.5,"axis":"z","origin":[25,2,-13.5]},"faces":{"north":{"uv":[6.6875,0.125,6.375,0.25],"texture":"#0"},"east":{"uv":[2.1875,6.5625,2.125,6.6875],"texture":"#0"},"south":{"uv":[6.6875,0.25,6.375,0.375],"texture":"#0"},"west":{"uv":[2.125,6.5625,2.0625,6.6875],"texture":"#0"},"up":{"uv":[6.4375,4.0625,6.75,4],"texture":"#0"},"down":{"uv":[6.4375,4.0625,6.75,4.125],"texture":"#0"}}},{"from":[-10,-1,30],"to":[26,29,32],"rotation":{"angle":0,"axis":"y","origin":[-1,-1,1]},"faces":{"north":{"uv":[6.5625,6.625,8.8125,8.5],"texture":"#0"},"east":{"uv":[3.125,6.625,3,8.5],"texture":"#0"},"south":{"uv":[6.875,0,9.125,1.875],"texture":"#0"},"west":{"uv":[3,6.625,3.125,8.5],"texture":"#0"},"up":{"uv":[6.5,2.3125,4.25,2.1875],"texture":"#0"},"down":{"uv":[6.5,2.3125,4.25,2.4375],"texture":"#0"}}},{"from":[-8,29,27],"to":[24,31,32],"rotation":{"angle":0,"axis":"y","origin":[-1,-1,1]},"faces":{"north":{"uv":[0,5.9375,2,6.0625],"texture":"#0"},"east":{"uv":[3.625,6.3125,3.9375,6.4375],"texture":"#0"},"south":{"uv":[0,5.9375,2,6.0625],"texture":"#0"},"west":{"uv":[6.375,0,6.6875,0.125],"texture":"#0"},"up":{"uv":[6,5.625,4,5.3125],"texture":"#0"},"down":{"uv":[6,5.625,4,5.3125],"texture":"#0"}}},{"from":[-10,-1,28.5],"to":[-8,28,30],"rotation":{"angle":0,"axis":"y","origin":[-1,-1,1]},"faces":{"north":{"uv":[4.375,6.125,4.5,7.9375],"texture":"#0"},"east":{"uv":[5,6.125,5.09375,7.9375],"texture":"#0"},"south":{"uv":[4.5,6.125,4.625,7.9375],"texture":"#0"},"west":{"uv":[5,6.125,5.09375,7.9375],"texture":"#0"},"up":{"uv":[2.5,6.59375,2.375,6.5],"texture":"#0"},"down":{"uv":[2.625,6.5,2.5,6.59375],"texture":"#0"}}},{"from":[24,-1,28.5],"to":[26,28,30],"rotation":{"angle":0,"axis":"y","origin":[17,-1,1]},"faces":{"north":{"uv":[4.5,6.125,4.375,7.9375],"texture":"#0"},"east":{"uv":[5.09375,6.125,5,7.9375],"texture":"#0"},"south":{"uv":[4.625,6.125,4.5,7.9375],"texture":"#0"},"west":{"uv":[5.09375,6.125,5,7.9375],"texture":"#0"},"up":{"uv":[2.375,6.59375,2.5,6.5],"texture":"#0"},"down":{"uv":[2.5,6.5,2.625,6.59375],"texture":"#0"}}},{"from":[24,-1,28.5],"to":[26,28,30],"rotation":{"angle":0,"axis":"y","origin":[17,-1,1]},"faces":{"north":{"uv":[4.625,6.125,4.75,7.9375],"texture":"#0"},"east":{"uv":[5.125,6.125,5.21875,7.9375],"texture":"#0"},"south":{"uv":[4.75,6.125,4.875,7.9375],"texture":"#0"},"west":{"uv":[5.25,6.125,5.34375,7.9375],"texture":"#0"},"up":{"uv":[3.375,6.59375,3.25,6.5],"texture":"#0"},"down":{"uv":[3.5,6.5,3.375,6.59375],"texture":"#0"}}},{"from":[-11,28,26.5],"to":[-7,30,31.99],"rotation":{"angle":45,"axis":"z","origin":[-8,31,29]},"faces":{"north":{"uv":[6.375,0.875,6.625,1],"texture":"#0"},"east":{"uv":[6.25,4.5625,6.59375,4.6875],"texture":"#0"},"south":{"uv":[6.375,1,6.625,1.125],"texture":"#0"},"west":{"uv":[2.375,6.3125,2.71875,6.4375],"texture":"#0"},"up":{"uv":[6,6.46875,5.75,6.125],"texture":"#0"},"down":{"uv":[6.25,6.125,6,6.46813],"texture":"#0"}}},{"from":[-12,30,25.5],"to":[-6,31,31.99],"rotation":{"angle":45,"axis":"z","origin":[-8,31,29]},"faces":{"north":{"uv":[3.25,6.4375,3.625,6.5],"texture":"#0"},"east":{"uv":[2.8125,6.4375,3.21875,6.5],"texture":"#0"},"south":{"uv":[3.25,6.4375,3.625,6.5],"texture":"#0"},"west":{"uv":[2.8125,6.4375,3.21875,6.5],"texture":"#0"},"up":{"uv":[6.5,5.09375,6.125,4.6875],"texture":"#0"},"down":{"uv":[5.75,6.125,5.375,6.53125],"texture":"#0"}}},{"from":[-7.12868,29.85,26],"to":[-5.62868,31.35,27.24],"rotation":{"angle":0,"axis":"y","origin":[-5.87868,31,28.745]},"faces":{"north":{"uv":[6,6.5,6.09375,6.59375],"texture":"#0"},"east":{"uv":[5.375,6.5625,5.4375,6.65625],"texture":"#0"},"south":{"uv":[6.125,6.5,6.21875,6.59375],"texture":"#0"},"west":{"uv":[5.4375,6.5625,5.5,6.65625],"texture":"#0"},"up":{"uv":[5.59375,6.625,5.5,6.5625],"texture":"#0"},"down":{"uv":[5.71875,6.5625,5.625,6.625],"texture":"#0"}}},{"from":[-9.66421,27.21447,26],"to":[-8.16421,28.71447,28.49],"rotation":{"angle":0,"axis":"y","origin":[-9.41421,27.46447,28.745]},"faces":{"north":{"uv":[5.75,6.5,5.84375,6.59375],"texture":"#0"},"east":{"uv":[0.625,6.5,0.78125,6.59375],"texture":"#0"},"south":{"uv":[5.875,6.5,5.96875,6.59375],"texture":"#0"},"west":{"uv":[0.8125,6.5,0.96875,6.59375],"texture":"#0"},"up":{"uv":[1.34375,6.65625,1.25,6.5],"texture":"#0"},"down":{"uv":[1.46875,6.5,1.375,6.65625],"texture":"#0"}}},{"from":[-10,26,28.25],"to":[-8,28,29.5],"rotation":{"angle":45,"axis":"z","origin":[-8,31,29]},"faces":{"north":{"uv":[6.4375,6.125,6.5625,6.25],"texture":"#0"},"east":{"uv":[2.84375,6.5,2.75,6.625],"texture":"#0"},"south":{"uv":[6.4375,6.25,6.5625,6.375],"texture":"#0"},"west":{"uv":[2.75,6.5,2.84375,6.625],"texture":"#0"},"up":{"uv":[3,6.59375,2.875,6.5],"texture":"#0"},"down":{"uv":[3.125,6.5,3,6.59375],"texture":"#0"}}},{"from":[-10.25,25.25,29.5],"to":[-7.25,29,30],"rotation":{"angle":45,"axis":"z","origin":[-8.25,30.5,29.5]},"faces":{"north":{"uv":[2,6.3125,2.1875,6.5625],"texture":"#0"},"east":{"uv":[6.5,6.5,6.53125,6.75],"texture":"#0"},"south":{"uv":[2.1875,6.3125,2.375,6.5625],"texture":"#0"},"west":{"uv":[2,6.5625,2.03125,6.8125],"texture":"#0"},"up":{"uv":[6.6875,5.09375,6.5,5.0625],"texture":"#0"},"down":{"uv":[6.75,3.9375,6.5625,3.96875],"texture":"#0"}}},{"from":[-9.75,19.5,29.5],"to":[-7.75,25.25,30],"rotation":{"angle":45,"axis":"z","origin":[-8.25,30.5,29.5]},"faces":{"north":{"uv":[6.25,4.1875,6.375,4.5625],"texture":"#0"},"east":{"uv":[3.125,6.5,3.15625,6.875],"texture":"#0"},"south":{"uv":[6.25,6.125,6.375,6.5],"texture":"#0"},"west":{"uv":[3.1875,6.5,3.21875,6.875],"texture":"#0"},"up":{"uv":[6.6875,6.53125,6.5625,6.5],"texture":"#0"},"down":{"uv":[6.6875,6.5625,6.5625,6.59375],"texture":"#0"}}},{"from":[-9.25,19.5,29],"to":[-8.25,26,29.5],"rotation":{"angle":45,"axis":"z","origin":[-8.25,30.5,29]},"faces":{"north":{"uv":[6.375,4.125,6.4375,4.53125],"texture":"#0"},"east":{"uv":[1.625,6.5,1.65625,6.90625],"texture":"#0"},"south":{"uv":[6.375,6.125,6.4375,6.53125],"texture":"#0"},"west":{"uv":[1.6875,6.5,1.71875,6.90625],"texture":"#0"},"up":{"uv":[2.6875,6.65625,2.625,6.625],"texture":"#0"},"down":{"uv":[2.75,6.625,2.6875,6.65625],"texture":"#0"}}},{"from":[0.41371,16.77918,29],"to":[1.41371,23.77918,29.5],"rotation":{"angle":22.5,"axis":"z","origin":[3.06371,18.47918,29]},"faces":{"north":{"uv":[3.9375,6.3125,4,6.75],"texture":"#0"},"east":{"uv":[1.5,6.5,1.53125,6.9375],"texture":"#0"},"south":{"uv":[6.375,3.6875,6.4375,4.125],"texture":"#0"},"west":{"uv":[1.5625,6.5,1.59375,6.9375],"texture":"#0"},"up":{"uv":[2.8125,6.65625,2.75,6.625],"texture":"#0"},"down":{"uv":[2.875,6.625,2.8125,6.65625],"texture":"#0"}}},{"from":[-0.13,15.97918,29.5],"to":[1.87,23.97918,30],"rotation":{"angle":22.5,"axis":"z","origin":[3.06371,18.47918,29.5]},"faces":{"north":{"uv":[1.75,6.25,1.875,6.75],"texture":"#0"},"east":{"uv":[3.875,6.4375,3.90625,6.9375],"texture":"#0"},"south":{"uv":[1.875,6.25,2,6.75],"texture":"#0"},"west":{"uv":[6.4375,6.375,6.46875,6.875],"texture":"#0"},"up":{"uv":[0.5,6.65625,0.375,6.625],"texture":"#0"},"down":{"uv":[0.625,6.625,0.5,6.65625],"texture":"#0"}}},{"from":[-12,0,-16],"to":[-7,1,-12],"rotation":{"angle":0,"axis":"y","origin":[-2,-1,1]},"faces":{"north":{"uv":[4.375,5.8125,4.6875,5.875],"texture":"#0"},"east":{"uv":[6.4375,4.5,6.6875,4.5625],"texture":"#0"},"south":{"uv":[4.375,5.8125,4.6875,5.875],"texture":"#0"},"west":{"uv":[6.4375,4.5,6.6875,4.5625],"texture":"#0"},"up":{"uv":[0.6875,6.5,0.375,6.25],"texture":"#0"},"down":{"uv":[1,6.25,0.6875,6.5],"texture":"#0"}}},{"from":[-11,1,-14.75],"to":[-9,9.5,-12.75],"rotation":{"angle":-22.5,"axis":"z","origin":[-11,1,-14]},"faces":{"north":{"uv":[1,6.25,1.125,6.78125],"texture":"#0"},"east":{"uv":[0,6.25,0.15625,6.78125],"texture":"#0"},"south":{"uv":[1,6.25,1.125,6.78125],"texture":"#0"},"west":{"uv":[1,6.25,1.125,6.78125],"texture":"#0"},"up":{"uv":[3.875,6.59375,3.75,6.4375],"texture":"#0"},"down":{"uv":[6.5625,3.8125,6.4375,3.96875],"texture":"#0"}}},{"from":[-11.25,0.5,-15.6],"to":[-10.25,1.5,-12.6],"rotation":{"angle":45,"axis":"z","origin":[-10.75,1,-14]},"faces":{"north":{"uv":[2.5,6.625,2.5625,6.6875],"texture":"#0"},"east":{"uv":[6.5,4.6875,6.6875,4.75],"texture":"#0"},"south":{"uv":[2.5625,6.625,2.625,6.6875],"texture":"#0"},"west":{"uv":[6.5,4.75,6.6875,4.8125],"texture":"#0"},"up":{"uv":[3.5625,6.6875,3.5,6.5],"texture":"#0"},"down":{"uv":[3.625,6.5,3.5625,6.6875],"texture":"#0"}}},{"from":[-6.25,0.5,-15.5],"to":[-4.75,2,-14.5],"rotation":{"angle":45,"axis":"z","origin":[-10.75,1,-14]},"faces":{"north":{"uv":[6.25,6.5,6.34375,6.59375],"texture":"#0"},"east":{"uv":[6.5625,5.625,6.625,5.71875],"texture":"#0"},"south":{"uv":[6.5,6.375,6.59375,6.46875],"texture":"#0"},"west":{"uv":[6.5625,5.75,6.625,5.84375],"texture":"#0"},"up":{"uv":[6.65625,6.1875,6.5625,6.125],"texture":"#0"},"down":{"uv":[6.65625,6.1875,6.5625,6.25],"texture":"#0"}}},{"from":[23,28,26.5],"to":[27,30,31.99],"rotation":{"angle":-45,"axis":"z","origin":[24,31,29]},"faces":{"north":{"uv":[6.625,0.875,6.375,1],"texture":"#0"},"east":{"uv":[2.71875,6.3125,2.375,6.4375],"texture":"#0"},"south":{"uv":[6.625,1,6.375,1.125],"texture":"#0"},"west":{"uv":[6.59375,4.5625,6.25,4.6875],"texture":"#0"},"up":{"uv":[5.75,6.46875,6,6.125],"texture":"#0"},"down":{"uv":[6,6.125,6.25,6.46813],"texture":"#0"}}},{"from":[22,30,25.5],"to":[28,31,31.99],"rotation":{"angle":-45,"axis":"z","origin":[24,31,29]},"faces":{"north":{"uv":[3.625,6.4375,3.25,6.5],"texture":"#0"},"east":{"uv":[3.21875,6.4375,2.8125,6.5],"texture":"#0"},"south":{"uv":[3.625,6.4375,3.25,6.5],"texture":"#0"},"west":{"uv":[3.21875,6.4375,2.8125,6.5],"texture":"#0"},"up":{"uv":[6.125,5.09375,6.5,4.6875],"texture":"#0"},"down":{"uv":[5.375,6.125,5.75,6.53125],"texture":"#0"}}},{"from":[21.62868,29.85,26],"to":[23.12868,31.35,27.24],"rotation":{"angle":0,"axis":"y","origin":[21.87868,31,28.745]},"faces":{"north":{"uv":[6.09375,6.5,6,6.59375],"texture":"#0"},"east":{"uv":[5.5,6.5625,5.4375,6.65625],"texture":"#0"},"south":{"uv":[6.21875,6.5,6.125,6.59375],"texture":"#0"},"west":{"uv":[5.4375,6.5625,5.375,6.65625],"texture":"#0"},"up":{"uv":[5.5,6.625,5.59375,6.5625],"texture":"#0"},"down":{"uv":[5.625,6.5625,5.71875,6.625],"texture":"#0"}}},{"from":[24.16421,27.21447,26],"to":[25.66421,28.71447,28.49],"rotation":{"angle":0,"axis":"y","origin":[25.41421,27.46447,28.745]},"faces":{"north":{"uv":[5.84375,6.5,5.75,6.59375],"texture":"#0"},"east":{"uv":[0.96875,6.5,0.8125,6.59375],"texture":"#0"},"south":{"uv":[5.96875,6.5,5.875,6.59375],"texture":"#0"},"west":{"uv":[0.78125,6.5,0.625,6.59375],"texture":"#0"},"up":{"uv":[1.25,6.65625,1.34375,6.5],"texture":"#0"},"down":{"uv":[1.375,6.5,1.46875,6.65625],"texture":"#0"}}},{"from":[24,26,28.25],"to":[26,28,29.5],"rotation":{"angle":-45,"axis":"z","origin":[24,31,29]},"faces":{"north":{"uv":[6.5625,6.125,6.4375,6.25],"texture":"#0"},"east":{"uv":[2.84375,6.5,2.75,6.625],"texture":"#0"},"south":{"uv":[6.5625,6.25,6.4375,6.375],"texture":"#0"},"west":{"uv":[2.75,6.5,2.84375,6.625],"texture":"#0"},"up":{"uv":[2.875,6.59375,3,6.5],"texture":"#0"},"down":{"uv":[3,6.5,3.125,6.59375],"texture":"#0"}}},{"from":[23.25,25.25,29.5],"to":[26.25,29,30],"rotation":{"angle":-45,"axis":"z","origin":[24.25,30.5,29.5]},"faces":{"north":{"uv":[2.1875,6.3125,2,6.5625],"texture":"#0"},"east":{"uv":[2.03125,6.5625,2,6.8125],"texture":"#0"},"south":{"uv":[2.375,6.3125,2.1875,6.5625],"texture":"#0"},"west":{"uv":[6.53125,6.5,6.5,6.75],"texture":"#0"},"up":{"uv":[6.5,5.09375,6.6875,5.0625],"texture":"#0"},"down":{"uv":[6.5625,3.9375,6.75,3.96875],"texture":"#0"}}},{"from":[23.75,19.5,29.5],"to":[25.75,25.25,30],"rotation":{"angle":-45,"axis":"z","origin":[24.25,30.5,29.5]},"faces":{"north":{"uv":[6.375,4.1875,6.25,4.5625],"texture":"#0"},"east":{"uv":[3.21875,6.5,3.1875,6.875],"texture":"#0"},"south":{"uv":[6.375,6.125,6.25,6.5],"texture":"#0"},"west":{"uv":[3.15625,6.5,3.125,6.875],"texture":"#0"},"up":{"uv":[6.5625,6.53125,6.6875,6.5],"texture":"#0"},"down":{"uv":[6.5625,6.5625,6.6875,6.59375],"texture":"#0"}}},{"from":[24.25,19.5,29],"to":[25.25,26,29.5],"rotation":{"angle":-45,"axis":"z","origin":[24.25,30.5,29]},"faces":{"north":{"uv":[6.4375,4.125,6.375,4.53125],"texture":"#0"},"east":{"uv":[1.71875,6.5,1.6875,6.90625],"texture":"#0"},"south":{"uv":[6.4375,6.125,6.375,6.53125],"texture":"#0"},"west":{"uv":[1.65625,6.5,1.625,6.90625],"texture":"#0"},"up":{"uv":[2.625,6.65625,2.6875,6.625],"texture":"#0"},"down":{"uv":[2.6875,6.625,2.75,6.65625],"texture":"#0"}}},{"from":[14.58629,16.77918,29],"to":[15.58629,23.77918,29.5],"rotation":{"angle":-22.5,"axis":"z","origin":[12.93629,18.47918,29]},"faces":{"north":{"uv":[4,6.3125,3.9375,6.75],"texture":"#0"},"east":{"uv":[1.59375,6.5,1.5625,6.9375],"texture":"#0"},"south":{"uv":[6.4375,3.6875,6.375,4.125],"texture":"#0"},"west":{"uv":[1.53125,6.5,1.5,6.9375],"texture":"#0"},"up":{"uv":[2.75,6.65625,2.8125,6.625],"texture":"#0"},"down":{"uv":[2.8125,6.625,2.875,6.65625],"texture":"#0"}}},{"from":[14.13,15.97918,29.5],"to":[16.13,23.97918,30],"rotation":{"angle":-22.5,"axis":"z","origin":[12.93629,18.47918,29.5]},"faces":{"north":{"uv":[1.875,6.25,1.75,6.75],"texture":"#0"},"east":{"uv":[6.46875,6.375,6.4375,6.875],"texture":"#0"},"south":{"uv":[2,6.25,1.875,6.75],"texture":"#0"},"west":{"uv":[3.90625,6.4375,3.875,6.9375],"texture":"#0"},"up":{"uv":[0.375,6.65625,0.5,6.625],"texture":"#0"},"down":{"uv":[0.5,6.625,0.625,6.65625],"texture":"#0"}}},{"from":[23,0,-16],"to":[28,1,-12],"rotation":{"angle":0,"axis":"y","origin":[18,-1,1]},"faces":{"north":{"uv":[4.6875,5.8125,4.375,5.875],"texture":"#0"},"east":{"uv":[6.6875,4.5,6.4375,4.5625],"texture":"#0"},"south":{"uv":[4.6875,5.8125,4.375,5.875],"texture":"#0"},"west":{"uv":[6.6875,4.5,6.4375,4.5625],"texture":"#0"},"up":{"uv":[0.375,6.5,0.6875,6.25],"texture":"#0"},"down":{"uv":[0.6875,6.25,1,6.5],"texture":"#0"}}},{"from":[25,1,-14.75],"to":[27,9.5,-12.75],"rotation":{"angle":22.5,"axis":"z","origin":[27,1,-14]},"faces":{"north":{"uv":[1.125,6.25,1,6.78125],"texture":"#0"},"east":{"uv":[1.125,6.25,1,6.78125],"texture":"#0"},"south":{"uv":[1.125,6.25,1,6.78125],"texture":"#0"},"west":{"uv":[0.15625,6.25,0,6.78125],"texture":"#0"},"up":{"uv":[3.75,6.59375,3.875,6.4375],"texture":"#0"},"down":{"uv":[6.4375,3.8125,6.5625,3.96875],"texture":"#0"}}},{"from":[26.25,0.5,-15.6],"to":[27.25,1.5,-12.6],"rotation":{"angle":-45,"axis":"z","origin":[26.75,1,-14]},"faces":{"north":{"uv":[2.5625,6.625,2.5,6.6875],"texture":"#0"},"east":{"uv":[6.6875,4.75,6.5,4.8125],"texture":"#0"},"south":{"uv":[2.625,6.625,2.5625,6.6875],"texture":"#0"},"west":{"uv":[6.6875,4.6875,6.5,4.75],"texture":"#0"},"up":{"uv":[3.5,6.6875,3.5625,6.5],"texture":"#0"},"down":{"uv":[3.5625,6.5,3.625,6.6875],"texture":"#0"}}},{"from":[20.75,0.5,-15.5],"to":[22.25,2,-14.5],"rotation":{"angle":-45,"axis":"z","origin":[26.75,1,-14]},"faces":{"north":{"uv":[6.34375,6.5,6.25,6.59375],"texture":"#0"},"east":{"uv":[6.625,5.75,6.5625,5.84375],"texture":"#0"},"south":{"uv":[6.59375,6.375,6.5,6.46875],"texture":"#0"},"west":{"uv":[6.625,5.625,6.5625,5.71875],"texture":"#0"},"up":{"uv":[6.5625,6.1875,6.65625,6.125],"texture":"#0"},"down":{"uv":[6.5625,6.1875,6.65625,6.25],"texture":"#0"}}}],"gui_light":"front","display":{"thirdperson_righthand":{"rotation":[67.5,0,0],"translation":[0,2.5,-1],"scale":[0.11977,0.11977,0.11977]},"thirdperson_lefthand":{"rotation":[67.5,0,0],"translation":[0,2.5,-1],"scale":[0.11977,0.11977,0.11977]},"firstperson_righthand":{"translation":[0,3.75,0],"scale":[0.17055,0.17055,0.17055]},"firstperson_lefthand":{"translation":[0,3.75,0],"scale":[0.17055,0.17055,0.17055]},"ground":{"translation":[0,6,0],"scale":[0.3,0.3,0.3]},"gui":{"rotation":[30,135,0],"translation":[0.25,-1.75,0],"scale":[0.24609,0.24609,0.24609]},"head":{"rotation":[0,-180,0],"translation":[0,-30.4,28.75],"scale":[1.6,1.6,1.6]},"fixed":{"rotation":[-90,0,0],"translation":[0,32,-16],"scale":[2,2,2]}},"groups":[0,1,2,3,4,5,6,7,8,9,10,11,12,13,14,15,16,17,18,19,20,{"name":"group","origin":[5.06371,19.47918,29.5],"color":0,"children":[21,22,23,24,25,26,27,28,29,30]},{"name":"group","origin":[-10.75,1,-14],"color":0,"children":[31,32,33,34]},{"name":"group","origin":[5.06371,19.47918,29.5],"color":0,"children":[35,36,37,38,39,40,41,42,43,44]},{"name":"group","origin":[-10.75,1,-14],"color":0,"children":[45,46,47,48]}]}