{"credit":"Made with Blockbench","texture_size":[64,64],"textures":{"0":"cat_theme_furniture_v1:10_coffe_glass_texture","particle":"cat_theme_furniture_v1:10_coffe_glass_texture"},"elements":[{"from":[-2.5,1,5.5],"to":[2.5,7,10.5],"rotation":{"angle":0,"axis":"y","origin":[-2.5,1,5.5]},"faces":{"north":{"uv":[5,4,6.25,5.5],"texture":"#0"},"east":{"uv":[1.25,5.5,2.5,7],"texture":"#0"},"south":{"uv":[1.25,5.5,2.5,7],"texture":"#0"},"west":{"uv":[1.25,5.5,2.5,7],"texture":"#0"},"up":{"uv":[7.5,6.75,6.25,5.5],"texture":"#0"},"down":{"uv":[7.5,6.75,6.25,8],"texture":"#0"}}},{"from":[-3.25,3,5.49],"to":[-0.25,3.5,5.49],"rotation":{"angle":0,"axis":"y","origin":[-2.5,1,5.5]},"faces":{"north":{"uv":[8.5,6.75,9.25,6.875],"texture":"#0"},"east":{"uv":[0,0,0,0.125],"texture":"#0"},"south":{"uv":[8.5,7,9.25,7.125],"texture":"#0"},"west":{"uv":[0,0,0,0.125],"texture":"#0"},"up":{"uv":[0.75,0,0,0],"texture":"#0"},"down":{"uv":[0.75,0,0,0],"texture":"#0"}}},{"from":[-3.25,3,5.49],"to":[-0.25,3.5,5.49],"rotation":{"angle":-22.5,"axis":"z","origin":[-0.25,3.25,5.49]},"faces":{"north":{"uv":[8.5,7.25,9.25,7.375],"texture":"#0"},"east":{"uv":[0,0,0,0.125],"texture":"#0"},"south":{"uv":[8.5,7.5,9.25,7.625],"texture":"#0"},"west":{"uv":[0,0,0,0.125],"texture":"#0"},"up":{"uv":[0.75,0,0,0],"texture":"#0"},"down":{"uv":[0.75,0,0,0],"texture":"#0"}}},{"from":[-3.25,3,5.49],"to":[-0.25,3.5,5.49],"rotation":{"angle":22.5,"axis":"z","origin":[-0.25,3.25,5.49]},"faces":{"north":{"uv":[8.5,6.25,9.25,6.375],"texture":"#0"},"east":{"uv":[0,0,0,0.125],"texture":"#0"},"south":{"uv":[8.5,6.5,9.25,6.625],"texture":"#0"},"west":{"uv":[0,0,0,0.125],"texture":"#0"},"up":{"uv":[0.75,0,0,0],"texture":"#0"},"down":{"uv":[0.75,0,0,0],"texture":"#0"}}},{"from":[0.25,3,5.49],"to":[3.25,3.5,5.49],"rotation":{"angle":-22.5,"axis":"z","origin":[0.25,3.25,5.49]},"faces":{"north":{"uv":[9.25,6.25,8.5,6.375],"texture":"#0"},"east":{"uv":[0,0,0,0.125],"texture":"#0"},"south":{"uv":[9.25,6.5,8.5,6.625],"texture":"#0"},"west":{"uv":[0,0,0,0.125],"texture":"#0"},"up":{"uv":[0,0,0.75,0],"texture":"#0"},"down":{"uv":[0,0,0.75,0],"texture":"#0"}}},{"from":[0.25,3,5.49],"to":[3.25,3.5,5.49],"rotation":{"angle":0,"axis":"y","origin":[2.5,1,5.5]},"faces":{"north":{"uv":[9.25,6.75,8.5,6.875],"texture":"#0"},"east":{"uv":[0,0,0,0.125],"texture":"#0"},"south":{"uv":[9.25,7,8.5,7.125],"texture":"#0"},"west":{"uv":[0,0,0,0.125],"texture":"#0"},"up":{"uv":[0,0,0.75,0],"texture":"#0"},"down":{"uv":[0,0,0.75,0],"texture":"#0"}}},{"from":[0.25,3,5.49],"to":[3.25,3.5,5.49],"rotation":{"angle":22.5,"axis":"z","origin":[0.25,3.25,5.49]},"faces":{"north":{"uv":[9.25,7.25,8.5,7.375],"texture":"#0"},"east":{"uv":[0,0,0,0.125],"texture":"#0"},"south":{"uv":[9.25,7.5,8.5,7.625],"texture":"#0"},"west":{"uv":[0,0,0,0.125],"texture":"#0"},"up":{"uv":[0,0,0.75,0],"texture":"#0"},"down":{"uv":[0,0,0.75,0],"texture":"#0"}}},{"from":[-4.5,2,7.51],"to":[-3.5,6,8.49],"rotation":{"angle":0,"axis":"y","origin":[-2.5,1,5.5]},"faces":{"north":{"uv":[2.75,7.75,3,8.75],"texture":"#0"},"east":{"uv":[3,7.75,3.25,8.75],"texture":"#0"},"south":{"uv":[3,7.75,2.75,8.75],"texture":"#0"},"west":{"uv":[3.5,7.75,3.75,8.75],"texture":"#0"},"up":{"uv":[8.75,3,8.5,2.75],"texture":"#0"},"down":{"uv":[8.75,3,8.5,3.25],"texture":"#0"}}},{"from":[-4.42284,5.61209,7.5],"to":[-2.17284,6.61209,8.5],"rotation":{"angle":22.5,"axis":"z","origin":[-2.92284,6.11209,8]},"faces":{"north":{"uv":[7.75,7.75,8.375,8],"texture":"#0"},"east":{"uv":[8.5,3.25,8.75,3.5],"texture":"#0"},"south":{"uv":[8.375,7.75,7.75,8],"texture":"#0"},"west":{"uv":[8.5,3.5,8.75,3.75],"texture":"#0"},"up":{"uv":[8.625,1,8,0.75],"texture":"#0"},"down":{"uv":[8.625,1,8,1.25],"texture":"#0"}}},{"from":[-4.42284,1.38791,7.5],"to":[-2.17284,2.38791,8.5],"rotation":{"angle":-22.5,"axis":"z","origin":[-2.92284,1.88791,8]},"faces":{"north":{"uv":[8,1.25,8.625,1.5],"texture":"#0"},"east":{"uv":[8.5,3.75,8.75,4],"texture":"#0"},"south":{"uv":[8.625,1.25,8,1.5],"texture":"#0"},"west":{"uv":[8.5,4,8.75,4.25],"texture":"#0"},"up":{"uv":[8.625,2,8,1.75],"texture":"#0"},"down":{"uv":[8.625,2,8,2.25],"texture":"#0"}}},{"from":[-2.49,6,7.75],"to":[-2.01,8.75,10.5],"rotation":{"angle":45,"axis":"x","origin":[-2.25,8.5,8]},"faces":{"north":{"uv":[8.25,4.25,8.375,5],"texture":"#0"},"east":{"uv":[8,0.5,7.25,1.25],"texture":"#0"},"south":{"uv":[4.75,8.25,4.875,9],"texture":"#0"},"west":{"uv":[7.25,0.5,8,1.25],"texture":"#0"},"up":{"uv":[5.125,9,5,8.25],"texture":"#0"},"down":{"uv":[8.375,5,8.25,5.75],"texture":"#0"}}},{"from":[2.01,6,7.75],"to":[2.49,8.75,10.5],"rotation":{"angle":45,"axis":"x","origin":[2.25,8.5,8]},"faces":{"north":{"uv":[5.25,8.25,5.375,9],"texture":"#0"},"east":{"uv":[8,0.5,7.25,1.25],"texture":"#0"},"south":{"uv":[5.5,8.25,5.625,9],"texture":"#0"},"west":{"uv":[7.25,0.5,8,1.25],"texture":"#0"},"up":{"uv":[5.875,9,5.75,8.25],"texture":"#0"},"down":{"uv":[6.125,8.25,6,9],"texture":"#0"}}},{"from":[5.5,1,5.5],"to":[10.5,7,10.5],"rotation":{"angle":0,"axis":"y","origin":[5.5,1,5.5]},"faces":{"north":{"uv":[0,4,1.25,5.5],"texture":"#0"},"east":{"uv":[2.5,4,3.75,5.5],"texture":"#0"},"south":{"uv":[2.5,4,3.75,5.5],"texture":"#0"},"west":{"uv":[2.5,4,3.75,5.5],"texture":"#0"},"up":{"uv":[1.25,6.75,0,5.5],"texture":"#0"},"down":{"uv":[3.75,5.5,2.5,6.75],"texture":"#0"}}},{"from":[4.75,3,5.49],"to":[7.75,3.5,5.49],"rotation":{"angle":0,"axis":"y","origin":[5.5,1,5.5]},"faces":{"north":{"uv":[7.25,2,8,2.125],"texture":"#0"},"east":{"uv":[0,0,0,0.125],"texture":"#0"},"south":{"uv":[7.25,2.25,8,2.375],"texture":"#0"},"west":{"uv":[0,0,0,0.125],"texture":"#0"},"up":{"uv":[0.75,0,0,0],"texture":"#0"},"down":{"uv":[0.75,0,0,0],"texture":"#0"}}},{"from":[4.75,3,5.49],"to":[7.75,3.5,5.49],"rotation":{"angle":-22.5,"axis":"z","origin":[7.75,3.25,5.49]},"faces":{"north":{"uv":[7.25,2.5,8,2.625],"texture":"#0"},"east":{"uv":[0,0,0,0.125],"texture":"#0"},"south":{"uv":[3.75,7.25,4.5,7.375],"texture":"#0"},"west":{"uv":[0,0,0,0.125],"texture":"#0"},"up":{"uv":[0.75,0,0,0],"texture":"#0"},"down":{"uv":[0.75,0,0,0],"texture":"#0"}}},{"from":[4.75,3,5.49],"to":[7.75,3.5,5.49],"rotation":{"angle":22.5,"axis":"z","origin":[7.75,3.25,5.49]},"faces":{"north":{"uv":[4.5,7.25,5.25,7.375],"texture":"#0"},"east":{"uv":[0,0,0,0.125],"texture":"#0"},"south":{"uv":[5.25,7.25,6,7.375],"texture":"#0"},"west":{"uv":[0,0,0,0.125],"texture":"#0"},"up":{"uv":[0.75,0,0,0],"texture":"#0"},"down":{"uv":[0.75,0,0,0],"texture":"#0"}}},{"from":[8.25,3,5.49],"to":[11.25,3.5,5.49],"rotation":{"angle":-22.5,"axis":"z","origin":[8.25,3.25,5.49]},"faces":{"north":{"uv":[2.5,7.5,3.25,7.625],"texture":"#0"},"east":{"uv":[0,0,0,0.125],"texture":"#0"},"south":{"uv":[3.75,7.5,4.5,7.625],"texture":"#0"},"west":{"uv":[0,0,0,0.125],"texture":"#0"},"up":{"uv":[0.75,0,0,0],"texture":"#0"},"down":{"uv":[0.75,0,0,0],"texture":"#0"}}},{"from":[8.25,3,5.49],"to":[11.25,3.5,5.49],"rotation":{"angle":0,"axis":"y","origin":[10.5,1,5.5]},"faces":{"north":{"uv":[4.5,7.5,5.25,7.625],"texture":"#0"},"east":{"uv":[0,0,0,0.125],"texture":"#0"},"south":{"uv":[5.25,7.5,6,7.625],"texture":"#0"},"west":{"uv":[0,0,0,0.125],"texture":"#0"},"up":{"uv":[0.75,0,0,0],"texture":"#0"},"down":{"uv":[0.75,0,0,0],"texture":"#0"}}},{"from":[8.25,3,5.49],"to":[11.25,3.5,5.49],"rotation":{"angle":22.5,"axis":"z","origin":[8.25,3.25,5.49]},"faces":{"north":{"uv":[7.5,6.25,8.25,6.375],"texture":"#0"},"east":{"uv":[0,0,0,0.125],"texture":"#0"},"south":{"uv":[7.5,6.5,8.25,6.625],"texture":"#0"},"west":{"uv":[0,0,0,0.125],"texture":"#0"},"up":{"uv":[0.75,0,0,0],"texture":"#0"},"down":{"uv":[0.75,0,0,0],"texture":"#0"}}},{"from":[3.5,2,7.51],"to":[4.5,6,8.49],"rotation":{"angle":0,"axis":"y","origin":[5.5,1,5.5]},"faces":{"north":{"uv":[3.25,6.75,3.5,7.75],"texture":"#0"},"east":{"uv":[3.5,6.75,3.75,7.75],"texture":"#0"},"south":{"uv":[3.5,6.75,3.25,7.75],"texture":"#0"},"west":{"uv":[7,4,7.25,5],"texture":"#0"},"up":{"uv":[6.25,4,6,3.75],"texture":"#0"},"down":{"uv":[1,6.75,0.75,7],"texture":"#0"}}},{"from":[3.57716,5.61209,7.5],"to":[5.82716,6.61209,8.5],"rotation":{"angle":22.5,"axis":"z","origin":[5.07716,6.11209,8]},"faces":{"north":{"uv":[6.25,5.25,6.875,5.5],"texture":"#0"},"east":{"uv":[1,6.75,1.25,7],"texture":"#0"},"south":{"uv":[6.875,5.25,6.25,5.5],"texture":"#0"},"west":{"uv":[7,5,7.25,5.25],"texture":"#0"},"up":{"uv":[4.375,7.25,3.75,7],"texture":"#0"},"down":{"uv":[5.125,7,4.5,7.25],"texture":"#0"}}},{"from":[3.57716,1.38791,7.5],"to":[5.82716,2.38791,8.5],"rotation":{"angle":-22.5,"axis":"z","origin":[5.07716,1.88791,8]},"faces":{"north":{"uv":[5.25,7,5.875,7.25],"texture":"#0"},"east":{"uv":[7,5.25,7.25,5.5],"texture":"#0"},"south":{"uv":[5.875,7,5.25,7.25],"texture":"#0"},"west":{"uv":[7.25,5,7.5,5.25],"texture":"#0"},"up":{"uv":[7.875,1.75,7.25,1.5],"texture":"#0"},"down":{"uv":[7.875,1.75,7.25,2],"texture":"#0"}}},{"from":[5.51,6,7.75],"to":[5.99,8.75,10.5],"rotation":{"angle":45,"axis":"x","origin":[5.75,8.5,8]},"faces":{"north":{"uv":[6.75,3,6.875,3.75],"texture":"#0"},"east":{"uv":[7,3.75,6.25,4.5],"texture":"#0"},"south":{"uv":[6,7,6.125,7.75],"texture":"#0"},"west":{"uv":[6.25,3.75,7,4.5],"texture":"#0"},"up":{"uv":[7.375,3.5,7.25,2.75],"texture":"#0"},"down":{"uv":[7.375,3.5,7.25,4.25],"texture":"#0"}}},{"from":[10.01,6,7.75],"to":[10.49,8.75,10.5],"rotation":{"angle":45,"axis":"x","origin":[10.25,8.5,8]},"faces":{"north":{"uv":[6.875,3,6.75,3.75],"texture":"#0"},"east":{"uv":[7,3.75,6.25,4.5],"texture":"#0"},"south":{"uv":[6.125,7,6,7.75],"texture":"#0"},"west":{"uv":[6.25,3.75,7,4.5],"texture":"#0"},"up":{"uv":[7.25,3.5,7.375,2.75],"texture":"#0"},"down":{"uv":[7.25,3.5,7.375,4.25],"texture":"#0"}}},{"from":[13.5,1,5.5],"to":[18.5,7,10.5],"rotation":{"angle":0,"axis":"y","origin":[13.5,1,5.5]},"faces":{"north":{"uv":[1.25,4,2.5,5.5],"texture":"#0"},"east":{"uv":[3.75,5.5,5,7],"texture":"#0"},"south":{"uv":[3.75,5.5,5,7],"texture":"#0"},"west":{"uv":[3.75,5.5,5,7],"texture":"#0"},"up":{"uv":[7.25,1.25,6,0],"texture":"#0"},"down":{"uv":[7.25,1.25,6,2.5],"texture":"#0"}}},{"from":[12.75,3,5.49],"to":[15.75,3.5,5.49],"rotation":{"angle":0,"axis":"y","origin":[13.5,1,5.5]},"faces":{"north":{"uv":[7.25,5.25,8,5.375],"texture":"#0"},"east":{"uv":[0,0,0,0.125],"texture":"#0"},"south":{"uv":[0,7.5,0.75,7.625],"texture":"#0"},"west":{"uv":[0,0,0,0.125],"texture":"#0"},"up":{"uv":[0.75,0,0,0],"texture":"#0"},"down":{"uv":[0.75,0,0,0],"texture":"#0"}}},{"from":[12.75,3,5.49],"to":[15.75,3.5,5.49],"rotation":{"angle":-22.5,"axis":"z","origin":[15.75,3.25,5.49]},"faces":{"north":{"uv":[1.75,7.5,2.5,7.625],"texture":"#0"},"east":{"uv":[0,0,0,0.125],"texture":"#0"},"south":{"uv":[7.5,2.75,8.25,2.875],"texture":"#0"},"west":{"uv":[0,0,0,0.125],"texture":"#0"},"up":{"uv":[0.75,0,0,0],"texture":"#0"},"down":{"uv":[0.75,0,0,0],"texture":"#0"}}},{"from":[12.75,3,5.49],"to":[15.75,3.5,5.49],"rotation":{"angle":22.5,"axis":"z","origin":[15.75,3.25,5.49]},"faces":{"north":{"uv":[7.5,3,8.25,3.125],"texture":"#0"},"east":{"uv":[0,0,0,0.125],"texture":"#0"},"south":{"uv":[7.5,3.25,8.25,3.375],"texture":"#0"},"west":{"uv":[0,0,0,0.125],"texture":"#0"},"up":{"uv":[0.75,0,0,0],"texture":"#0"},"down":{"uv":[0.75,0,0,0],"texture":"#0"}}},{"from":[16.25,3,5.49],"to":[19.25,3.5,5.49],"rotation":{"angle":-22.5,"axis":"z","origin":[16.25,3.25,5.49]},"faces":{"north":{"uv":[7.5,3.5,8.25,3.625],"texture":"#0"},"east":{"uv":[0,0,0,0.125],"texture":"#0"},"south":{"uv":[7.5,3.75,8.25,3.875],"texture":"#0"},"west":{"uv":[0,0,0,0.125],"texture":"#0"},"up":{"uv":[0.75,0,0,0],"texture":"#0"},"down":{"uv":[0.75,0,0,0],"texture":"#0"}}},{"from":[16.25,3,5.49],"to":[19.25,3.5,5.49],"rotation":{"angle":0,"axis":"y","origin":[18.5,1,5.5]},"faces":{"north":{"uv":[7.5,4,8.25,4.125],"texture":"#0"},"east":{"uv":[0,0,0,0.125],"texture":"#0"},"south":{"uv":[7.5,5,8.25,5.125],"texture":"#0"},"west":{"uv":[0,0,0,0.125],"texture":"#0"},"up":{"uv":[0.75,0,0,0],"texture":"#0"},"down":{"uv":[0.75,0,0,0],"texture":"#0"}}},{"from":[16.25,3,5.49],"to":[19.25,3.5,5.49],"rotation":{"angle":22.5,"axis":"z","origin":[16.25,3.25,5.49]},"faces":{"north":{"uv":[7.5,5.5,8.25,5.625],"texture":"#0"},"east":{"uv":[0,0,0,0.125],"texture":"#0"},"south":{"uv":[7.5,6.75,8.25,6.875],"texture":"#0"},"west":{"uv":[0,0,0,0.125],"texture":"#0"},"up":{"uv":[0.75,0,0,0],"texture":"#0"},"down":{"uv":[0.75,0,0,0],"texture":"#0"}}},{"from":[11.5,2,7.51],"to":[12.5,6,8.49],"rotation":{"angle":0,"axis":"y","origin":[13.5,1,5.5]},"faces":{"north":{"uv":[0.75,7,1,8],"texture":"#0"},"east":{"uv":[1,7,1.25,8],"texture":"#0"},"south":{"uv":[1,7,0.75,8],"texture":"#0"},"west":{"uv":[1.5,7,1.75,8],"texture":"#0"},"up":{"uv":[7,2.75,6.75,2.5],"texture":"#0"},"down":{"uv":[7,2.75,6.75,3],"texture":"#0"}}},{"from":[11.57716,5.61209,7.5],"to":[13.82716,6.61209,8.5],"rotation":{"angle":22.5,"axis":"z","origin":[13.07716,6.11209,8]},"faces":{"north":{"uv":[6,3.25,6.625,3.5],"texture":"#0"},"east":{"uv":[2.25,7.75,2.5,8],"texture":"#0"},"south":{"uv":[6.625,3.25,6,3.5],"texture":"#0"},"west":{"uv":[2.5,7.75,2.75,8],"texture":"#0"},"up":{"uv":[2.375,7.25,1.75,7],"texture":"#0"},"down":{"uv":[7.875,1.25,7.25,1.5],"texture":"#0"}}},{"from":[11.57716,1.38791,7.5],"to":[13.82716,2.38791,8.5],"rotation":{"angle":-22.5,"axis":"z","origin":[13.07716,1.88791,8]},"faces":{"north":{"uv":[1.75,7.25,2.375,7.5],"texture":"#0"},"east":{"uv":[3.25,7.75,3.5,8],"texture":"#0"},"south":{"uv":[2.375,7.25,1.75,7.5],"texture":"#0"},"west":{"uv":[3.75,7.75,4,8],"texture":"#0"},"up":{"uv":[7.875,4.75,7.25,4.5],"texture":"#0"},"down":{"uv":[7.875,4.75,7.25,5],"texture":"#0"}}},{"from":[13.51,6,7.75],"to":[13.99,8.75,10.5],"rotation":{"angle":45,"axis":"x","origin":[13.75,8.5,8]},"faces":{"north":{"uv":[7,2.5,7.125,3.25],"texture":"#0"},"east":{"uv":[7,4.5,6.25,5.25],"texture":"#0"},"south":{"uv":[7,3.25,7.125,4],"texture":"#0"},"west":{"uv":[6.25,4.5,7,5.25],"texture":"#0"},"up":{"uv":[7.625,7.75,7.5,7],"texture":"#0"},"down":{"uv":[0.125,7.75,0,8.5],"texture":"#0"}}},{"from":[18.01,6,7.75],"to":[18.49,8.75,10.5],"rotation":{"angle":45,"axis":"x","origin":[13.75,8.5,8]},"faces":{"north":{"uv":[7,2.5,7.125,3.25],"texture":"#0"},"east":{"uv":[7,4.5,6.25,5.25],"texture":"#0"},"south":{"uv":[7,3.25,7.125,4],"texture":"#0"},"west":{"uv":[6.25,4.5,7,5.25],"texture":"#0"},"up":{"uv":[7.625,7.75,7.5,7],"texture":"#0"},"down":{"uv":[0.125,7.75,0,8.5],"texture":"#0"}}},{"from":[-4,0,4],"to":[20,1,12],"faces":{"north":{"uv":[7.25,0,13.25,0.25],"texture":"#0"},"east":{"uv":[7.5,6,9.5,6.25],"texture":"#0"},"south":{"uv":[7.25,0,13.25,0.25],"texture":"#0"},"west":{"uv":[7.5,6,9.5,6.25],"texture":"#0"},"up":{"uv":[6,2,0,0],"texture":"#0"},"down":{"uv":[6,2,0,4],"texture":"#0"}}}],"gui_light":"front","display":{"thirdperson_righthand":{"rotation":[67.5,0,0],"translation":[0,1.5,1.25],"scale":[0.22758,0.22758,0.22758]},"thirdperson_lefthand":{"rotation":[67.5,0,0],"translation":[0,1.5,1.25],"scale":[0.22758,0.22758,0.22758]},"firstperson_righthand":{"rotation":[0,180,0],"translation":[1.75,3,0],"scale":[0.30344,0.30344,0.30344]},"firstperson_lefthand":{"rotation":[0,180,0],"translation":[1.75,3,0],"scale":[0.30344,0.30344,0.30344]},"ground":{"translation":[0,6,0],"scale":[0.55,0.55,0.55]},"gui":{"rotation":[30,135,0],"translation":[0,2.5,0],"scale":[0.6332,0.6332,0.6332]},"head":{"rotation":[0,180,0],"translation":[0,-30.4,0],"scale":[1.6,1.6,1.6]},"fixed":{"rotation":[-90,0,0],"translation":[0,0,-16],"scale":[2,2,2]}},"groups":[{"name":"group","origin":[10.25,7.5,2.5],"color":0,"children":[]},{"name":"group","origin":[10.25,7.5,2.5],"color":0,"children":[0,1,2,3,4,5,6,7,8,9,10,11]},{"name":"group","origin":[10.25,7.5,2.5],"color":0,"children":[12,13,14,15,16,17,18,19,20,21,22,23]},{"name":"group","origin":[10.25,7.5,2.5],"color":0,"children":[24,25,26,27,28,29,30,31,32,33,34,35]},{"name":"group","origin":[10.25,7.5,2.5],"color":0,"children":[36]}]}