{"parent":"minecraft:item/generated","textures":{"layer0":"minecraft:item/bowl"},"overrides":[{"predicate":{"custom_model_data":10000},"model":"munchies:ia_auto_gen/cone"},{"predicate":{"custom_model_data":10001},"model":"munchies:ia_auto_gen/bowl"},{"predicate":{"custom_model_data":10002},"model":"munchies:ia_auto_gen/pietin"},{"predicate":{"custom_model_data":10003},"model":"munchies:ia_auto_gen/cupcakewrapper"},{"predicate":{"custom_model_data":10004},"model":"munchies:ia_auto_gen/glassjar"},{"predicate":{"custom_model_data":10005},"model":"munchies:ia_auto_gen/plate"},{"predicate":{"custom_model_data":10006},"model":"munchies:ia_auto_gen/platter"},{"predicate":{"custom_model_data":10007},"model":"item/bowl"}]}