{"credit":"Made with Blockbench","texture_size":[64,64],"textures":{"2":"elitecreatures:livingroom_furniture_v1/livingroom_plant_1"},"elements":[{"from":[11,7,5],"to":[12,8,11],"rotation":{"angle":0,"axis":"y","origin":[8,0,8]},"faces":{"north":{"uv":[5,6.25,5.25,6.5],"texture":"#2"},"east":{"uv":[3.5,6.25,5,6.5],"texture":"#2"},"south":{"uv":[6.75,6.25,7,6.5],"texture":"#2"},"west":{"uv":[5.25,6.25,6.75,6.5],"texture":"#2"},"up":{"uv":[5.25,6.25,5,4.75],"texture":"#2"},"down":{"uv":[5.5,4.75,5.25,6.25],"texture":"#2"}}},{"from":[4,0,4],"to":[12,7,12],"rotation":{"angle":0,"axis":"y","origin":[8,0,8]},"faces":{"north":{"uv":[2,2,4,3.75],"texture":"#2"},"east":{"uv":[0,2,2,3.75],"texture":"#2"},"south":{"uv":[6,2,8,3.75],"texture":"#2"},"west":{"uv":[4,2,6,3.75],"texture":"#2"},"up":{"uv":[4,2,2,0],"texture":"#2"},"down":{"uv":[6,0,4,2],"texture":"#2"}}},{"from":[4,7,11],"to":[12,8,12],"rotation":{"angle":0,"axis":"y","origin":[8,0,8]},"faces":{"north":{"uv":[6.25,0.25,8.25,0.5],"texture":"#2"},"east":{"uv":[6,0.25,6.25,0.5],"texture":"#2"},"south":{"uv":[8.5,0.25,10.5,0.5],"texture":"#2"},"west":{"uv":[8.25,0.25,8.5,0.5],"texture":"#2"},"up":{"uv":[8.25,0.25,6.25,0],"texture":"#2"},"down":{"uv":[10.25,0,8.25,0.25],"texture":"#2"}}},{"from":[4,7,4],"to":[12,8,5],"rotation":{"angle":0,"axis":"y","origin":[8,0,8]},"faces":{"north":{"uv":[0.25,6,2.25,6.25],"texture":"#2"},"east":{"uv":[0,6,0.25,6.25],"texture":"#2"},"south":{"uv":[2.5,6,4.5,6.25],"texture":"#2"},"west":{"uv":[2.25,6,2.5,6.25],"texture":"#2"},"up":{"uv":[2.25,6,0.25,5.75],"texture":"#2"},"down":{"uv":[4.25,5.75,2.25,6],"texture":"#2"}}},{"from":[4,7,5],"to":[5,8,11],"rotation":{"angle":0,"axis":"y","origin":[8,0,8]},"faces":{"north":{"uv":[7,6.5,7.25,6.75],"texture":"#2"},"east":{"uv":[5.5,6.5,7,6.75],"texture":"#2"},"south":{"uv":[8.75,6.5,9,6.75],"texture":"#2"},"west":{"uv":[7.25,6.5,8.75,6.75],"texture":"#2"},"up":{"uv":[7.25,6.5,7,5],"texture":"#2"},"down":{"uv":[7.5,5,7.25,6.5],"texture":"#2"}}},{"from":[7,5.00395,5.96133],"to":[9,9.00395,5.96133],"rotation":{"angle":-22.5,"axis":"x","origin":[8,8.61286,1.46327]},"faces":{"north":{"uv":[0,1,0.5,2],"texture":"#2"},"east":{"uv":[0,1,0,2],"texture":"#2"},"south":{"uv":[0.5,1,0,2],"texture":"#2"},"west":{"uv":[0.5,1,0.5,2],"texture":"#2"},"up":{"uv":[0.5,1,0,1],"texture":"#2"},"down":{"uv":[1,1,0.5,1],"texture":"#2"}}},{"from":[3,12.22571,-2.22571],"to":[13,12.22571,1.77429],"rotation":{"angle":0,"axis":"y","origin":[8,8.61286,1.46327]},"faces":{"north":{"uv":[2.5,4.75,0,4.75],"rotation":180,"texture":"#2"},"east":{"uv":[0,4.75,0,5.75],"rotation":90,"texture":"#2"},"south":{"uv":[5,4.75,2.5,4.75],"texture":"#2"},"west":{"uv":[2.5,4.75,2.5,5.75],"rotation":270,"texture":"#2"},"up":{"uv":[2.5,4.75,0,5.75],"texture":"#2"},"down":{"uv":[0,4.75,2.5,5.75],"rotation":180,"texture":"#2"}}},{"from":[3,13.36241,-4.56232],"to":[13,13.36241,-0.56232],"rotation":{"angle":-22.5,"axis":"x","origin":[8,8.61286,1.46327]},"faces":{"north":{"uv":[7.5,3.75,5,3.75],"rotation":180,"texture":"#2"},"east":{"uv":[5,3.75,5,4.75],"rotation":90,"texture":"#2"},"south":{"uv":[10,3.75,7.5,3.75],"texture":"#2"},"west":{"uv":[7.5,3.75,7.5,4.75],"rotation":270,"texture":"#2"},"up":{"uv":[7.5,3.75,5,4.75],"texture":"#2"},"down":{"uv":[5,3.75,7.5,4.75],"rotation":180,"texture":"#2"}}},{"from":[3,12.06972,0.36803],"to":[13,12.06972,4.36803],"rotation":{"angle":22.5,"axis":"x","origin":[8,8.61286,1.46327]},"faces":{"north":{"uv":[2.5,3.75,0,3.75],"rotation":180,"texture":"#2"},"east":{"uv":[0,3.75,0,4.75],"rotation":90,"texture":"#2"},"south":{"uv":[5,3.75,2.5,3.75],"texture":"#2"},"west":{"uv":[2.5,3.75,2.5,4.75],"rotation":270,"texture":"#2"},"up":{"uv":[2.5,3.75,0,4.75],"texture":"#2"},"down":{"uv":[0,3.75,2.5,4.75],"rotation":180,"texture":"#2"}}},{"from":[9.54109,7.50545,7],"to":[9.54109,11.50545,9],"rotation":{"angle":-22.5,"axis":"z","origin":[8,8.61286,8]},"faces":{"north":{"uv":[0.5,1,0.5,2],"texture":"#2"},"east":{"uv":[0,1,0.5,2],"texture":"#2"},"south":{"uv":[0,1,0,2],"texture":"#2"},"west":{"uv":[0.5,1,0,2],"texture":"#2"},"up":{"uv":[0.5,1,0,1],"rotation":90,"texture":"#2"},"down":{"uv":[1,1,0.5,1],"rotation":270,"texture":"#2"}}},{"from":[14.22571,12.22571,3],"to":[18.22571,12.22571,13],"rotation":{"angle":0,"axis":"y","origin":[8,8.61286,8]},"faces":{"north":{"uv":[2.5,4.75,2.5,5.75],"rotation":270,"texture":"#2"},"east":{"uv":[2.5,4.75,0,4.75],"rotation":180,"texture":"#2"},"south":{"uv":[0,4.75,0,5.75],"rotation":90,"texture":"#2"},"west":{"uv":[5,4.75,2.5,4.75],"texture":"#2"},"up":{"uv":[2.5,4.75,0,5.75],"rotation":90,"texture":"#2"},"down":{"uv":[0,4.75,2.5,5.75],"rotation":90,"texture":"#2"}}},{"from":[16.06474,15.86391,3],"to":[20.06474,15.86391,13],"rotation":{"angle":-22.5,"axis":"z","origin":[8,8.61286,8]},"faces":{"north":{"uv":[7.5,3.75,7.5,4.75],"rotation":270,"texture":"#2"},"east":{"uv":[7.5,3.75,5,3.75],"rotation":180,"texture":"#2"},"south":{"uv":[5,3.75,5,4.75],"rotation":90,"texture":"#2"},"west":{"uv":[10,3.75,7.5,3.75],"texture":"#2"},"up":{"uv":[7.5,3.75,5,4.75],"rotation":90,"texture":"#2"},"down":{"uv":[5,3.75,7.5,4.75],"rotation":90,"texture":"#2"}}},{"from":[11.13439,9.56822,3],"to":[15.13439,9.56822,13],"rotation":{"angle":22.5,"axis":"z","origin":[8,8.61286,8]},"faces":{"north":{"uv":[2.5,3.75,2.5,4.75],"rotation":270,"texture":"#2"},"east":{"uv":[2.5,3.75,0,3.75],"rotation":180,"texture":"#2"},"south":{"uv":[0,3.75,0,4.75],"rotation":90,"texture":"#2"},"west":{"uv":[5,3.75,2.5,3.75],"texture":"#2"},"up":{"uv":[2.5,3.75,0,4.75],"rotation":90,"texture":"#2"},"down":{"uv":[0,3.75,2.5,4.75],"rotation":90,"texture":"#2"}}},{"from":[7,5.00395,10.03867],"to":[9,9.00395,10.03867],"rotation":{"angle":22.5,"axis":"x","origin":[8,8.61286,14.53673]},"faces":{"north":{"uv":[0,1,0.5,2],"texture":"#2"},"east":{"uv":[0,1,0,2],"texture":"#2"},"south":{"uv":[0.5,1,0,2],"texture":"#2"},"west":{"uv":[0.5,1,0.5,2],"texture":"#2"},"up":{"uv":[0.5,1,0,1],"texture":"#2"},"down":{"uv":[1,1,0.5,1],"texture":"#2"}}},{"from":[3,12.22571,14.22571],"to":[13,12.22571,18.22571],"rotation":{"angle":0,"axis":"y","origin":[8,8.61286,14.53673]},"faces":{"north":{"uv":[2.5,4.75,5,4.75],"texture":"#2"},"east":{"uv":[0,5.75,0,4.75],"rotation":90,"texture":"#2"},"south":{"uv":[0,4.75,2.5,4.75],"rotation":180,"texture":"#2"},"west":{"uv":[2.5,5.75,2.5,4.75],"rotation":270,"texture":"#2"},"up":{"uv":[2.5,5.75,0,4.75],"texture":"#2"},"down":{"uv":[0,5.75,2.5,4.75],"rotation":180,"texture":"#2"}}},{"from":[3,13.36241,16.56232],"to":[13,13.36241,20.56232],"rotation":{"angle":22.5,"axis":"x","origin":[8,8.61286,14.53673]},"faces":{"north":{"uv":[7.5,3.75,10,3.75],"texture":"#2"},"east":{"uv":[5,4.75,5,3.75],"rotation":90,"texture":"#2"},"south":{"uv":[5,3.75,7.5,3.75],"rotation":180,"texture":"#2"},"west":{"uv":[7.5,4.75,7.5,3.75],"rotation":270,"texture":"#2"},"up":{"uv":[7.5,4.75,5,3.75],"texture":"#2"},"down":{"uv":[5,4.75,7.5,3.75],"rotation":180,"texture":"#2"}}},{"from":[3,12.06972,11.63197],"to":[13,12.06972,15.63197],"rotation":{"angle":-22.5,"axis":"x","origin":[8,8.61286,14.53673]},"faces":{"north":{"uv":[2.5,3.75,5,3.75],"texture":"#2"},"east":{"uv":[0,4.75,0,3.75],"rotation":90,"texture":"#2"},"south":{"uv":[0,3.75,2.5,3.75],"rotation":180,"texture":"#2"},"west":{"uv":[2.5,4.75,2.5,3.75],"rotation":270,"texture":"#2"},"up":{"uv":[2.5,4.75,0,3.75],"texture":"#2"},"down":{"uv":[0,4.75,2.5,3.75],"rotation":180,"texture":"#2"}}},{"from":[6.45891,7.50545,7],"to":[6.45891,11.50545,9],"rotation":{"angle":22.5,"axis":"z","origin":[8,8.61286,8]},"faces":{"north":{"uv":[0.5,1,0.5,2],"texture":"#2"},"east":{"uv":[0,1,0.5,2],"texture":"#2"},"south":{"uv":[0,1,0,2],"texture":"#2"},"west":{"uv":[0.5,1,0,2],"texture":"#2"},"up":{"uv":[0.5,1,0,1],"rotation":90,"texture":"#2"},"down":{"uv":[1,1,0.5,1],"rotation":270,"texture":"#2"}}},{"from":[-2.22571,12.22571,3],"to":[1.77429,12.22571,13],"rotation":{"angle":0,"axis":"y","origin":[8,8.61286,8]},"faces":{"north":{"uv":[2.5,5.75,2.5,4.75],"rotation":270,"texture":"#2"},"east":{"uv":[2.5,4.75,5,4.75],"texture":"#2"},"south":{"uv":[0,5.75,0,4.75],"rotation":90,"texture":"#2"},"west":{"uv":[0,4.75,2.5,4.75],"rotation":180,"texture":"#2"},"up":{"uv":[2.5,5.75,0,4.75],"rotation":90,"texture":"#2"},"down":{"uv":[0,5.75,2.5,4.75],"rotation":90,"texture":"#2"}}},{"from":[-4.06474,15.86391,3],"to":[-0.06474,15.86391,13],"rotation":{"angle":22.5,"axis":"z","origin":[8,8.61286,8]},"faces":{"north":{"uv":[7.5,4.75,7.5,3.75],"rotation":270,"texture":"#2"},"east":{"uv":[7.5,3.75,10,3.75],"texture":"#2"},"south":{"uv":[5,4.75,5,3.75],"rotation":90,"texture":"#2"},"west":{"uv":[5,3.75,7.5,3.75],"rotation":180,"texture":"#2"},"up":{"uv":[7.5,4.75,5,3.75],"rotation":90,"texture":"#2"},"down":{"uv":[5,4.75,7.5,3.75],"rotation":90,"texture":"#2"}}},{"from":[0.86561,9.56822,3],"to":[4.86561,9.56822,13],"rotation":{"angle":-22.5,"axis":"z","origin":[8,8.61286,8]},"faces":{"north":{"uv":[2.5,4.75,2.5,3.75],"rotation":270,"texture":"#2"},"east":{"uv":[2.5,3.75,5,3.75],"texture":"#2"},"south":{"uv":[0,4.75,0,3.75],"rotation":90,"texture":"#2"},"west":{"uv":[0,3.75,2.5,3.75],"rotation":180,"texture":"#2"},"up":{"uv":[2.5,4.75,0,3.75],"rotation":90,"texture":"#2"},"down":{"uv":[0,4.75,2.5,3.75],"rotation":90,"texture":"#2"}}}],"gui_light":"front","display":{"thirdperson_righthand":{"rotation":[67.5,0,0],"translation":[0,2,1],"scale":[0.37109,0.37109,0.37109]},"thirdperson_lefthand":{"rotation":[67.5,0,0],"translation":[0,2,1],"scale":[0.37109,0.37109,0.37109]},"firstperson_righthand":{"translation":[2.5,4.25,0],"scale":[0.4332,0.4332,0.4332]},"firstperson_lefthand":{"translation":[2.5,4.25,0],"scale":[0.4332,0.4332,0.4332]},"ground":{"translation":[0,6,0],"scale":[0.5,0.5,0.5]},"gui":{"rotation":[30,135,0],"scale":[0.67383,0.67383,0.67383]},"head":{"rotation":[0,180,0],"translation":[0,-30.4,0],"scale":[1.6,1.6,1.6]},"fixed":{"rotation":[-90,0,0],"translation":[0,0,-16],"scale":[2,2,2]}},"groups":[{"name":"bone","origin":[8,0,8],"color":0,"children":[0,1,2,3,4,{"name":"bone4","origin":[9,0,8],"color":0,"children":[5,6,7,8,9,10,11,12]},{"name":"bone4","origin":[9,0,8],"color":0,"children":[13,14,15,16,17,18,19,20]}]}]}