{"credit":"MadewithBlockbench","texture_size":[64,64],"textures":{"0":"elitecreatures:medieval_tavern_furniture_v1/03_bar_texture","particle":"elitecreatures:medieval_tavern_furniture_v1/03_bar_texture"},"elements":[{"from":[0.25,13,0],"to":[16.25,16,16],"rotation":{"angle":0,"axis":"y","origin":[0.25,0,0]},"faces":{"north":{"uv":[4,5.5,8,6.25],"texture":"#0"},"east":{"uv":[8,0,12,0.75],"texture":"#0"},"south":{"uv":[4,5.5,8,6.25],"texture":"#0"},"west":{"uv":[8,0,12,0.75],"texture":"#0"},"up":{"uv":[4,4,0,0],"texture":"#0"},"down":{"uv":[4,4,0,8],"texture":"#0"}}},{"from":[0.25,0,2],"to":[16.25,13,5],"rotation":{"angle":0,"axis":"y","origin":[0.25,0,0]},"faces":{"north":{"uv":[4,0,8,3.25],"texture":"#0"},"east":{"uv":[4.75,8,4,11.25],"texture":"#0"},"south":{"uv":[8,0,4,3.25],"texture":"#0"},"west":{"uv":[4,8,4.75,11.25],"texture":"#0"},"up":{"uv":[12,1.5,8,0.75],"texture":"#0"},"down":{"uv":[12,1.5,8,2.25],"texture":"#0"}}},{"from":[0.25,0,1],"to":[16.25,2,2],"rotation":{"angle":0,"axis":"y","origin":[0.25,0,0]},"faces":{"north":{"uv":[8,6,12,6.5],"texture":"#0"},"east":{"uv":[6.5,8.5,6.75,9],"texture":"#0"},"south":{"uv":[8,6.5,12,7],"texture":"#0"},"west":{"uv":[6.5,8.5,6.75,9],"texture":"#0"},"up":{"uv":[12,7.25,8,7],"texture":"#0"},"down":{"uv":[12,7.25,8,7.5],"texture":"#0"}}},{"from":[0.25,0,5],"to":[16.25,2,6],"rotation":{"angle":0,"axis":"y","origin":[0.25,0,16]},"faces":{"north":{"uv":[12,6.5,8,7],"texture":"#0"},"east":{"uv":[6.75,8.5,6.5,9],"texture":"#0"},"south":{"uv":[12,6,8,6.5],"texture":"#0"},"west":{"uv":[6.75,8.5,6.5,9],"texture":"#0"},"up":{"uv":[12,7,8,7.25],"texture":"#0"},"down":{"uv":[12,7.5,8,7.25],"texture":"#0"}}},{"from":[0.25,2,1],"to":[2.25,13,2],"rotation":{"angle":0,"axis":"y","origin":[0.25,0,0]},"faces":{"north":{"uv":[4.75,8.5,5.25,11.25],"texture":"#0"},"east":{"uv":[5.75,8.5,6,11.25],"texture":"#0"},"south":{"uv":[5.25,8.5,5.75,11.25],"texture":"#0"},"west":{"uv":[6,8.5,6.25,11.25],"texture":"#0"},"up":{"uv":[7.25,8.75,6.75,8.5],"texture":"#0"},"down":{"uv":[7.75,8.5,7.25,8.75],"texture":"#0"}}},{"from":[-2.97183,4.3934,1.5],"to":[14.52817,6.3934,2],"rotation":{"angle":-45,"axis":"z","origin":[10.02817,2.3934,0]},"faces":{"north":{"uv":[4.75,8,9.125,8.5],"texture":"#0"},"east":{"uv":[7.75,8.5,7.875,9],"texture":"#0"},"south":{"uv":[8,5.5,12.375,6],"texture":"#0"},"west":{"uv":[8,8.5,8.125,9],"texture":"#0"},"up":{"uv":[12.375,7.625,8,7.5],"texture":"#0"},"down":{"uv":[12.375,7.75,8,7.875],"texture":"#0"}}},{"from":[0.25,2,5],"to":[2.25,13,6],"rotation":{"angle":0,"axis":"y","origin":[0.25,0,7]},"faces":{"north":{"uv":[5.75,8.5,5.25,11.25],"texture":"#0"},"east":{"uv":[6,8.5,5.75,11.25],"texture":"#0"},"south":{"uv":[5.25,8.5,4.75,11.25],"texture":"#0"},"west":{"uv":[6.25,8.5,6,11.25],"texture":"#0"},"up":{"uv":[7.25,8.5,6.75,8.75],"texture":"#0"},"down":{"uv":[7.75,8.75,7.25,8.5],"texture":"#0"}}},{"from":[-2.97183,4.3934,5],"to":[14.52817,6.3934,5.5],"rotation":{"angle":-45,"axis":"z","origin":[10.02817,2.3934,7]},"faces":{"north":{"uv":[12.375,5.5,8,6],"texture":"#0"},"east":{"uv":[7.875,8.5,7.75,9],"texture":"#0"},"south":{"uv":[9.125,8,4.75,8.5],"texture":"#0"},"west":{"uv":[8.125,8.5,8,9],"texture":"#0"},"up":{"uv":[12.375,7.5,8,7.625],"texture":"#0"},"down":{"uv":[12.375,7.875,8,7.75],"texture":"#0"}}}],"gui_light":"front","display":{"thirdperson_righthand":{"rotation":[67.5,0,0],"translation":[0,1.75,-0.25],"scale":[0.21094,0.21094,0.21094]},"thirdperson_lefthand":{"rotation":[67.5,0,0],"translation":[0,1.75,-0.25],"scale":[0.21094,0.21094,0.21094]},"firstperson_righthand":{"translation":[3.75,1.75,0],"scale":[0.31422,0.31422,0.31422]},"firstperson_lefthand":{"translation":[3.75,1.75,0],"scale":[0.31422,0.31422,0.31422]},"ground":{"translation":[0,6,0],"scale":[0.45,0.45,0.45]},"gui":{"rotation":[30,135,0],"translation":[0.25,-0.25,0],"scale":[0.60797,0.60797,0.60797]},"head":{"rotation":[0,180,0],"translation":[0,-30.4,0],"scale":[1.6,1.6,1.6]},"fixed":{"rotation":[-90,0,0],"translation":[0,0,-16],"scale":[2,2,2]}},"groups":[{"name":"group","origin":[9.77817,2.3934,0],"color":0,"children":[0,1,2,3,4,5,6,7]}]}