{"credit":"MadewithBlockbench","texture_size":[64,64],"textures":{"2":"viking_furniture_v2:wooden_pillar_b","particle":"viking_furniture_v2:wooden_pillar_b"},"elements":[{"from":[5,-16,5],"to":[11,-11,11],"rotation":{"angle":0,"axis":"y","origin":[8,7.5,8]},"faces":{"north":{"uv":[3,9,4.5,10.25],"texture":"#2"},"east":{"uv":[9,3,10.5,4.25],"texture":"#2"},"south":{"uv":[4.5,9,6,10.25],"texture":"#2"},"west":{"uv":[6,9,7.5,10.25],"texture":"#2"},"up":{"uv":[1.5,10.5,0,9],"texture":"#2"},"down":{"uv":[10.5,0,9,1.5],"texture":"#2"}}},{"from":[4,27,4],"to":[12,32,12],"rotation":{"angle":0,"axis":"y","origin":[8,7.5,8]},"faces":{"north":{"uv":[4,6.5,6,7.75],"texture":"#2"},"east":{"uv":[6,6.5,8,7.75],"texture":"#2"},"south":{"uv":[4,7.75,6,9],"texture":"#2"},"west":{"uv":[4,6.5,6,7.75],"texture":"#2"},"up":{"uv":[6,6.5,4,4.5],"texture":"#2"},"down":{"uv":[8,4.5,6,6.5],"texture":"#2"}}},{"from":[12,27,6],"to":[32,32,10],"rotation":{"angle":0,"axis":"y","origin":[8,18.5,8]},"faces":{"north":{"uv":[4,0,9,1.25],"texture":"#2"},"east":{"uv":[9.5,4.25,10.5,5.5],"texture":"#2"},"south":{"uv":[9,0,4,1.25],"texture":"#2"},"west":{"uv":[9.5,5.5,10.5,6.75],"texture":"#2"},"up":{"uv":[9,3.5,4,2.5],"texture":"#2"},"down":{"uv":[9,3.5,4,4.5],"texture":"#2"}}},{"from":[5,25,5],"to":[11,27,11],"rotation":{"angle":0,"axis":"y","origin":[8,7.5,8]},"faces":{"north":{"uv":[9.5,8.75,11,9.25],"texture":"#2"},"east":{"uv":[9.5,9.25,11,9.75],"texture":"#2"},"south":{"uv":[9.5,9.75,11,10.25],"texture":"#2"},"west":{"uv":[3,10.25,4.5,10.75],"texture":"#2"},"up":{"uv":[3,10.5,1.5,9],"texture":"#2"},"down":{"uv":[10.5,1.5,9,3],"texture":"#2"}}},{"from":[6,-11,6],"to":[10,25,10],"rotation":{"angle":0,"axis":"y","origin":[8,7.5,8]},"faces":{"north":{"uv":[0,0,1,9],"texture":"#2"},"east":{"uv":[1,0,2,9],"texture":"#2"},"south":{"uv":[2,0,3,9],"texture":"#2"},"west":{"uv":[3,0,4,9],"texture":"#2"},"up":{"uv":[10.5,7.75,9.5,6.75],"texture":"#2"},"down":{"uv":[10.5,7.75,9.5,8.75],"texture":"#2"}}},{"from":[16,14,6.5],"to":[19,27,9.5],"rotation":{"angle":-45,"axis":"z","origin":[19,27,8]},"faces":{"north":{"uv":[8,4.5,8.75,7.75],"texture":"#2"},"east":{"uv":[8,7.75,8.75,11],"texture":"#2"},"south":{"uv":[8.75,4.5,9.5,7.75],"texture":"#2"},"west":{"uv":[8.75,7.75,9.5,11],"texture":"#2"},"up":{"uv":[5.25,11,4.5,10.25],"texture":"#2"},"down":{"uv":[6,10.25,5.25,11],"texture":"#2"}}}],"gui_light":"front","display":{"thirdperson_righthand":{"rotation":[67.5,0,0],"translation":[0,0.5,0.5],"scale":[0.15,0.15,0.15]},"thirdperson_lefthand":{"rotation":[67.5,0,0],"translation":[0,0.5,0.5],"scale":[0.15,0.15,0.15]},"firstperson_righthand":{"rotation":[0,180,0],"translation":[3,5,1],"scale":[0.20391,0.20391,0.20391]},"firstperson_lefthand":{"rotation":[0,180,0],"translation":[3,5,1],"scale":[0.20391,0.20391,0.20391]},"ground":{"translation":[0,9,0],"scale":[0.3,0.3,0.3]},"gui":{"rotation":[30,-135,0],"translation":[0,-0.25,0],"scale":[0.31758,0.31758,0.31758]},"head":{"rotation":[0,180,0],"translation":[0,-4.8,0],"scale":[1.6,1.6,1.6]},"fixed":{"rotation":[-90,0,0],"translation":[0,0,-48],"scale":[2,2,2]}},"groups":[{"name":"group","origin":[26.5,8,10],"color":0,"children":[0,1,2,3,4,5]}]}