{"credit":"MadewithBlockbench","texture_size":[64,64],"textures":{"2":"viking_furniture_v2:bucket_2","particle":"viking_furniture_v2:bucket_2"},"elements":[{"from":[0,9,0],"to":[0,16,16],"rotation":{"angle":0,"axis":"y","origin":[8,0,8]},"faces":{"north":{"uv":[0,0,0,1.75],"texture":"#2"},"east":{"uv":[10,3,6,4.75],"texture":"#2"},"south":{"uv":[0,0,0,1.75],"texture":"#2"},"west":{"uv":[6,3,10,4.75],"texture":"#2"},"up":{"uv":[0,4,0,0],"texture":"#2"}}},{"from":[2,0.25,2],"to":[14,0.25,14],"rotation":{"angle":0,"axis":"y","origin":[8,0,14]},"faces":{"north":{"uv":[0,0,3,0],"texture":"#2"},"east":{"uv":[0,0,3,0],"texture":"#2"},"south":{"uv":[0,0,3,0],"texture":"#2"},"west":{"uv":[0,0,3,0],"texture":"#2"},"up":{"uv":[7,3,4,0],"texture":"#2"},"down":{"uv":[7,0,4,3],"texture":"#2"}}},{"from":[2,-1,2],"to":[2,9,14],"rotation":{"angle":22.5,"axis":"z","origin":[2,9,8]},"faces":{"north":{"uv":[0,0,0,2.5],"texture":"#2"},"east":{"uv":[6,4,3,6.5],"texture":"#2"},"south":{"uv":[0,0,0,2.5],"texture":"#2"},"west":{"uv":[3,4,6,6.5],"texture":"#2"},"up":{"uv":[0,3,0,0],"texture":"#2"}}},{"from":[2,-1,2],"to":[14,9,2],"rotation":{"angle":-22.5,"axis":"x","origin":[8,9,2]},"faces":{"north":{"uv":[3,4,6,6.5],"texture":"#2"},"east":{"uv":[0,0,0,2.5],"texture":"#2"},"south":{"uv":[6,4,3,6.5],"texture":"#2"},"west":{"uv":[0,0,0,2.5],"texture":"#2"},"up":{"uv":[0,3,0,0],"rotation":90,"texture":"#2"}}},{"from":[0,9,0],"to":[16,16,0],"rotation":{"angle":0,"axis":"y","origin":[8,0,8]},"faces":{"north":{"uv":[6,3,10,4.75],"texture":"#2"},"east":{"uv":[0,0,0,1.75],"texture":"#2"},"south":{"uv":[10,3,6,4.75],"texture":"#2"},"west":{"uv":[0,0,0,1.75],"texture":"#2"},"up":{"uv":[0,4,0,0],"rotation":90,"texture":"#2"}}},{"from":[2,-1,14],"to":[14,9,14],"rotation":{"angle":22.5,"axis":"x","origin":[8,9,14]},"faces":{"north":{"uv":[6,4,3,6.5],"texture":"#2"},"east":{"uv":[0,0,0,2.5],"texture":"#2"},"south":{"uv":[3,4,6,6.5],"texture":"#2"},"west":{"uv":[0,0,0,2.5],"texture":"#2"},"up":{"uv":[0,3,0,0],"rotation":270,"texture":"#2"}}},{"from":[0,9,16],"to":[16,16,16],"rotation":{"angle":0,"axis":"y","origin":[8,0,8]},"faces":{"north":{"uv":[10,3,6,4.75],"texture":"#2"},"east":{"uv":[0,0,0,1.75],"texture":"#2"},"south":{"uv":[6,3,10,4.75],"texture":"#2"},"west":{"uv":[0,0,0,1.75],"texture":"#2"},"up":{"uv":[0,4,0,0],"rotation":270,"texture":"#2"}}},{"from":[14,-1,2],"to":[14,9,14],"rotation":{"angle":-22.5,"axis":"z","origin":[14,9,8]},"faces":{"north":{"uv":[0,0,0,2.5],"texture":"#2"},"east":{"uv":[3,4,6,6.5],"texture":"#2"},"south":{"uv":[0,0,0,2.5],"texture":"#2"},"west":{"uv":[6,4,3,6.5],"texture":"#2"},"up":{"uv":[0,3,0,0],"rotation":180,"texture":"#2"}}},{"from":[16,9,0],"to":[16,16,16],"rotation":{"angle":0,"axis":"y","origin":[8,0,8]},"faces":{"north":{"uv":[0,0,0,1.75],"texture":"#2"},"east":{"uv":[6,3,10,4.75],"texture":"#2"},"south":{"uv":[0,0,0,1.75],"texture":"#2"},"west":{"uv":[10,3,6,4.75],"texture":"#2"},"up":{"uv":[0,4,0,0],"rotation":180,"texture":"#2"}}},{"from":[0,9,0],"to":[16,9,16],"rotation":{"angle":0,"axis":"y","origin":[8,0,14]},"faces":{"north":{"uv":[0,0,4,0],"texture":"#2"},"east":{"uv":[0,0,4,0],"texture":"#2"},"south":{"uv":[0,0,4,0],"texture":"#2"},"west":{"uv":[0,0,4,0],"texture":"#2"},"up":{"uv":[4,4,0,0],"texture":"#2"},"down":{"uv":[4,0,0,4],"texture":"#2"}}},{"from":[0,16,5],"to":[0,22,11],"rotation":{"angle":0,"axis":"y","origin":[0,16,8]},"faces":{"north":{"uv":[0,0,0,1.5],"texture":"#2"},"east":{"uv":[6,4.75,7.5,6.25],"texture":"#2"},"south":{"uv":[0,0,0,1.5],"texture":"#2"},"west":{"uv":[7.5,4.75,6,6.25],"texture":"#2"},"up":{"uv":[0,1.5,0,0],"texture":"#2"},"down":{"uv":[0,0,0,1.5],"texture":"#2"}}},{"from":[16,16,5],"to":[16,22,11],"rotation":{"angle":0,"axis":"y","origin":[16,16,8]},"faces":{"north":{"uv":[0,0,0,1.5],"texture":"#2"},"east":{"uv":[6,4.75,7.5,6.25],"texture":"#2"},"south":{"uv":[0,0,0,1.5],"texture":"#2"},"west":{"uv":[7.5,4.75,6,6.25],"texture":"#2"},"up":{"uv":[0,1.5,0,0],"texture":"#2"},"down":{"uv":[0,0,0,1.5],"texture":"#2"}}}],"gui_light":"front","display":{"thirdperson_righthand":{"rotation":[67.5,0,0],"translation":[0,1.25,0],"scale":[0.2,0.2,0.2]},"thirdperson_lefthand":{"rotation":[67.5,0,0],"translation":[0,1.25,0],"scale":[0.2,0.2,0.2]},"firstperson_righthand":{"translation":[1.25,2.5,1],"scale":[0.30156,0.30156,0.30156]},"firstperson_lefthand":{"translation":[1.25,2.5,1],"scale":[0.30156,0.30156,0.30156]},"ground":{"translation":[0,6,0],"scale":[0.45,0.45,0.45]},"gui":{"rotation":[30,-135,0],"translation":[0,-2,0],"scale":[0.60352,0.60352,0.60352]},"head":{"rotation":[0,180,0],"translation":[0,-30.4,0],"scale":[1.6,1.6,1.6]},"fixed":{"rotation":[-90,0,0],"translation":[0,0,-16],"scale":[2,2,2]}},"groups":[{"name":"group","origin":[8,0,14],"color":0,"children":[0,1,2,3,4,5,6,7,8,9,10,11]}]}