{"parent":"minecraft:item/template_skull","overrides":[{"predicate":{"custom_model_data":1},"model":"custom/entities/player/head"},{"predicate":{"custom_model_data":2},"model":"custom/entities/player/right_arm"},{"predicate":{"custom_model_data":3},"model":"custom/entities/player/left_arm"},{"predicate":{"custom_model_data":4},"model":"custom/entities/player/torso"},{"predicate":{"custom_model_data":5},"model":"custom/entities/player/right_leg"},{"predicate":{"custom_model_data":6},"model":"custom/entities/player/left_leg"},{"predicate":{"custom_model_data":7},"model":"custom/entities/player/slim_right"},{"predicate":{"custom_model_data":8},"model":"custom/entities/player/slim_left"},{"predicate":{"custom_model_data":10003},"model":"cosmetic:custom/item/bighead"},{"predicate":{"custom_model_data":10013},"model":"minecraft:item/player_head"},{"predicate":{"custom_model_data":5611109},"model":"iavegas:custom/2darts/darts_zombie"},{"predicate":{"custom_model_data":5611110},"model":"_iainternal:entity/player/phead_0"},{"predicate":{"custom_model_data":5611111},"model":"iavegas:custom/2darts/darts_player"},{"predicate":{"custom_model_data":5611112},"model":"iavegas:custom/2darts/darts_skeleton"},{"predicate":{"custom_model_data":5611113},"model":"_iainternal:entity/player/parm_left_3"},{"predicate":{"custom_model_data":5611114},"model":"_iainternal:entity/player/pbody_2"},{"predicate":{"custom_model_data":5611115},"model":"_iainternal:entity/player/pleg_left_1"},{"predicate":{"custom_model_data":5611116},"model":"_iainternal:entity/player/pleg_right_5"},{"predicate":{"custom_model_data":5611117},"model":"_iainternal:entity/player/parm_right_4"},{"predicate":{"custom_model_data":5611118},"model":"item/player_head"}]}