{"parent":"minecraft:item/handheld","textures":{"layer0":"minecraft:item/wooden_sword"},"overrides":[{"predicate":{"custom_model_data":10000},"model":"iasurvival:ia_auto_gen/sweets_sword"},{"predicate":{"custom_model_data":10001},"model":"iasurvival:ia_auto_gen/chisel"},{"predicate":{"custom_model_data":10002},"model":"iasurvival:ia_auto_gen/knife"},{"predicate":{"custom_model_data":10003},"model":"iasurvival:ia_auto_gen/waterskin"},{"predicate":{"custom_model_data":10004},"model":"item/wooden_sword"}]}