{"credit":"Made with Blockbench","texture_size":[32,32],"textures":{"0":"christmaspack:christmaslambs","particle":"christmaslambs"},"elements":[{"from":[-5,16,15],"to":[21,20,15],"faces":{"north":{"uv":[0,0,13,2],"texture":"#0"},"east":{"uv":[0,0,0,2],"texture":"#0"},"south":{"uv":[0,2,13,4],"texture":"#0"},"west":{"uv":[0,0,0,2],"texture":"#0"},"up":{"uv":[13,0,0,0],"texture":"#0"},"down":{"uv":[13,0,0,0],"texture":"#0"}}},{"from":[17,17,14],"to":[19,19,16],"faces":{"north":{"uv":[0,4,1,5],"texture":"#0"},"east":{"uv":[1,4,2,5],"texture":"#0"},"south":{"uv":[2,4,3,5],"texture":"#0"},"west":{"uv":[3,4,4,5],"texture":"#0"},"up":{"uv":[5,5,4,4],"texture":"#0"},"down":{"uv":[1,5,0,6],"texture":"#0"}}},{"from":[13,16,14],"to":[15,18,16],"faces":{"north":{"uv":[1,5,2,6],"texture":"#0"},"east":{"uv":[2,5,3,6],"texture":"#0"},"south":{"uv":[3,5,4,6],"texture":"#0"},"west":{"uv":[4,5,5,6],"texture":"#0"},"up":{"uv":[6,5,5,4],"texture":"#0"},"down":{"uv":[6,5,5,6],"texture":"#0"}}},{"from":[9,14,14],"to":[11,16,16],"faces":{"north":{"uv":[0,6,1,7],"texture":"#0"},"east":{"uv":[1,6,2,7],"texture":"#0"},"south":{"uv":[2,6,3,7],"texture":"#0"},"west":{"uv":[3,6,4,7],"texture":"#0"},"up":{"uv":[5,7,4,6],"texture":"#0"},"down":{"uv":[7,4,6,5],"texture":"#0"}}},{"from":[-3,17,14],"to":[-1,19,16],"faces":{"north":{"uv":[5,6,6,7],"texture":"#0"},"east":{"uv":[6,5,7,6],"texture":"#0"},"south":{"uv":[6,6,7,7],"texture":"#0"},"west":{"uv":[0,7,1,8],"texture":"#0"},"up":{"uv":[2,8,1,7],"texture":"#0"},"down":{"uv":[3,7,2,8],"texture":"#0"}}},{"from":[1,16,14],"to":[3,18,16],"faces":{"north":{"uv":[3,7,4,8],"texture":"#0"},"east":{"uv":[4,7,5,8],"texture":"#0"},"south":{"uv":[7,4,8,5],"texture":"#0"},"west":{"uv":[5,7,6,8],"texture":"#0"},"up":{"uv":[8,6,7,5],"texture":"#0"},"down":{"uv":[7,7,6,8],"texture":"#0"}}},{"from":[5,14,14],"to":[7,16,16],"faces":{"north":{"uv":[7,6,8,7],"texture":"#0"},"east":{"uv":[7,7,8,8],"texture":"#0"},"south":{"uv":[0,8,1,9],"texture":"#0"},"west":{"uv":[1,8,2,9],"texture":"#0"},"up":{"uv":[3,9,2,8],"texture":"#0"},"down":{"uv":[4,8,3,9],"texture":"#0"}}}],"display":{"thirdperson_righthand":{"rotation":[70,0,0],"translation":[0,2,-8],"scale":[0.7,0.7,0.7]},"thirdperson_lefthand":{"rotation":[70,0,0],"translation":[0,2,-8],"scale":[0.7,0.7,0.7]},"firstperson_righthand":{"translation":[0,-0.5,0],"scale":[0.5,0.5,0.5]},"firstperson_lefthand":{"translation":[0,-0.5,0],"scale":[0.5,0.5,0.5]},"gui":{"rotation":[20,-40,0],"translation":[3.5,-5.75,0],"scale":[0.8,0.8,0.8]},"head":{"translation":[0,-40,-37],"scale":[3,3,3]},"fixed":{"translation":[0,-8.5,-5.5],"scale":[0.9,0.9,0.9]}},"groups":[{"name":"christmaslambs","origin":[0,0,0],"color":0,"children":[0,1,2,3,4,5,6]}]}