{"parent":"minecraft:block/oak_wood","overrides":[{"predicate":{"custom_model_data":10000},"model":"munchies:item/whitecabinet"},{"predicate":{"custom_model_data":10001},"model":"munchies:item/blackcabinet"},{"predicate":{"custom_model_data":10002},"model":"munchies:item/whitecounter"},{"predicate":{"custom_model_data":10003},"model":"munchies:item/blackcounter"},{"predicate":{"custom_model_data":10004},"model":"munchies:item/whitecounter_sink"},{"predicate":{"custom_model_data":10005},"model":"munchies:item/blackcounter_sink"},{"predicate":{"custom_model_data":10006},"model":"munchies:item/blackfridge"},{"predicate":{"custom_model_data":10007},"model":"munchies:item/whitefridge"},{"predicate":{"custom_model_data":10008},"model":"munchies:item/blackbathroom_sink"},{"predicate":{"custom_model_data":10009},"model":"munchies:item/whitebathroom_sink"},{"predicate":{"custom_model_data":10010},"model":"munchies:item/register"},{"predicate":{"custom_model_data":10011},"model":"munchies:item/whitetoilet"},{"predicate":{"custom_model_data":10012},"model":"munchies:item/blacktoilet"},{"predicate":{"custom_model_data":10013},"model":"munchies:item/whiteshower"},{"predicate":{"custom_model_data":10014},"model":"munchies:item/blackshower"},{"predicate":{"custom_model_data":10015},"model":"munchies:item/whitebath"},{"predicate":{"custom_model_data":10016},"model":"munchies:item/blackbath"},{"predicate":{"custom_model_data":10017},"model":"munchies:item/trash_can"},{"predicate":{"custom_model_data":10018},"model":"munchies:item/blackstove"},{"predicate":{"custom_model_data":10019},"model":"munchies:item/whitestove"},{"predicate":{"custom_model_data":10020},"model":"munchies:item/blackmicrowave"},{"predicate":{"custom_model_data":10021},"model":"munchies:item/whitemicrowave"},{"predicate":{"custom_model_data":10022},"model":"munchies:item/toaster"},{"predicate":{"custom_model_data":10023},"model":"munchies:item/fruit_vending_machine"},{"predicate":{"custom_model_data":10024},"model":"munchies:item/gem_vending_machine"},{"predicate":{"custom_model_data":10025},"model":"item/oak_wood"}]}