{"credit":"Made by LZLeon with Blockbench, Contact - Discord: LZBlocks#0261 - E-Mail: lzblocks@outlook.com","texture_size":[64,64],"textures":{"0":"lzfurniture:furniture/medieval_market/medieval_market_box","particle":"lzfurniture:furniture/medieval_market/medieval_market_box"},"elements":[{"from":[2,0.13281,1],"to":[14,7.13281,15],"faces":{"north":{"uv":[3.5,3.5,6.5,5.25],"texture":"#0"},"east":{"uv":[0,3.5,3.5,5.25],"texture":"#0"},"south":{"uv":[10,3.5,13,5.25],"texture":"#0"},"west":{"uv":[6.5,3.5,10,5.25],"texture":"#0"},"up":{"uv":[6.5,3.5,3.5,0],"texture":"#0"},"down":{"uv":[9.5,0,6.5,3.5],"texture":"#0"}}},{"name":"cube inverted","from":[14,7.08203,15],"to":[2,0.08203,1],"faces":{"north":{"uv":[10,5.25,13,3.5],"texture":"#0"},"east":{"uv":[6.5,5.25,10,3.5],"texture":"#0"},"south":{"uv":[3.5,5.25,6.5,3.5],"texture":"#0"},"west":{"uv":[0,5.25,3.5,3.5],"texture":"#0"},"up":{"uv":[6.5,0,9.5,3.5],"texture":"#0"},"down":{"uv":[3.5,3.5,6.5,0],"texture":"#0"}}}],"display":{"thirdperson_righthand":{"rotation":[60,-160,0],"translation":[-1.5,6,1],"scale":[0.6,0.6,0.6]},"thirdperson_lefthand":{"rotation":[60,-160,0],"translation":[-1.5,6,1],"scale":[0.6,0.6,0.6]},"firstperson_righthand":{"rotation":[0,-73,6],"translation":[0,2.25,0],"scale":[0.5,0.5,0.5]},"firstperson_lefthand":{"rotation":[0,-73,6],"translation":[0,2.25,0],"scale":[0.5,0.5,0.5]},"ground":{"translation":[0,1.5,0],"scale":[0.35,0.35,0.35]},"gui":{"rotation":[30,-40,0],"translation":[0,1.25,0],"scale":[0.65,0.65,0.65]},"head":{"translation":[0,-30.4,0],"scale":[1.6,1.6,1.6]},"fixed":{"rotation":[-90,0,0],"translation":[0,0,-15],"scale":[2,2,2]}}}