{"credit":"Made with Blockbench","texture_size":[64,64],"textures":{"2":"leafy_garden_pack_2:garden_cart_leafy","particle":"leafy_garden_pack_2:garden_cart_leafy"},"elements":[{"from":[1,6,0],"to":[15,16,18],"rotation":{"angle":0,"axis":"y","origin":[0,0,4]},"faces":{"north":{"uv":[0,9.25,3.5,11.75],"texture":"#2"},"east":{"uv":[7,4.75,11.5,7.25],"texture":"#2"},"south":{"uv":[3.5,9.25,7,11.75],"texture":"#2"},"west":{"uv":[7,7.25,11.5,9.75],"texture":"#2"},"up":{"uv":[3.5,9.25,0,4.75],"texture":"#2"},"down":{"uv":[7,4.75,3.5,9.25],"texture":"#2"}}},{"from":[2,7,18],"to":[4,18,20],"rotation":{"angle":0,"axis":"y","origin":[0,0,4]},"faces":{"north":{"uv":[0,11.75,0.5,14.5],"texture":"#2"},"east":{"uv":[0.5,11.75,1,14.5],"texture":"#2"},"south":{"uv":[1,11.75,1.5,14.5],"texture":"#2"},"west":{"uv":[1.5,11.75,2,14.5],"texture":"#2"},"up":{"uv":[13.25,3.5,12.75,3],"texture":"#2"},"down":{"uv":[13.25,4.5,12.75,5],"texture":"#2"}}},{"from":[2,-3,11],"to":[4,8,13],"rotation":{"angle":-45,"axis":"x","origin":[3,4.5,12]},"faces":{"north":{"uv":[2,11.75,2.5,14.5],"texture":"#2"},"east":{"uv":[2.5,11.75,3,14.5],"texture":"#2"},"south":{"uv":[3,11.75,3.5,14.5],"texture":"#2"},"west":{"uv":[3.5,11.75,4,14.5],"texture":"#2"},"up":{"uv":[13.25,6.5,12.75,6],"texture":"#2"},"down":{"uv":[13.25,6.5,12.75,7],"texture":"#2"}}},{"from":[2,16,20],"to":[4,18,27],"rotation":{"angle":0,"axis":"y","origin":[0,0,4]},"faces":{"north":{"uv":[12.75,5,13.25,5.5],"texture":"#2"},"east":{"uv":[10,12,11.75,12.5],"texture":"#2"},"south":{"uv":[12.75,5.5,13.25,6],"texture":"#2"},"west":{"uv":[11.75,12,13.5,12.5],"texture":"#2"},"up":{"uv":[12.75,1.75,12.25,0],"texture":"#2"},"down":{"uv":[12.75,1.75,12.25,3.5],"texture":"#2"}}},{"from":[12,-3,11],"to":[14,8,13],"rotation":{"angle":-45,"axis":"x","origin":[13,4.5,12]},"faces":{"north":{"uv":[6,11.75,6.5,14.5],"texture":"#2"},"east":{"uv":[6.5,11.75,7,14.5],"texture":"#2"},"south":{"uv":[7,12,7.5,14.75],"texture":"#2"},"west":{"uv":[7.5,12,8,14.75],"texture":"#2"},"up":{"uv":[13.25,9.5,12.75,9],"texture":"#2"},"down":{"uv":[8.5,13,8,13.5],"texture":"#2"}}},{"from":[12,7,18],"to":[14,18,20],"rotation":{"angle":0,"axis":"y","origin":[16,0,4]},"faces":{"north":{"uv":[4,11.75,4.5,14.5],"texture":"#2"},"east":{"uv":[4.5,11.75,5,14.5],"texture":"#2"},"south":{"uv":[5,11.75,5.5,14.5],"texture":"#2"},"west":{"uv":[5.5,11.75,6,14.5],"texture":"#2"},"up":{"uv":[13.25,8.5,12.75,8],"texture":"#2"},"down":{"uv":[13.25,8.5,12.75,9],"texture":"#2"}}},{"from":[12,16,20],"to":[14,18,27],"rotation":{"angle":0,"axis":"y","origin":[16,0,4]},"faces":{"north":{"uv":[12.75,7,13.25,7.5],"texture":"#2"},"east":{"uv":[12.25,3.5,14,4],"texture":"#2"},"south":{"uv":[12.75,7.5,13.25,8],"texture":"#2"},"west":{"uv":[12.25,4,14,4.5],"texture":"#2"},"up":{"uv":[10.5,14.25,10,12.5],"texture":"#2"},"down":{"uv":[11,12.5,10.5,14.25],"texture":"#2"}}},{"from":[6,2,4],"to":[10,6,6],"rotation":{"angle":0,"axis":"y","origin":[0,0,4]},"faces":{"north":{"uv":[8,12,9,13],"texture":"#2"},"east":{"uv":[12.75,0,13.25,1],"texture":"#2"},"south":{"uv":[9,12,10,13],"texture":"#2"},"west":{"uv":[12.75,1,13.25,2],"texture":"#2"},"up":{"uv":[13.75,2.5,12.75,2],"texture":"#2"},"down":{"uv":[13.75,2.5,12.75,3],"texture":"#2"}}},{"from":[7,0,2.5],"to":[9,5,7.5],"rotation":{"angle":-45,"axis":"x","origin":[8,2.5,5]},"faces":{"north":{"uv":[11,12.5,11.5,13.75],"texture":"#2"},"east":{"uv":[11.5,4.5,12.75,5.75],"texture":"#2"},"south":{"uv":[11.5,12.5,12,13.75],"texture":"#2"},"west":{"uv":[11.5,5.75,12.75,7],"texture":"#2"},"up":{"uv":[12.5,13.75,12,12.5],"texture":"#2"},"down":{"uv":[13,12.5,12.5,13.75],"texture":"#2"}}},{"from":[0.5,16.5,-0.5],"to":[15.5,16.5,18.5],"faces":{"north":{"uv":[0,0,3.75,0],"texture":"#2"},"east":{"uv":[0,0,4.75,0],"texture":"#2"},"south":{"uv":[0,0,3.75,0],"texture":"#2"},"west":{"uv":[0,0,4.75,0],"texture":"#2"},"up":{"uv":[3.75,4.75,0,0],"texture":"#2"},"down":{"uv":[3.75,0,0,4.75],"texture":"#2"}}},{"from":[0.5,7.5,-0.5],"to":[0.5,16.5,18.5],"faces":{"north":{"uv":[0,0,0,2.25],"texture":"#2"},"east":{"uv":[12.25,2.25,7.5,4.5],"texture":"#2"},"south":{"uv":[0,0,0,2.25],"texture":"#2"},"west":{"uv":[7.5,2.25,12.25,4.5],"texture":"#2"},"up":{"uv":[0,4.75,0,0],"texture":"#2"},"down":{"uv":[0,0,0,4.75],"texture":"#2"}}},{"from":[0.5,7.5,-0.5],"to":[15.5,16.5,-0.5],"faces":{"north":{"uv":[7,9.75,10.75,12],"texture":"#2"},"east":{"uv":[0,0,0,2.25],"texture":"#2"},"south":{"uv":[10.75,9.75,7,12],"texture":"#2"},"west":{"uv":[0,0,0,2.25],"texture":"#2"},"up":{"uv":[3.75,0,0,0],"texture":"#2"},"down":{"uv":[3.75,0,0,0],"texture":"#2"}}},{"from":[-5.5,9.5,-0.5],"to":[-5.5,14.5,4.5],"rotation":{"angle":-22.5,"axis":"z","origin":[-0.5,0,2.5]},"faces":{"north":{"uv":[0,0,1.25,0],"rotation":90,"texture":"#2"},"east":{"uv":[12.75,7,11.5,8.25],"texture":"#2"},"south":{"uv":[0,0,1.25,0],"rotation":270,"texture":"#2"},"west":{"uv":[12.75,8.25,11.5,7],"rotation":180,"texture":"#2"},"up":{"uv":[0,0,1.25,0],"rotation":270,"texture":"#2"},"down":{"uv":[0,0,1.25,0],"rotation":270,"texture":"#2"}}},{"from":[0.9728,11.19997,-1.9],"to":[5.9728,16.19997,-1.9],"rotation":{"angle":22.5,"axis":"x","origin":[-0.5272,12.99997,-1]},"faces":{"north":{"uv":[12.75,8.25,11.5,7],"rotation":180,"texture":"#2"},"east":{"uv":[0,0,1.25,0],"rotation":90,"texture":"#2"},"south":{"uv":[12.75,7,11.5,8.25],"texture":"#2"},"west":{"uv":[0,0,1.25,0],"rotation":270,"texture":"#2"},"up":{"uv":[0,0,1.25,0],"texture":"#2"},"down":{"uv":[0,0,1.25,0],"rotation":180,"texture":"#2"}}},{"from":[7.9728,10.39997,-1.5],"to":[12.9728,15.39997,-1.5],"rotation":{"angle":22.5,"axis":"x","origin":[-0.5272,12.99997,-1]},"faces":{"north":{"uv":[12.75,8.25,11.5,7],"rotation":180,"texture":"#2"},"east":{"uv":[0,0,1.25,0],"rotation":90,"texture":"#2"},"south":{"uv":[12.75,7,11.5,8.25],"texture":"#2"},"west":{"uv":[0,0,1.25,0],"rotation":270,"texture":"#2"},"up":{"uv":[0,0,1.25,0],"texture":"#2"},"down":{"uv":[0,0,1.25,0],"rotation":180,"texture":"#2"}}},{"from":[8.9728,7.69997,-0.3],"to":[13.9728,12.69997,-0.3],"rotation":{"angle":22.5,"axis":"x","origin":[-0.5272,12.99997,-1]},"faces":{"north":{"uv":[12.75,8.25,11.5,7],"rotation":180,"texture":"#2"},"east":{"uv":[0,0,1.25,0],"rotation":90,"texture":"#2"},"south":{"uv":[12.75,7,11.5,8.25],"texture":"#2"},"west":{"uv":[0,0,1.25,0],"rotation":270,"texture":"#2"},"up":{"uv":[0,0,1.25,0],"texture":"#2"},"down":{"uv":[0,0,1.25,0],"rotation":180,"texture":"#2"}}},{"from":[3.9728,4.69997,0.7],"to":[8.9728,9.69997,0.7],"rotation":{"angle":22.5,"axis":"x","origin":[-0.5272,12.99997,-1]},"faces":{"north":{"uv":[12.75,8.25,11.5,7],"rotation":180,"texture":"#2"},"east":{"uv":[0,0,1.25,0],"rotation":90,"texture":"#2"},"south":{"uv":[12.75,7,11.5,8.25],"texture":"#2"},"west":{"uv":[0,0,1.25,0],"rotation":270,"texture":"#2"},"up":{"uv":[0,0,1.25,0],"texture":"#2"},"down":{"uv":[0,0,1.25,0],"rotation":180,"texture":"#2"}}},{"from":[-5.5,9.5,8.5],"to":[-5.5,14.5,13.5],"rotation":{"angle":-22.5,"axis":"z","origin":[-0.5,0,2.5]},"faces":{"north":{"uv":[0,0,1.25,0],"rotation":90,"texture":"#2"},"east":{"uv":[12.75,7,11.5,8.25],"texture":"#2"},"south":{"uv":[0,0,1.25,0],"rotation":270,"texture":"#2"},"west":{"uv":[12.75,8.25,11.5,7],"rotation":180,"texture":"#2"},"up":{"uv":[0,0,1.25,0],"rotation":270,"texture":"#2"},"down":{"uv":[0,0,1.25,0],"rotation":270,"texture":"#2"}}},{"from":[-4.3,6.5,5.5],"to":[-4.3,11.5,10.5],"rotation":{"angle":-22.5,"axis":"z","origin":[-0.5,0,2.5]},"faces":{"north":{"uv":[0,0,1.25,0],"rotation":90,"texture":"#2"},"east":{"uv":[12.75,7,11.5,8.25],"texture":"#2"},"south":{"uv":[0,0,1.25,0],"rotation":270,"texture":"#2"},"west":{"uv":[12.75,8.25,11.5,7],"rotation":180,"texture":"#2"},"up":{"uv":[0,0,1.25,0],"rotation":270,"texture":"#2"},"down":{"uv":[0,0,1.25,0],"rotation":270,"texture":"#2"}}},{"from":[-3.3,4.5,11.5],"to":[-3.3,9.5,16.5],"rotation":{"angle":-22.5,"axis":"z","origin":[-0.5,0,2.5]},"faces":{"north":{"uv":[0,0,1.25,0],"rotation":90,"texture":"#2"},"east":{"uv":[12.75,7,11.5,8.25],"texture":"#2"},"south":{"uv":[0,0,1.25,0],"rotation":270,"texture":"#2"},"west":{"uv":[12.75,8.25,11.5,7],"rotation":180,"texture":"#2"},"up":{"uv":[0,0,1.25,0],"rotation":270,"texture":"#2"},"down":{"uv":[0,0,1.25,0],"rotation":270,"texture":"#2"}}},{"from":[-5.9,10.3,14.1],"to":[-5.9,15.3,19.1],"rotation":{"angle":-22.5,"axis":"z","origin":[-0.5,0,2.5]},"faces":{"north":{"uv":[0,0,1.25,0],"rotation":90,"texture":"#2"},"east":{"uv":[12.75,7,11.5,8.25],"texture":"#2"},"south":{"uv":[0,0,1.25,0],"rotation":270,"texture":"#2"},"west":{"uv":[12.75,8.25,11.5,7],"rotation":180,"texture":"#2"},"up":{"uv":[0,0,1.25,0],"rotation":270,"texture":"#2"},"down":{"uv":[0,0,1.25,0],"rotation":270,"texture":"#2"}}},{"from":[19.3,4.5,11.5],"to":[19.3,9.5,16.5],"rotation":{"angle":22.5,"axis":"z","origin":[16.5,0,2.5]},"faces":{"north":{"uv":[0,0,1.25,0],"rotation":90,"texture":"#2"},"east":{"uv":[11.5,8.25,12.75,7],"rotation":180,"texture":"#2"},"south":{"uv":[0,0,1.25,0],"rotation":270,"texture":"#2"},"west":{"uv":[11.5,7,12.75,8.25],"texture":"#2"},"up":{"uv":[0,0,1.25,0],"rotation":270,"texture":"#2"},"down":{"uv":[0,0,1.25,0],"rotation":270,"texture":"#2"}}},{"from":[20.3,6.5,5.5],"to":[20.3,11.5,10.5],"rotation":{"angle":22.5,"axis":"z","origin":[16.5,0,2.5]},"faces":{"north":{"uv":[0,0,1.25,0],"rotation":90,"texture":"#2"},"east":{"uv":[11.5,8.25,12.75,7],"rotation":180,"texture":"#2"},"south":{"uv":[0,0,1.25,0],"rotation":270,"texture":"#2"},"west":{"uv":[11.5,7,12.75,8.25],"texture":"#2"},"up":{"uv":[0,0,1.25,0],"rotation":270,"texture":"#2"},"down":{"uv":[0,0,1.25,0],"rotation":270,"texture":"#2"}}},{"from":[15.5,7.5,-0.5],"to":[15.5,16.5,18.5],"rotation":{"angle":0,"axis":"y","origin":[16,0,0]},"faces":{"north":{"uv":[0,0,0,2.25],"texture":"#2"},"east":{"uv":[12.25,2.25,7.5,4.5],"texture":"#2"},"south":{"uv":[0,0,0,2.25],"texture":"#2"},"west":{"uv":[7.5,2.25,12.25,4.5],"texture":"#2"},"up":{"uv":[0,4.75,0,0],"texture":"#2"},"down":{"uv":[0,0,0,4.75],"texture":"#2"}}},{"from":[21.5,9.5,-0.5],"to":[21.5,14.5,4.5],"rotation":{"angle":22.5,"axis":"z","origin":[16.5,0,2.5]},"faces":{"north":{"uv":[0,0,1.25,0],"rotation":90,"texture":"#2"},"east":{"uv":[11.5,8.25,12.75,7],"rotation":180,"texture":"#2"},"south":{"uv":[0,0,1.25,0],"rotation":270,"texture":"#2"},"west":{"uv":[11.5,7,12.75,8.25],"texture":"#2"},"up":{"uv":[0,0,1.25,0],"rotation":270,"texture":"#2"},"down":{"uv":[0,0,1.25,0],"rotation":270,"texture":"#2"}}},{"from":[21.9,10.3,14.1],"to":[21.9,15.3,19.1],"rotation":{"angle":22.5,"axis":"z","origin":[16.5,0,2.5]},"faces":{"north":{"uv":[0,0,1.25,0],"rotation":90,"texture":"#2"},"east":{"uv":[11.5,8.25,12.75,7],"rotation":180,"texture":"#2"},"south":{"uv":[0,0,1.25,0],"rotation":270,"texture":"#2"},"west":{"uv":[11.5,7,12.75,8.25],"texture":"#2"},"up":{"uv":[0,0,1.25,0],"rotation":270,"texture":"#2"},"down":{"uv":[0,0,1.25,0],"rotation":270,"texture":"#2"}}},{"from":[21.5,9.5,8.5],"to":[21.5,14.5,13.5],"rotation":{"angle":22.5,"axis":"z","origin":[16.5,0,2.5]},"faces":{"north":{"uv":[0,0,1.25,0],"rotation":90,"texture":"#2"},"east":{"uv":[11.5,8.25,12.75,7],"rotation":180,"texture":"#2"},"south":{"uv":[0,0,1.25,0],"rotation":270,"texture":"#2"},"west":{"uv":[11.5,7,12.75,8.25],"texture":"#2"},"up":{"uv":[0,0,1.25,0],"rotation":270,"texture":"#2"},"down":{"uv":[0,0,1.25,0],"rotation":270,"texture":"#2"}}}],"display":{"thirdperson_righthand":{"rotation":[75,45,0],"translation":[0,2.5,0],"scale":[0.375,0.375,0.375]},"thirdperson_lefthand":{"rotation":[75,45,0],"translation":[0,2.5,0],"scale":[0.375,0.375,0.375]},"firstperson_righthand":{"rotation":[0,45,0],"scale":[0.4,0.4,0.4]},"firstperson_lefthand":{"rotation":[0,225,0],"scale":[0.4,0.4,0.4]},"ground":{"translation":[0,3,0],"scale":[0.25,0.25,0.25]},"gui":{"rotation":[30,225,0],"translation":[1.5,-1.75,0],"scale":[0.5,0.5,0.5]},"fixed":{"rotation":[-90,0,0],"translation":[0,0,-16],"scale":[2,2,2]}}}