{"credit":"Made with Blockbench","texture_size":[64,64],"textures":{"1":"elitecreatures:summoning_circle_decoration_v1/eyesanimation01"},"elements":[{"from":[-4,0.05,-4],"to":[20,0.05,20],"faces":{"north":{"uv":[0,0,6,0],"texture":"#missing"},"east":{"uv":[0,0,6,0],"texture":"#missing"},"south":{"uv":[0,0,6,0],"texture":"#missing"},"west":{"uv":[0,0,6,0],"texture":"#missing"},"up":{"uv":[12,12,0,0],"texture":"#1"},"down":{"uv":[12,0,0,12],"texture":"#1"}}}],"gui_light":"front","display":{"thirdperson_righthand":{"rotation":[67.5,0,0],"translation":[0,3.75,2.5],"scale":[0.43945,0.43945,0.43945]},"thirdperson_lefthand":{"rotation":[67.5,0,0],"translation":[0,3.75,2.5],"scale":[0.43945,0.43945,0.43945]},"firstperson_righthand":{"translation":[2,5.75,0],"scale":[0.46484,0.46484,0.46484]},"firstperson_lefthand":{"translation":[2,5.75,0],"scale":[0.46484,0.46484,0.46484]},"ground":{"translation":[0,6,0],"scale":[0.8,0.8,0.8]},"gui":{"rotation":[30,135,0],"translation":[0,5.25,0],"scale":[0.76953,0.76953,0.76953]},"head":{"rotation":[0,180,0],"translation":[0,-30.4,0],"scale":[1.6,1.6,1.6]},"fixed":{"rotation":[-90,0,0],"translation":[0,0,-16],"scale":[2,2,2]}}}