{"credit":"127681 / 4995ZAMTNWLD2","texture_size":[64,64],"textures":{"0":"mob_balloons:chicken_balloon","particle":"mob_balloons:chicken_balloon"},"elements":[{"from":[0,0,0],"to":[16,16,16],"faces":{"north":{"uv":[0,0,4,4],"texture":"#0"},"east":{"uv":[4,0,8,4],"texture":"#0"},"south":{"uv":[0,4,4,8],"texture":"#0"},"west":{"uv":[4,0,8,4],"texture":"#0"},"up":{"uv":[8,8,4,4],"texture":"#0"},"down":{"uv":[4,8,0,12],"texture":"#0"}}},{"from":[6,-2,8],"to":[10,1,8],"rotation":{"angle":-45,"axis":"y","origin":[8,-0.5,8]},"faces":{"north":{"uv":[5,9,6,9.75],"texture":"#0"},"east":{"uv":[0,0,0,0.75],"texture":"#0"},"south":{"uv":[5,9,6,9.75],"texture":"#0"},"west":{"uv":[0,0,0,0.75],"texture":"#0"},"up":{"uv":[1,0,0,0],"texture":"#0"},"down":{"uv":[1,0,0,0],"texture":"#0"}}},{"from":[6,-2,8],"to":[10,1,8],"rotation":{"angle":45,"axis":"y","origin":[8,-0.5,8]},"faces":{"north":{"uv":[6,9,5,9.75],"texture":"#0"},"east":{"uv":[0,0,0,0.75],"texture":"#0"},"south":{"uv":[6,9,5,9.75],"texture":"#0"},"west":{"uv":[0,0,0,0.75],"texture":"#0"},"up":{"uv":[0,0,1,0],"texture":"#0"},"down":{"uv":[0,0,1,0],"texture":"#0"}}},{"from":[2,-3.775,5],"to":[5,0.25,8],"rotation":{"angle":-22.5,"axis":"z","origin":[3.5,0.25,6.5]},"faces":{"south":{"uv":[6,8,6.75,9],"texture":"#0"},"down":{"uv":[9.75,7.25,9,8],"texture":"#0"}}},{"from":[-3.25,1.5,3],"to":[-1.25,10.5,13],"rotation":{"angle":-22.5,"axis":"z","origin":[-2.25,6,8]},"faces":{"north":{"uv":[7.25,8,7.75,10.25],"texture":"#0"},"east":{"uv":[10.5,0,8,2.25],"texture":"#0"},"south":{"uv":[8.5,6.5,9,8.75],"texture":"#0"},"west":{"uv":[8,2.25,10.5,4.5],"texture":"#0"},"up":{"uv":[8.5,9,8,6.5],"texture":"#0"},"down":{"uv":[7.25,8,6.75,10.5],"texture":"#0"}}},{"from":[11,-3.775,5],"to":[14,0.25,8],"rotation":{"angle":22.5,"axis":"z","origin":[12.5,0.25,6.5]},"faces":{"south":{"uv":[6.75,8,6,9],"texture":"#0"},"down":{"uv":[9,7.25,9.75,8],"texture":"#0"}}},{"name":"cube inverted","from":[5,0.25,8],"to":[2,-3.75,5],"rotation":{"angle":-22.5,"axis":"z","origin":[3.5,0.25,6.5]},"faces":{"north":{"uv":[6,9,6.75,8],"texture":"#0"},"up":{"uv":[9,7.25,9.75,8],"texture":"#0"}}},{"name":"cube inverted","from":[14,0.25,8],"to":[11,-3.75,5],"rotation":{"angle":22.5,"axis":"z","origin":[12.5,0.25,6.5]},"faces":{"north":{"uv":[6.75,9,6,8],"texture":"#0"},"up":{"uv":[9.75,7.25,9,8],"texture":"#0"}}},{"from":[17.25,1.5,3],"to":[19.25,10.5,13],"rotation":{"angle":22.5,"axis":"z","origin":[18.25,6,8]},"faces":{"north":{"uv":[7.75,8,7.25,10.25],"texture":"#0"},"east":{"uv":[10.5,2.25,8,4.5],"texture":"#0"},"south":{"uv":[9,6.5,8.5,8.75],"texture":"#0"},"west":{"uv":[8,0,10.5,2.25],"texture":"#0"},"up":{"uv":[8,9,8.5,6.5],"texture":"#0"},"down":{"uv":[6.75,8,7.25,10.5],"texture":"#0"}}},{"from":[4,6,-4],"to":[12,10,0],"rotation":{"angle":0,"axis":"x","origin":[0,1,-16]},"faces":{"north":{"uv":[4,8,6,9],"texture":"#0"},"east":{"uv":[9.5,8.75,8.5,9.75],"texture":"#0"},"south":{"uv":[10,4.5,12,5.5],"texture":"#0"},"west":{"uv":[8.5,8.75,9.5,9.75],"texture":"#0"},"up":{"uv":[10,5.5,8,4.5],"texture":"#0"},"down":{"uv":[10,5.5,8,6.5],"texture":"#0"}}},{"from":[6,3,-2],"to":[10,6,0],"rotation":{"angle":0,"axis":"x","origin":[0,-1,-16]},"faces":{"north":{"uv":[4,9,5,9.75],"texture":"#0"},"east":{"uv":[7.75,9,8.25,9.75],"texture":"#0"},"south":{"uv":[4,9.75,5,10.5],"texture":"#0"},"west":{"uv":[8.25,9,7.75,9.75],"texture":"#0"},"down":{"uv":[10,8,9,8.5],"texture":"#0"}}},{"from":[5,5.5021,15.5412],"to":[11,9.5021,20.5412],"rotation":{"angle":-22.5,"axis":"x","origin":[7,6.5021,16.5412]},"faces":{"north":{"uv":[10.5,1.25,12,2.25],"texture":"#0"},"east":{"uv":[13.25,0,12,1],"texture":"#0"},"west":{"uv":[12,0,13.25,1],"texture":"#0"},"up":{"uv":[10.5,0,12,1.25],"texture":"#0"}}},{"name":"cube inverted","from":[11,9.5021,20.5412],"to":[5,5.5021,15.5412],"rotation":{"angle":-22.5,"axis":"x","origin":[7,6.5021,16.5412]},"faces":{"east":{"uv":[12,1,13.25,0],"texture":"#0"},"south":{"uv":[10.5,2.25,12,1.25],"texture":"#0"},"west":{"uv":[13.25,1,12,0],"texture":"#0"},"down":{"uv":[12,0,10.5,1.25],"texture":"#0"}}}],"display":{"thirdperson_righthand":{"rotation":[75,135,0],"translation":[0,2.5,0],"scale":[0.375,0.375,0.375]},"thirdperson_lefthand":{"rotation":[75,135,0],"translation":[0,2.5,0],"scale":[0.375,0.375,0.375]},"firstperson_righthand":{"rotation":[0,135,0],"translation":[0,3.75,0],"scale":[0.4,0.4,0.4]},"firstperson_lefthand":{"rotation":[0,135,0],"translation":[0,3.75,0],"scale":[0.4,0.4,0.4]},"ground":{"translation":[0,3,0],"scale":[0.25,0.25,0.25]},"gui":{"rotation":[30,135,0],"scale":[0.4668,0.4668,0.4668]},"head":{"translation":[0,12,-2],"scale":[1.85,1.85,1.85]},"fixed":{"scale":[0.5,0.5,0.5]}}}