{"credit":"MadewithBlockbench","texture_size":[32,32],"textures":{"0":"elitecreatures:japan_street_v3/smallfolwerpot1texture"},"elements":[{"from":[6.05,0,6.05],"to":[9.95,5.2,9.95],"rotation":{"angle":0,"axis":"y","origin":[8,0,8]},"faces":{"north":{"uv":[1.5,1.5,3,3.5],"texture":"#0"},"east":{"uv":[0,1.5,1.5,3.5],"texture":"#0"},"south":{"uv":[4.5,1.5,6,3.5],"texture":"#0"},"west":{"uv":[3,1.5,4.5,3.5],"texture":"#0"},"up":{"uv":[3,1.5,1.5,0],"texture":"#0"},"down":{"uv":[4.5,0,3,1.5],"texture":"#0"}}},{"from":[5.725,5.2,8],"to":[10.275,13,8],"rotation":{"angle":0,"axis":"y","origin":[8.325,0,8]},"faces":{"north":{"uv":[0,3.5,1.75,6.5],"texture":"#0"},"east":{"uv":[4,3.5,4.05,6],"texture":"#0"},"south":{"uv":[1.75,3.5,0,6.5],"texture":"#0"},"west":{"uv":[4,3.5,4.05,6],"texture":"#0"},"up":{"uv":[5.25,3.5,4,3.55],"texture":"#0"},"down":{"uv":[6.25,3.5,5,3.55],"texture":"#0"}}},{"from":[8,5.2,5.725],"to":[8,13,10.275],"rotation":{"angle":0,"axis":"y","origin":[8.325,8.45,8]},"faces":{"north":{"uv":[5.25,3.5,5.3,6.5],"texture":"#0"},"east":{"uv":[1.75,3.5,0,6.5],"texture":"#0"},"south":{"uv":[5.25,3.5,5.3,6.5],"texture":"#0"},"west":{"uv":[1.75,3.5,3.5,6.5],"texture":"#0"},"up":{"uv":[5.25,3.6,3.75,3.55],"rotation":270,"texture":"#0"},"down":{"uv":[5.25,3.5,3.75,3.55],"rotation":90,"texture":"#0"}}}],"gui_light":"front","display":{"thirdperson_righthand":{"rotation":[67.5,0,0],"translation":[0,1.5,1.75],"scale":[0.3682,0.3682,0.3682]},"thirdperson_lefthand":{"rotation":[67.5,0,0],"translation":[0,1.5,1.75],"scale":[0.3682,0.3682,0.3682]},"firstperson_righthand":{"translation":[26.5,-3.5,-19.5],"scale":[1.22266,1.22266,1.22266]},"firstperson_lefthand":{"translation":[26.5,-3.5,-19.5],"scale":[1.22266,1.22266,1.22266]},"ground":{"translation":[0,6,0],"scale":[0.6,0.6,0.6]},"gui":{"rotation":[30,135,0],"translation":[0,2,0],"scale":[1.17578,1.17578,1.17578]},"head":{"rotation":[0,180,0],"translation":[0,-30.4,0],"scale":[1.6,1.6,1.6]},"fixed":{"rotation":[-90,0,0],"translation":[0,0,-16],"scale":[2,2,2]}},"groups":[{"name":"group","origin":[8.25,6.5,8],"color":0,"children":[0,1,2]}]}