{"credit":"MadewithBlockbench","texture_size":[32,32],"textures":{"0":"elitecreatures:gym_decoration_v1/gym_chair_long","particle":"elitecreatures:gym_decoration_v1/gym_chair_long"},"elements":[{"from":[15,0,1],"to":[16,1,11],"faces":{"north":{"uv":[10,5.5,10.5,6],"texture":"#0"},"east":{"uv":[5,5.5,10,6],"texture":"#0"},"south":{"uv":[10,5.5,10.5,6],"texture":"#0"},"west":{"uv":[5,5.5,10,6],"texture":"#0"},"up":{"uv":[1,11,0.5,6],"texture":"#0"},"down":{"uv":[1,6,0.5,11],"texture":"#0"}}},{"from":[15,1,10],"to":[16,7,11],"faces":{"north":{"uv":[0,6,0.5,9],"texture":"#0"},"east":{"uv":[0,6,0.5,9],"texture":"#0"},"south":{"uv":[0,6,0.5,9],"texture":"#0"},"west":{"uv":[0,6,0.5,9],"texture":"#0"},"up":{"uv":[10.5,6,10,5.5],"texture":"#0"},"down":{"uv":[10.5,5.5,10,6],"texture":"#0"}}},{"from":[15,1,1],"to":[16,7,2],"faces":{"north":{"uv":[0,6,0.5,9],"texture":"#0"},"east":{"uv":[0,6,0.5,9],"texture":"#0"},"south":{"uv":[0,6,0.5,9],"texture":"#0"},"west":{"uv":[0,6,0.5,9],"texture":"#0"},"up":{"uv":[10.5,6,10,5.5],"texture":"#0"},"down":{"uv":[10.5,5.5,10,6],"texture":"#0"}}},{"from":[-16,1,10],"to":[-15,7,11],"faces":{"north":{"uv":[0,6,0.5,9],"texture":"#0"},"east":{"uv":[0,6,0.5,9],"texture":"#0"},"south":{"uv":[0,6,0.5,9],"texture":"#0"},"west":{"uv":[0,6,0.5,9],"texture":"#0"},"up":{"uv":[10.5,6,10,5.5],"texture":"#0"},"down":{"uv":[10.5,5.5,10,6],"texture":"#0"}}},{"from":[-16,0,1],"to":[-15,1,11],"faces":{"north":{"uv":[10,5.5,10.5,6],"texture":"#0"},"east":{"uv":[5,5.5,10,6],"texture":"#0"},"south":{"uv":[10,5.5,10.5,6],"texture":"#0"},"west":{"uv":[5,5.5,10,6],"texture":"#0"},"up":{"uv":[1,11,0.5,6],"texture":"#0"},"down":{"uv":[1,6,0.5,11],"texture":"#0"}}},{"from":[-16,1,1],"to":[-15,7,2],"faces":{"north":{"uv":[0,6,0.5,9],"texture":"#0"},"east":{"uv":[0,6,0.5,9],"texture":"#0"},"south":{"uv":[0,6,0.5,9],"texture":"#0"},"west":{"uv":[0,6,0.5,9],"texture":"#0"},"up":{"uv":[10.5,6,10,5.5],"texture":"#0"},"down":{"uv":[10.5,5.5,10,6],"texture":"#0"}}},{"from":[-16,7,1],"to":[16,8,11],"faces":{"north":{"uv":[0,5,16,5.5],"texture":"#0"},"east":{"uv":[0,5.5,5,6],"texture":"#0"},"south":{"uv":[0,5,16,5.5],"texture":"#0"},"west":{"uv":[0,5.5,5,6],"texture":"#0"},"up":{"uv":[16,5,0,0],"texture":"#0"},"down":{"uv":[16,0,0,5],"texture":"#0"}}}],"display":{"thirdperson_righthand":{"translation":[1.5,0.75,0],"scale":[0.19,0.19,0.19]},"thirdperson_lefthand":{"translation":[-1.5,0.75,0],"scale":[0.19,0.19,0.19]},"firstperson_righthand":{"translation":[4,1.5,0],"scale":[0.62,0.62,0.62]},"firstperson_lefthand":{"translation":[-5.5,1.5,0],"scale":[0.62,0.62,0.62]},"ground":{"translation":[3,1,1.25],"scale":[0.33,0.33,0.33]},"gui":{"rotation":[28,148,0],"translation":[-1.75,1.25,0],"scale":[0.32,0.32,0.32]},"head":{"translation":[12.75,-30.25,3],"scale":[1.6,1.6,1.6]},"fixed":{"translation":[4.5,-3,-2.75],"scale":[0.54,0.54,0.54]}}}