{"credit":"MadewithBlockbench","texture_size":[128,128],"textures":{"1":"viking_furniture_v2:wooden_chair"},"elements":[{"from":[-15.75,10,0],"to":[31.75,12,16],"faces":{"north":{"uv":[0,6,6,6.25],"texture":"#1"},"east":{"uv":[6,3.75,8,4],"texture":"#1"},"south":{"uv":[6,0,12,0.25],"texture":"#1"},"west":{"uv":[6,4,8,4.25],"texture":"#1"},"up":{"uv":[6,4,0,2],"texture":"#1"},"down":{"uv":[6,4,0,6],"texture":"#1"}}},{"from":[-16,12.25,0],"to":[32,12.25,16],"faces":{"north":{"uv":[0,0,6,0],"texture":"#1"},"east":{"uv":[0,0,2,0],"texture":"#1"},"south":{"uv":[0,0,6,0],"texture":"#1"},"west":{"uv":[0,0,2,0],"texture":"#1"},"up":{"uv":[6,2,0,0],"texture":"#1"}}},{"from":[-16,4.25,0],"to":[-16,12.25,16],"faces":{"north":{"uv":[0,0,6,0],"texture":"#1"},"east":{"uv":[14,0,16,1],"texture":"#1"},"south":{"uv":[0,0,6,0],"texture":"#1"},"west":{"uv":[16,0,14,1],"texture":"#1"},"up":{"uv":[6,2,0,0],"texture":"#1"}}},{"from":[32,4.25,0],"to":[32,12.25,16],"rotation":{"angle":0,"axis":"y","origin":[16,0,0]},"faces":{"north":{"uv":[6,0,0,0],"texture":"#1"},"east":{"uv":[14,0,16,1],"texture":"#1"},"south":{"uv":[6,0,0,0],"texture":"#1"},"west":{"uv":[16,0,14,1],"texture":"#1"},"up":{"uv":[0,2,6,0],"texture":"#1"}}},{"from":[25,-2,3],"to":[28,8,6],"rotation":{"angle":22.5,"axis":"x","origin":[26.5,8,6]},"faces":{"north":{"uv":[0.375,6.25,0,7.5],"texture":"#1"},"east":{"uv":[6.375,5.5,6,6.75],"texture":"#1"},"south":{"uv":[6.375,4.25,6,5.5],"texture":"#1"},"west":{"uv":[0.75,6.25,0.375,7.5],"texture":"#1"},"up":{"uv":[5.875,6.25,5.5,6.625],"texture":"#1"},"down":{"uv":[6.75,4.625,6.375,4.25],"texture":"#1"}}},{"from":[24,8,1],"to":[29,10,15],"faces":{"north":{"uv":[4.25,6.25,4.875,6.5],"texture":"#1"},"east":{"uv":[0.75,6.25,2.5,6.5],"texture":"#1"},"south":{"uv":[4.875,6.25,5.5,6.5],"texture":"#1"},"west":{"uv":[2.5,6.25,4.25,6.5],"texture":"#1"},"up":{"uv":[6.625,2,6,0.25],"texture":"#1"},"down":{"uv":[6.625,2,6,3.75],"texture":"#1"}}},{"from":[25,-2,10],"to":[28,8,13],"rotation":{"angle":-22.5,"axis":"x","origin":[26.5,8,10]},"faces":{"north":{"uv":[6,4.25,6.375,5.5],"texture":"#1"},"east":{"uv":[6,5.5,6.375,6.75],"texture":"#1"},"south":{"uv":[0,6.25,0.375,7.5],"texture":"#1"},"west":{"uv":[0.375,6.25,0.75,7.5],"texture":"#1"},"up":{"uv":[5.875,6.625,5.5,6.25],"texture":"#1"},"down":{"uv":[6.75,4.25,6.375,4.625],"texture":"#1"}}},{"from":[-12,-2,3],"to":[-9,8,6],"rotation":{"angle":22.5,"axis":"x","origin":[-10.5,8,6]},"faces":{"north":{"uv":[0,6.25,0.375,7.5],"texture":"#1"},"east":{"uv":[0.375,6.25,0.75,7.5],"texture":"#1"},"south":{"uv":[6,4.25,6.375,5.5],"texture":"#1"},"west":{"uv":[6,5.5,6.375,6.75],"texture":"#1"},"up":{"uv":[5.5,6.25,5.875,6.625],"texture":"#1"},"down":{"uv":[6.375,4.625,6.75,4.25],"texture":"#1"}}},{"from":[-13,8,1],"to":[-8,10,15],"rotation":{"angle":0,"axis":"y","origin":[16,0,0]},"faces":{"north":{"uv":[4.875,6.25,4.25,6.5],"texture":"#1"},"east":{"uv":[4.25,6.25,2.5,6.5],"texture":"#1"},"south":{"uv":[5.5,6.25,4.875,6.5],"texture":"#1"},"west":{"uv":[2.5,6.25,0.75,6.5],"texture":"#1"},"up":{"uv":[6,2,6.625,0.25],"texture":"#1"},"down":{"uv":[6,2,6.625,3.75],"texture":"#1"}}},{"from":[-12,-2,10],"to":[-9,8,13],"rotation":{"angle":-22.5,"axis":"x","origin":[-10.5,8,10]},"faces":{"north":{"uv":[6.375,4.25,6,5.5],"texture":"#1"},"east":{"uv":[0.75,6.25,0.375,7.5],"texture":"#1"},"south":{"uv":[0.375,6.25,0,7.5],"texture":"#1"},"west":{"uv":[6.375,5.5,6,6.75],"texture":"#1"},"up":{"uv":[5.5,6.625,5.875,6.25],"texture":"#1"},"down":{"uv":[6.375,4.25,6.75,4.625],"texture":"#1"}}}],"gui_light":"front","display":{"thirdperson_righthand":{"rotation":[67.5,0,0],"translation":[0,1.25,0],"scale":[0.15,0.15,0.15]},"thirdperson_lefthand":{"rotation":[67.5,0,0],"translation":[0,1.25,0],"scale":[0.15,0.15,0.15]},"firstperson_righthand":{"translation":[-1,3,1],"scale":[0.2,0.2,0.2]},"firstperson_lefthand":{"translation":[-1,3,1],"scale":[0.2,0.2,0.2]},"ground":{"translation":[0,5,0],"scale":[0.25,0.25,0.25]},"gui":{"rotation":[30,-135,0],"translation":[0,0.25,0],"scale":[0.31563,0.31563,0.31563]},"head":{"rotation":[0,180,0],"translation":[0,-30.4,0],"scale":[1.6,1.6,1.6]},"fixed":{"rotation":[-90,0,0],"translation":[0,0,-16],"scale":[2,2,2]}}}