{"credit":"magic_store_official","texture_size":[64,64],"textures":{"0":"food_pack_v1:food_10_plate","2":"food_pack_v1:beef","particle":"food_pack_v1:plate"},"elements":[{"from":[2,0,-4],"to":[14,1,20],"faces":{"north":{"uv":[9,0.5,6,0.75],"texture":"#0"},"east":{"uv":[0,6,6,6.25],"texture":"#0"},"south":{"uv":[6,0.5,9,0.75],"texture":"#0"},"west":{"uv":[6,6,0,6.25],"texture":"#0"},"up":{"uv":[3,6,0,0],"texture":"#0"},"down":{"uv":[6,0,3,6],"texture":"#0"}}},{"from":[2.5,1.1,-3],"to":[13.5,1.1,19],"faces":{"north":{"uv":[0,0,11,0],"texture":"#missing"},"east":{"uv":[0,0,16,0],"texture":"#missing"},"south":{"uv":[0,0,11,0],"texture":"#missing"},"west":{"uv":[0,0,16,0],"texture":"#missing"},"up":{"uv":[0,6.25,2.75,11.75],"texture":"#0"},"down":{"uv":[0,11.75,2.75,6.25],"texture":"#0"}}},{"from":[4,1,-2],"to":[11,3,2],"rotation":{"angle":0,"axis":"y","origin":[8.5,2,7.5]},"faces":{"north":{"uv":[7,0,14,2],"texture":"#2"},"east":{"uv":[0,10,4,12],"texture":"#2"},"south":{"uv":[7,0,14,2],"texture":"#2"},"west":{"uv":[0,10,4,12],"texture":"#2"},"up":{"uv":[7,4,0,0],"texture":"#2"},"down":{"uv":[7,4,0,0],"texture":"#2"}}},{"from":[11,1,-2.5],"to":[13,3,2.5],"rotation":{"angle":0,"axis":"y","origin":[13.5,2,3]},"faces":{"north":{"uv":[10,8,12,10],"texture":"#2"},"east":{"uv":[7,6,12,8],"texture":"#2"},"south":{"uv":[10,8,12,10],"texture":"#2"},"west":{"uv":[7,4,12,6],"texture":"#2"},"up":{"uv":[5,10,0,8],"rotation":270,"texture":"#2"},"down":{"uv":[5,10,0,8],"rotation":90,"texture":"#2"}}},{"from":[13,1.25,-2.5],"to":[15,3.25,2.5],"rotation":{"angle":22.5,"axis":"z","origin":[13,2,0]},"faces":{"north":{"uv":[10,8,12,10],"texture":"#2"},"east":{"uv":[7,6,12,8],"texture":"#2"},"south":{"uv":[10,8,12,10],"texture":"#2"},"west":{"uv":[7,4,12,6],"texture":"#2"},"up":{"uv":[5,10,0,8],"rotation":270,"texture":"#2"},"down":{"uv":[5,10,0,8],"rotation":90,"texture":"#2"}}},{"from":[0,1.25,-2.5],"to":[2,3.25,2.5],"rotation":{"angle":-22.5,"axis":"z","origin":[2,2,0]},"faces":{"north":{"uv":[12,8,10,10],"texture":"#2"},"east":{"uv":[12,4,7,6],"texture":"#2"},"south":{"uv":[12,8,10,10],"texture":"#2"},"west":{"uv":[12,6,7,8],"texture":"#2"},"up":{"uv":[5,8,0,10],"rotation":270,"texture":"#2"},"down":{"uv":[5,8,0,10],"rotation":90,"texture":"#2"}}},{"from":[2,1,-2.5],"to":[4,3,2.5],"rotation":{"angle":0,"axis":"y","origin":[1.5,2,3]},"faces":{"north":{"uv":[12,8,10,10],"texture":"#2"},"east":{"uv":[12,4,7,6],"texture":"#2"},"south":{"uv":[12,8,10,10],"texture":"#2"},"west":{"uv":[12,6,7,8],"texture":"#2"},"up":{"uv":[5,8,0,10],"rotation":270,"texture":"#2"},"down":{"uv":[5,8,0,10],"rotation":90,"texture":"#2"}}},{"from":[4,1,4],"to":[11,3,8],"rotation":{"angle":0,"axis":"y","origin":[8.5,2,13.5]},"faces":{"north":{"uv":[7,0,14,2],"texture":"#2"},"east":{"uv":[0,10,4,12],"texture":"#2"},"south":{"uv":[7,0,14,2],"texture":"#2"},"west":{"uv":[0,10,4,12],"texture":"#2"},"up":{"uv":[7,4,0,0],"texture":"#2"},"down":{"uv":[7,4,0,0],"texture":"#2"}}},{"from":[11,1,3.5],"to":[13,3,8.5],"rotation":{"angle":0,"axis":"y","origin":[13.5,2,9]},"faces":{"north":{"uv":[10,8,12,10],"texture":"#2"},"east":{"uv":[7,6,12,8],"texture":"#2"},"south":{"uv":[10,8,12,10],"texture":"#2"},"west":{"uv":[7,4,12,6],"texture":"#2"},"up":{"uv":[5,10,0,8],"rotation":270,"texture":"#2"},"down":{"uv":[5,10,0,8],"rotation":90,"texture":"#2"}}},{"from":[13,1.25,3.5],"to":[15,3.25,8.5],"rotation":{"angle":22.5,"axis":"z","origin":[13,2,6]},"faces":{"north":{"uv":[10,8,12,10],"texture":"#2"},"east":{"uv":[7,6,12,8],"texture":"#2"},"south":{"uv":[10,8,12,10],"texture":"#2"},"west":{"uv":[7,4,12,6],"texture":"#2"},"up":{"uv":[5,10,0,8],"rotation":270,"texture":"#2"},"down":{"uv":[5,10,0,8],"rotation":90,"texture":"#2"}}},{"from":[0,1.25,3.5],"to":[2,3.25,8.5],"rotation":{"angle":-22.5,"axis":"z","origin":[2,2,6]},"faces":{"north":{"uv":[12,8,10,10],"texture":"#2"},"east":{"uv":[12,4,7,6],"texture":"#2"},"south":{"uv":[12,8,10,10],"texture":"#2"},"west":{"uv":[12,6,7,8],"texture":"#2"},"up":{"uv":[5,8,0,10],"rotation":270,"texture":"#2"},"down":{"uv":[5,8,0,10],"rotation":90,"texture":"#2"}}},{"from":[2,1,3.5],"to":[4,3,8.5],"rotation":{"angle":0,"axis":"y","origin":[1.5,2,9]},"faces":{"north":{"uv":[12,8,10,10],"texture":"#2"},"east":{"uv":[12,4,7,6],"texture":"#2"},"south":{"uv":[12,8,10,10],"texture":"#2"},"west":{"uv":[12,6,7,8],"texture":"#2"},"up":{"uv":[5,8,0,10],"rotation":270,"texture":"#2"},"down":{"uv":[5,8,0,10],"rotation":90,"texture":"#2"}}},{"from":[4,1,10],"to":[11,3,14],"rotation":{"angle":0,"axis":"y","origin":[8.5,2,19.5]},"faces":{"north":{"uv":[7,0,14,2],"texture":"#2"},"east":{"uv":[0,10,4,12],"texture":"#2"},"south":{"uv":[7,0,14,2],"texture":"#2"},"west":{"uv":[0,10,4,12],"texture":"#2"},"up":{"uv":[7,4,0,0],"texture":"#2"},"down":{"uv":[7,4,0,0],"texture":"#2"}}},{"from":[11,1,9.5],"to":[13,3,14.5],"rotation":{"angle":0,"axis":"y","origin":[13.5,2,15]},"faces":{"north":{"uv":[10,8,12,10],"texture":"#2"},"east":{"uv":[7,6,12,8],"texture":"#2"},"south":{"uv":[10,8,12,10],"texture":"#2"},"west":{"uv":[7,4,12,6],"texture":"#2"},"up":{"uv":[5,10,0,8],"rotation":270,"texture":"#2"},"down":{"uv":[5,10,0,8],"rotation":90,"texture":"#2"}}},{"from":[13,1.25,9.5],"to":[15,3.25,14.5],"rotation":{"angle":22.5,"axis":"z","origin":[13,2,12]},"faces":{"north":{"uv":[10,8,12,10],"texture":"#2"},"east":{"uv":[7,6,12,8],"texture":"#2"},"south":{"uv":[10,8,12,10],"texture":"#2"},"west":{"uv":[7,4,12,6],"texture":"#2"},"up":{"uv":[5,10,0,8],"rotation":270,"texture":"#2"},"down":{"uv":[5,10,0,8],"rotation":90,"texture":"#2"}}},{"from":[0,1.25,9.5],"to":[2,3.25,14.5],"rotation":{"angle":-22.5,"axis":"z","origin":[2,2,12]},"faces":{"north":{"uv":[12,8,10,10],"texture":"#2"},"east":{"uv":[12,4,7,6],"texture":"#2"},"south":{"uv":[12,8,10,10],"texture":"#2"},"west":{"uv":[12,6,7,8],"texture":"#2"},"up":{"uv":[5,8,0,10],"rotation":270,"texture":"#2"},"down":{"uv":[5,8,0,10],"rotation":90,"texture":"#2"}}},{"from":[2,1,9.5],"to":[4,3,14.5],"rotation":{"angle":0,"axis":"y","origin":[1.5,2,15]},"faces":{"north":{"uv":[12,8,10,10],"texture":"#2"},"east":{"uv":[12,4,7,6],"texture":"#2"},"south":{"uv":[12,8,10,10],"texture":"#2"},"west":{"uv":[12,6,7,8],"texture":"#2"},"up":{"uv":[5,8,0,10],"rotation":270,"texture":"#2"},"down":{"uv":[5,8,0,10],"rotation":90,"texture":"#2"}}},{"from":[8.25,1.2,15.75],"to":[12.25,3.2,19.75],"rotation":{"angle":22.5,"axis":"y","origin":[9.75,1.6,16.5]},"faces":{"north":{"uv":[10,0,14,2],"texture":"#2"},"east":{"uv":[10,0,14,2],"texture":"#2"},"south":{"uv":[10,0,14,2],"texture":"#2"},"west":{"uv":[10,0,14,2],"texture":"#2"},"up":{"uv":[10,4,6,0],"texture":"#2"}}},{"from":[5,1,-2.1],"to":[10,3.1,2.1],"faces":{"north":{"uv":[6,1.75,7.25,2.25],"texture":"#0"},"south":{"uv":[6,1.75,7.25,2.25],"texture":"#0"},"up":{"uv":[6,0.75,7.25,1.75],"texture":"#0"},"down":{"uv":[0,0,2.5,2],"texture":"#missing"}}},{"from":[5,1,3.9],"to":[10,3.1,8.1],"faces":{"north":{"uv":[6,1.75,7.25,2.25],"texture":"#0"},"south":{"uv":[6,1.75,7.25,2.25],"texture":"#0"},"up":{"uv":[7.25,0.75,6,1.75],"texture":"#0"},"down":{"uv":[0,0,2.5,2],"texture":"#missing"}}},{"from":[5,1,9.9],"to":[10,3.1,14.1],"faces":{"north":{"uv":[6,1.75,7.25,2.25],"texture":"#0"},"south":{"uv":[6,1.75,7.25,2.25],"texture":"#0"},"up":{"uv":[6,1.75,7.25,0.75],"texture":"#0"},"down":{"uv":[0,0,2.5,2],"texture":"#missing"}}}],"display":{"thirdperson_righthand":{"rotation":[1.34,18.64,-8.05],"translation":[0.5,4.25,0.75],"scale":[0.5,0.5,0.5]},"thirdperson_lefthand":{"rotation":[1.34,18.64,-8.05],"translation":[0.5,4.25,0.75],"scale":[0.5,0.5,0.5]},"firstperson_righthand":{"rotation":[0,25,0],"translation":[1.25,4.75,0],"scale":[0.5,0.5,0.5]},"firstperson_lefthand":{"rotation":[0,25,0],"translation":[1.25,4.75,0],"scale":[0.5,0.5,0.5]},"ground":{"translation":[0,0.5,0],"scale":[0.4,0.4,0.4]},"gui":{"rotation":[30,135,0],"translation":[0,2.25,0],"scale":[0.85,0.85,0.85]},"head":{"translation":[0,-30.5,0],"scale":[1.6,1.6,1.6]},"fixed":{"rotation":[-90,0,0],"translation":[0,0,-16],"scale":[2,2,2]}}}