{"providers":[{"file":"char/black.png","chars":[""],"height":1,"ascent":-5000,"type":"bitmap"},{"file":"char/black.png","chars":[""],"height":2,"ascent":-5000,"type":"bitmap"},{"file":"char/black.png","chars":[""],"height":3,"ascent":-5000,"type":"bitmap"},{"file":"char/black.png","chars":[""],"height":4,"ascent":-5000,"type":"bitmap"},{"file":"char/black.png","chars":[""],"height":5,"ascent":-5000,"type":"bitmap"},{"file":"char/black.png","chars":[""],"height":6,"ascent":-5000,"type":"bitmap"},{"file":"char/black.png","chars":[""],"height":7,"ascent":-5000,"type":"bitmap"},{"file":"char/black.png","chars":[""],"height":15,"ascent":-5000,"type":"bitmap"},{"file":"char/black.png","chars":[""],"height":31,"ascent":-5000,"type":"bitmap"},{"file":"char/black.png","chars":[""],"height":63,"ascent":-5000,"type":"bitmap"},{"file":"char/black.png","chars":[""],"height":127,"ascent":-5000,"type":"bitmap"},{"file":"char/black.png","chars":[""],"height":256,"ascent":-5000,"type":"bitmap"},{"file":"char/black.png","chars":[""],"height":512,"ascent":-5000,"type":"bitmap"},{"file":"char/black.png","chars":[""],"height":1024,"ascent":-5000,"type":"bitmap"},{"file":"char/black.png","chars":[""],"height":-3,"ascent":-5000,"type":"bitmap"},{"file":"char/black.png","chars":[""],"height":-4,"ascent":-5000,"type":"bitmap"},{"file":"char/black.png","chars":[""],"height":-5,"ascent":-5000,"type":"bitmap"},{"file":"char/black.png","chars":[""],"height":-6,"ascent":-5000,"type":"bitmap"},{"file":"char/black.png","chars":[""],"height":-7,"ascent":-5000,"type":"bitmap"},{"file":"char/black.png","chars":[""],"height":-8,"ascent":-5000,"type":"bitmap"},{"file":"char/black.png","chars":[""],"height":-9,"ascent":-5000,"type":"bitmap"},{"file":"char/black.png","chars":[""],"height":-10,"ascent":-5000,"type":"bitmap"},{"file":"char/black.png","chars":[""],"height":-18,"ascent":-5000,"type":"bitmap"},{"file":"char/black.png","chars":[""],"height":-34,"ascent":-5000,"type":"bitmap"},{"file":"char/black.png","chars":[""],"height":-66,"ascent":-5000,"type":"bitmap"},{"file":"char/black.png","chars":[""],"height":-130,"ascent":-5000,"type":"bitmap"},{"file":"char/black.png","chars":[""],"height":-259,"ascent":-5000,"type":"bitmap"},{"file":"char/black.png","chars":[""],"height":-515,"ascent":-5000,"type":"bitmap"},{"file":"char/black.png","chars":[""],"height":-1027,"ascent":-5000,"type":"bitmap"},{"file":"iaalchemy:gui/energy_extractor_left.png","chars":[""],"height":164,"ascent":12,"type":"bitmap"},{"file":"iaalchemy:gui/energy_extractor_right.png","chars":[""],"height":164,"ascent":12,"type":"bitmap"},{"file":"iaalchemy:gui/energy_converter_left.png","chars":[""],"height":164,"ascent":12,"type":"bitmap"},{"file":"iaalchemy:gui/energy_converter_right.png","chars":[""],"height":164,"ascent":12,"type":"bitmap"},{"file":"_iainternal:gui/no_recipe.png","chars":[""],"height":170,"ascent":47,"type":"bitmap"},{"file":"_iainternal:gui/crafting.png","chars":[""],"height":170,"ascent":47,"type":"bitmap"},{"file":"_iainternal:gui/cooking.png","chars":[""],"height":170,"ascent":47,"type":"bitmap"},{"file":"_iainternal:gui/blank_menu.png","chars":[""],"height":170,"ascent":47,"type":"bitmap"},{"file":"_iainternal:gui/anvil_repair.png","chars":[""],"height":170,"ascent":47,"type":"bitmap"},{"file":"_iainternal:gui/smithing.png","chars":[""],"height":170,"ascent":47,"type":"bitmap"},{"file":"iaalchemy:gui/alchemy_category.png","chars":[""],"height":170,"ascent":47,"type":"bitmap"},{"file":"magiccosmetics:menu/menu.png","chars":[""],"height":255,"ascent":45,"type":"bitmap"},{"file":"magiccosmetics:menu/menu2.png","chars":[""],"height":255,"ascent":59,"type":"bitmap"},{"file":"magiccosmetics:menu/trade.png","chars":[""],"height":255,"ascent":98,"type":"bitmap"},{"file":"magiccosmetics:menu/screen.png","chars":[""],"height":1500,"ascent":70,"type":"bitmap"},{"file":"magiccosmetics:menu/slot_selected.png","chars":["쌃"],"height":23,"ascent":-4,"type":"bitmap"},{"file":"magiccosmetics:menu/slot_selected.png","chars":[""],"height":20,"ascent":-94,"type":"bitmap"},{"file":"magiccosmetics:menu/black.png","chars":[""],"height":5,"ascent":-5000,"type":"bitmap"},{"file":"magiccosmetics:menu/pixel_split.png","chars":[""],"height":-3,"ascent":-32768,"type":"bitmap"},{"file":"magiccosmetics:menu/pixel_split.png","chars":[""],"height":-4,"ascent":-32678,"type":"bitmap"},{"file":"magiccosmetics:menu/pixel_split.png","chars":[""],"height":-5,"ascent":-32768,"type":"bitmap"},{"file":"magiccosmetics:menu/pixel_split.png","chars":[""],"height":-6,"ascent":-32768,"type":"bitmap"},{"file":"magiccosmetics:menu/pixel_split.png","chars":[""],"height":-7,"ascent":-32768,"type":"bitmap"},{"file":"magiccosmetics:menu/pixel_split.png","chars":[""],"height":-8,"ascent":-32768,"type":"bitmap"},{"file":"magiccosmetics:menu/pixel_split.png","chars":[""],"height":-9,"ascent":-32768,"type":"bitmap"},{"file":"magiccosmetics:menu/pixel_split.png","chars":[""],"height":-10,"ascent":-32768,"type":"bitmap"},{"file":"magiccosmetics:menu/pixel_split.png","chars":[""],"height":-18,"ascent":-32768,"type":"bitmap"},{"file":"magiccosmetics:menu/pixel_split.png","chars":[""],"height":-34,"ascent":-32768,"type":"bitmap"},{"file":"magiccosmetics:menu/pixel_split.png","chars":[""],"height":-66,"ascent":-32768,"type":"bitmap"},{"file":"magiccosmetics:menu/slot_locked.png","chars":["쌥"],"height":32,"ascent":-40,"type":"bitmap"},{"file":"magiccosmetics:menu/slot_locked.png","chars":["쌦"],"height":32,"ascent":-58,"type":"bitmap"},{"file":"magiccosmetics:menu/slot_locked.png","chars":["쌧"],"height":32,"ascent":-76,"type":"bitmap"},{"file":"magiccosmetics:menu/slot_locked.png","chars":["쌨"],"height":32,"ascent":-94,"type":"bitmap"},{"file":"magiccosmetics:menu/selected.png","chars":["쌉"],"height":32,"ascent":-3,"type":"bitmap"},{"file":"magiccosmetics:menu/selected.png","chars":["쌊"],"height":32,"ascent":-21,"type":"bitmap"},{"file":"magiccosmetics:menu/selected.png","chars":["쌋"],"height":32,"ascent":-39,"type":"bitmap"},{"file":"magiccosmetics:menu/selected.png","chars":["쌌"],"height":32,"ascent":-57,"type":"bitmap"},{"file":"magiccosmetics:menu/selected.png","chars":["쌍"],"height":32,"ascent":-75,"type":"bitmap"},{"file":"magiccosmetics:menu/selected.png","chars":["쌎"],"height":32,"ascent":-93,"type":"bitmap"},{"file":"iaalchemy:hud/mana_bar/0.png","chars":[""],"height":50,"ascent":-15,"type":"bitmap"},{"file":"iaalchemy:hud/mana_bar/1.png","chars":[""],"height":50,"ascent":-15,"type":"bitmap"},{"file":"iaalchemy:hud/mana_bar/2.png","chars":[""],"height":50,"ascent":-15,"type":"bitmap"},{"file":"iaalchemy:hud/mana_bar/3.png","chars":[""],"height":50,"ascent":-15,"type":"bitmap"},{"file":"iaalchemy:hud/mana_bar/4.png","chars":[""],"height":50,"ascent":-15,"type":"bitmap"},{"file":"iaalchemy:hud/mana_bar/5.png","chars":[""],"height":50,"ascent":-15,"type":"bitmap"},{"file":"iasurvival:gui/customization_table_left.png","chars":[""],"height":164,"ascent":12,"type":"bitmap"},{"file":"iasurvival:gui/customization_table_right.png","chars":[""],"height":164,"ascent":12,"type":"bitmap"},{"file":"advancedenchantments:font/advancedenchantments/enchanter.png","chars":[""],"height":170,"ascent":49,"type":"bitmap"},{"file":"advancedenchantments:font/advancedenchantments/tinkerer.png","chars":[""],"height":170,"ascent":47,"type":"bitmap"},{"file":"advancedenchantments:font/advancedenchantments/alchemist.png","chars":[""],"height":170,"ascent":47,"type":"bitmap"},{"file":"_iainternal:hud/small_cooldown_bar/0.png","chars":[""],"height":22,"ascent":-42,"type":"bitmap"},{"file":"_iainternal:hud/small_cooldown_bar/1.png","chars":[""],"height":22,"ascent":-42,"type":"bitmap"},{"file":"_iainternal:hud/small_cooldown_bar/2.png","chars":[""],"height":22,"ascent":-42,"type":"bitmap"},{"file":"_iainternal:hud/small_cooldown_bar/3.png","chars":[""],"height":22,"ascent":-42,"type":"bitmap"},{"file":"_iainternal:hud/small_cooldown_bar/4.png","chars":[""],"height":22,"ascent":-42,"type":"bitmap"},{"file":"_iainternal:hud/small_cooldown_bar/5.png","chars":[""],"height":22,"ascent":-42,"type":"bitmap"},{"file":"_iainternal:hud/small_cooldown_bar/6.png","chars":[""],"height":22,"ascent":-42,"type":"bitmap"},{"file":"_iainternal:hud/small_cooldown_bar/7.png","chars":[""],"height":22,"ascent":-42,"type":"bitmap"},{"file":"_iainternal:hud/small_cooldown_bar/8.png","chars":[""],"height":22,"ascent":-42,"type":"bitmap"},{"file":"_iainternal:hud/small_cooldown_bar/9.png","chars":[""],"height":22,"ascent":-42,"type":"bitmap"},{"file":"_iainternal:hud/small_cooldown_bar/10.png","chars":[""],"height":22,"ascent":-42,"type":"bitmap"},{"file":"_iainternal:hud/small_cooldown_bar/11.png","chars":[""],"height":22,"ascent":-42,"type":"bitmap"},{"file":"_iainternal:hud/small_cooldown_bar/12.png","chars":[""],"height":22,"ascent":-42,"type":"bitmap"},{"file":"_iainternal:hud/small_cooldown_bar/13.png","chars":[""],"height":22,"ascent":-42,"type":"bitmap"},{"file":"_iainternal:hud/small_cooldown_bar/14.png","chars":[""],"height":22,"ascent":-42,"type":"bitmap"},{"file":"_iainternal:hud/small_cooldown_bar/15.png","chars":[""],"height":22,"ascent":-42,"type":"bitmap"},{"file":"_iainternal:hud/small_cooldown_bar/16.png","chars":[""],"height":22,"ascent":-42,"type":"bitmap"},{"file":"_iainternal:hud/small_cooldown_bar/17.png","chars":[""],"height":22,"ascent":-42,"type":"bitmap"},{"file":"_iainternal:hud/small_cooldown_bar/18.png","chars":[""],"height":22,"ascent":-42,"type":"bitmap"},{"file":"_iainternal:hud/small_cooldown_bar/19.png","chars":[""],"height":22,"ascent":-42,"type":"bitmap"},{"file":"_iainternal:hud/small_cooldown_bar/20.png","chars":[""],"height":22,"ascent":-42,"type":"bitmap"},{"file":"iasurvival:hud/thirst_bar/positive.png","chars":[""],"height":11,"ascent":-15,"type":"bitmap"},{"file":"iasurvival:hud/thirst_bar/negative.png","chars":[""],"height":11,"ascent":-15,"type":"bitmap"},{"file":"iasurvival:hud/thirst_bar/half.png","chars":[""],"height":11,"ascent":-15,"type":"bitmap"},{"file":"spectra_aurelium_skills:skills_menu_book.png","chars":[""],"height":256,"ascent":48,"type":"bitmap"},{"file":"spectra_aurelium_skills:abilities_menu.png","chars":[""],"height":256,"ascent":48,"type":"bitmap"},{"file":"spectra_aurelium_skills:progress_menu.png","chars":[""],"height":256,"ascent":48,"type":"bitmap"},{"file":"spectra_aurelium_skills:stats_menu.png","chars":[""],"height":256,"ascent":48,"type":"bitmap"},{"file":"spectra_aurelium_skills:leaderboard_menu.png","chars":[""],"height":256,"ascent":48,"type":"bitmap"},{"file":"spectra_aurelium_skills:stat_hearts.png","chars":[""],"height":11,"ascent":9,"type":"bitmap"},{"file":"spectra_aurelium_skills:stats_regeneration.png","chars":[""],"height":11,"ascent":9,"type":"bitmap"},{"file":"spectra_aurelium_skills:stats_speed.png","chars":[""],"height":11,"ascent":9,"type":"bitmap"},{"file":"spectra_aurelium_skills:stats_strength.png","chars":[""],"height":11,"ascent":9,"type":"bitmap"},{"file":"spectra_aurelium_skills:stats_luck.png","chars":[""],"height":11,"ascent":9,"type":"bitmap"},{"file":"spectra_aurelium_skills:stats_toughness.png","chars":[""],"height":11,"ascent":9,"type":"bitmap"},{"file":"spectra_aurelium_skills:stats_wisdom.png","chars":[""],"height":11,"ascent":9,"type":"bitmap"},{"file":"spectra_aurelium_skills:stats_crit_chance.png","chars":[""],"height":11,"ascent":9,"type":"bitmap"},{"file":"spectra_aurelium_skills:stats_crit_damage.png","chars":[""],"height":11,"ascent":9,"type":"bitmap"},{"file":"spectra_aurelium_skills:book_all_squares.png","chars":[""],"height":256,"ascent":48,"type":"bitmap"},{"file":"spectra_aurelium_skills:xp_bar_white.png","chars":[""],"height":7,"ascent":6,"type":"bitmap"},{"file":"cosmetic:custom/menu/menu2.png","chars":[""],"height":255,"ascent":59,"type":"bitmap"},{"file":"cosmetic:custom/menu/trade.png","chars":[""],"height":255,"ascent":98,"type":"bitmap"},{"file":"cosmetic:custom/menu/screen.png","chars":[""],"height":1500,"ascent":70,"type":"bitmap"},{"type":"bitmap","file":"littleroom_hydra:flamethrower/flamet_01.png","height":24,"ascent":12,"chars":["⛿"]},{"type":"bitmap","file":"littleroom_hydra:flamethrower/flamet_02.png","height":24,"ascent":12,"chars":["⛾"]},{"type":"bitmap","file":"littleroom_hydra:flamethrower/flamet_03.png","height":24,"ascent":12,"chars":["⛽"]},{"type":"bitmap","file":"littleroom_hydra:flamethrower/flamet_04.png","height":24,"ascent":12,"chars":["⛼"]},{"type":"bitmap","file":"littleroom_hydra:flamethrower/flamet_05.png","height":24,"ascent":12,"chars":["⛻"]},{"type":"bitmap","file":"littleroom_hydra:flamethrower/flamet_06.png","height":24,"ascent":12,"chars":["⛺"]},{"type":"bitmap","file":"littleroom_hydra:flamethrower/flamet_07.png","height":24,"ascent":12,"chars":["⛹"]},{"type":"bitmap","file":"littleroom_hydra:flamethrower/flamet_08.png","height":24,"ascent":12,"chars":["⛸"]},{"type":"bitmap","file":"littleroom_hydra:flamethrower/flamet_09.png","height":24,"ascent":12,"chars":["🁉"]},{"type":"bitmap","file":"littleroom_hydra:flamethrower/flamet_10.png","height":24,"ascent":12,"chars":["🁊"]}]}