{"credit":"Made with Blockbench","texture_size":[64,64],"textures":{"2":"medieval_rpg:open_sack"},"elements":[{"from":[2,0,2],"to":[14,11,14],"faces":{"north":{"uv":[6.25,0,9.25,2.75],"texture":"#2"},"east":{"uv":[9.25,0,6.25,2.75],"texture":"#2"},"south":{"uv":[6.25,0,9.25,2.75],"texture":"#2"},"west":{"uv":[9.25,0,6.25,2.75],"texture":"#2"},"up":{"uv":[6.25,3,3.25,0],"texture":"#2"},"down":{"uv":[6.25,3,3.25,6],"texture":"#2"}}},{"from":[1.75,9,1.5],"to":[14.25,10.75,14.25],"faces":{"north":{"uv":[9.25,0,12.5,0.5],"texture":"#2"},"east":{"uv":[9.25,0.5,12.5,1],"texture":"#2"},"south":{"uv":[9.25,1,12.5,1.5],"texture":"#2"},"west":{"uv":[9.25,1.5,12.5,2],"texture":"#2"},"up":{"uv":[3.25,3.25,0,0],"texture":"#2"},"down":{"uv":[3.25,3.25,0,6.5],"texture":"#2"}}},{"from":[1.75,5.5,1.75],"to":[14.25,9.25,1.75],"faces":{"north":{"uv":[0,6.5,3.25,7.5],"texture":"#2"},"east":{"uv":[0,0,0,1],"texture":"#2"},"south":{"uv":[0,7.5,3.25,8.5],"texture":"#2"},"west":{"uv":[0,0,0,1],"texture":"#2"},"up":{"uv":[3.25,0,0,0],"texture":"#2"},"down":{"uv":[3.25,0,0,0],"texture":"#2"}}},{"from":[1.75,5.5,14.25],"to":[14.25,9.25,14.25],"rotation":{"angle":0,"axis":"y","origin":[0,0,16]},"faces":{"north":{"uv":[6.25,8.25,9.5,9.25],"texture":"#2"},"east":{"uv":[0,0,0,1],"texture":"#2"},"south":{"uv":[0,8.5,3.25,9.5],"texture":"#2"},"west":{"uv":[0,0,0,1],"texture":"#2"},"up":{"uv":[3.25,0,0,0],"texture":"#2"},"down":{"uv":[3.25,0,0,0],"texture":"#2"}}}],"gui_light":"front","display":{"ground":{"translation":[0,3,0],"scale":[0.25,0.25,0.25]},"fixed":{"rotation":[-90,0,0],"translation":[0,0,-16],"scale":[2,2,2]}},"groups":[{"name":"root","origin":[8,8,8],"color":0,"nbt":"{}","children":[0,1,2,3]}]}