{"credit":"MadewithBlockbench","texture_size":[64,64],"textures":{"0":"elitecreatures:dwaeven_decoration_v1/14_dwarven_runes_wall_art_texture","particle":"elitecreatures:dwaeven_decoration_v1/14_dwarven_runes_wall_art_texture"},"elements":[{"from":[0,0,15],"to":[16,16,16],"faces":{"north":{"uv":[0,0,4,4],"texture":"#0"},"east":{"uv":[5.25,5.5,5,9.5],"texture":"#0"},"south":{"uv":[0,4,4,8],"texture":"#0"},"west":{"uv":[5,5.5,5.25,9.5],"texture":"#0"},"up":{"uv":[9.25,5.75,5.25,5.5],"texture":"#0"},"down":{"uv":[9.25,5.5,5.25,5.75],"texture":"#0"}}},{"from":[0,0,14],"to":[16,4,15],"faces":{"north":{"uv":[9,4.5,13,5.5],"texture":"#0"},"east":{"uv":[8,2.25,8.25,3.25],"texture":"#0"},"south":{"uv":[9,7.5,13,8.5],"texture":"#0"},"west":{"uv":[3.75,8.75,4,9.75],"texture":"#0"},"up":{"uv":[12.75,6.75,8.75,6.5],"texture":"#0"},"down":{"uv":[13,1.5,9,1.75],"texture":"#0"}}},{"from":[0,12,14],"to":[16,16,15],"faces":{"north":{"uv":[8.5,3.5,12.5,4.5],"texture":"#0"},"east":{"uv":[7.75,6.25,8,7.25],"texture":"#0"},"south":{"uv":[8.75,2.25,12.75,3.25],"texture":"#0"},"west":{"uv":[7,7.75,7.25,8.75],"texture":"#0"},"up":{"uv":[9.25,6,5.25,5.75],"texture":"#0"},"down":{"uv":[12.75,6.25,8.75,6.5],"texture":"#0"}}},{"from":[13,4,14],"to":[16,12,15],"faces":{"north":{"uv":[6.25,8.5,7,10.5],"texture":"#0"},"east":{"uv":[5.5,6.25,5.75,8.25],"texture":"#0"},"south":{"uv":[5.25,8.75,6,10.75],"texture":"#0"},"west":{"uv":[4.75,7.5,5,9.5],"texture":"#0"},"up":{"uv":[7.75,3.25,7,3],"texture":"#0"},"down":{"uv":[7.75,3.5,7,3.75],"texture":"#0"}}},{"from":[0,4,14],"to":[3,12,15],"faces":{"north":{"uv":[0,8.5,0.75,10.5],"texture":"#0"},"east":{"uv":[4.75,5.5,5,7.5],"texture":"#0"},"south":{"uv":[1.5,8.5,2.25,10.5],"texture":"#0"},"west":{"uv":[5.25,6.25,5.5,8.25],"texture":"#0"},"up":{"uv":[7,3.25,6.25,3],"texture":"#0"},"down":{"uv":[7,3.5,6.25,3.75],"texture":"#0"}}},{"from":[8.90858,9.61593,13.7],"to":[13.90858,10.61593,14.7],"rotation":{"angle":22.5,"axis":"z","origin":[7.97519,8.04459,14.955]},"faces":{"north":{"uv":[7,7.5,8.25,7.75],"texture":"#0"},"east":{"uv":[4,8.25,4.25,8.5],"texture":"#0"},"south":{"uv":[7.75,5.25,9,5.5],"texture":"#0"},"west":{"uv":[8.25,4,8.5,4.25],"texture":"#0"},"up":{"uv":[7,7.5,8.25,7.75],"texture":"#0"},"down":{"uv":[7,7.5,8.25,7.75],"texture":"#0"}}},{"from":[5.90858,8.61593,13.8],"to":[8.90858,11.61593,15.3],"rotation":{"angle":22.5,"axis":"z","origin":[7.97519,8.04459,14.955]},"faces":{"north":{"uv":[6.25,6.25,7,7],"texture":"#0"},"east":{"uv":[8.375,0,8,0.75],"texture":"#0"},"south":{"uv":[6.25,7,7,7.75],"texture":"#0"},"west":{"uv":[8,0,8.375,0.75],"texture":"#0"},"up":{"uv":[1.25,8.375,0.5,8],"texture":"#0"},"down":{"uv":[8.75,0.75,8,1.125],"texture":"#0"}}},{"from":[5.40858,11.61593,13.3],"to":[9.40858,12.61593,15.3],"rotation":{"angle":22.5,"axis":"z","origin":[7.97519,8.04459,14.955]},"faces":{"north":{"uv":[8,1.5,9,1.75],"texture":"#0"},"east":{"uv":[8.5,8,8,8.25],"texture":"#0"},"south":{"uv":[8,1.75,9,2],"texture":"#0"},"west":{"uv":[8,8,8.5,8.25],"texture":"#0"},"up":{"uv":[8.25,4.25,7.25,3.75],"texture":"#0"},"down":{"uv":[8.25,4.25,7.25,4.75],"texture":"#0"}}},{"from":[5.42441,7.39367,13.3],"to":[9.42441,8.39367,15.3],"rotation":{"angle":22.5,"axis":"z","origin":[7.42441,7.89367,14.7]},"faces":{"north":{"uv":[8,1.5,9,1.75],"rotation":180,"texture":"#0"},"east":{"uv":[8,8,8.5,8.25],"rotation":180,"texture":"#0"},"south":{"uv":[8,1.75,9,2],"rotation":180,"texture":"#0"},"west":{"uv":[8.5,8,8,8.25],"rotation":180,"texture":"#0"},"up":{"uv":[8.25,4.25,7.25,4.75],"rotation":180,"texture":"#0"},"down":{"uv":[8.25,4.25,7.25,3.75],"rotation":180,"texture":"#0"}}},{"from":[4.25,6,14.5],"to":[10.25,7,15.5],"rotation":{"angle":0,"axis":"y","origin":[7.97519,8.04459,14.755]},"faces":{"north":{"uv":[6.25,5.25,7.75,5.5],"texture":"#0"},"east":{"uv":[4.25,8.25,4.5,8.5],"texture":"#0"},"south":{"uv":[7.25,4.75,8.75,5],"texture":"#0"},"west":{"uv":[8.25,4.25,8.5,4.5],"texture":"#0"},"up":{"uv":[8.75,5.25,7.25,5],"texture":"#0"},"down":{"uv":[8.5,7.25,7,7.5],"texture":"#0"}}},{"from":[6.63798,4.99032,14.51],"to":[8.13798,5.99032,15.51],"rotation":{"angle":45,"axis":"z","origin":[7.97519,8.04459,14.755]},"faces":{"north":{"uv":[8.25,2.5,8.625,2.75],"texture":"#0"},"east":{"uv":[6.25,8.25,6.5,8.5],"texture":"#0"},"south":{"uv":[2.75,8.25,3.125,8.5],"texture":"#0"},"west":{"uv":[6.5,8.25,6.75,8.5],"texture":"#0"},"up":{"uv":[8.625,3,8.25,2.75],"texture":"#0"},"down":{"uv":[8.25,2.25,8.625,2.5],"texture":"#0"}}},{"from":[6.78683,3.96474,14.51],"to":[8.28683,4.96474,15.51],"rotation":{"angle":-45,"axis":"z","origin":[7.97519,8.04459,14.755]},"faces":{"north":{"uv":[1.25,8.25,1.625,8.5],"texture":"#0"},"east":{"uv":[4.5,8.25,4.75,8.5],"texture":"#0"},"south":{"uv":[1.75,8.25,2.125,8.5],"texture":"#0"},"west":{"uv":[8.25,4.5,8.5,4.75],"texture":"#0"},"up":{"uv":[2.625,8.5,2.25,8.25],"texture":"#0"},"down":{"uv":[8.625,2.25,8.25,2.5],"texture":"#0"}}},{"from":[5.25,3,14.5],"to":[9.25,6,15.5],"rotation":{"angle":0,"axis":"y","origin":[7.97519,8.04459,14.755]},"faces":{"north":{"uv":[6.25,3.75,7.25,4.5],"texture":"#0"},"east":{"uv":[3.5,8,3.25,8.75],"texture":"#0"},"south":{"uv":[6.25,4.5,7.25,5.25],"texture":"#0"},"west":{"uv":[3.25,8,3.5,8.75],"texture":"#0"},"up":{"uv":[9,2.25,8,2],"texture":"#0"},"down":{"uv":[3.25,8,2.25,8.25],"texture":"#0"}}},{"from":[9.4,12.5,13.7],"to":[12.4,15.5,13.7],"faces":{"north":{"uv":[7,6.25,7.75,7],"texture":"#0"},"east":{"uv":[0,0,0,1],"texture":"#0"},"south":{"uv":[7.75,6.25,7,7.25],"texture":"#0"},"west":{"uv":[0,0,0,1],"texture":"#0"},"up":{"uv":[0.75,0,0,0],"texture":"#0"},"down":{"uv":[0.75,0,0,0],"texture":"#0"}}},{"from":[7.15,12.5,13.9],"to":[10.15,15.5,13.9],"faces":{"north":{"uv":[0.75,8.75,1.5,9.5],"texture":"#0"},"east":{"uv":[0,0,0,1],"texture":"#0"},"south":{"uv":[1.5,8.5,0.75,9.5],"texture":"#0"},"west":{"uv":[0,0,0,1],"texture":"#0"},"up":{"uv":[0.75,0,0,0],"texture":"#0"},"down":{"uv":[0.75,0,0,0],"texture":"#0"}}},{"from":[4.4,12.5,13.7],"to":[7.4,15.5,13.7],"faces":{"north":{"uv":[8.25,8.375,9,9.125],"texture":"#0"},"east":{"uv":[0,0,0,1],"texture":"#0"},"south":{"uv":[9,8.25,8.25,9.25],"texture":"#0"},"west":{"uv":[0,0,0,1],"texture":"#0"},"up":{"uv":[0.75,0,0,0],"texture":"#0"},"down":{"uv":[0.75,0,0,0],"texture":"#0"}}},{"from":[1.15,0.55,13.6],"to":[4.15,3.55,13.6],"faces":{"north":{"uv":[3,8.75,3.75,9.5],"texture":"#0"},"east":{"uv":[0,0,0,0.75],"texture":"#0"},"south":{"uv":[3.75,8.75,3,9.5],"texture":"#0"},"west":{"uv":[0,0,0,0.75],"texture":"#0"},"up":{"uv":[0.75,0,0,0],"texture":"#0"},"down":{"uv":[0.75,0,0,0],"texture":"#0"}}},{"from":[12.4,0.5,13.9],"to":[15.4,3.5,13.9],"faces":{"north":{"uv":[7.5,8.25,8.25,9],"texture":"#0"},"east":{"uv":[0,0,0,0.75],"texture":"#0"},"south":{"uv":[8.25,8.25,7.5,9],"texture":"#0"},"west":{"uv":[0,0,0,0.75],"texture":"#0"},"up":{"uv":[0.75,0,0,0],"texture":"#0"},"down":{"uv":[0.75,0,0,0],"texture":"#0"}}},{"from":[3.95,0.55,13.9],"to":[6.95,3.55,13.9],"faces":{"north":{"uv":[8.75,0.75,9.5,1.5],"texture":"#0"},"east":{"uv":[0,0,0,0.75],"texture":"#0"},"south":{"uv":[9.5,0.75,8.75,1.5],"texture":"#0"},"west":{"uv":[0,0,0,0.75],"texture":"#0"},"up":{"uv":[0.75,0,0,0],"texture":"#0"},"down":{"uv":[0.75,0,0,0],"texture":"#0"}}},{"from":[6.25,0.5,13.6],"to":[9.25,3.5,13.6],"faces":{"north":{"uv":[8.5,6.75,9.25,7.5],"texture":"#0"},"east":{"uv":[0,0,0,0.75],"texture":"#0"},"south":{"uv":[9.25,6.75,8.5,7.5],"texture":"#0"},"west":{"uv":[0,0,0,0.75],"texture":"#0"},"up":{"uv":[0.75,0,0,0],"texture":"#0"},"down":{"uv":[0.75,0,0,0],"texture":"#0"}}},{"from":[7.55,0.5,13.9],"to":[10.55,3.5,13.9],"faces":{"north":{"uv":[4,8.5,4.75,9.25],"texture":"#0"},"east":{"uv":[0,0,0,0.75],"texture":"#0"},"south":{"uv":[4.75,8.5,4,9.25],"texture":"#0"},"west":{"uv":[0,0,0,0.75],"texture":"#0"},"up":{"uv":[0.75,0,0,0],"texture":"#0"},"down":{"uv":[0.75,0,0,0],"texture":"#0"}}},{"from":[8.85,0.5,13.9],"to":[11.85,3.5,13.9],"faces":{"north":{"uv":[2.25,8.5,3,9.25],"texture":"#0"},"east":{"uv":[0,0,0,0.75],"texture":"#0"},"south":{"uv":[3,8.5,2.25,9.25],"texture":"#0"},"west":{"uv":[0,0,0,0.75],"texture":"#0"},"up":{"uv":[0.75,0,0,0],"texture":"#0"},"down":{"uv":[0.75,0,0,0],"texture":"#0"}}},{"from":[10.15,0.5,13.6],"to":[13.15,3.5,13.6],"faces":{"north":{"uv":[8.5,0,9.25,0.75],"texture":"#0"},"east":{"uv":[0,0,0,0.75],"texture":"#0"},"south":{"uv":[9.25,0,8.5,0.75],"texture":"#0"},"west":{"uv":[0,0,0,0.75],"texture":"#0"},"up":{"uv":[0.75,0,0,0],"texture":"#0"},"down":{"uv":[0.75,0,0,0],"texture":"#0"}}}],"gui_light":"front","display":{"thirdperson_righthand":{"rotation":[67.5,0,0],"translation":[0,2,-0.5],"scale":[0.24953,0.24953,0.24953]},"thirdperson_lefthand":{"rotation":[67.5,0,0],"translation":[0,2,-0.5],"scale":[0.24953,0.24953,0.24953]},"firstperson_righthand":{"rotation":[0,180,0],"translation":[6.75,1.25,0],"scale":[0.54695,0.54695,0.54695]},"firstperson_lefthand":{"rotation":[0,180,0],"translation":[6.75,1.25,0],"scale":[0.54695,0.54695,0.54695]},"ground":{"translation":[0,6,-3.25],"scale":[0.5,0.5,0.5]},"gui":{"rotation":[30,135,0],"translation":[-3.75,-1.75,0],"scale":[0.72367,0.72367,0.72367]},"head":{"rotation":[0,180,0],"translation":[0,-30.4,0],"scale":[1.6,1.6,1.6]},"fixed":{"translation":[0,0,-16],"scale":[2,2,2]}}}