{"credit":"MadewithBlockbench","texture_size":[64,64],"textures":{"1":"viking_furniture_v2:statue_2"},"elements":[{"from":[3,0,3],"to":[13,2,13],"rotation":{"angle":0,"axis":"y","origin":[12,0.5,5]},"faces":{"north":{"uv":[4,6.25,6.5,6.75],"texture":"#1"},"east":{"uv":[6.5,2.5,9,3],"texture":"#1"},"south":{"uv":[6.5,3,9,3.5],"texture":"#1"},"west":{"uv":[6.5,3.5,9,4],"texture":"#1"},"up":{"uv":[2.5,2.5,0,0],"texture":"#1"},"down":{"uv":[2.5,2.5,0,5],"texture":"#1"}}},{"from":[5,10,12.5],"to":[15,20,12.5],"rotation":{"angle":0,"axis":"y","origin":[12,0.5,5]},"faces":{"north":{"uv":[2.5,0,5,2.5],"texture":"#1"},"east":{"uv":[0,0,0,2.5],"texture":"#1"},"south":{"uv":[5,0,2.5,2.5],"texture":"#1"},"west":{"uv":[0,0,0,2.5],"texture":"#1"},"up":{"uv":[2.5,0,0,0],"texture":"#1"},"down":{"uv":[2.5,0,0,0],"texture":"#1"}}},{"from":[0,8,12.75],"to":[10,18,12.75],"rotation":{"angle":0,"axis":"y","origin":[36,0.5,5]},"faces":{"north":{"uv":[0,5,2.5,7.5],"texture":"#1"},"east":{"uv":[0,0,0,2.5],"texture":"#1"},"south":{"uv":[2.5,5,0,7.5],"texture":"#1"},"west":{"uv":[0,0,0,2.5],"texture":"#1"},"up":{"uv":[2.5,0,0,0],"texture":"#1"},"down":{"uv":[2.5,0,0,0],"texture":"#1"}}},{"from":[5,2,7],"to":[11,7,12],"rotation":{"angle":0,"axis":"y","origin":[0,0,-4]},"faces":{"north":{"uv":[2.5,5,4,6.25],"texture":"#1"},"east":{"uv":[4,5,5.25,6.25],"texture":"#1"},"south":{"uv":[5,2.5,6.5,3.75],"texture":"#1"},"west":{"uv":[5.25,5,6.5,6.25],"texture":"#1"},"up":{"uv":[6.5,5,5,3.75],"texture":"#1"}}},{"from":[6,12.5,8],"to":[10,14.5,12],"rotation":{"angle":0,"axis":"y","origin":[12,0,5]},"faces":{"north":{"uv":[7.5,2,8.5,2.5],"texture":"#1"},"east":{"uv":[7.5,4,8.5,4.5],"texture":"#1"},"south":{"uv":[7.5,4.5,8.5,5],"texture":"#1"},"west":{"uv":[5,7.5,6,8],"texture":"#1"},"up":{"uv":[7.5,5,6.5,4],"texture":"#1"},"down":{"uv":[7.5,5,6.5,6],"texture":"#1"}}},{"from":[7.5,11,8],"to":[8.5,12.5,8.5],"rotation":{"angle":0,"axis":"y","origin":[12,0,5]},"faces":{"north":{"uv":[4,8.75,4.25,9.125],"texture":"#1"},"east":{"uv":[8.5,8.75,8.625,9.125],"texture":"#1"},"south":{"uv":[4.25,8.75,4.5,9.125],"texture":"#1"},"west":{"uv":[8.75,8.5,8.875,8.875],"texture":"#1"},"up":{"uv":[9.25,0.125,9,0],"texture":"#1"},"down":{"uv":[9.25,0.25,9,0.375],"texture":"#1"}}},{"from":[7,13.5,8.5],"to":[9,15.5,11.5],"rotation":{"angle":45,"axis":"z","origin":[8,14.5,10]},"faces":{"north":{"uv":[8.25,8.25,8.75,8.75],"texture":"#1"},"east":{"uv":[8,6.75,8.75,7.25],"texture":"#1"},"south":{"uv":[8.5,0,9,0.5],"texture":"#1"},"west":{"uv":[7,8,7.75,8.5],"texture":"#1"},"up":{"uv":[8.5,8,8,7.25],"texture":"#1"},"down":{"uv":[8.25,8,7.75,8.75],"texture":"#1"}}},{"from":[6.5,10,8.5],"to":[9.5,12.5,12],"rotation":{"angle":0,"axis":"y","origin":[12,0,5]},"faces":{"north":{"uv":[8,0.75,8.75,1.375],"texture":"#1"},"east":{"uv":[1.5,7.5,2.375,8.125],"texture":"#1"},"south":{"uv":[5,8,5.75,8.625],"texture":"#1"},"west":{"uv":[4,7.5,4.875,8.125],"texture":"#1"},"up":{"uv":[7.25,7.875,6.5,7],"texture":"#1"},"down":{"uv":[3.25,7.25,2.5,8.125],"texture":"#1"}}},{"from":[5,7,8.5],"to":[11,9,12],"rotation":{"angle":0,"axis":"y","origin":[0,0,-4]},"faces":{"north":{"uv":[6.5,6,8,6.5],"texture":"#1"},"east":{"uv":[8,1.5,8.875,2],"texture":"#1"},"south":{"uv":[6.5,6.5,8,7],"texture":"#1"},"west":{"uv":[8,5,8.875,5.5],"texture":"#1"},"up":{"uv":[4,7.125,2.5,6.25],"texture":"#1"}}},{"from":[9.5,11.5,9],"to":[10,12.5,12],"rotation":{"angle":0,"axis":"y","origin":[12,0,5]},"faces":{"north":{"uv":[9,0.75,9.125,1],"texture":"#1"},"east":{"uv":[8.5,4,9.25,4.25],"texture":"#1"},"south":{"uv":[9,1,9.125,1.25],"texture":"#1"},"west":{"uv":[8.5,4.25,9.25,4.5],"texture":"#1"},"down":{"uv":[4.625,8.75,4.5,9.5],"texture":"#1"}}},{"from":[6,11.5,9],"to":[6.5,12.5,12],"rotation":{"angle":0,"axis":"y","origin":[4,0,5]},"faces":{"north":{"uv":[1.5,9,1.625,9.25],"texture":"#1"},"east":{"uv":[8.5,4.5,9.25,4.75],"texture":"#1"},"south":{"uv":[9,1.5,9.125,1.75],"texture":"#1"},"west":{"uv":[8.5,4.75,9.25,5],"texture":"#1"},"down":{"uv":[4.875,8.75,4.75,9.5],"texture":"#1"}}},{"from":[7.75,8.5,8],"to":[9.75,11,12.5],"rotation":{"angle":22.5,"axis":"z","origin":[8.5,10.5,10.25]},"faces":{"north":{"uv":[1.5,8.25,2,8.875],"texture":"#1"},"east":{"uv":[4,6.75,5.125,7.375],"texture":"#1"},"south":{"uv":[2,8.25,2.5,8.875],"texture":"#1"},"west":{"uv":[5.25,6.75,6.375,7.375],"texture":"#1"},"up":{"uv":[8,1.875,7.5,0.75],"texture":"#1"},"down":{"uv":[1.5,7.5,1,8.625],"texture":"#1"}}},{"from":[6.25,8.5,8.25],"to":[8.25,11,12.25],"rotation":{"angle":-22.5,"axis":"z","origin":[7.5,10.5,10.25]},"faces":{"north":{"uv":[2.5,8.25,3,8.875],"texture":"#1"},"east":{"uv":[0,7.5,1,8.125],"texture":"#1"},"south":{"uv":[3,8.25,3.5,8.875],"texture":"#1"},"west":{"uv":[7.5,0,8.5,0.625],"texture":"#1"},"up":{"uv":[8,6,7.5,5],"texture":"#1"},"down":{"uv":[6.5,7.5,6,8.5],"texture":"#1"}}},{"from":[7.75,7.5,8],"to":[9.25,8.5,12.5],"rotation":{"angle":22.5,"axis":"z","origin":[8.5,10.5,10.25]},"faces":{"north":{"uv":[5,8.75,5.375,9],"texture":"#1"},"east":{"uv":[3.5,8.25,4.625,8.5],"texture":"#1"},"south":{"uv":[5.5,8.75,5.875,9],"texture":"#1"},"west":{"uv":[8.25,8,9.375,8.25],"texture":"#1"},"up":{"uv":[8.375,6.625,8,5.5],"texture":"#1"},"down":{"uv":[6.875,8,6.5,9.125],"texture":"#1"}}},{"from":[6.5,9,8.5],"to":[9.5,10,12],"rotation":{"angle":0,"axis":"y","origin":[12,0,5]},"faces":{"north":{"uv":[8.5,5.5,9.25,5.75],"texture":"#1"},"east":{"uv":[8.5,2.25,9.375,2.5],"texture":"#1"},"south":{"uv":[5.75,8.5,6.5,8.75],"texture":"#1"},"west":{"uv":[3.5,8.5,4.375,8.75],"texture":"#1"},"up":{"uv":[4,8.125,3.25,7.25],"texture":"#1"},"down":{"uv":[8,7,7.25,7.875],"texture":"#1"}}},{"from":[8,12,9.5],"to":[10,13,10.5],"rotation":{"angle":45,"axis":"z","origin":[8,14.5,10]},"faces":{"north":{"uv":[4.5,8.5,5,8.75],"texture":"#1"},"east":{"uv":[4.75,8.25,5,8.5],"texture":"#1"},"south":{"uv":[8.5,5.75,9,6],"texture":"#1"},"west":{"uv":[8.75,7,9,7.25],"texture":"#1"},"up":{"uv":[9,6.25,8.5,6],"texture":"#1"},"down":{"uv":[9,6.25,8.5,6.5],"texture":"#1"}}},{"from":[10.20745,14.15242,9.525],"to":[11.15745,16.15242,10.475],"rotation":{"angle":-22.5,"axis":"z","origin":[11.175,14.15,10]},"faces":{"north":{"uv":[5.75,8,6,8.5],"texture":"#1"},"east":{"uv":[7,8.5,7.25,9],"texture":"#1"},"south":{"uv":[7.25,8.5,7.5,9],"texture":"#1"},"west":{"uv":[8.5,7.25,8.75,7.75],"texture":"#1"},"up":{"uv":[9,7.5,8.75,7.25],"texture":"#1"},"down":{"uv":[9,7.5,8.75,7.75],"texture":"#1"}}},{"from":[4.84255,14.15242,9.525],"to":[5.79255,16.15242,10.475],"rotation":{"angle":22.5,"axis":"z","origin":[4.825,14.15,10]},"faces":{"north":{"uv":[7.5,8.5,7.75,9],"texture":"#1"},"east":{"uv":[8.75,0.75,9,1.25],"texture":"#1"},"south":{"uv":[1,8.75,1.25,9.25],"texture":"#1"},"west":{"uv":[1.25,8.75,1.5,9.25],"texture":"#1"},"up":{"uv":[8,9,7.75,8.75],"texture":"#1"},"down":{"uv":[8.25,8.75,8,9],"texture":"#1"}}},{"from":[6,12,9.5],"to":[8,13,10.5],"rotation":{"angle":-45,"axis":"z","origin":[8,14.5,10]},"faces":{"north":{"uv":[8.5,6.5,9,6.75],"texture":"#1"},"east":{"uv":[8.25,8.75,8.5,9],"texture":"#1"},"south":{"uv":[8.5,7.75,9,8],"texture":"#1"},"west":{"uv":[8.75,8.25,9,8.5],"texture":"#1"},"up":{"uv":[9.25,1.5,8.75,1.25],"texture":"#1"},"down":{"uv":[4,8.75,3.5,9],"texture":"#1"}}},{"from":[6.75,7.5,8.25],"to":[8.25,8.5,12.25],"rotation":{"angle":-22.5,"axis":"z","origin":[7.5,10.5,10.25]},"faces":{"north":{"uv":[6,8.75,6.375,9],"texture":"#1"},"east":{"uv":[8.5,0.5,9.5,0.75],"texture":"#1"},"south":{"uv":[8.75,6.75,9.125,7],"texture":"#1"},"west":{"uv":[8.5,2,9.5,2.25],"texture":"#1"},"up":{"uv":[0.375,9.25,0,8.25],"texture":"#1"},"down":{"uv":[0.875,8.25,0.5,9.25],"texture":"#1"}}}],"gui_light":"front","display":{"thirdperson_righthand":{"rotation":[67.5,0,0],"translation":[0,2,1.75],"scale":[0.35,0.35,0.35]},"thirdperson_lefthand":{"rotation":[67.5,0,0],"translation":[0,2,1.75],"scale":[0.35,0.35,0.35]},"firstperson_righthand":{"translation":[1.25,4,0],"scale":[0.45,0.45,0.45]},"firstperson_lefthand":{"translation":[1.25,4,0],"scale":[0.45,0.45,0.45]},"ground":{"translation":[0,6,0],"scale":[0.65,0.65,0.65]},"gui":{"rotation":[30,-135,0],"translation":[0,-0.5,0],"scale":[0.6543,0.6543,0.6543]},"head":{"rotation":[0,180,0],"translation":[0,-30.4,0],"scale":[1.6,1.6,1.6]},"fixed":{"rotation":[-90,0,0],"translation":[0,0,-16],"scale":[2,2,2]}}}