{"credit":"Made with Blockbench","textures":{"1":"medieval_rpg:open_sack","3":"medieval_rpg:apple","particle":"medieval_rpg:open_sack"},"elements":[{"from":[2,0,2],"to":[14,11,14],"faces":{"north":{"uv":[6.25,0,9.25,2.75],"texture":"#1"},"east":{"uv":[9.25,0,6.25,2.75],"texture":"#1"},"south":{"uv":[6.25,0,9.25,2.75],"texture":"#1"},"west":{"uv":[9.25,0,6.25,2.75],"texture":"#1"},"up":{"uv":[6.25,3,3.25,0],"texture":"#1"},"down":{"uv":[6.25,3,3.25,6],"texture":"#1"}}},{"from":[1.75,9,1.5],"to":[14.25,10.75,14.25],"faces":{"north":{"uv":[9.25,0,12.5,0.5],"texture":"#1"},"east":{"uv":[9.25,0.5,12.5,1],"texture":"#1"},"south":{"uv":[9.25,1,12.5,1.5],"texture":"#1"},"west":{"uv":[9.25,1.5,12.5,2],"texture":"#1"},"up":{"uv":[3.25,3.25,0,0],"texture":"#1"},"down":{"uv":[3.25,3.25,0,6.5],"texture":"#1"}}},{"from":[1.75,5.5,1.75],"to":[14.25,9.25,1.75],"faces":{"north":{"uv":[0,6.5,3.25,7.5],"texture":"#1"},"east":{"uv":[0,0,0,1],"texture":"#1"},"south":{"uv":[0,7.5,3.25,8.5],"texture":"#1"},"west":{"uv":[0,0,0,1],"texture":"#1"},"up":{"uv":[3.25,0,0,0],"texture":"#1"},"down":{"uv":[3.25,0,0,0],"texture":"#1"}}},{"from":[1.75,5.5,14.25],"to":[14.25,9.25,14.25],"rotation":{"angle":0,"axis":"y","origin":[0,0,16]},"faces":{"north":{"uv":[6.25,8.25,9.5,9.25],"texture":"#1"},"east":{"uv":[0,0,0,1],"texture":"#1"},"south":{"uv":[0,8.5,3.25,9.5],"texture":"#1"},"west":{"uv":[0,0,0,1],"texture":"#1"},"up":{"uv":[3.25,0,0,0],"texture":"#1"},"down":{"uv":[3.25,0,0,0],"texture":"#1"}}},{"from":[4,10,4],"to":[8,14,8],"rotation":{"angle":-22.5,"axis":"x","origin":[6,12.75,6]},"faces":{"north":{"uv":[0,6,4,10],"texture":"#3"},"east":{"uv":[4,6,0,10],"texture":"#3"},"south":{"uv":[0,6,4,10],"texture":"#3"},"west":{"uv":[4,6,0,10],"texture":"#3"},"up":{"uv":[12,12,8,8],"texture":"#3"},"down":{"uv":[4,10,0,14],"texture":"#3"}}},{"from":[3,14,6],"to":[9,17,6],"rotation":{"angle":-22.5,"axis":"x","origin":[6,12.75,6]},"faces":{"north":{"uv":[0,0,6,3],"texture":"#3"},"east":{"uv":[0,0,0,3],"texture":"#3"},"south":{"uv":[6,0,0,3],"texture":"#3"},"west":{"uv":[0,0,0,3],"texture":"#3"},"up":{"uv":[6,0,0,0],"texture":"#3"},"down":{"uv":[6,0,0,0],"texture":"#3"}}},{"from":[9,10,4],"to":[13,14,8],"rotation":{"angle":-22.5,"axis":"z","origin":[11,13.75,6]},"faces":{"north":{"uv":[0,6,4,10],"texture":"#3"},"east":{"uv":[4,6,0,10],"texture":"#3"},"south":{"uv":[0,6,4,10],"texture":"#3"},"west":{"uv":[4,6,0,10],"texture":"#3"},"up":{"uv":[12,12,8,8],"texture":"#3"},"down":{"uv":[4,10,0,14],"texture":"#3"}}},{"from":[8,14,6],"to":[14,17,6],"rotation":{"angle":-22.5,"axis":"z","origin":[11,13.75,6]},"faces":{"north":{"uv":[0,0,6,3],"texture":"#3"},"east":{"uv":[0,0,0,3],"texture":"#3"},"south":{"uv":[6,0,0,3],"texture":"#3"},"west":{"uv":[0,0,0,3],"texture":"#3"},"up":{"uv":[6,0,0,0],"texture":"#3"},"down":{"uv":[6,0,0,0],"texture":"#3"}}},{"from":[8,10,8],"to":[12,14,12],"rotation":{"angle":0,"axis":"x","origin":[9,13.75,10]},"faces":{"north":{"uv":[0,6,4,10],"texture":"#3"},"east":{"uv":[4,6,0,10],"texture":"#3"},"south":{"uv":[0,6,4,10],"texture":"#3"},"west":{"uv":[4,6,0,10],"texture":"#3"},"up":{"uv":[12,12,8,8],"texture":"#3"},"down":{"uv":[4,10,0,14],"texture":"#3"}}},{"from":[7,14,10],"to":[13,17,10],"rotation":{"angle":0,"axis":"x","origin":[9,13.75,10]},"faces":{"north":{"uv":[0,0,6,3],"texture":"#3"},"east":{"uv":[0,0,0,3],"texture":"#3"},"south":{"uv":[6,0,0,3],"texture":"#3"},"west":{"uv":[0,0,0,3],"texture":"#3"},"up":{"uv":[6,0,0,0],"texture":"#3"},"down":{"uv":[6,0,0,0],"texture":"#3"}}},{"from":[4,11,9],"to":[8,15,13],"rotation":{"angle":22.5,"axis":"x","origin":[9,13.75,10]},"faces":{"north":{"uv":[0,6,4,10],"texture":"#3"},"east":{"uv":[4,6,0,10],"texture":"#3"},"south":{"uv":[0,6,4,10],"texture":"#3"},"west":{"uv":[4,6,0,10],"texture":"#3"},"up":{"uv":[12,12,8,8],"texture":"#3"},"down":{"uv":[4,10,0,14],"texture":"#3"}}},{"from":[3,15,11],"to":[9,18,11],"rotation":{"angle":22.5,"axis":"x","origin":[9,13.75,10]},"faces":{"north":{"uv":[0,0,6,3],"texture":"#3"},"east":{"uv":[0,0,0,3],"texture":"#3"},"south":{"uv":[6,0,0,3],"texture":"#3"},"west":{"uv":[0,0,0,3],"texture":"#3"},"up":{"uv":[6,0,0,0],"texture":"#3"},"down":{"uv":[6,0,0,0],"texture":"#3"}}}],"gui_light":"front","display":{"ground":{"translation":[0,3,0],"scale":[0.25,0.25,0.25]},"fixed":{"rotation":[-90,0,0],"translation":[0,0,-16],"scale":[2,2,2]}},"groups":[{"name":"root","origin":[8,8,8],"color":0,"nbt":"{}","children":[0,1,2,3,{"name":"apples","origin":[8,8,8],"color":0,"nbt":"{}","children":[{"name":"apple","origin":[0,0,0],"color":0,"nbt":"{}","children":[4,5]},{"name":"apple","origin":[0,0,0],"color":0,"nbt":"{}","children":[6,7]},{"name":"apple","origin":[0,0,0],"color":0,"nbt":"{}","children":[8,9]},{"name":"apple","origin":[0,0,0],"color":0,"nbt":"{}","children":[10,11]}]}]}]}