{"credit":"MadewithBlockbench","texture_size":[64,64],"textures":{"1":"elitecreatures:medieval_tavern_furniture_v1/01_table_texture"},"elements":[{"from":[0,12,0],"to":[16,16,16],"faces":{"north":{"uv":[8.25,0,12.25,1],"texture":"#1"},"east":{"uv":[8.25,1,12.25,2],"texture":"#1"},"south":{"uv":[12.25,0,8.25,1],"texture":"#1"},"west":{"uv":[8.25,1,12.25,2],"texture":"#1"},"up":{"uv":[8.25,4,4.25,0],"texture":"#1"},"down":{"uv":[8.25,4,4.25,8],"texture":"#1"}}},{"from":[-0.5,13,-0.5],"to":[16.5,15,16.5],"faces":{"north":{"uv":[10.25,9,14.5,9.5],"texture":"#1"},"east":{"uv":[10.25,9,14.5,9.5],"texture":"#1"},"south":{"uv":[10.25,9,14.5,9.5],"texture":"#1"},"west":{"uv":[10.25,9,14.5,9.5],"texture":"#1"},"up":{"uv":[4.25,4.25,0,0],"texture":"#1"},"down":{"uv":[4.25,4.25,0,8.5],"texture":"#1"}}},{"from":[2,0,2],"to":[14,2,14],"faces":{"north":{"uv":[10.25,10,13.25,10.5],"texture":"#1"},"east":{"uv":[10.25,10,13.25,10.5],"texture":"#1"},"south":{"uv":[10.25,10,13.25,10.5],"texture":"#1"},"west":{"uv":[10.25,10,13.25,10.5],"texture":"#1"},"up":{"uv":[7.25,11,4.25,8],"texture":"#1"},"down":{"uv":[10.25,8,7.25,11],"texture":"#1"}}},{"from":[5,2,5],"to":[11,12,11],"rotation":{"angle":0,"axis":"y","origin":[8,7,8]},"faces":{"north":{"uv":[0,8.5,1.5,11],"rotation":180,"texture":"#1"},"east":{"uv":[0,8.5,1.5,11],"rotation":180,"texture":"#1"},"south":{"uv":[0,8.5,1.5,11],"rotation":180,"texture":"#1"},"west":{"uv":[0,8.5,1.5,11],"rotation":180,"texture":"#1"},"up":{"uv":[11.25,6.5,9.75,8],"texture":"#1"},"down":{"uv":[9.75,8,8.25,6.5],"texture":"#1"}}}],"gui_light":"front","display":{"thirdperson_righthand":{"rotation":[67.5,0,0],"translation":[0,0.75,-0.25],"scale":[0.24898,0.24898,0.24898]},"thirdperson_lefthand":{"rotation":[67.5,0,0],"translation":[0,0.75,-0.25],"scale":[0.24898,0.24898,0.24898]},"firstperson_righthand":{"translation":[2.5,3.25,0],"scale":[0.29586,0.29586,0.29586]},"firstperson_lefthand":{"translation":[2.5,3.25,0],"scale":[0.29586,0.29586,0.29586]},"ground":{"translation":[0,6,0],"scale":[0.45,0.45,0.45]},"gui":{"rotation":[30,135,0],"translation":[0,-0.5,0],"scale":[0.60797,0.60797,0.60797]},"head":{"rotation":[0,180,0],"translation":[0,-30.4,0],"scale":[1.6,1.6,1.6]},"fixed":{"rotation":[-90,0,0],"translation":[0,0,-16],"scale":[2,2,2]}}}