{"credit":"MadewithBlockbench","texture_size":[64,64],"textures":{"0":"elitecreatures:chinese_furniture_v2/13_weapon_texture","particle":"elitecreatures:chinese_furniture_v2/13_weapon_texture"},"elements":[{"from":[24.91016,-4.30305,5.5],"to":[26.31016,-2.90305,6.48],"rotation":{"angle":45,"axis":"z","origin":[15,7,5.99497]},"faces":{"north":{"uv":[0.25,6.75,0.625,7.125],"texture":"#0"},"east":{"uv":[0.5,7.25,0.75,7.625],"texture":"#0"},"south":{"uv":[5.25,7,5.625,7.375],"texture":"#0"},"west":{"uv":[0.75,7.25,1,7.625],"texture":"#0"},"up":{"uv":[3.875,3,3.5,2.75],"texture":"#0"},"down":{"uv":[3.375,6.75,3,7],"texture":"#0"}}},{"from":[-16,5.99497,4.99497],"to":[16,7.99497,6.99497],"rotation":{"angle":0,"axis":"y","origin":[15,7,5.99497]},"faces":{"north":{"uv":[0,1.5,8,1],"texture":"#0"},"east":{"uv":[6,3.75,6.5,4.25],"texture":"#0"},"south":{"uv":[8,1,0,1.5],"texture":"#0"},"west":{"uv":[6,3.75,6.5,4.25],"texture":"#0"},"up":{"uv":[8,1.5,0,1],"texture":"#0"},"down":{"uv":[8,1.5,0,1],"texture":"#0"}}},{"from":[6,5.74497,4.74497],"to":[14,8.24497,7.24497],"rotation":{"angle":0,"axis":"y","origin":[15,7,5.99497]},"faces":{"north":{"uv":[2,4.375,4,3.75],"texture":"#0"},"east":{"uv":[5,5.5,5.625,6.125],"texture":"#0"},"south":{"uv":[4,4.375,2,3.75],"texture":"#0"},"west":{"uv":[5,5.5,5.625,6.125],"texture":"#0"},"up":{"uv":[4,4.375,2,3.75],"texture":"#0"},"down":{"uv":[4,4.375,2,3.75],"texture":"#0"}}},{"from":[16,5.99497,5.49497],"to":[30,7.99497,6.49497],"rotation":{"angle":0,"axis":"y","origin":[15,7,5.99497]},"faces":{"north":{"uv":[0,2,3.5,2.5],"texture":"#0"},"east":{"uv":[3.75,7,4,7.5],"texture":"#0"},"south":{"uv":[3.5,2,0,2.5],"texture":"#0"},"west":{"uv":[5.75,7,6,7.5],"texture":"#0"},"up":{"uv":[7.5,4.75,4,4.5],"texture":"#0"},"down":{"uv":[7.5,4.75,4,5],"texture":"#0"}}},{"from":[18,7.99497,5.74497],"to":[18.5,8.99497,6.24497],"rotation":{"angle":0,"axis":"y","origin":[16,7,5.99497]},"faces":{"north":{"uv":[1,7.5,1.125,7.75],"texture":"#0"},"east":{"uv":[1.25,7.5,1.375,7.75],"texture":"#0"},"south":{"uv":[1.5,7.5,1.625,7.75],"texture":"#0"},"west":{"uv":[1.75,7.5,1.875,7.75],"texture":"#0"},"up":{"uv":[7.625,6.125,7.5,6],"texture":"#0"},"down":{"uv":[6.375,7.5,6.25,7.625],"texture":"#0"}}},{"from":[21,7.99497,5.74497],"to":[21.5,8.99497,6.24497],"rotation":{"angle":0,"axis":"y","origin":[16,7,5.99497]},"faces":{"north":{"uv":[2,7.5,2.125,7.75],"texture":"#0"},"east":{"uv":[2.25,7.5,2.375,7.75],"texture":"#0"},"south":{"uv":[2.5,7.5,2.625,7.75],"texture":"#0"},"west":{"uv":[2.75,7.5,2.875,7.75],"texture":"#0"},"up":{"uv":[7.625,6.375,7.5,6.25],"texture":"#0"},"down":{"uv":[6.625,7.5,6.5,7.625],"texture":"#0"}}},{"from":[17,8.99497,5.74497],"to":[22.5,9.99497,6.24497],"rotation":{"angle":0,"axis":"y","origin":[16,7,5.99497]},"faces":{"north":{"uv":[5.75,5.5,7.125,5.75],"texture":"#0"},"east":{"uv":[7.5,4,7.625,4.25],"texture":"#0"},"south":{"uv":[7.125,5.5,5.75,5.75],"texture":"#0"},"west":{"uv":[4.25,7.5,4.375,7.75],"texture":"#0"},"up":{"uv":[7.875,5.375,6.5,5.25],"texture":"#0"},"down":{"uv":[8.125,2.25,6.75,2.375],"texture":"#0"}}},{"from":[14.90067,10.00929,5.75],"to":[17.40067,11.00929,6.23],"rotation":{"angle":-22.5,"axis":"z","origin":[14.65067,10.50929,5.99497]},"faces":{"north":{"uv":[1.75,6.75,2.375,7],"texture":"#0"},"east":{"uv":[4.5,7.5,4.625,7.75],"texture":"#0"},"south":{"uv":[2.375,6.75,1.75,7],"texture":"#0"},"west":{"uv":[7.5,4.5,7.625,4.75],"texture":"#0"},"up":{"uv":[7.625,4.375,7,4.25],"texture":"#0"},"down":{"uv":[1.625,7.25,1,7.375],"texture":"#0"}}},{"from":[22.40381,8.47856,5.75],"to":[24.90381,9.47856,6.23],"rotation":{"angle":22.5,"axis":"z","origin":[21.15381,8.97856,5.99497]},"faces":{"north":{"uv":[6.75,4,7.375,4.25],"texture":"#0"},"east":{"uv":[4.75,7.5,4.875,7.75],"texture":"#0"},"south":{"uv":[7.375,4,6.75,4.25],"texture":"#0"},"west":{"uv":[7.5,4.75,7.625,5],"texture":"#0"},"up":{"uv":[2.375,7.375,1.75,7.25],"texture":"#0"},"down":{"uv":[7.875,2,7.25,2.125],"texture":"#0"}}},{"from":[17,4.00503,5.74497],"to":[22.5,5.00503,6.24497],"rotation":{"angle":0,"axis":"y","origin":[16,7,5.99497]},"faces":{"north":{"uv":[5.75,5.75,7.125,5.5],"texture":"#0"},"east":{"uv":[7.5,4.25,7.625,4],"texture":"#0"},"south":{"uv":[7.125,5.75,5.75,5.5],"texture":"#0"},"west":{"uv":[4.25,7.75,4.375,7.5],"texture":"#0"},"up":{"uv":[8.125,2.375,6.75,2.25],"texture":"#0"},"down":{"uv":[7.875,5.25,6.5,5.375],"texture":"#0"}}},{"from":[14.90067,2.99071,5.75],"to":[17.40067,3.99071,6.23],"rotation":{"angle":22.5,"axis":"z","origin":[14.65067,3.49071,5.99497]},"faces":{"north":{"uv":[1.75,7,2.375,6.75],"texture":"#0"},"east":{"uv":[4.5,7.75,4.625,7.5],"texture":"#0"},"south":{"uv":[2.375,7,1.75,6.75],"texture":"#0"},"west":{"uv":[7.5,4.75,7.625,4.5],"texture":"#0"},"up":{"uv":[1.625,7.375,1,7.25],"texture":"#0"},"down":{"uv":[7.625,4.25,7,4.375],"texture":"#0"}}},{"from":[22.40381,4.52144,5.75],"to":[24.90381,5.52144,6.23],"rotation":{"angle":-22.5,"axis":"z","origin":[21.15381,5.02144,5.99497]},"faces":{"north":{"uv":[6.75,4.25,7.375,4],"texture":"#0"},"east":{"uv":[4.75,7.75,4.875,7.5],"texture":"#0"},"south":{"uv":[7.375,4.25,6.75,4],"texture":"#0"},"west":{"uv":[7.5,5,7.625,4.75],"texture":"#0"},"up":{"uv":[7.875,2.125,7.25,2],"texture":"#0"},"down":{"uv":[2.375,7.25,1.75,7.375],"texture":"#0"}}},{"from":[21,4.99497,5.74497],"to":[21.5,5.99497,6.24497],"rotation":{"angle":0,"axis":"y","origin":[16,7,5.99497]},"faces":{"north":{"uv":[3.5,7.5,3.625,7.75],"texture":"#0"},"east":{"uv":[3.75,7.5,3.875,7.75],"texture":"#0"},"south":{"uv":[7.5,3.75,7.625,4],"texture":"#0"},"west":{"uv":[4,7.5,4.125,7.75],"texture":"#0"},"up":{"uv":[7.625,6.875,7.5,6.75],"texture":"#0"},"down":{"uv":[7.125,7.5,7,7.625],"texture":"#0"}}},{"from":[18,4.99497,5.74497],"to":[18.5,5.99497,6.24497],"rotation":{"angle":0,"axis":"y","origin":[16,7,5.99497]},"faces":{"north":{"uv":[7.5,2.75,7.625,3],"texture":"#0"},"east":{"uv":[3,7.5,3.125,7.75],"texture":"#0"},"south":{"uv":[7.5,3,7.625,3.25],"texture":"#0"},"west":{"uv":[3.25,7.5,3.375,7.75],"texture":"#0"},"up":{"uv":[7.625,6.625,7.5,6.5],"texture":"#0"},"down":{"uv":[6.875,7.5,6.75,7.625],"texture":"#0"}}},{"from":[-16,15.99497,4.99497],"to":[16,17.99497,6.99497],"rotation":{"angle":0,"axis":"y","origin":[15,17,5.99497]},"faces":{"north":{"uv":[0,1.5,8,1],"texture":"#0"},"east":{"uv":[6,3.75,6.5,4.25],"texture":"#0"},"south":{"uv":[8,1,0,1.5],"texture":"#0"},"west":{"uv":[6,3.75,6.5,4.25],"texture":"#0"},"up":{"uv":[8,1.5,0,1],"texture":"#0"},"down":{"uv":[8,1.5,0,1],"texture":"#0"}}},{"from":[6,15.74497,4.74497],"to":[14,18.24497,7.24497],"rotation":{"angle":0,"axis":"y","origin":[15,17,5.99497]},"faces":{"north":{"uv":[2,4.375,4,3.75],"texture":"#0"},"east":{"uv":[5,5.5,5.625,6.125],"texture":"#0"},"south":{"uv":[4,4.375,2,3.75],"texture":"#0"},"west":{"uv":[5,5.5,5.625,6.125],"texture":"#0"},"up":{"uv":[4,4.375,2,3.75],"texture":"#0"},"down":{"uv":[4,4.375,2,3.75],"texture":"#0"}}},{"from":[16,15.99497,5.49497],"to":[25,17.99497,6.49497],"rotation":{"angle":0,"axis":"y","origin":[15,17,5.99497]},"faces":{"north":{"uv":[7.25,2.75,5,3.25],"texture":"#0"},"east":{"uv":[3.25,6,3.5,6.5],"texture":"#0"},"south":{"uv":[5,2.75,7.25,3.25],"texture":"#0"},"west":{"uv":[3.5,6,3.75,6.5],"texture":"#0"},"up":{"uv":[6.25,4.5,4,4.25],"texture":"#0"},"down":{"uv":[7,0.75,4.75,1],"texture":"#0"}}},{"from":[24.69151,15.53579,5.5],"to":[29.69151,17.53579,6.48],"rotation":{"angle":22.5,"axis":"z","origin":[23.69151,16.54081,5.99497]},"faces":{"north":{"uv":[6.5,2.25,5.25,2.75],"texture":"#0"},"east":{"uv":[2.25,5.5,2.5,6],"texture":"#0"},"south":{"uv":[5.25,2.25,6.5,2.75],"texture":"#0"},"west":{"uv":[3,6,3.25,6.5],"texture":"#0"},"up":{"uv":[1.25,6.25,0,6],"texture":"#0"},"down":{"uv":[2.5,6,1.25,6.25],"texture":"#0"}}},{"from":[27.31322,18.36912,5.49497],"to":[29.31322,24.36912,6.49497],"rotation":{"angle":-22.5,"axis":"z","origin":[28.30819,17.36912,5.99497]},"faces":{"north":{"uv":[4,4.5,3.5,6],"texture":"#0"},"east":{"uv":[2.75,5.5,3,7],"texture":"#0"},"south":{"uv":[3.5,4.5,4,6],"texture":"#0"},"west":{"uv":[4,5.5,4.25,7],"texture":"#0"},"up":{"uv":[4.5,3,4,2.75],"texture":"#0"},"down":{"uv":[0.75,4.25,0.25,4.5],"texture":"#0"}}},{"from":[30.20894,22.99287,5.5],"to":[31.60894,24.39287,6.48],"rotation":{"angle":22.5,"axis":"z","origin":[30.60894,23.99287,5.99497]},"faces":{"north":{"uv":[0.875,0.5,0.5,0.875],"texture":"#0"},"east":{"uv":[1,0,1.25,0.375],"texture":"#0"},"south":{"uv":[0.5,0.5,0.875,0.875],"texture":"#0"},"west":{"uv":[1,0.5,1.25,0.875],"texture":"#0"},"up":{"uv":[1.625,0.25,1.25,0],"texture":"#0"},"down":{"uv":[1.625,0.25,1.25,0.5],"texture":"#0"}}},{"from":[19.36603,20.29107,5.5],"to":[26.66603,22.04107,6.48],"rotation":{"angle":22.5,"axis":"z","origin":[29.91603,21.54107,5.99497]},"faces":{"north":{"uv":[1.875,5,0,5.5],"texture":"#0"},"east":{"uv":[4,2,4.25,2.5],"texture":"#0"},"south":{"uv":[0,5,1.875,5.5],"texture":"#0"},"west":{"uv":[4.25,2,4.5,2.5],"texture":"#0"},"up":{"uv":[1.875,6,0,5.75],"texture":"#0"},"down":{"uv":[7.625,5.75,5.75,6],"texture":"#0"}}},{"from":[21.52294,24.55803,5.51],"to":[29.82294,26.80803,6.47],"rotation":{"angle":45,"axis":"z","origin":[33.07294,25.80803,6.00995]},"faces":{"north":{"uv":[7.125,1.5,5,2.125],"texture":"#0"},"east":{"uv":[2.5,5.5,2.75,6.125],"texture":"#0"},"south":{"uv":[5,1.5,7.125,2.125],"texture":"#0"},"west":{"uv":[4.25,5.5,4.5,6.125],"texture":"#0"},"up":{"uv":[6.125,5.5,4,5.25],"texture":"#0"},"down":{"uv":[2.125,5.5,0,5.75],"texture":"#0"}}},{"from":[4,1,8.5],"to":[12,4,9.5],"rotation":{"angle":0,"axis":"y","origin":[2,2,0]},"faces":{"north":{"uv":[0,3,2,3.75],"texture":"#0"},"east":{"uv":[6.5,6.5,6.75,7.25],"texture":"#0"},"south":{"uv":[0,3,2,3.75],"texture":"#0"},"west":{"uv":[0,6.75,0.25,7.5],"texture":"#0"},"up":{"uv":[6,5.25,4,5],"texture":"#0"},"down":{"uv":[6,5,4,5.25],"texture":"#0"}}},{"from":[4,11,8.5],"to":[12,14,9.5],"rotation":{"angle":0,"axis":"y","origin":[2,2,0]},"faces":{"north":{"uv":[0,3,2,3.75],"texture":"#0"},"east":{"uv":[6.5,6.5,6.75,7.25],"texture":"#0"},"south":{"uv":[0,3,2,3.75],"texture":"#0"},"west":{"uv":[0,6.75,0.25,7.5],"texture":"#0"},"up":{"uv":[6,5.25,4,5],"texture":"#0"},"down":{"uv":[6,5,4,5.25],"texture":"#0"}}},{"from":[12.5,0,5],"to":[13.5,2,13],"rotation":{"angle":0,"axis":"y","origin":[2,2,0]},"faces":{"north":{"uv":[7,7,7.25,7.5],"texture":"#0"},"east":{"uv":[0,4.5,2,5],"texture":"#0"},"south":{"uv":[7.25,7,7,7.5],"texture":"#0"},"west":{"uv":[0,4.5,2,5],"texture":"#0"},"up":{"uv":[4.75,7.5,4.5,5.5],"texture":"#0"},"down":{"uv":[5,5.5,4.75,7.5],"texture":"#0"}}},{"from":[12.51,6.16777,1.93934],"to":[13.49,7.16777,4.93934],"rotation":{"angle":45,"axis":"x","origin":[13,6.66777,2.93934]},"faces":{"north":{"uv":[6.25,7.25,6.5,7.5],"texture":"#0"},"east":{"uv":[1.75,6.75,2.5,6.5],"texture":"#0"},"south":{"uv":[7.25,6.25,7.5,6.5],"texture":"#0"},"west":{"uv":[2.5,6.5,1.75,6.75],"texture":"#0"},"up":{"uv":[6.75,4.25,6.5,3.5],"texture":"#0"},"down":{"uv":[6.5,3.5,6.75,4.25],"texture":"#0"}}},{"from":[12.5,4.9,4],"to":[13.5,5.9,8],"rotation":{"angle":0,"axis":"y","origin":[14,1.9,-3]},"faces":{"north":{"uv":[6.5,7.25,6.75,7.5],"texture":"#0"},"east":{"uv":[1.5,6.5,2.5,6.25],"texture":"#0"},"south":{"uv":[7.25,7,7.5,7.25],"texture":"#0"},"west":{"uv":[1.5,6.25,2.5,6.5],"texture":"#0"},"up":{"uv":[2.75,7.25,2.5,6.25],"texture":"#0"},"down":{"uv":[2.5,7.25,2.75,6.25],"texture":"#0"}}},{"from":[12.51,16.16777,1.93934],"to":[13.49,17.16777,4.93934],"rotation":{"angle":45,"axis":"x","origin":[13,16.66777,2.93934]},"faces":{"north":{"uv":[6.25,7.25,6.5,7.5],"texture":"#0"},"east":{"uv":[1.75,6.75,2.5,6.5],"texture":"#0"},"south":{"uv":[7.25,6.25,7.5,6.5],"texture":"#0"},"west":{"uv":[2.5,6.5,1.75,6.75],"texture":"#0"},"up":{"uv":[6.75,4.25,6.5,3.5],"texture":"#0"},"down":{"uv":[6.5,3.5,6.75,4.25],"texture":"#0"}}},{"from":[12.5,14.9,4],"to":[13.5,15.9,8],"rotation":{"angle":0,"axis":"y","origin":[14,11.9,-3]},"faces":{"north":{"uv":[6.5,7.25,6.75,7.5],"texture":"#0"},"east":{"uv":[1.5,6.5,2.5,6.25],"texture":"#0"},"south":{"uv":[7.25,7,7.5,7.25],"texture":"#0"},"west":{"uv":[1.5,6.25,2.5,6.5],"texture":"#0"},"up":{"uv":[2.75,7.25,2.5,6.25],"texture":"#0"},"down":{"uv":[2.5,7.25,2.75,6.25],"texture":"#0"}}},{"from":[2.5,0,5],"to":[3.5,2,13],"rotation":{"angle":0,"axis":"y","origin":[14,2,0]},"faces":{"north":{"uv":[7.25,7,7,7.5],"texture":"#0"},"east":{"uv":[2,4.5,0,5],"texture":"#0"},"south":{"uv":[7,7,7.25,7.5],"texture":"#0"},"west":{"uv":[2,4.5,0,5],"texture":"#0"},"up":{"uv":[4.5,7.5,4.75,5.5],"texture":"#0"},"down":{"uv":[4.75,5.5,5,7.5],"texture":"#0"}}},{"from":[2.51,6.16777,1.93934],"to":[3.49,7.16777,4.93934],"rotation":{"angle":45,"axis":"x","origin":[3,6.66777,2.93934]},"faces":{"north":{"uv":[6.5,7.25,6.25,7.5],"texture":"#0"},"east":{"uv":[1.75,6.5,2.5,6.75],"texture":"#0"},"south":{"uv":[7.5,6.25,7.25,6.5],"texture":"#0"},"west":{"uv":[2.5,6.75,1.75,6.5],"texture":"#0"},"up":{"uv":[6.5,4.25,6.75,3.5],"texture":"#0"},"down":{"uv":[6.75,3.5,6.5,4.25],"texture":"#0"}}},{"from":[2.5,4.9,4],"to":[3.5,5.9,8],"rotation":{"angle":0,"axis":"y","origin":[2,1.9,-3]},"faces":{"north":{"uv":[6.75,7.25,6.5,7.5],"texture":"#0"},"east":{"uv":[2.5,6.25,1.5,6.5],"texture":"#0"},"south":{"uv":[7.5,7,7.25,7.25],"texture":"#0"},"west":{"uv":[2.5,6.5,1.5,6.25],"texture":"#0"},"up":{"uv":[2.5,7.25,2.75,6.25],"texture":"#0"},"down":{"uv":[2.75,7.25,2.5,6.25],"texture":"#0"}}},{"from":[2.5,14.9,4],"to":[3.5,15.9,8],"rotation":{"angle":0,"axis":"y","origin":[2,11.9,-3]},"faces":{"north":{"uv":[6.75,7.25,6.5,7.5],"texture":"#0"},"east":{"uv":[2.5,6.25,1.5,6.5],"texture":"#0"},"south":{"uv":[7.5,7,7.25,7.25],"texture":"#0"},"west":{"uv":[2.5,6.5,1.5,6.25],"texture":"#0"},"up":{"uv":[2.5,7.25,2.75,6.25],"texture":"#0"},"down":{"uv":[2.75,7.25,2.5,6.25],"texture":"#0"}}},{"from":[2.51,16.16777,1.93934],"to":[3.49,17.16777,4.93934],"rotation":{"angle":45,"axis":"x","origin":[3,16.66777,2.93934]},"faces":{"north":{"uv":[6.5,7.25,6.25,7.5],"texture":"#0"},"east":{"uv":[1.75,6.5,2.5,6.75],"texture":"#0"},"south":{"uv":[7.5,6.25,7.25,6.5],"texture":"#0"},"west":{"uv":[2.5,6.75,1.75,6.5],"texture":"#0"},"up":{"uv":[6.5,4.25,6.75,3.5],"texture":"#0"},"down":{"uv":[6.75,3.5,6.5,4.25],"texture":"#0"}}},{"from":[2,1,8],"to":[4,20,10],"rotation":{"angle":0,"axis":"y","origin":[2,2,0]},"faces":{"north":{"uv":[5.5,7.5,6,12.25],"texture":"#0"},"east":{"uv":[5.5,7.5,6,12.25],"texture":"#0"},"south":{"uv":[5.5,7.5,6,12.25],"texture":"#0"},"west":{"uv":[5.5,7.5,6,12.25],"texture":"#0"},"up":{"uv":[0.5,0.5,0,0],"texture":"#0"},"down":{"uv":[0.5,0.5,0,1],"texture":"#0"}}},{"from":[12,1,8],"to":[14,20,10],"rotation":{"angle":0,"axis":"y","origin":[14,2,0]},"faces":{"north":{"uv":[6,7.5,5.5,12.25],"texture":"#0"},"east":{"uv":[6,7.5,5.5,12.25],"texture":"#0"},"south":{"uv":[6,7.5,5.5,12.25],"texture":"#0"},"west":{"uv":[6,7.5,5.5,12.25],"texture":"#0"},"up":{"uv":[0,0.5,0.5,0],"texture":"#0"},"down":{"uv":[0,0.5,0.5,1],"texture":"#0"}}}],"gui_light":"front","display":{"thirdperson_righthand":{"rotation":[67.5,0,0],"translation":[0,0.5,0.25],"scale":[0.16977,0.16977,0.16977]},"thirdperson_lefthand":{"rotation":[67.5,0,0],"translation":[0,0.5,0.25],"scale":[0.16977,0.16977,0.16977]},"firstperson_righthand":{"translation":[3,2.5,0],"scale":[0.25563,0.25563,0.25563]},"firstperson_lefthand":{"translation":[3,2.5,0],"scale":[0.25563,0.25563,0.25563]},"ground":{"translation":[0,6,0],"scale":[0.3,0.3,0.3]},"gui":{"rotation":[30,135,0],"translation":[0.5,-2,0],"scale":[0.41688,0.41688,0.41688]},"head":{"rotation":[0,180,0],"translation":[0,-30.4,0],"scale":[1.6,1.6,1.6]},"fixed":{"rotation":[-90,0,0],"translation":[0,0,-16],"scale":[2,2,2]}},"groups":[{"name":"group","origin":[16,7,8.99497],"color":0,"children":[0,1,2,3,4,5,6,7,8,9,10,11,12,13]},{"name":"group","origin":[16,7,8.99497],"color":0,"children":[14,15,16,17,18,19,20,21]},22,23,{"name":"group","origin":[1,4.76777,12.06066],"color":0,"children":[24,25,26,27,28]},{"name":"group","origin":[1,4.76777,12.06066],"color":0,"children":[29,30,31,32,33,34,35]}]}