{"credit":"MadewithBlockbench","textures":{"0":"merchant_pack:potions","particle":"merchant_pack:potions"},"elements":[{"from":[6.1,0.1,6.1],"to":[9.9,4.9,9.9],"faces":{"north":{"uv":[1.5,3,4.5,6.5],"texture":"#0","tintindex":0},"east":{"uv":[1.5,3,4.5,6.5],"texture":"#0","tintindex":0},"south":{"uv":[1.5,3,4.5,6.5],"texture":"#0","tintindex":0},"west":{"uv":[1.5,3,4.5,6.5],"texture":"#0","tintindex":0},"up":{"uv":[0,1,2,3],"texture":"#0","tintindex":0},"down":{"uv":[0,1,2,3],"texture":"#0","tintindex":0}}},{"from":[6,0,6],"to":[10,6,10],"faces":{"north":{"uv":[5,1.5,9,6.5],"texture":"#0"},"east":{"uv":[5,1.5,9,6.5],"texture":"#0"},"south":{"uv":[5,1.5,9,6.5],"texture":"#0"},"west":{"uv":[5,1.5,9,6.5],"texture":"#0"},"up":{"uv":[8.5,6,12.5,10],"texture":"#0"},"down":{"uv":[5,6,9,10],"texture":"#0"}}},{"from":[7,7,7],"to":[9,8,9],"faces":{"north":{"uv":[9.5,2.5,12.5,3.5],"texture":"#0"},"east":{"uv":[9.5,2.5,12.5,3.5],"texture":"#0"},"south":{"uv":[9.5,2.5,12.5,3.5],"texture":"#0"},"west":{"uv":[9.5,2.5,12.5,3.5],"texture":"#0"},"up":{"uv":[9.5,4,11.5,5.5],"texture":"#0"},"down":{"uv":[9.5,4,11.5,5.5],"texture":"#0"}}},{"from":[7.5,6.1,7.5],"to":[8.5,8.3,8.5],"faces":{"north":{"uv":[2,1,3.5,2.5],"texture":"#0"},"east":{"uv":[2,1,3.5,2.5],"texture":"#0"},"south":{"uv":[2,1,3.5,2.5],"texture":"#0"},"west":{"uv":[2,1,3.5,2.5],"texture":"#0"},"up":{"uv":[2,1,3.45,2.5],"texture":"#0"},"down":{"uv":[2,1,3.45,2.5],"texture":"#0"}}},{"from":[7.4,6,7.4],"to":[8.6,7,8.6],"rotation":{"angle":0,"axis":"y","origin":[0,2,0]},"faces":{"north":{"uv":[9.5,4,11.5,5.5],"texture":"#0"},"east":{"uv":[9.5,4,11.5,5.5],"texture":"#0"},"south":{"uv":[9.5,4,11.5,5.5],"texture":"#0"},"west":{"uv":[9.5,4,11.5,5.5],"texture":"#0"},"up":{"uv":[9.5,4,11.5,5.5],"texture":"#0"},"down":{"uv":[0,0,1.2,0.7],"texture":"#0"}}},{"from":[7,6,7],"to":[9,6.1,9],"rotation":{"angle":0,"axis":"y","origin":[0,2,0]},"faces":{"north":{"uv":[9.5,4,11.5,4.5],"texture":"#0"},"east":{"uv":[9.5,4,11.5,4.5],"texture":"#0"},"south":{"uv":[9.5,4,11.5,4.5],"texture":"#0"},"west":{"uv":[9.5,4,11.5,4.5],"texture":"#0"},"up":{"uv":[9.5,4,11.5,5.5],"texture":"#0"},"down":{"uv":[9.5,4,11.5,5.5],"texture":"#0"}}},{"name":"cubeinverted","from":[10,6,10],"to":[6,0,6],"faces":{"north":{"uv":[5,6.5,9,1.5],"texture":"#0"},"east":{"uv":[5,6.5,9,1.5],"texture":"#0"},"south":{"uv":[5,6.5,9,1.5],"texture":"#0"},"west":{"uv":[5,6.5,9,1.5],"texture":"#0"},"up":{"uv":[9,6,5,10],"texture":"#0"},"down":{"uv":[12.5,6,8.5,10],"texture":"#0"}}}],"display":{"gui":{"rotation":[0,29,7],"translation":[-0.75,8.25,0],"scale":[2,2,2]},"fixed":{"rotation":[-90,0,0],"translation":[0,0,-16],"scale":[2,2,2]}}}