{"credit":"Created with Blockbench [Exported as resourcepack with the \"resourcepack_packager\" plugin]","texture_size":[128,128],"textures":{"0":"iavegastables:custom/blocks/pyramid"},"elements":[{"from":[1,0,2],"to":[15,8,15],"faces":{"north":{"uv":[5.125,5.625,6.875,6.625],"texture":"#0"},"east":{"uv":[3.5,5.75,5.125,6.75],"texture":"#0"},"south":{"uv":[6.375,0,8.125,1],"texture":"#0"},"west":{"uv":[1.75,6.5,3.375,7.5],"texture":"#0"},"up":{"uv":[3.5,6.5,1.75,4.875],"texture":"#0"},"down":{"uv":[6.875,1.75,5.125,3.375],"texture":"#0"}}},{"from":[1,9,6],"to":[15,32,15],"faces":{"north":{"uv":[0,0,1.75,2.875],"texture":"#0"},"east":{"uv":[3.5,0,4.625,2.875],"texture":"#0"},"south":{"uv":[1.75,0,3.5,2.875],"texture":"#0"},"west":{"uv":[4,2.875,5.125,5.75],"texture":"#0"},"up":{"uv":[6.875,4.5,5.125,3.375],"texture":"#0"},"down":{"uv":[6.875,4.5,5.125,5.625],"texture":"#0"}}},{"from":[1,9,5],"to":[2,22,6],"faces":{"north":{"uv":[3.375,6.5,3.5,8.5],"texture":"#0"},"east":{"uv":[1.25,6.625,1.375,8.625],"texture":"#0"},"south":{"uv":[1.375,6.625,1.5,8.625],"texture":"#0"},"west":{"uv":[1.5,6.625,1.625,8.625],"texture":"#0"},"up":{"uv":[7.375,2.875,7.25,2.75],"texture":"#0"},"down":{"uv":[7.375,2.875,7.25,3],"texture":"#0"}}},{"from":[14,9,5],"to":[15,22,6],"faces":{"north":{"uv":[1.625,6.625,1.75,8.625],"texture":"#0"},"east":{"uv":[3.5,6.75,3.625,8.75],"texture":"#0"},"south":{"uv":[3.625,6.75,3.75,8.75],"texture":"#0"},"west":{"uv":[3.75,6.75,3.875,8.75],"texture":"#0"},"up":{"uv":[7.375,3.125,7.25,3],"texture":"#0"},"down":{"uv":[7.375,3.125,7.25,3.25],"texture":"#0"}}},{"from":[1,18,14],"to":[15,32,19],"rotation":{"angle":-22.5,"axis":"x","origin":[0,0,0]},"faces":{"north":{"uv":[4.625,0,6.375,1.75],"texture":"#0"},"east":{"uv":[0,6.625,0.625,8.375],"texture":"#0"},"south":{"uv":[0,4.875,1.75,6.625],"texture":"#0"},"west":{"uv":[0.625,6.625,1.25,8.375],"texture":"#0"},"up":{"uv":[8.125,1.625,6.375,1],"texture":"#0"},"down":{"uv":[6.875,6.625,5.125,7.25],"texture":"#0"}}},{"from":[2,31,13],"to":[14,32,14],"rotation":{"angle":-22.5,"axis":"x","origin":[0,0,0]},"faces":{"north":{"uv":[6.875,2.125,8.375,2.25],"texture":"#0"},"east":{"uv":[7.25,3.25,7.375,3.375],"texture":"#0"},"south":{"uv":[6.875,2.25,8.375,2.375],"texture":"#0"},"west":{"uv":[7.25,3.375,7.375,3.5],"texture":"#0"},"up":{"uv":[8.375,2.5,6.875,2.375],"texture":"#0"},"down":{"uv":[8.375,2.5,6.875,2.625],"texture":"#0"}}},{"from":[1,18,13],"to":[2,32,14],"rotation":{"angle":-22.5,"axis":"x","origin":[0,0,0]},"faces":{"north":{"uv":[3.875,6.75,4,8.5],"texture":"#0"},"east":{"uv":[4,6.75,4.125,8.5],"texture":"#0"},"south":{"uv":[4.125,6.75,4.25,8.5],"texture":"#0"},"west":{"uv":[4.25,6.75,4.375,8.5],"texture":"#0"},"up":{"uv":[7.375,3.625,7.25,3.5],"texture":"#0"},"down":{"uv":[7.375,3.625,7.25,3.75],"texture":"#0"}}},{"from":[14,18,13],"to":[15,32,14],"rotation":{"angle":-22.5,"axis":"x","origin":[0,0,0]},"faces":{"north":{"uv":[4.375,6.75,4.5,8.5],"texture":"#0"},"east":{"uv":[4.5,6.75,4.625,8.5],"texture":"#0"},"south":{"uv":[4.625,6.75,4.75,8.5],"texture":"#0"},"west":{"uv":[4.75,6.75,4.875,8.5],"texture":"#0"},"up":{"uv":[7.375,3.875,7.25,3.75],"texture":"#0"},"down":{"uv":[7.375,3.875,7.25,4],"texture":"#0"}}},{"from":[0,8,-1],"to":[16,9,15],"faces":{"north":{"uv":[6.375,1.625,8.375,1.75],"texture":"#0"},"east":{"uv":[6.875,1.75,8.875,1.875],"texture":"#0"},"south":{"uv":[6.875,1.875,8.875,2],"texture":"#0"},"west":{"uv":[6.875,2,8.875,2.125],"texture":"#0"},"up":{"uv":[2,4.875,0,2.875],"texture":"#0"},"down":{"uv":[4,2.875,2,4.875],"texture":"#0"}}},{"from":[2,9,0],"to":[6,10,4],"faces":{"north":{"uv":[4.625,2.75,5.125,2.875],"texture":"#0"},"east":{"uv":[3.5,5.625,4,5.75],"texture":"#0"},"south":{"uv":[6.875,4.125,7.375,4.25],"texture":"#0"},"west":{"uv":[6.875,4.25,7.375,4.375],"texture":"#0"},"up":{"uv":[5.125,2.25,4.625,1.75],"texture":"#0"},"down":{"uv":[5.125,2.25,4.625,2.75],"texture":"#0"}}},{"from":[11.9,9,0.9],"to":[14.1,9.5,3.1],"faces":{"north":{"uv":[7.125,5.375,7.40625,5.4375],"texture":"#0"},"east":{"uv":[7.125,5.5,7.40625,5.5625],"texture":"#0"},"south":{"uv":[7.125,6.625,7.40625,6.6875],"texture":"#0"},"west":{"uv":[7.125,6.75,7.40625,6.8125],"texture":"#0"},"up":{"uv":[7.15625,2.90625,6.875,2.625],"texture":"#0"},"down":{"uv":[7.15625,3,6.875,3.28125],"texture":"#0"}}},{"from":[9.1,9.5,1.1],"to":[10.9,9.7,2.9],"faces":{"north":{"uv":[7.25,4.75,7.46875,4.78125],"texture":"#0"},"east":{"uv":[4.875,7.25,5.09375,7.28125],"texture":"#0"},"south":{"uv":[7.25,4.875,7.46875,4.90625],"texture":"#0"},"west":{"uv":[7.25,5,7.46875,5.03125],"texture":"#0"},"up":{"uv":[7.09375,6.84375,6.875,6.625],"texture":"#0"},"down":{"uv":[7.09375,6.875,6.875,7.09375],"texture":"#0"}}},{"from":[8.9,9,0.9],"to":[11.1,9.5,3.1],"faces":{"north":{"uv":[6.875,7.125,7.15625,7.1875],"texture":"#0"},"east":{"uv":[7.125,6.875,7.40625,6.9375],"texture":"#0"},"south":{"uv":[7.125,7,7.40625,7.0625],"texture":"#0"},"west":{"uv":[7.25,2.625,7.53125,2.6875],"texture":"#0"},"up":{"uv":[7.15625,3.65625,6.875,3.375],"texture":"#0"},"down":{"uv":[7.15625,3.75,6.875,4.03125],"texture":"#0"}}},{"from":[12.1,9.5,1.1],"to":[13.9,9.7,2.9],"faces":{"north":{"uv":[5.125,7.25,5.34375,7.28125],"texture":"#0"},"east":{"uv":[7.25,5.125,7.46875,5.15625],"texture":"#0"},"south":{"uv":[7.25,5.25,7.46875,5.28125],"texture":"#0"},"west":{"uv":[5.375,7.25,5.59375,7.28125],"texture":"#0"},"up":{"uv":[5.09375,7.21875,4.875,7],"texture":"#0"},"down":{"uv":[7.34375,4.375,7.125,4.59375],"texture":"#0"}}},{"from":[3.5,9,1.5],"to":[4.5,12,2.5],"faces":{"north":{"uv":[3.875,4.875,4,5.25],"texture":"#0"},"east":{"uv":[3.875,5.25,4,5.625],"texture":"#0"},"south":{"uv":[7.125,4.625,7.25,5],"texture":"#0"},"west":{"uv":[7.125,5,7.25,5.375],"texture":"#0"},"up":{"uv":[7.375,4.125,7.25,4],"texture":"#0"},"down":{"uv":[7.375,4.625,7.25,4.75],"texture":"#0"}}},{"from":[3,12,1],"to":[5,14,3],"faces":{"north":{"uv":[4.875,6.75,5.125,7],"texture":"#0"},"east":{"uv":[6.875,4.375,7.125,4.625],"texture":"#0"},"south":{"uv":[6.875,4.625,7.125,4.875],"texture":"#0"},"west":{"uv":[6.875,4.875,7.125,5.125],"texture":"#0"},"up":{"uv":[7.125,5.375,6.875,5.125],"texture":"#0"},"down":{"uv":[7.125,5.375,6.875,5.625],"texture":"#0"}}},{"from":[2.8,12.3,0.8],"to":[5.2,13.7,3.2],"faces":{"north":{"uv":[6.875,5.625,7.1875,5.8125],"texture":"#0"},"east":{"uv":[6.875,5.875,7.1875,6.0625],"texture":"#0"},"south":{"uv":[6.875,6.125,7.1875,6.3125],"texture":"#0"},"west":{"uv":[6.875,6.375,7.1875,6.5625],"texture":"#0"},"up":{"uv":[3.8125,5.1875,3.5,4.875],"texture":"#0"},"down":{"uv":[3.8125,5.25,3.5,5.5625],"texture":"#0"}}}],"display":{"thirdperson_righthand":{"rotation":[78,0,0],"scale":[0.53,0.53,0.53]},"thirdperson_lefthand":{"rotation":[78,0,0],"scale":[0.53,0.53,0.53]},"firstperson_righthand":{"rotation":[0,180,0],"scale":[0.53,0.53,0.53]},"firstperson_lefthand":{"rotation":[0,180,0],"scale":[0.53,0.53,0.53]},"ground":{"translation":[0,4.25,0]},"gui":{"rotation":[0,180,0]},"head":{"translation":[0,-31,0],"scale":[1.51,1.51,1.51]}},"groups":[{"name":"group","origin":[0,0,0],"color":0,"children":[0,1,2,3,4,5,6,7,8,9,10,11,12,13,14,15,16]}]}