{"credit":"Made with Blockbench","texture_size":[64,64],"textures":{"1":"elitecreatures:livingroom_furniture_v1/livingroom_chair_1"},"elements":[{"from":[12,0,2],"to":[14,11,4],"rotation":{"angle":0,"axis":"y","origin":[8,0,8]},"faces":{"north":{"uv":[7,6,7.5,8.75],"texture":"#1"},"east":{"uv":[6.5,6,7,8.75],"texture":"#1"},"south":{"uv":[8,6,8.5,8.75],"texture":"#1"},"west":{"uv":[7.5,6,8,8.75],"texture":"#1"},"up":{"uv":[7.5,6,7,5.5],"texture":"#1"},"down":{"uv":[8,5.5,7.5,6],"texture":"#1"}}},{"from":[3,5,2.5],"to":[13,8,11.5],"rotation":{"angle":0,"axis":"y","origin":[8,6,7.5]},"faces":{"north":{"uv":[2.25,2.25,4.75,3],"texture":"#1"},"east":{"uv":[0,2.25,2.25,3],"texture":"#1"},"south":{"uv":[7,2.25,9.5,3],"texture":"#1"},"west":{"uv":[4.75,2.25,7,3],"texture":"#1"},"up":{"uv":[4.75,2.25,2.25,0],"texture":"#1"},"down":{"uv":[7.25,0,4.75,2.25],"texture":"#1"}}},{"from":[12,2,4],"to":[14,3,11],"rotation":{"angle":0,"axis":"y","origin":[8,7,12]},"faces":{"north":{"uv":[6.5,5.25,7,5.5],"texture":"#1"},"east":{"uv":[4.75,5.25,6.5,5.5],"texture":"#1"},"south":{"uv":[8.75,5.25,9.25,5.5],"texture":"#1"},"west":{"uv":[7,5.25,8.75,5.5],"texture":"#1"},"up":{"uv":[7,5.25,6.5,3.5],"texture":"#1"},"down":{"uv":[7.5,3.5,7,5.25],"texture":"#1"}}},{"from":[12,10,4],"to":[14,11,11],"rotation":{"angle":0,"axis":"y","origin":[8,7,12]},"faces":{"north":{"uv":[1.75,7,2.25,7.25],"texture":"#1"},"east":{"uv":[0,7,1.75,7.25],"texture":"#1"},"south":{"uv":[4,7,4.5,7.25],"texture":"#1"},"west":{"uv":[2.25,7,4,7.25],"texture":"#1"},"up":{"uv":[2.25,7,1.75,5.25],"texture":"#1"},"down":{"uv":[2.75,5.25,2.25,7],"texture":"#1"}}},{"from":[10.9,5.25,10.5],"to":[12.9,18.25,12.5],"rotation":{"angle":22.5,"axis":"x","origin":[8,5,11.5]},"faces":{"north":{"uv":[5,6,5.5,9.25],"texture":"#1"},"east":{"uv":[4.5,6,5,9.25],"texture":"#1"},"south":{"uv":[6,6,6.5,9.25],"texture":"#1"},"west":{"uv":[5.5,6,6,9.25],"texture":"#1"},"up":{"uv":[5.5,6,5,5.5],"texture":"#1"},"down":{"uv":[6,5.5,5.5,6],"texture":"#1"}}},{"from":[2.5,11.9,9.5],"to":[13.5,18.9,11.5],"rotation":{"angle":22.5,"axis":"x","origin":[8,5,11.5]},"faces":{"north":{"uv":[0.5,3.5,3.25,5.25],"texture":"#1"},"east":{"uv":[0,3.5,0.5,5.25],"texture":"#1"},"south":{"uv":[3.75,3.5,6.5,5.25],"texture":"#1"},"west":{"uv":[3.25,3.5,3.75,5.25],"texture":"#1"},"up":{"uv":[3.25,3.5,0.5,3],"texture":"#1"},"down":{"uv":[6,3,3.25,3.5],"texture":"#1"}}},{"from":[12,0,11],"to":[14,11,13],"rotation":{"angle":0,"axis":"y","origin":[13,5.5,12]},"faces":{"north":{"uv":[7,6,7.5,8.75],"texture":"#1"},"east":{"uv":[6.5,6,7,8.75],"texture":"#1"},"south":{"uv":[8,6,8.5,8.75],"texture":"#1"},"west":{"uv":[7.5,6,8,8.75],"texture":"#1"},"up":{"uv":[7.5,6,7,5.5],"texture":"#1"},"down":{"uv":[8,5.5,7.5,6],"texture":"#1"}}},{"from":[2,0,2],"to":[4,11,4],"rotation":{"angle":0,"axis":"y","origin":[8,0,8]},"faces":{"north":{"uv":[7.5,6,7,8.75],"texture":"#1"},"east":{"uv":[8,6,7.5,8.75],"texture":"#1"},"south":{"uv":[8.5,6,8,8.75],"texture":"#1"},"west":{"uv":[7,6,6.5,8.75],"texture":"#1"},"up":{"uv":[7,6,7.5,5.5],"texture":"#1"},"down":{"uv":[7.5,5.5,8,6],"texture":"#1"}}},{"from":[2,0,11],"to":[4,11,13],"rotation":{"angle":0,"axis":"y","origin":[3,5.5,12]},"faces":{"north":{"uv":[7.5,6,7,8.75],"texture":"#1"},"east":{"uv":[8,6,7.5,8.75],"texture":"#1"},"south":{"uv":[8.5,6,8,8.75],"texture":"#1"},"west":{"uv":[7,6,6.5,8.75],"texture":"#1"},"up":{"uv":[7,6,7.5,5.5],"texture":"#1"},"down":{"uv":[7.5,5.5,8,6],"texture":"#1"}}},{"from":[2,10,4],"to":[4,11,11],"rotation":{"angle":0,"axis":"y","origin":[8,7,12]},"faces":{"north":{"uv":[2.25,7,1.75,7.25],"texture":"#1"},"east":{"uv":[4,7,2.25,7.25],"texture":"#1"},"south":{"uv":[4.5,7,4,7.25],"texture":"#1"},"west":{"uv":[1.75,7,0,7.25],"texture":"#1"},"up":{"uv":[1.75,7,2.25,5.25],"texture":"#1"},"down":{"uv":[2.25,5.25,2.75,7],"texture":"#1"}}},{"from":[2,2,4],"to":[4,3,11],"rotation":{"angle":0,"axis":"y","origin":[8,7,12]},"faces":{"north":{"uv":[7,5.25,6.5,5.5],"texture":"#1"},"east":{"uv":[8.75,5.25,7,5.5],"texture":"#1"},"south":{"uv":[9.25,5.25,8.75,5.5],"texture":"#1"},"west":{"uv":[6.5,5.25,4.75,5.5],"texture":"#1"},"up":{"uv":[6.5,5.25,7,3.5],"texture":"#1"},"down":{"uv":[7,3.5,7.5,5.25],"texture":"#1"}}},{"from":[3.1,5.25,10.5],"to":[5.1,18.25,12.5],"rotation":{"angle":22.5,"axis":"x","origin":[8,5,11.5]},"faces":{"north":{"uv":[5.5,6,5,9.25],"texture":"#1"},"east":{"uv":[6,6,5.5,9.25],"texture":"#1"},"south":{"uv":[6.5,6,6,9.25],"texture":"#1"},"west":{"uv":[5,6,4.5,9.25],"texture":"#1"},"up":{"uv":[5,6,5.5,5.5],"texture":"#1"},"down":{"uv":[5.5,5.5,6,6],"texture":"#1"}}}],"gui_light":"front","display":{"thirdperson_righthand":{"rotation":[67.5,0,0],"translation":[0,1.75,0.5],"scale":[0.2832,0.2832,0.2832]},"thirdperson_lefthand":{"rotation":[67.5,0,0],"translation":[0,1.75,0.5],"scale":[0.2832,0.2832,0.2832]},"firstperson_righthand":{"translation":[1.75,3.75,0],"scale":[0.39414,0.39414,0.39414]},"firstperson_lefthand":{"translation":[1.75,3.75,0],"scale":[0.39414,0.39414,0.39414]},"ground":{"translation":[0,6,0],"scale":[0.55,0.55,0.55]},"gui":{"rotation":[30,135,0],"translation":[0,-0.75,0],"scale":[0.625,0.625,0.625]},"head":{"rotation":[0,180,0],"translation":[0,-30.4,0],"scale":[1.6,1.6,1.6]},"fixed":{"rotation":[-90,0,0],"translation":[0,0,-16],"scale":[2,2,2]}},"groups":[{"name":"bone","origin":[8,0,7.9657],"color":0,"children":[0,1,2,3,4,5,6,7,8,9,10,11]}]}