{"credit":"Made by spike5032","texture_size":[32,32],"textures":{"0":"munchies:furniture/fruitvendor/vending_machine_default","1":"munchies:furniture/fruitvendor/vending_machine_enter","3":"munchies:furniture/fruitvendor/vending_machine_coils","4":"munchies:furniture/fruitvendor/canofpeach","6":"munchies:furniture/fruitvendor/canofavocado","7":"munchies:furniture/fruitvendor/canofdragonfruit","8":"munchies:furniture/fruitvendor/canofgreenapple","9":"munchies:furniture/fruitvendor/canofguava","10":"munchies:furniture/fruitvendor/canoflemon","11":"munchies:furniture/fruitvendor/canoflime","12":"munchies:furniture/fruitvendor/canofmango","13":"munchies:furniture/fruitvendor/canofmaple","14":"munchies:furniture/fruitvendor/canofolive","15":"munchies:furniture/fruitvendor/canoforange","16":"munchies:furniture/fruitvendor/canofpassionfruit","17":"munchies:furniture/fruitvendor/canofplum","19":"munchies:furniture/fruitvendor/canofbanana","20":"munchies:furniture/fruitvendor/cherrysticker","21":"munchies:furniture/fruitvendor/canofcherry","22":"munchies:furniture/fruitvendor/canofchestnut","23":"munchies:furniture/fruitvendor/bananasticker","24":"munchies:furniture/fruitvendor/greenapplesticker","25":"munchies:furniture/fruitvendor/peachsticker","26":"munchies:furniture/fruitvendor/mangosticker","particle":"munchies:furniture/fruitvendor/vending_machine_default"},"elements":[{"from":[-5.5,-10,-1.5],"to":[-4.5,28.1,16.5],"rotation":{"angle":0,"axis":"y","origin":[0.5,0,1.5]},"faces":{"north":{"uv":[2.75,6.5625,2.8125,8.9375],"texture":"#0"},"east":{"uv":[2.25,2.375,3.375,4.75],"texture":"#0"},"south":{"uv":[2.8125,6.5625,2.875,8.9375],"texture":"#0"},"west":{"uv":[2.5,0,3.625,2.375],"texture":"#0"},"up":{"uv":[6.1875,8,6.125,6.875],"texture":"#0"},"down":{"uv":[6.25,6.875,6.1875,8],"texture":"#0"}}},{"from":[-1,0,-0.5],"to":[-0.5,27,15.5],"rotation":{"angle":0,"axis":"y","origin":[0.5,0,1.5]},"faces":{"north":{"uv":[6.25,6.875,6.28125,8.59375],"texture":"#0"},"east":{"uv":[3.375,2.375,4.375,4.09375],"texture":"#0"},"south":{"uv":[1.5,7,1.53125,8.71875],"texture":"#0"},"west":{"uv":[3.625,0,4.625,1.71875],"texture":"#0"},"up":{"uv":[3.34375,5.75,3.3125,4.75],"texture":"#0"},"down":{"uv":[1.59375,7,1.5625,8],"texture":"#0"}}},{"from":[15.5,-10,-1.5],"to":[16.5,28.1,16.5],"rotation":{"angle":0,"axis":"y","origin":[0.5,0,1.5]},"faces":{"north":{"uv":[2.625,6.5625,2.6875,8.9375],"texture":"#0"},"east":{"uv":[0,2.375,1.125,4.75],"texture":"#0"},"south":{"uv":[2.6875,6.5625,2.75,8.9375],"texture":"#0"},"west":{"uv":[1.125,2.375,2.25,4.75],"texture":"#0"},"up":{"uv":[2.5625,8,2.5,6.875],"texture":"#0"},"down":{"uv":[2.625,6.875,2.5625,8],"texture":"#0"}}},{"from":[-4.5,-10,15.5],"to":[15.5,28.1,16.5],"rotation":{"angle":0,"axis":"y","origin":[0.5,0,1.5]},"faces":{"north":{"uv":[0,0,1.25,2.375],"texture":"#0"},"east":{"uv":[2.875,6.5625,2.9375,8.9375],"texture":"#0"},"south":{"uv":[1.25,0,2.5,2.375],"texture":"#0"},"west":{"uv":[2.9375,6.5625,3,8.9375],"texture":"#0"},"up":{"uv":[8.1875,0.5625,6.9375,0.5],"texture":"#0"},"down":{"uv":[8.1875,0.5625,6.9375,0.625],"texture":"#0"}}},{"from":[-0.5,0,-1.5],"to":[15.5,27,-0.5],"rotation":{"angle":0,"axis":"y","origin":[0.5,0,1.5]},"faces":{"north":{"uv":[3.375,4.125,4.375,5.8125],"texture":"#0"},"east":{"uv":[6.3125,6.6875,6.375,8.375],"texture":"#0"},"west":{"uv":[6.375,6.6875,6.4375,8.375],"texture":"#0"},"up":{"uv":[7.9375,0.9375,6.9375,0.875],"texture":"#0"},"down":{"uv":[7.9375,0.9375,6.9375,1],"texture":"#0"}}},{"from":[-4.5,0,-1.5],"to":[-0.5,27,-0.5],"rotation":{"angle":0,"axis":"y","origin":[0.5,0,1.5]},"faces":{"north":{"uv":[0,5.8125,0.25,7.5],"texture":"#0"},"east":{"uv":[4,6.8125,4.0625,8.5],"texture":"#0"},"south":{"uv":[0.25,5.8125,0.5,7.5],"texture":"#0"},"west":{"uv":[4.0625,6.8125,4.125,8.5],"texture":"#0"},"up":{"uv":[4.875,1.6875,4.625,1.625],"texture":"#0"},"down":{"uv":[4.875,1.6875,4.625,1.75],"texture":"#0"}}},{"from":[-4,10,-1.52],"to":[0,14,-1.52],"rotation":{"angle":0,"axis":"y","origin":[0.5,0,1.5]},"faces":{"north":{"uv":[0,0,16,16],"texture":"#20"},"east":{"uv":[4,6.8125,4.0625,8.5],"texture":"#0"},"south":{"uv":[0.25,5.8125,0.5,7.5],"texture":"#0"},"west":{"uv":[4.0625,6.8125,4.125,8.5],"texture":"#0"},"up":{"uv":[4.875,1.6875,4.625,1.625],"texture":"#0"},"down":{"uv":[4.875,1.6875,4.625,1.75],"texture":"#0"}}},{"from":[-5.4,8.25,-1.52],"to":[-1.4,12.25,-1.52],"rotation":{"angle":0,"axis":"y","origin":[0.5,0,1.5]},"faces":{"north":{"uv":[0,0,16,16],"texture":"#23"},"east":{"uv":[4,6.8125,4.0625,8.5],"texture":"#0"},"south":{"uv":[0.25,5.8125,0.5,7.5],"texture":"#0"},"west":{"uv":[4.0625,6.8125,4.125,8.5],"texture":"#0"},"up":{"uv":[4.875,1.6875,4.625,1.625],"texture":"#0"},"down":{"uv":[4.875,1.6875,4.625,1.75],"texture":"#0"}}},{"from":[-4,6,-1.52],"to":[0,10,-1.52],"rotation":{"angle":0,"axis":"y","origin":[0.5,0,1.5]},"faces":{"north":{"uv":[0,0,16,16],"texture":"#24"},"east":{"uv":[4,6.8125,4.0625,8.5],"texture":"#0"},"south":{"uv":[0.25,5.8125,0.5,7.5],"texture":"#0"},"west":{"uv":[4.0625,6.8125,4.125,8.5],"texture":"#0"},"up":{"uv":[4.875,1.6875,4.625,1.625],"texture":"#0"},"down":{"uv":[4.875,1.6875,4.625,1.75],"texture":"#0"}}},{"from":[-5.5,3.75,-1.52],"to":[-1.5,7.75,-1.52],"rotation":{"angle":0,"axis":"y","origin":[0.5,0,1.5]},"faces":{"north":{"uv":[0,0,16,16],"texture":"#25"},"east":{"uv":[4,6.8125,4.0625,8.5],"texture":"#0"},"south":{"uv":[0.25,5.8125,0.5,7.5],"texture":"#0"},"west":{"uv":[4.0625,6.8125,4.125,8.5],"texture":"#0"},"up":{"uv":[4.875,1.6875,4.625,1.625],"texture":"#0"},"down":{"uv":[4.875,1.6875,4.625,1.75],"texture":"#0"}}},{"from":[-4.05,1.8,-1.52],"to":[-0.05,5.8,-1.52],"rotation":{"angle":0,"axis":"y","origin":[0.5,0,1.5]},"faces":{"north":{"uv":[0,0,16,16],"texture":"#26"},"east":{"uv":[4,6.8125,4.0625,8.5],"texture":"#0"},"south":{"uv":[0.25,5.8125,0.5,7.5],"texture":"#0"},"west":{"uv":[4.0625,6.8125,4.125,8.5],"texture":"#0"},"up":{"uv":[4.875,1.6875,4.625,1.625],"texture":"#0"},"down":{"uv":[4.875,1.6875,4.625,1.75],"texture":"#0"}}},{"from":[-4.5,-10,-1.5],"to":[-0.5,0,-0.5],"rotation":{"angle":0,"axis":"y","origin":[0.5,0,1.5]},"faces":{"north":{"uv":[3.625,1.75,3.875,2.375],"texture":"#0"},"east":{"uv":[4.125,1.75,4.1875,2.375],"texture":"#0"},"south":{"uv":[3.875,1.75,4.125,2.375],"texture":"#0"},"west":{"uv":[4.1875,1.75,4.25,2.375],"texture":"#0"},"up":{"uv":[5.125,1.6875,4.875,1.625],"texture":"#0"},"down":{"uv":[5.125,1.6875,4.875,1.75],"texture":"#0"}}},{"from":[14.8,-10,-1.5],"to":[15.5,0,-0.5],"rotation":{"angle":0,"axis":"y","origin":[0.5,0,1.5]},"faces":{"north":{"uv":[0.5,5.8125,0.53125,6.4375],"texture":"#0"},"east":{"uv":[4.25,1.75,4.3125,2.375],"texture":"#0"},"south":{"uv":[0.5625,5.8125,0.59375,6.4375],"texture":"#0"},"west":{"uv":[4.3125,1.75,4.375,2.375],"texture":"#0"},"up":{"uv":[3.28125,5.8125,3.25,5.75],"texture":"#0"},"down":{"uv":[3.34375,5.75,3.3125,5.8125],"texture":"#0"}}},{"from":[-4.5,-10.01,-0.5],"to":[15.5,-9.6,15.5],"rotation":{"angle":0,"axis":"y","origin":[0.5,0,1.5]},"faces":{"north":{"uv":[4.125,7,5.375,7.03125],"texture":"#0"},"east":{"uv":[3,7,4,7.03125],"texture":"#0"},"south":{"uv":[6.4375,7,7.6875,7.03125],"texture":"#0"},"west":{"uv":[0.5,7.0625,1.5,7.09375],"texture":"#0"},"up":{"uv":[2.5,5.75,1.25,4.75],"texture":"#0"},"down":{"uv":[6.625,1.0625,5.375,2.0625],"texture":"#0"}}},{"from":[-4.5,27,-1.5],"to":[15.5,28.1,15.5],"rotation":{"angle":0,"axis":"y","origin":[0.5,0,1.5]},"faces":{"north":{"uv":[6.9375,0.625,8.1875,0.6875],"texture":"#0"},"east":{"uv":[6.9375,0.75,8,0.8125],"texture":"#0"},"south":{"uv":[6.9375,0.6875,8.1875,0.75],"texture":"#0"},"west":{"uv":[6.9375,0.8125,8,0.875],"texture":"#0"},"up":{"uv":[5.625,4.5,4.375,3.4375],"texture":"#0"},"down":{"uv":[5.625,4.5,4.375,5.5625],"texture":"#0"}}},{"from":[-0.5,-2,-1.5],"to":[14.8,0,-0.5],"rotation":{"angle":0,"axis":"y","origin":[0.5,0,1.5]},"faces":{"north":{"uv":[6.625,1.9375,7.59375,2.0625],"texture":"#0"},"east":{"uv":[0.75,5.9375,0.8125,6.0625],"texture":"#0"},"south":{"uv":[6.625,5.1875,7.59375,5.3125],"texture":"#0"},"west":{"uv":[0.8125,5.9375,0.875,6.0625],"texture":"#0"},"up":{"uv":[3.96875,7,3,6.9375],"texture":"#0"},"down":{"uv":[1.46875,7,0.5,7.0625],"texture":"#0"}}},{"from":[-0.5,-10,-1.5],"to":[14.8,-7.5,0.5],"rotation":{"angle":0,"axis":"y","origin":[0.5,0,1.5]},"faces":{"north":{"uv":[4.3125,6.6875,5.28125,6.84375],"texture":"#0"},"east":{"uv":[5.75,5.3125,5.875,5.46875],"texture":"#0"},"south":{"uv":[5.3125,6.6875,6.28125,6.84375],"texture":"#0"},"west":{"uv":[0.625,5.8125,0.75,5.96875],"texture":"#0"},"up":{"uv":[3.96875,6.9375,3,6.8125],"texture":"#0"},"down":{"uv":[7.84375,0,6.875,0.125],"texture":"#0"}}},{"from":[-0.6,-7.4,-0.1],"to":[14.9,-2,-0.1],"rotation":{"angle":0,"axis":"y","origin":[0.5,0,1.5]},"faces":{"north":{"uv":[6.625,4.5625,7.59375,4.875],"texture":"#0"},"east":{"uv":[0,0,0,0.3125],"texture":"#0"},"west":{"uv":[0,0,0,0.3125],"texture":"#0"},"up":{"uv":[0.96875,0,0,0],"texture":"#0"},"down":{"uv":[0.96875,0,0,0],"texture":"#0"}}},{"from":[-0.5,-7.4,-1.1],"to":[14.9,-2,-1.1],"rotation":{"angle":0,"axis":"y","origin":[0.5,0,1.5]},"faces":{"north":{"uv":[3.25,5.8125,4.21875,6.15625],"texture":"#0"},"east":{"uv":[0,0,0,0.34375],"texture":"#0"},"west":{"uv":[0,0,0,0.34375],"texture":"#0"},"up":{"uv":[0.96875,0,0,0],"texture":"#0"},"down":{"uv":[0.96875,0,0,0],"texture":"#0"}}},{"from":[-0.5,21,5.5],"to":[15.5,22.4,15.5],"rotation":{"angle":0,"axis":"y","origin":[0.5,0,1.5]},"faces":{"north":{"uv":[6.875,0.125,7.875,0.21875],"texture":"#0"},"east":{"uv":[2.5,4.75,3.3125,4.84375],"texture":"#0"},"south":{"uv":[6.875,0.25,7.875,0.34375],"texture":"#0"},"west":{"uv":[2.5,4.875,3.3125,4.96875],"texture":"#0"},"up":{"uv":[6.375,2.875,5.375,2.0625],"texture":"#0"},"down":{"uv":[5.375,5.5625,4.375,6.375],"texture":"#0"}}},{"from":[-0.5,15,5.5],"to":[15.5,16.4,15.5],"rotation":{"angle":0,"axis":"y","origin":[0.5,0,1.5]},"faces":{"north":{"uv":[6.875,0.125,7.875,0.21875],"texture":"#0"},"east":{"uv":[2.5,5,3.3125,5.09375],"texture":"#0"},"south":{"uv":[1.5,6.875,2.5,6.96875],"texture":"#0"},"west":{"uv":[2.5,5.125,3.3125,5.21875],"texture":"#0"},"up":{"uv":[6.375,2.875,5.375,2.0625],"texture":"#0"},"down":{"uv":[6.625,2.875,5.625,3.6875],"texture":"#0"}}},{"from":[-0.5,9,5.4],"to":[15.5,10.4,15.5],"rotation":{"angle":0,"axis":"y","origin":[0.5,0,1.5]},"faces":{"north":{"uv":[6.875,0.125,7.875,0.21875],"texture":"#0"},"east":{"uv":[2.5,5.25,3.3125,5.34375],"texture":"#0"},"south":{"uv":[5.125,6.875,6.125,6.96875],"texture":"#0"},"west":{"uv":[2.5,5.375,3.3125,5.46875],"texture":"#0"},"up":{"uv":[6.375,2.875,5.375,2.0625],"texture":"#0"},"down":{"uv":[6.625,4.5,5.625,5.3125],"texture":"#0"}}},{"from":[-0.5,3,5.4],"to":[15.5,4.4,15.4],"rotation":{"angle":0,"axis":"y","origin":[0.5,0,1.5]},"faces":{"north":{"uv":[6.875,0.125,7.875,0.21875],"texture":"#0"},"east":{"uv":[2.5,5.5,3.3125,5.59375],"texture":"#0"},"south":{"uv":[6.9375,0.375,7.9375,0.46875],"texture":"#0"},"west":{"uv":[2.5,5.625,3.3125,5.71875],"texture":"#0"},"up":{"uv":[6.375,2.875,5.375,2.0625],"texture":"#0"},"down":{"uv":[3.25,5.75,2.25,6.5625],"texture":"#0"}}},{"from":[-4.5,-0.4,-0.5],"to":[15.5,0,15.5],"rotation":{"angle":0,"axis":"y","origin":[0.5,0,1.5]},"faces":{"north":{"uv":[4.125,7.0625,5.375,7.09375],"texture":"#0"},"east":{"uv":[4.125,7.125,5.1875,7.15625],"texture":"#0"},"south":{"uv":[6.4375,7.0625,7.6875,7.09375],"texture":"#0"},"west":{"uv":[6.4375,7.125,7.5,7.15625],"texture":"#0"},"up":{"uv":[5.875,1.0625,4.625,0],"texture":"#0"},"down":{"uv":[1.25,4.75,0,5.8125],"texture":"#0"}}},{"name":"fruits","from":[11.4,22.4,7.35],"to":[15.2,26.5,7.35],"faces":{"north":{"uv":[0,0,15.5,16],"texture":"#4"}}},{"name":"fruits","from":[11.4,22.4,10.05],"to":[15.2,26.5,10.05],"faces":{"north":{"uv":[0,0,15.5,16],"texture":"#4"}}},{"name":"fruits","from":[11.4,16.4,6.95],"to":[15.2,20.5,6.95],"faces":{"north":{"uv":[0,0,15.5,16],"texture":"#9"}}},{"name":"fruits","from":[11.4,16.4,10.05],"to":[15.2,20.5,10.05],"faces":{"north":{"uv":[0,0,15.5,16],"texture":"#9"}}},{"name":"fruits","from":[11.4,10.4,6.75],"to":[15.2,14.5,6.75],"faces":{"north":{"uv":[0,0,15.5,16],"texture":"#13"}}},{"name":"fruits","from":[11.4,10.4,9.85],"to":[15.2,14.5,9.85],"faces":{"north":{"uv":[0,0,15.5,16],"texture":"#13"}}},{"name":"fruits","from":[11.4,4.4,7.05],"to":[15.2,8.5,7.05],"faces":{"north":{"uv":[0,0,15.5,16],"texture":"#17"}}},{"name":"fruits","from":[11.4,4.4,9.35],"to":[15.2,8.5,9.35],"faces":{"north":{"uv":[0,0,15.5,16],"texture":"#17"}}},{"name":"fruits","from":[7.4,22.4,7.05],"to":[11.2,26.5,7.05],"faces":{"north":{"uv":[0,0,15.5,16],"texture":"#6"}}},{"name":"fruits","from":[7.4,22.4,10.05],"to":[11.2,26.5,10.05],"faces":{"north":{"uv":[0,0,15.5,16],"texture":"#6"}}},{"name":"fruits","from":[7.4,16.4,7.15],"to":[11.2,20.5,7.15],"faces":{"north":{"uv":[0,0,15.5,16],"texture":"#10"}}},{"name":"fruits","from":[7.4,16.4,10.05],"to":[11.2,20.5,10.05],"faces":{"north":{"uv":[0,0,15.5,16],"texture":"#10"}}},{"name":"fruits","from":[7.4,10.4,6.95],"to":[11.2,14.5,6.95],"faces":{"north":{"uv":[0,0,15.5,16],"texture":"#14"}}},{"name":"fruits","from":[7.4,10.4,9.75],"to":[11.2,14.5,9.75],"faces":{"north":{"uv":[0,0,15.5,16],"texture":"#14"}}},{"name":"fruits","from":[7.4,4.4,6.95],"to":[11.2,8.5,6.95],"faces":{"north":{"uv":[0,0,15.5,16],"texture":"#19"}}},{"name":"fruits","from":[7.4,4.4,9.95],"to":[11.2,8.5,9.95],"faces":{"north":{"uv":[0,0,15.5,16],"texture":"#19"}}},{"name":"fruits","from":[3.5,22.4,7.15],"to":[7.3,26.5,7.15],"faces":{"north":{"uv":[0,0,15.5,16],"texture":"#7"}}},{"name":"fruits","from":[3.5,22.4,10.05],"to":[7.3,26.5,10.05],"faces":{"north":{"uv":[0,0,15.5,16],"texture":"#7"}}},{"name":"fruits","from":[3.5,16.4,7.15],"to":[7.3,20.5,7.15],"faces":{"north":{"uv":[0,0,15.5,16],"texture":"#11"}}},{"name":"fruits","from":[3.5,16.4,10.05],"to":[7.3,20.5,10.05],"faces":{"north":{"uv":[0,0,15.5,16],"texture":"#11"}}},{"name":"fruits","from":[3.5,10.4,7.15],"to":[7.3,14.5,7.15],"faces":{"north":{"uv":[0,0,15.5,16],"texture":"#15"}}},{"name":"fruits","from":[3.5,10.4,9.75],"to":[7.3,14.5,9.75],"faces":{"north":{"uv":[0,0,15.5,16],"texture":"#15"}}},{"name":"fruits","from":[3.4,4.4,6.75],"to":[7.2,8.5,6.75],"faces":{"north":{"uv":[0,0,15.5,16],"texture":"#21"}}},{"name":"fruits","from":[3.5,4.4,9.85],"to":[7.3,8.5,9.85],"faces":{"north":{"uv":[0,0,15.5,16],"texture":"#21"}}},{"name":"fruits","from":[-0.2,22.4,7.35],"to":[3.6,26.5,7.35],"faces":{"north":{"uv":[0,0,15.5,16],"texture":"#8"}}},{"name":"fruits","from":[-0.2,22.4,10.05],"to":[3.6,26.5,10.05],"faces":{"north":{"uv":[0,0,15.5,16],"texture":"#8"}}},{"name":"fruits","from":[-0.2,16.4,7.05],"to":[3.6,20.5,7.05],"faces":{"north":{"uv":[0,0,15.5,16],"texture":"#12"}}},{"name":"fruits","from":[-0.2,16.4,10.05],"to":[3.6,20.5,10.05],"faces":{"north":{"uv":[0,0,15.5,16],"texture":"#12"}}},{"name":"fruits","from":[-0.2,10.4,7.05],"to":[3.6,14.5,7.05],"faces":{"north":{"uv":[0,0,15.5,16],"texture":"#16"}}},{"name":"fruits","from":[-0.2,10.4,9.85],"to":[3.6,14.5,9.85],"faces":{"north":{"uv":[0,0,15.5,16],"texture":"#16"}}},{"name":"fruits","from":[-0.4,4.4,6.85],"to":[3.4,8.5,6.85],"faces":{"north":{"uv":[0,0,15.5,16],"texture":"#22"}}},{"name":"fruits","from":[-0.3,4.4,10.05],"to":[3.5,8.5,10.05],"faces":{"north":{"uv":[0,0,15.5,16],"texture":"#22"}}},{"from":[-1,22.4,4.95],"to":[16,27.4,4.95],"faces":{"north":{"uv":[0,0,8.5,2.5],"texture":"#3"}}},{"from":[-1,16.4,5.1],"to":[16,21.05,5.1],"faces":{"north":{"uv":[0,0,8.5,2.5],"texture":"#3"}}},{"from":[-1,10.4,4.95],"to":[16,15,4.95],"faces":{"north":{"uv":[0,0,8.5,2.5],"texture":"#3"}}},{"from":[-1,4.4,4.95],"to":[16,9,4.95],"faces":{"north":{"uv":[0,0,8.5,2.5],"texture":"#3"}}},{"from":[-4,-13,0],"to":[-1,-10,3],"faces":{"north":{"uv":[5,1.0625,5.125,1.25],"texture":"#0"},"east":{"uv":[5,1.0625,5.125,1.25],"texture":"#0"},"south":{"uv":[5,1.0625,5.125,1.25],"texture":"#0"},"west":{"uv":[5,1.0625,5.125,1.25],"texture":"#0"},"up":{"uv":[5,1.0625,5.125,1.25],"texture":"#0"},"down":{"uv":[5,1.0625,5.125,1.25],"texture":"#0"}}},{"from":[-4.1,-13,12],"to":[-1.1,-10,15],"rotation":{"angle":0,"axis":"y","origin":[-0.1,0,0]},"faces":{"north":{"uv":[5.125,1.25,5.25,1.4375],"texture":"#0"},"east":{"uv":[5.125,1.25,5.25,1.4375],"texture":"#0"},"south":{"uv":[5.125,1.25,5.25,1.4375],"texture":"#0"},"west":{"uv":[5.125,1.25,5.25,1.4375],"texture":"#0"},"up":{"uv":[5.125,1.25,5.25,1.4375],"texture":"#0"},"down":{"uv":[5.125,1.25,5.25,1.4375],"texture":"#0"}}},{"from":[11.9,-13,12],"to":[14.9,-10,15],"rotation":{"angle":0,"axis":"y","origin":[-0.1,0,0]},"faces":{"north":{"uv":[5.25,1.4375,5.375,1.625],"texture":"#0"},"east":{"uv":[5.25,1.4375,5.375,1.625],"texture":"#0"},"south":{"uv":[5.25,1.4375,5.375,1.625],"texture":"#0"},"west":{"uv":[5.25,1.4375,5.375,1.625],"texture":"#0"},"up":{"uv":[5.25,1.4375,5.375,1.625],"texture":"#0"},"down":{"uv":[5.25,1.4375,5.375,1.625],"texture":"#0"}}},{"from":[11.9,-13,0],"to":[14.9,-10,3],"rotation":{"angle":0,"axis":"y","origin":[-0.1,0,0]},"faces":{"north":{"uv":[5.5,3.0625,5.625,3.25],"texture":"#0"},"east":{"uv":[5.5,3.0625,5.625,3.25],"texture":"#0"},"south":{"uv":[5.5,3.0625,5.625,3.25],"texture":"#0"},"west":{"uv":[5.5,3.0625,5.625,3.25],"texture":"#0"},"up":{"uv":[5.5,3.0625,5.625,3.25],"texture":"#0"},"down":{"uv":[5.5,3.0625,5.625,3.25],"texture":"#0"}}},{"from":[-3.9,12.8,-2.5],"to":[-1.1,15.8,0.5],"rotation":{"angle":22.5,"axis":"x","origin":[0.1,12,-1]},"faces":{"north":{"uv":[4.625,1.0625,4.8125,1.25],"texture":"#0"},"east":{"uv":[4.625,1.25,4.8125,1.4375],"texture":"#0"},"south":{"uv":[4.625,1.4375,4.8125,1.625],"texture":"#0"},"west":{"uv":[4.8125,1.0625,5,1.25],"texture":"#0"},"up":{"uv":[5,1.4375,4.8125,1.25],"texture":"#0"},"down":{"uv":[5,1.4375,4.8125,1.625],"texture":"#0"}}},{"from":[-3.7,17.35,-1.7],"to":[-1.3,18.1,-1.5],"rotation":{"angle":0,"axis":"y","origin":[0.1,0,0]},"faces":{"north":{"uv":[5.875,1,6.03125,1.03125],"texture":"#0"},"east":{"uv":[0.625,6,0.65625,6.03125],"texture":"#0"},"south":{"uv":[5.875,5.4375,6.03125,5.46875],"texture":"#0"},"west":{"uv":[0.6875,6,0.71875,6.03125],"texture":"#0"},"up":{"uv":[1.03125,5.96875,0.875,5.9375],"texture":"#0"},"down":{"uv":[1.21875,5.9375,1.0625,5.96875],"texture":"#0"}}},{"from":[-1.7,21.6,-1.7],"to":[-1.3,22.1,-1.5],"rotation":{"angle":0,"axis":"y","origin":[0.1,0,0]},"faces":{"north":{"uv":[4.25,6,4.28125,6.03125],"texture":"#0"},"east":{"uv":[4.3125,6,4.34375,6.03125],"texture":"#0"},"south":{"uv":[6,5.3125,6.03125,5.34375],"texture":"#0"},"west":{"uv":[6,5.375,6.03125,5.40625],"texture":"#0"},"up":{"uv":[6.03125,5.53125,6,5.5],"texture":"#0"},"down":{"uv":[0.65625,6.0625,0.625,6.09375],"texture":"#0"}}},{"from":[-2.7,21.6,-1.7],"to":[-2.3,22.1,-1.5],"rotation":{"angle":0,"axis":"y","origin":[0.1,0,0]},"faces":{"north":{"uv":[0.6875,6.0625,0.71875,6.09375],"texture":"#0"},"east":{"uv":[0.75,6.0625,0.78125,6.09375],"texture":"#0"},"south":{"uv":[0.8125,6.0625,0.84375,6.09375],"texture":"#0"},"west":{"uv":[0.875,6.0625,0.90625,6.09375],"texture":"#0"},"up":{"uv":[0.96875,6.09375,0.9375,6.0625],"texture":"#0"},"down":{"uv":[1.03125,6.0625,1,6.09375],"texture":"#0"}}},{"from":[-3.7,21.6,-1.7],"to":[-3.3,22.1,-1.5],"rotation":{"angle":0,"axis":"y","origin":[0.1,0,0]},"faces":{"north":{"uv":[6.0625,1,6.09375,1.03125],"texture":"#0"},"east":{"uv":[1.0625,6.0625,1.09375,6.09375],"texture":"#0"},"south":{"uv":[1.125,6.0625,1.15625,6.09375],"texture":"#0"},"west":{"uv":[1.1875,6.0625,1.21875,6.09375],"texture":"#0"},"up":{"uv":[4.28125,6.09375,4.25,6.0625],"texture":"#0"},"down":{"uv":[4.34375,6.0625,4.3125,6.09375],"texture":"#0"}}},{"from":[-3.7,20.6,-1.7],"to":[-3.3,21.1,-1.5],"rotation":{"angle":0,"axis":"y","origin":[0.1,0,0]},"faces":{"north":{"uv":[6.0625,5.3125,6.09375,5.34375],"texture":"#0"},"east":{"uv":[6.0625,5.375,6.09375,5.40625],"texture":"#0"},"south":{"uv":[6.0625,5.4375,6.09375,5.46875],"texture":"#0"},"west":{"uv":[6.0625,5.5,6.09375,5.53125],"texture":"#0"},"up":{"uv":[0.65625,6.15625,0.625,6.125],"texture":"#0"},"down":{"uv":[0.71875,6.125,0.6875,6.15625],"texture":"#0"}}},{"from":[-2.7,20.6,-1.7],"to":[-2.3,21.1,-1.5],"rotation":{"angle":0,"axis":"y","origin":[0.1,0,0]},"faces":{"north":{"uv":[0.75,6.125,0.78125,6.15625],"texture":"#0"},"east":{"uv":[0.8125,6.125,0.84375,6.15625],"texture":"#0"},"south":{"uv":[0.875,6.125,0.90625,6.15625],"texture":"#0"},"west":{"uv":[0.9375,6.125,0.96875,6.15625],"texture":"#0"},"up":{"uv":[1.03125,6.15625,1,6.125],"texture":"#0"},"down":{"uv":[6.15625,1,6.125,1.03125],"texture":"#0"}}},{"from":[-1.7,20.6,-1.7],"to":[-1.3,21.1,-1.5],"rotation":{"angle":0,"axis":"y","origin":[0.1,0,0]},"faces":{"north":{"uv":[1.0625,6.125,1.09375,6.15625],"texture":"#0"},"east":{"uv":[1.125,6.125,1.15625,6.15625],"texture":"#0"},"south":{"uv":[1.1875,6.125,1.21875,6.15625],"texture":"#0"},"west":{"uv":[4.25,6.125,4.28125,6.15625],"texture":"#0"},"up":{"uv":[4.34375,6.15625,4.3125,6.125],"texture":"#0"},"down":{"uv":[6.15625,5.3125,6.125,5.34375],"texture":"#0"}}},{"from":[-1.7,19.6,-1.7],"to":[-1.3,20.1,-1.5],"rotation":{"angle":0,"axis":"y","origin":[0.1,0,0]},"faces":{"north":{"uv":[6.125,5.375,6.15625,5.40625],"texture":"#0"},"east":{"uv":[6.125,5.4375,6.15625,5.46875],"texture":"#0"},"south":{"uv":[6.125,5.5,6.15625,5.53125],"texture":"#0"},"west":{"uv":[0.625,6.1875,0.65625,6.21875],"texture":"#0"},"up":{"uv":[0.71875,6.21875,0.6875,6.1875],"texture":"#0"},"down":{"uv":[0.78125,6.1875,0.75,6.21875],"texture":"#0"}}},{"from":[-2.7,19.6,-1.7],"to":[-2.3,20.1,-1.5],"rotation":{"angle":0,"axis":"y","origin":[0.1,0,0]},"faces":{"north":{"uv":[0.8125,6.1875,0.84375,6.21875],"texture":"#0"},"east":{"uv":[0.875,6.1875,0.90625,6.21875],"texture":"#0"},"south":{"uv":[0.9375,6.1875,0.96875,6.21875],"texture":"#0"},"west":{"uv":[1,6.1875,1.03125,6.21875],"texture":"#0"},"up":{"uv":[6.21875,1.03125,6.1875,1],"texture":"#0"},"down":{"uv":[1.09375,6.1875,1.0625,6.21875],"texture":"#0"}}},{"from":[-3.7,19.6,-1.7],"to":[-3.3,20.1,-1.5],"rotation":{"angle":0,"axis":"y","origin":[0.1,0,0]},"faces":{"north":{"uv":[1.125,6.1875,1.15625,6.21875],"texture":"#0"},"east":{"uv":[1.1875,6.1875,1.21875,6.21875],"texture":"#0"},"south":{"uv":[4.3125,6.1875,4.34375,6.21875],"texture":"#0"},"west":{"uv":[6.1875,5.3125,6.21875,5.34375],"texture":"#0"},"up":{"uv":[6.21875,5.40625,6.1875,5.375],"texture":"#0"},"down":{"uv":[6.21875,5.4375,6.1875,5.46875],"texture":"#0"}}},{"from":[-3.7,18.6,-1.7],"to":[-3.3,19.1,-1.5],"rotation":{"angle":0,"axis":"y","origin":[0.1,0,0]},"faces":{"north":{"uv":[6.1875,5.5,6.21875,5.53125],"texture":"#0"},"east":{"uv":[0.625,6.25,0.65625,6.28125],"texture":"#0"},"south":{"uv":[0.6875,6.25,0.71875,6.28125],"texture":"#0"},"west":{"uv":[0.75,6.25,0.78125,6.28125],"texture":"#0"},"up":{"uv":[0.84375,6.28125,0.8125,6.25],"texture":"#0"},"down":{"uv":[0.90625,6.25,0.875,6.28125],"texture":"#0"}}},{"from":[-2.7,18.6,-1.7],"to":[-2.3,19.1,-1.5],"rotation":{"angle":0,"axis":"y","origin":[0.1,0,0]},"faces":{"north":{"uv":[0.9375,6.25,0.96875,6.28125],"texture":"#0"},"east":{"uv":[1,6.25,1.03125,6.28125],"texture":"#0"},"south":{"uv":[6.25,1,6.28125,1.03125],"texture":"#0"},"west":{"uv":[1.0625,6.25,1.09375,6.28125],"texture":"#0"},"up":{"uv":[1.15625,6.28125,1.125,6.25],"texture":"#0"},"down":{"uv":[1.21875,6.25,1.1875,6.28125],"texture":"#0"}}},{"from":[-1.7,18.6,-1.7],"to":[-1.3,19.1,-1.5],"rotation":{"angle":0,"axis":"y","origin":[0.1,0,0]},"faces":{"north":{"uv":[4.3125,6.25,4.34375,6.28125],"texture":"#0"},"east":{"uv":[6.25,5.3125,6.28125,5.34375],"texture":"#0"},"south":{"uv":[6.25,5.375,6.28125,5.40625],"texture":"#0"},"west":{"uv":[6.25,5.4375,6.28125,5.46875],"texture":"#0"},"up":{"uv":[6.28125,5.53125,6.25,5.5],"texture":"#0"},"down":{"uv":[0.65625,6.3125,0.625,6.34375],"texture":"#0"}}},{"from":[-3.9,17.25,-1.8],"to":[-1.2,18.2,-1.7],"rotation":{"angle":0,"axis":"y","origin":[0.1,0,0]},"faces":{"north":{"uv":[0,0,2.6875,1.0625],"texture":"#1"},"east":{"uv":[3,2,3.125,3.0625],"texture":"#1"},"south":{"uv":[0,2,2.6875,3.0625],"texture":"#1"},"west":{"uv":[0,4,0.125,5.0625],"texture":"#1"},"up":{"uv":[5.6875,0.125,3,0],"texture":"#1"},"down":{"uv":[5.6875,1,3,1.125],"texture":"#1"}}},{"from":[-1.9,21.5,-1.8],"to":[-1.2,22.2,-1.7],"rotation":{"angle":0,"axis":"y","origin":[0.1,0,0]},"faces":{"north":{"uv":[0.6875,6.3125,1.375,7],"texture":"#1"},"east":{"uv":[0.75,6.3125,0.78125,6.34375],"texture":"#0"},"south":{"uv":[0.8125,6.3125,0.84375,6.34375],"texture":"#0"},"west":{"uv":[0.875,6.3125,0.90625,6.34375],"texture":"#0"},"up":{"uv":[0.96875,6.34375,0.9375,6.3125],"texture":"#0"},"down":{"uv":[1.03125,6.3125,1,6.34375],"texture":"#0"}}},{"from":[-2.9,21.5,-1.8],"to":[-2.2,22.2,-1.7],"rotation":{"angle":0,"axis":"y","origin":[0.1,0,0]},"faces":{"north":{"uv":[2.4375,6.125,3.125,6.8125],"texture":"#1"},"east":{"uv":[1.0625,6.3125,1.09375,6.34375],"texture":"#0"},"south":{"uv":[1.125,6.3125,1.15625,6.34375],"texture":"#0"},"west":{"uv":[1.1875,6.3125,1.21875,6.34375],"texture":"#0"},"up":{"uv":[4.34375,6.34375,4.3125,6.3125],"texture":"#0"},"down":{"uv":[6.34375,5.3125,6.3125,5.34375],"texture":"#0"}}},{"from":[-3.9,21.5,-1.8],"to":[-3.2,22.2,-1.7],"rotation":{"angle":0,"axis":"y","origin":[0.1,0,0]},"faces":{"north":{"uv":[4.6875,6.3125,5.375,7],"texture":"#1"},"east":{"uv":[6.3125,5.4375,6.34375,5.46875],"texture":"#0"},"south":{"uv":[6.3125,5.5,6.34375,5.53125],"texture":"#0"},"west":{"uv":[0.625,6.375,0.65625,6.40625],"texture":"#0"},"up":{"uv":[0.71875,6.40625,0.6875,6.375],"texture":"#0"},"down":{"uv":[0.78125,6.375,0.75,6.40625],"texture":"#0"}}},{"from":[-3.9,20.5,-1.8],"to":[-3.2,21.2,-1.7],"rotation":{"angle":0,"axis":"y","origin":[0.1,0,0]},"faces":{"north":{"uv":[0.6875,8.8125,1.375,9.5],"texture":"#1"},"east":{"uv":[0.875,6.375,0.90625,6.40625],"texture":"#0"},"south":{"uv":[0.9375,6.375,0.96875,6.40625],"texture":"#0"},"west":{"uv":[1,6.375,1.03125,6.40625],"texture":"#0"},"up":{"uv":[6.40625,1.03125,6.375,1],"texture":"#0"},"down":{"uv":[1.09375,6.375,1.0625,6.40625],"texture":"#0"}}},{"from":[-2.9,20.5,-1.8],"to":[-2.2,21.2,-1.7],"rotation":{"angle":0,"axis":"y","origin":[0.1,0,0]},"faces":{"north":{"uv":[10.125,6.1875,10.8125,6.875],"texture":"#1"},"east":{"uv":[1.1875,6.375,1.21875,6.40625],"texture":"#0"},"south":{"uv":[6.375,2.6875,6.40625,2.71875],"texture":"#0"},"west":{"uv":[6.375,2.75,6.40625,2.78125],"texture":"#0"},"up":{"uv":[6.40625,2.84375,6.375,2.8125],"texture":"#0"},"down":{"uv":[6.40625,6.25,6.375,6.28125],"texture":"#0"}}},{"from":[-1.9,20.5,-1.8],"to":[-1.2,21.2,-1.7],"rotation":{"angle":0,"axis":"y","origin":[0.1,0,0]},"faces":{"north":{"uv":[7.0625,6.0625,7.75,6.75],"texture":"#1"},"east":{"uv":[0.5,6.4375,0.53125,6.46875],"texture":"#0"},"south":{"uv":[0.5625,6.4375,0.59375,6.46875],"texture":"#0"},"west":{"uv":[0.625,6.4375,0.65625,6.46875],"texture":"#0"},"up":{"uv":[0.71875,6.46875,0.6875,6.4375],"texture":"#0"},"down":{"uv":[0.78125,6.4375,0.75,6.46875],"texture":"#0"}}},{"from":[-1.9,19.5,-1.8],"to":[-1.2,20.2,-1.7],"rotation":{"angle":0,"axis":"y","origin":[0.1,0,0]},"faces":{"north":{"uv":[3,8.8125,3.6875,9.5],"texture":"#1"},"east":{"uv":[0.875,6.4375,0.90625,6.46875],"texture":"#0"},"south":{"uv":[0.9375,6.4375,0.96875,6.46875],"texture":"#0"},"west":{"uv":[1,6.4375,1.03125,6.46875],"texture":"#0"},"up":{"uv":[6.46875,1.03125,6.4375,1],"texture":"#0"},"down":{"uv":[1.09375,6.4375,1.0625,6.46875],"texture":"#0"}}},{"from":[-2.9,19.5,-1.8],"to":[-2.2,20.2,-1.7],"rotation":{"angle":0,"axis":"y","origin":[0.1,0,0]},"faces":{"north":{"uv":[5.5625,8.625,6.25,9.3125],"texture":"#1"},"east":{"uv":[1.1875,6.4375,1.21875,6.46875],"texture":"#0"},"south":{"uv":[6.4375,2.6875,6.46875,2.71875],"texture":"#0"},"west":{"uv":[6.4375,2.75,6.46875,2.78125],"texture":"#0"},"up":{"uv":[6.46875,2.84375,6.4375,2.8125],"texture":"#0"},"down":{"uv":[0.53125,6.5,0.5,6.53125],"texture":"#0"}}},{"from":[-3.9,19.5,-1.8],"to":[-3.2,20.2,-1.7],"rotation":{"angle":0,"axis":"y","origin":[0.1,0,0]},"faces":{"north":{"uv":[10.8125,8.4375,11.5,9.125],"texture":"#1"},"east":{"uv":[0.625,6.5,0.65625,6.53125],"texture":"#0"},"south":{"uv":[0.6875,6.5,0.71875,6.53125],"texture":"#0"},"west":{"uv":[0.75,6.5,0.78125,6.53125],"texture":"#0"},"up":{"uv":[0.84375,6.53125,0.8125,6.5],"texture":"#0"},"down":{"uv":[0.90625,6.5,0.875,6.53125],"texture":"#0"}}},{"from":[-3.9,18.5,-1.8],"to":[-3.2,19.2,-1.7],"rotation":{"angle":0,"axis":"y","origin":[0.1,0,0]},"faces":{"north":{"uv":[10.125,13.125,10.8125,13.8125],"texture":"#1"},"east":{"uv":[1,6.5,1.03125,6.53125],"texture":"#0"},"south":{"uv":[6.5,1,6.53125,1.03125],"texture":"#0"},"west":{"uv":[1.0625,6.5,1.09375,6.53125],"texture":"#0"},"up":{"uv":[1.15625,6.53125,1.125,6.5],"texture":"#0"},"down":{"uv":[1.21875,6.5,1.1875,6.53125],"texture":"#0"}}},{"from":[-2.9,18.5,-1.8],"to":[-2.2,19.2,-1.7],"rotation":{"angle":0,"axis":"y","origin":[0.1,0,0]},"faces":{"north":{"uv":[5.0625,11.9375,5.75,12.625],"texture":"#1"},"east":{"uv":[6.5,2.75,6.53125,2.78125],"texture":"#0"},"south":{"uv":[6.5,2.8125,6.53125,2.84375],"texture":"#0"},"west":{"uv":[6.5625,1,6.59375,1.03125],"texture":"#0"},"up":{"uv":[6.59375,2.71875,6.5625,2.6875],"texture":"#0"},"down":{"uv":[6.59375,2.75,6.5625,2.78125],"texture":"#0"}}},{"from":[-1.9,18.5,-1.8],"to":[-1.2,19.2,-1.7],"rotation":{"angle":0,"axis":"y","origin":[0.1,0,0]},"faces":{"north":{"uv":[1.1875,11.75,1.875,12.4375],"texture":"#1"},"east":{"uv":[3,6.5625,3.03125,6.59375],"texture":"#0"},"south":{"uv":[3.0625,6.5625,3.09375,6.59375],"texture":"#0"},"west":{"uv":[3.125,6.5625,3.15625,6.59375],"texture":"#0"},"up":{"uv":[3.21875,6.59375,3.1875,6.5625],"texture":"#0"},"down":{"uv":[3.03125,6.625,3,6.65625],"texture":"#0"}}}],"display":{"thirdperson_righthand":{"rotation":[32.75,0,0],"translation":[0.5,0.75,-0.5],"scale":[0.2,0.2,0.2]},"thirdperson_lefthand":{"rotation":[32.75,0,0],"translation":[0.5,0.75,-0.5],"scale":[0.2,0.2,0.2]},"firstperson_righthand":{"rotation":[0,172,0],"translation":[0,3.25,0],"scale":[0.2,0.2,0.2]},"firstperson_lefthand":{"rotation":[0,172,0],"translation":[0,3.25,0],"scale":[0.2,0.2,0.2]},"ground":{"translation":[0,2.5,0],"scale":[0.2,0.2,0.2]},"gui":{"rotation":[18.5,-147.25,0],"translation":[-0.25,-0.25,0],"scale":[0.3,0.3,0.3]},"head":{"rotation":[0,-180,0],"translation":[-3.25,-14.75,-1],"scale":[1.3,1.36,1.3]},"fixed":{"translation":[0.5,0,-3],"scale":[0.45,0.45,0.45]}},"groups":[{"name":"group","origin":[8,8,8],"children":[0,1,2,3,4,5,6,7,8,9,10,11,12,13,14,15,16,17,18,19,20,21,22,23,24,25,26,27,28,29,30,31,32,33,34,35,36,37,38,39,40,41,42,43,44,45,46,47,48,49,50,51,52,53,54,55,56,57,58,59,60,61,62,63,64,65,66,67,68,69,70,71,72,73,74,75,76,77,78,79,80,81,82,83,84,85,86,87,88,89,90]}]}