{"credit":"Made with Blockbench","texture_size":[64,64],"textures":{"1":"spectra_spirit_mob_balloons:balloon_creeper","particle":"spectra_spirit_mob_balloons:balloon_creeper"},"elements":[{"name":"head","from":[3,11,3],"to":[13,21,13],"rotation":{"angle":0,"axis":"y","origin":[8,-5,8]},"faces":{"north":{"uv":[2,2,4,4],"texture":"#1"},"east":{"uv":[0,2,2,4],"texture":"#1"},"south":{"uv":[6,2,8,4],"texture":"#1"},"west":{"uv":[4,2,6,4],"texture":"#1"},"up":{"uv":[4,2,2,0],"texture":"#1"},"down":{"uv":[6,0,4,2],"texture":"#1"}}},{"name":"body","from":[4,5,6],"to":[12,12,10],"rotation":{"angle":0,"axis":"y","origin":[8,0,8]},"faces":{"north":{"uv":[1,5,3,6.75],"texture":"#1"},"east":{"uv":[0,5,1,6.75],"texture":"#1"},"south":{"uv":[4,5,6,6.75],"texture":"#1"},"west":{"uv":[3,5,4,6.75],"texture":"#1"},"up":{"uv":[3,5,1,4],"texture":"#1"},"down":{"uv":[5,4,3,5],"texture":"#1"}}},{"name":"leg1","from":[8,0,10],"to":[12,5,14],"rotation":{"angle":0,"axis":"y","origin":[8,0,8]},"faces":{"north":{"uv":[6,6.75,7,8],"texture":"#1"},"east":{"uv":[5,6.75,6,8],"texture":"#1"},"south":{"uv":[8,6.75,9,8],"texture":"#1"},"west":{"uv":[7,6.75,8,8],"texture":"#1"},"up":{"uv":[7,6.75,6,5.75],"texture":"#1"},"down":{"uv":[8,5.75,7,6.75],"texture":"#1"}}},{"name":"leg2","from":[4,0,10],"to":[8,5,14],"rotation":{"angle":0,"axis":"y","origin":[8,0,8]},"faces":{"north":{"uv":[6,6.75,7,8],"texture":"#1"},"east":{"uv":[5,6.75,6,8],"texture":"#1"},"south":{"uv":[8,6.75,9,8],"texture":"#1"},"west":{"uv":[7,6.75,8,8],"texture":"#1"},"up":{"uv":[7,6.75,6,5.75],"texture":"#1"},"down":{"uv":[8,5.75,7,6.75],"texture":"#1"}}},{"name":"leg3","from":[8,0,2],"to":[12,5,6],"rotation":{"angle":0,"axis":"y","origin":[8,0,8]},"faces":{"north":{"uv":[6,6.75,7,8],"texture":"#1"},"east":{"uv":[5,6.75,6,8],"texture":"#1"},"south":{"uv":[8,6.75,9,8],"texture":"#1"},"west":{"uv":[7,6.75,8,8],"texture":"#1"},"up":{"uv":[7,6.75,6,5.75],"texture":"#1"},"down":{"uv":[8,5.75,7,6.75],"texture":"#1"}}},{"name":"leg4","from":[4,0,2],"to":[8,5,6],"rotation":{"angle":0,"axis":"y","origin":[8,0,8]},"faces":{"north":{"uv":[6,6.75,7,8],"texture":"#1"},"east":{"uv":[5,6.75,6,8],"texture":"#1"},"south":{"uv":[8,6.75,9,8],"texture":"#1"},"west":{"uv":[7,6.75,8,8],"texture":"#1"},"up":{"uv":[7,6.75,6,5.75],"texture":"#1"},"down":{"uv":[8,5.75,7,6.75],"texture":"#1"}}}],"gui_light":"front","display":{"gui":{"rotation":[-147.75,39.25,-180],"translation":[0,-1,0],"scale":[0.56,0.56,0.56]}}}