{"credit":"MadewithBlockbench","texture_size":[64,64],"textures":{"0":"20th_century_furniture_v1:10_chair_texture","particle":"20th_century_furniture_v1:10_chair_texture"},"elements":[{"from":[2,9,1.5],"to":[14,11,14.5],"rotation":{"angle":0,"axis":"y","origin":[0,-1,0]},"faces":{"north":{"uv":[6,1,9,1.5],"texture":"#0"},"east":{"uv":[6,0,9.25,0.5],"texture":"#0"},"south":{"uv":[6,1,9,1.5],"texture":"#0"},"west":{"uv":[9.25,0,6,0.5],"texture":"#0"},"up":{"uv":[3,3.25,0,0],"texture":"#0"},"down":{"uv":[3,3.25,0,0],"texture":"#0"}}},{"from":[3,8,2.5],"to":[13,9,13.5],"rotation":{"angle":0,"axis":"y","origin":[0,-1,0]},"faces":{"north":{"uv":[8.25,2.75,10.75,3],"texture":"#0"},"east":{"uv":[7.25,5,10,5.25],"texture":"#0"},"south":{"uv":[8.25,2.75,10.75,3],"texture":"#0"},"west":{"uv":[10,5,7.25,5.25],"texture":"#0"},"up":{"uv":[2.5,6,0,3.25],"texture":"#0"},"down":{"uv":[5,3.25,2.5,6],"texture":"#0"}}},{"from":[2,11,13],"to":[3.5,25,14.5],"rotation":{"angle":0,"axis":"y","origin":[0,-1,0]},"faces":{"north":{"uv":[5.625,6.25,5.25,9.75],"texture":"#0"},"east":{"uv":[4.75,6.25,5.125,9.75],"texture":"#0"},"south":{"uv":[5.25,6.25,5.625,9.75],"texture":"#0"},"west":{"uv":[5.75,6.25,6.125,9.75],"texture":"#0"},"up":{"uv":[11.875,1.875,11.5,1.5],"texture":"#0"},"down":{"uv":[11.875,2,11.5,2.375],"texture":"#0"}}},{"from":[2,25,13.01],"to":[3.5,28,14.49],"rotation":{"angle":-45,"axis":"z","origin":[2,25,13.75]},"faces":{"north":{"uv":[11.375,5.25,11,6],"texture":"#0"},"east":{"uv":[11,3.5,11.375,4.25],"texture":"#0"},"south":{"uv":[11,5.25,11.375,6],"texture":"#0"},"west":{"uv":[5.75,11,6.125,11.75],"texture":"#0"},"up":{"uv":[11.875,5.625,11.5,5.25],"texture":"#0"},"down":{"uv":[11.875,5.75,11.5,6.125],"texture":"#0"}}},{"from":[12.5,11,13],"to":[14,25,14.5],"rotation":{"angle":0,"axis":"y","origin":[16,-1,0]},"faces":{"north":{"uv":[5.25,6.25,5.625,9.75],"texture":"#0"},"east":{"uv":[6.125,6.25,5.75,9.75],"texture":"#0"},"south":{"uv":[5.625,6.25,5.25,9.75],"texture":"#0"},"west":{"uv":[5.125,6.25,4.75,9.75],"texture":"#0"},"up":{"uv":[11.5,1.875,11.875,1.5],"texture":"#0"},"down":{"uv":[11.5,2,11.875,2.375],"texture":"#0"}}},{"from":[12.5,25,13.01],"to":[14,28,14.49],"rotation":{"angle":45,"axis":"z","origin":[14,25,13.75]},"faces":{"north":{"uv":[11,5.25,11.375,6],"texture":"#0"},"east":{"uv":[6.125,11,5.75,11.75],"texture":"#0"},"south":{"uv":[11.375,5.25,11,6],"texture":"#0"},"west":{"uv":[11.375,3.5,11,4.25],"texture":"#0"},"up":{"uv":[11.5,5.625,11.875,5.25],"texture":"#0"},"down":{"uv":[11.5,5.75,11.875,6.125],"texture":"#0"}}},{"from":[4.12868,25.62132,13],"to":[11.87868,27.12132,14.5],"rotation":{"angle":0,"axis":"y","origin":[14,25,13.75]},"faces":{"north":{"uv":[9.25,3.5,7.25,3.875],"texture":"#0"},"east":{"uv":[11.5,6.25,11.875,6.625],"texture":"#0"},"south":{"uv":[7.25,3.5,9.25,3.875],"texture":"#0"},"west":{"uv":[11.5,7.25,11.875,7.625],"texture":"#0"},"up":{"uv":[9.25,4.375,7.25,4],"texture":"#0"},"down":{"uv":[9.25,4.5,7.25,4.875],"texture":"#0"}}},{"from":[3.5,13,13],"to":[12.5,14.5,14.5],"rotation":{"angle":0,"axis":"y","origin":[0,-1,0]},"faces":{"north":{"uv":[6,2,8.25,2.375],"texture":"#0"},"east":{"uv":[11.5,2.5,11.875,2.875],"texture":"#0"},"south":{"uv":[6,2,8.25,2.375],"texture":"#0"},"west":{"uv":[11.5,3.5,11.875,3.875],"texture":"#0"},"up":{"uv":[8.5,6.625,6.25,6.25],"texture":"#0"},"down":{"uv":[8.5,6.75,6.25,7.125],"texture":"#0"}}},{"from":[3.5,14.5,13.5],"to":[12.5,25.75,14],"rotation":{"angle":0,"axis":"y","origin":[0,-1,0]},"faces":{"north":{"uv":[5,3.25,7.25,6.125],"texture":"#0"},"east":{"uv":[0,10.75,0.125,13.625],"texture":"#0"},"south":{"uv":[7.25,3.25,5,6.125],"texture":"#0"},"west":{"uv":[0.25,10.75,0.375,13.625],"texture":"#0"},"up":{"uv":[13.25,3.125,11,3],"texture":"#0"},"down":{"uv":[13.25,3.25,11,3.375],"texture":"#0"}}},{"from":[17.69309,4.41856,1.26],"to":[19.69309,6.91856,3.24],"rotation":{"angle":-22.5,"axis":"z","origin":[8.35,15.75,7.5]},"faces":{"north":{"uv":[0.5,10.75,1,11.375],"texture":"#0"},"east":{"uv":[0.5,10.75,1,11.375],"texture":"#0"},"south":{"uv":[0.5,10.75,1,11.375],"texture":"#0"},"west":{"uv":[0.5,10.75,1,11.375],"texture":"#0"},"up":{"uv":[11.5,8,11,7.5],"texture":"#0"},"down":{"uv":[10.25,11,9.75,11.5],"texture":"#0"}}},{"from":[13.45,3.25,1.25],"to":[15.45,7.25,3.25],"rotation":{"angle":0,"axis":"y","origin":[8.35,15.75,7.5]},"faces":{"north":{"uv":[8.25,8.25,8.75,9.25],"texture":"#0"},"east":{"uv":[8.25,8.25,8.75,9.25],"texture":"#0"},"south":{"uv":[8.25,8.25,8.75,9.25],"texture":"#0"},"west":{"uv":[8.25,8.25,8.75,9.25],"texture":"#0"},"up":{"uv":[10.75,11.5,10.25,11],"texture":"#0"},"down":{"uv":[11.25,11,10.75,11.5],"texture":"#0"}}},{"from":[13.45,7.25,1.26],"to":[15.45,10.25,3.24],"rotation":{"angle":22.5,"axis":"z","origin":[15.45,7.25,2.25]},"faces":{"north":{"uv":[3.75,10.25,4.25,11],"texture":"#0"},"east":{"uv":[3.75,10.25,4.25,11],"texture":"#0"},"south":{"uv":[3.75,10.25,4.25,11],"texture":"#0"},"west":{"uv":[3.75,10.25,4.25,11],"texture":"#0"},"up":{"uv":[4.5,11.75,4,11.25],"texture":"#0"},"down":{"uv":[11.75,4.25,11.25,4.75],"texture":"#0"}}},{"from":[13.05,8,1],"to":[15.55,10.5,3.5],"rotation":{"angle":22.5,"axis":"z","origin":[15.3,7.5,2.25]},"faces":{"north":{"uv":[2,9.5,2.625,10.125],"texture":"#0"},"east":{"uv":[2,9.5,2.625,10.125],"texture":"#0"},"south":{"uv":[2,9.5,2.625,10.125],"texture":"#0"},"west":{"uv":[2,9.5,2.625,10.125],"texture":"#0"},"up":{"uv":[10.375,0.625,9.75,0],"texture":"#0"},"down":{"uv":[10.375,0.625,9.75,0],"texture":"#0"}}},{"from":[13.47679,0,3.17843],"to":[16.97679,2.1,6.40843],"rotation":{"angle":22.5,"axis":"y","origin":[8.2,16,7.5]},"faces":{"north":{"uv":[9.25,2,10.125,2.5],"texture":"#0"},"east":{"uv":[9.25,2,10.125,2.5],"texture":"#0"},"south":{"uv":[9.25,2,10.125,2.5],"texture":"#0"},"west":{"uv":[9.25,2,10.125,2.5],"texture":"#0"},"up":{"uv":[8.125,6.25,7.25,5.5],"texture":"#0"},"down":{"uv":[8.125,6.25,7.25,5.5],"texture":"#0"}}},{"from":[-3.69309,4.41856,1.26],"to":[-1.69309,6.91856,3.24],"rotation":{"angle":22.5,"axis":"z","origin":[7.65,15.75,7.5]},"faces":{"north":{"uv":[1,10.75,0.5,11.375],"texture":"#0"},"east":{"uv":[1,10.75,0.5,11.375],"texture":"#0"},"south":{"uv":[1,10.75,0.5,11.375],"texture":"#0"},"west":{"uv":[1,10.75,0.5,11.375],"texture":"#0"},"up":{"uv":[11,8,11.5,7.5],"texture":"#0"},"down":{"uv":[9.75,11,10.25,11.5],"texture":"#0"}}},{"from":[0.55,3.25,1.25],"to":[2.55,7.25,3.25],"rotation":{"angle":0,"axis":"y","origin":[7.65,15.75,7.5]},"faces":{"north":{"uv":[8.75,8.25,8.25,9.25],"texture":"#0"},"east":{"uv":[8.75,8.25,8.25,9.25],"texture":"#0"},"south":{"uv":[8.75,8.25,8.25,9.25],"texture":"#0"},"west":{"uv":[8.75,8.25,8.25,9.25],"texture":"#0"},"up":{"uv":[10.25,11.5,10.75,11],"texture":"#0"},"down":{"uv":[10.75,11,11.25,11.5],"texture":"#0"}}},{"from":[0.55,7.25,1.26],"to":[2.55,10.25,3.24],"rotation":{"angle":-22.5,"axis":"z","origin":[0.55,7.25,2.25]},"faces":{"north":{"uv":[4.25,10.25,3.75,11],"texture":"#0"},"east":{"uv":[4.25,10.25,3.75,11],"texture":"#0"},"south":{"uv":[4.25,10.25,3.75,11],"texture":"#0"},"west":{"uv":[4.25,10.25,3.75,11],"texture":"#0"},"up":{"uv":[4,11.75,4.5,11.25],"texture":"#0"},"down":{"uv":[11.25,4.25,11.75,4.75],"texture":"#0"}}},{"from":[0.45,8,1],"to":[2.95,10.5,3.5],"rotation":{"angle":-22.5,"axis":"z","origin":[0.7,7.5,2.25]},"faces":{"north":{"uv":[2.625,9.5,2,10.125],"texture":"#0"},"east":{"uv":[2.625,9.5,2,10.125],"texture":"#0"},"south":{"uv":[2.625,9.5,2,10.125],"texture":"#0"},"west":{"uv":[2.625,9.5,2,10.125],"texture":"#0"},"up":{"uv":[9.75,0.625,10.375,0],"texture":"#0"},"down":{"uv":[9.75,0.625,10.375,0],"texture":"#0"}}},{"from":[-0.97679,0,3.17843],"to":[2.52321,2.1,6.40843],"rotation":{"angle":-22.5,"axis":"y","origin":[7.8,16,7.5]},"faces":{"north":{"uv":[10.125,2,9.25,2.5],"texture":"#0"},"east":{"uv":[10.125,2,9.25,2.5],"texture":"#0"},"south":{"uv":[10.125,2,9.25,2.5],"texture":"#0"},"west":{"uv":[10.125,2,9.25,2.5],"texture":"#0"},"up":{"uv":[7.25,6.25,8.125,5.5],"texture":"#0"},"down":{"uv":[7.25,6.25,8.125,5.5],"texture":"#0"}}},{"from":[-3.69309,4.41856,12.76],"to":[-1.69309,6.91856,14.74],"rotation":{"angle":22.5,"axis":"z","origin":[7.65,15.75,8.5]},"faces":{"north":{"uv":[0.5,10.75,1,11.375],"texture":"#0"},"east":{"uv":[0.5,10.75,1,11.375],"texture":"#0"},"south":{"uv":[0.5,10.75,1,11.375],"texture":"#0"},"west":{"uv":[0.5,10.75,1,11.375],"texture":"#0"},"up":{"uv":[11,7.5,11.5,8],"texture":"#0"},"down":{"uv":[9.75,11.5,10.25,11],"texture":"#0"}}},{"from":[0.55,3.25,12.75],"to":[2.55,7.25,14.75],"rotation":{"angle":0,"axis":"y","origin":[7.65,15.75,8.5]},"faces":{"north":{"uv":[8.25,8.25,8.75,9.25],"texture":"#0"},"east":{"uv":[8.25,8.25,8.75,9.25],"texture":"#0"},"south":{"uv":[8.25,8.25,8.75,9.25],"texture":"#0"},"west":{"uv":[8.25,8.25,8.75,9.25],"texture":"#0"},"up":{"uv":[10.25,11,10.75,11.5],"texture":"#0"},"down":{"uv":[10.75,11.5,11.25,11],"texture":"#0"}}},{"from":[0.55,7.25,12.76],"to":[2.55,10.25,14.74],"rotation":{"angle":-22.5,"axis":"z","origin":[0.55,7.25,13.75]},"faces":{"north":{"uv":[3.75,10.25,4.25,11],"texture":"#0"},"east":{"uv":[3.75,10.25,4.25,11],"texture":"#0"},"south":{"uv":[3.75,10.25,4.25,11],"texture":"#0"},"west":{"uv":[3.75,10.25,4.25,11],"texture":"#0"},"up":{"uv":[4,11.25,4.5,11.75],"texture":"#0"},"down":{"uv":[11.25,4.75,11.75,4.25],"texture":"#0"}}},{"from":[0.45,8,12.5],"to":[2.95,10.5,15],"rotation":{"angle":-22.5,"axis":"z","origin":[0.7,7.5,13.75]},"faces":{"north":{"uv":[2,9.5,2.625,10.125],"texture":"#0"},"east":{"uv":[2,9.5,2.625,10.125],"texture":"#0"},"south":{"uv":[2,9.5,2.625,10.125],"texture":"#0"},"west":{"uv":[2,9.5,2.625,10.125],"texture":"#0"},"up":{"uv":[9.75,0,10.375,0.625],"texture":"#0"},"down":{"uv":[9.75,0,10.375,0.625],"texture":"#0"}}},{"from":[-0.97679,0,9.59157],"to":[2.52321,2.1,12.82157],"rotation":{"angle":22.5,"axis":"y","origin":[7.8,16,8.5]},"faces":{"north":{"uv":[9.25,2,10.125,2.5],"texture":"#0"},"east":{"uv":[9.25,2,10.125,2.5],"texture":"#0"},"south":{"uv":[9.25,2,10.125,2.5],"texture":"#0"},"west":{"uv":[9.25,2,10.125,2.5],"texture":"#0"},"up":{"uv":[7.25,5.5,8.125,6.25],"texture":"#0"},"down":{"uv":[7.25,5.5,8.125,6.25],"texture":"#0"}}},{"from":[17.69309,4.41856,12.76],"to":[19.69309,6.91856,14.74],"rotation":{"angle":-22.5,"axis":"z","origin":[8.35,15.75,8.5]},"faces":{"north":{"uv":[1,10.75,0.5,11.375],"texture":"#0"},"east":{"uv":[1,10.75,0.5,11.375],"texture":"#0"},"south":{"uv":[1,10.75,0.5,11.375],"texture":"#0"},"west":{"uv":[1,10.75,0.5,11.375],"texture":"#0"},"up":{"uv":[11.5,7.5,11,8],"texture":"#0"},"down":{"uv":[10.25,11.5,9.75,11],"texture":"#0"}}},{"from":[13.45,3.25,12.75],"to":[15.45,7.25,14.75],"rotation":{"angle":0,"axis":"y","origin":[8.35,15.75,8.5]},"faces":{"north":{"uv":[8.75,8.25,8.25,9.25],"texture":"#0"},"east":{"uv":[8.75,8.25,8.25,9.25],"texture":"#0"},"south":{"uv":[8.75,8.25,8.25,9.25],"texture":"#0"},"west":{"uv":[8.75,8.25,8.25,9.25],"texture":"#0"},"up":{"uv":[10.75,11,10.25,11.5],"texture":"#0"},"down":{"uv":[11.25,11.5,10.75,11],"texture":"#0"}}},{"from":[13.45,7.25,12.76],"to":[15.45,10.25,14.74],"rotation":{"angle":22.5,"axis":"z","origin":[15.45,7.25,13.75]},"faces":{"north":{"uv":[4.25,10.25,3.75,11],"texture":"#0"},"east":{"uv":[4.25,10.25,3.75,11],"texture":"#0"},"south":{"uv":[4.25,10.25,3.75,11],"texture":"#0"},"west":{"uv":[4.25,10.25,3.75,11],"texture":"#0"},"up":{"uv":[4.5,11.25,4,11.75],"texture":"#0"},"down":{"uv":[11.75,4.75,11.25,4.25],"texture":"#0"}}},{"from":[13.05,8,12.5],"to":[15.55,10.5,15],"rotation":{"angle":22.5,"axis":"z","origin":[15.3,7.5,13.75]},"faces":{"north":{"uv":[2.625,9.5,2,10.125],"texture":"#0"},"east":{"uv":[2.625,9.5,2,10.125],"texture":"#0"},"south":{"uv":[2.625,9.5,2,10.125],"texture":"#0"},"west":{"uv":[2.625,9.5,2,10.125],"texture":"#0"},"up":{"uv":[10.375,0,9.75,0.625],"texture":"#0"},"down":{"uv":[10.375,0,9.75,0.625],"texture":"#0"}}},{"from":[13.47679,0,9.59157],"to":[16.97679,2.1,12.82157],"rotation":{"angle":-22.5,"axis":"y","origin":[8.2,16,8.5]},"faces":{"north":{"uv":[10.125,2,9.25,2.5],"texture":"#0"},"east":{"uv":[10.125,2,9.25,2.5],"texture":"#0"},"south":{"uv":[10.125,2,9.25,2.5],"texture":"#0"},"west":{"uv":[10.125,2,9.25,2.5],"texture":"#0"},"up":{"uv":[8.125,5.5,7.25,6.25],"texture":"#0"},"down":{"uv":[8.125,5.5,7.25,6.25],"texture":"#0"}}}],"gui_light":"front","display":{"thirdperson_righthand":{"rotation":[67.5,0,0],"translation":[0,1.5,-0.25],"scale":[0.23688,0.23688,0.23688]},"thirdperson_lefthand":{"rotation":[67.5,0,0],"translation":[0,1.5,-0.25],"scale":[0.23688,0.23688,0.23688]},"firstperson_righthand":{"translation":[0.75,3.75,0],"scale":[0.36672,0.36672,0.36672]},"firstperson_lefthand":{"translation":[0.75,3.75,0],"scale":[0.36672,0.36672,0.36672]},"ground":{"translation":[0,6,0],"scale":[0.4,0.4,0.4]},"gui":{"rotation":[30,135,0],"translation":[0,-2,0],"scale":[0.4707,0.4707,0.4707]},"head":{"rotation":[0,-180,0],"translation":[0,-29.9,0],"scale":[1.66836,1.66836,1.66836]},"fixed":{"rotation":[-90,0,0],"translation":[0,0,-16],"scale":[2,2,2]}}}