{"credit":"MadewithBlockbench","texture_size":[64,64],"textures":{"0":"elitecreatures:gym_decoration_v1/gym_elilptical","particle":"elitecreatures:gym_decoration_v1/gym_elilptical"},"elements":[{"from":[4,0,11],"to":[12,1,12],"faces":{"north":{"uv":[4.25,1.75,6.25,2],"texture":"#0"},"east":{"uv":[0,1.25,0.25,1.5],"texture":"#0"},"south":{"uv":[4.25,1.75,6.25,2],"texture":"#0"},"west":{"uv":[0,1.25,0.25,1.5],"texture":"#0"},"up":{"uv":[6.25,2,4.25,1.75],"texture":"#0"},"down":{"uv":[6.25,1.75,4.25,2],"texture":"#0"}}},{"from":[4,0,0],"to":[12,1,1],"faces":{"north":{"uv":[3.25,1,5.25,1.25],"texture":"#0"},"east":{"uv":[0.5,1.25,0.75,1.5],"texture":"#0"},"south":{"uv":[3.25,1,5.25,1.25],"texture":"#0"},"west":{"uv":[0.5,1.25,0.75,1.5],"texture":"#0"},"up":{"uv":[5.25,1.25,3.25,1],"texture":"#0"},"down":{"uv":[5.25,1,3.25,1.25],"texture":"#0"}}},{"from":[3,10,0.5],"to":[13,11,2.5],"faces":{"north":{"uv":[0.25,4.25,2.75,4.5],"texture":"#0"},"east":{"uv":[2,2.75,2.5,3],"texture":"#0"},"south":{"uv":[0.25,4.25,2.75,4.5],"texture":"#0"},"west":{"uv":[2,2.75,2.5,3],"texture":"#0"},"up":{"uv":[2.75,5,0.25,4.5],"texture":"#0"},"down":{"uv":[2.75,4.5,0.25,5],"texture":"#0"}}},{"from":[6,1,5],"to":[10,7,12],"faces":{"north":{"uv":[1,2.75,2,4.25],"texture":"#0"},"east":{"uv":[1,1.25,2.75,2.75],"texture":"#0"},"south":{"uv":[1,2.75,2,4.25],"texture":"#0"},"west":{"uv":[1,1.25,2.75,2.75],"texture":"#0"},"up":{"uv":[3.75,3,2.75,1.25],"texture":"#0"},"down":{"uv":[3.75,1.25,2.75,3],"texture":"#0"}}},{"from":[6,1,0],"to":[10,6,5],"faces":{"north":{"uv":[5.25,0,6.25,1.25],"texture":"#0"},"east":{"uv":[1,0,2.25,1.25],"texture":"#0"},"south":{"uv":[2.25,0,3.25,1.25],"texture":"#0"},"west":{"uv":[2.25,0,1,1.25],"texture":"#0"},"up":{"uv":[3.25,1.25,2.25,0],"texture":"#0"},"down":{"uv":[3.25,0,2.25,1.25],"texture":"#0"}}},{"from":[6.5,18.25,0],"to":[9.5,19.25,4],"rotation":{"angle":45,"axis":"x","origin":[8,17.5,0]},"faces":{"north":{"uv":[2,3,2.75,3.25],"texture":"#0"},"east":{"uv":[2.75,3,3.75,3.25],"texture":"#0"},"south":{"uv":[2,3,2.75,3.25],"texture":"#0"},"west":{"uv":[2.75,3,3.75,3.25],"texture":"#0"},"up":{"uv":[2.75,4.25,2,3.25],"texture":"#0"},"down":{"uv":[2.75,3.25,2,4.25],"texture":"#0"}}},{"name":"neck","from":[7.5,6,0.75],"to":[8.5,17,2.75],"faces":{"north":{"uv":[0.75,1.5,1,4.25],"texture":"#0"},"east":{"uv":[0.75,1.5,0.25,4.25],"texture":"#0"},"south":{"uv":[0.75,1.5,1,4.25],"texture":"#0"},"west":{"uv":[0.25,1.5,0.75,4.25],"texture":"#0"},"up":{"uv":[1,1.5,0.75,1],"texture":"#0"},"down":{"uv":[1,1,0.75,1.5],"texture":"#0"}}},{"from":[4.5,3,1],"to":[5.5,17,2],"faces":{"north":{"uv":[0,1.5,0.25,5],"texture":"#0"},"east":{"uv":[0,1.5,0.25,5],"texture":"#0"},"south":{"uv":[0,1.5,0.25,5],"texture":"#0"},"west":{"uv":[0,1.5,0.25,5],"texture":"#0"},"up":{"uv":[2.75,3,2.5,2.75],"texture":"#0"},"down":{"uv":[2.75,2.75,2.5,3],"texture":"#0"}}},{"from":[1.5,16,1],"to":[4.5,17,2],"faces":{"north":{"uv":[4.75,1.5,5.5,1.75],"texture":"#0"},"east":{"uv":[0.5,1,0.75,1.25],"texture":"#0"},"south":{"uv":[4.75,1.5,5.5,1.75],"texture":"#0"},"west":{"uv":[0.5,1,0.75,1.25],"texture":"#0"},"up":{"uv":[5.5,1.75,4.75,1.5],"texture":"#0"},"down":{"uv":[5.5,1.5,4.75,1.75],"texture":"#0"}}},{"from":[1.5,17,1],"to":[2.5,22,2],"faces":{"north":{"uv":[2.75,3.25,3,4.5],"texture":"#0"},"east":{"uv":[2.75,3.25,3,4.5],"texture":"#0"},"south":{"uv":[2.75,3.25,3,4.5],"texture":"#0"},"west":{"uv":[2.75,3.25,3,4.5],"texture":"#0"},"up":{"uv":[0.5,1.5,0.25,1.25],"texture":"#0"},"down":{"uv":[0.5,1.25,0.25,1.5],"texture":"#0"}}},{"from":[10.5,3,1],"to":[11.5,17,2],"rotation":{"angle":0,"axis":"y","origin":[16,0,0]},"faces":{"north":{"uv":[0.25,1.5,0,5],"texture":"#0"},"east":{"uv":[0.25,1.5,0,5],"texture":"#0"},"south":{"uv":[0.25,1.5,0,5],"texture":"#0"},"west":{"uv":[0.25,1.5,0,5],"texture":"#0"},"up":{"uv":[2.5,3,2.75,2.75],"texture":"#0"},"down":{"uv":[2.5,2.75,2.75,3],"texture":"#0"}}},{"from":[11.5,16,1],"to":[14.5,17,2],"rotation":{"angle":0,"axis":"y","origin":[16,0,0]},"faces":{"north":{"uv":[5.5,1.5,4.75,1.75],"texture":"#0"},"east":{"uv":[0.75,1,0.5,1.25],"texture":"#0"},"south":{"uv":[5.5,1.5,4.75,1.75],"texture":"#0"},"west":{"uv":[0.75,1,0.5,1.25],"texture":"#0"},"up":{"uv":[4.75,1.75,5.5,1.5],"texture":"#0"},"down":{"uv":[4.75,1.5,5.5,1.75],"texture":"#0"}}},{"from":[13.5,17,1],"to":[14.5,22,2],"rotation":{"angle":0,"axis":"y","origin":[16,0,0]},"faces":{"north":{"uv":[3,3.25,2.75,4.5],"texture":"#0"},"east":{"uv":[3,3.25,2.75,4.5],"texture":"#0"},"south":{"uv":[3,3.25,2.75,4.5],"texture":"#0"},"west":{"uv":[3,3.25,2.75,4.5],"texture":"#0"},"up":{"uv":[0.25,1.5,0.5,1.25],"texture":"#0"},"down":{"uv":[0.25,1.25,0.5,1.5],"texture":"#0"}}},{"from":[3.9,2,1],"to":[5.9,3,12],"faces":{"north":{"uv":[4.25,1.5,4.75,1.75],"texture":"#0"},"east":{"uv":[3.75,1.25,6.5,1.5],"texture":"#0"},"south":{"uv":[4.25,1.5,4.75,1.75],"texture":"#0"},"west":{"uv":[3.75,1.25,6.5,1.5],"texture":"#0"},"up":{"uv":[4.25,4.25,3.75,1.5],"texture":"#0"},"down":{"uv":[4.25,1.5,3.75,4.25],"texture":"#0"}}},{"from":[10.1,2,1],"to":[12.1,3,12],"rotation":{"angle":0,"axis":"y","origin":[16,0,0]},"faces":{"north":{"uv":[4.75,1.5,4.25,1.75],"texture":"#0"},"east":{"uv":[6.5,1.25,3.75,1.5],"texture":"#0"},"south":{"uv":[4.75,1.5,4.25,1.75],"texture":"#0"},"west":{"uv":[6.5,1.25,3.75,1.5],"texture":"#0"},"up":{"uv":[3.75,4.25,4.25,1.5],"texture":"#0"},"down":{"uv":[3.75,1.5,4.25,4.25],"texture":"#0"}}}],"gui_light":"front","display":{"thirdperson_righthand":{"translation":[0,3,1],"scale":[0.55,0.55,0.55]},"thirdperson_lefthand":{"translation":[0,3,1],"scale":[0.55,0.55,0.55]},"firstperson_righthand":{"rotation":[0,-90,25],"translation":[1.13,3.2,1.13],"scale":[0.68,0.68,0.68]},"firstperson_lefthand":{"rotation":[0,-90,25],"translation":[1.13,3.2,1.13],"scale":[0.68,0.68,0.68]},"ground":{"translation":[0,2,1.25],"scale":[0.5,0.5,0.5]},"gui":{"rotation":[34,137,0],"translation":[0.75,0.25,0],"scale":[0.46,0.46,0.46]},"head":{"rotation":[0,-180,0],"translation":[0,-20.5,-6.25],"scale":[2.84,2.84,2.84]},"fixed":{"scale":[0.49,0.49,0.49]}},"groups":[{"name":"leg","origin":[0,0,0],"color":0,"children":[0,1,2]},{"name":"base","origin":[0,0,0],"color":0,"children":[3,4]},{"name":"monitor","origin":[8,17.5,0],"color":0,"children":[5,6]},{"name":"hand","origin":[16,0,0],"color":0,"children":[7,8,9,10,11,12]},{"name":"foot","origin":[0,0,0],"color":0,"children":[13,14]}]}