{"credit":"MadewithBlockbench","texture_size":[64,64],"textures":{"0":"elitecreatures:casino_decoration_v1/casino_sofa_red_no_rest","particle":"elitecreatures:casino_decoration_v1/casino_sofa_red_no_rest"},"elements":[{"from":[1,2,1],"to":[15,7,15],"faces":{"north":{"uv":[11,0,7.5,1.25],"texture":"#0"},"east":{"uv":[7.5,0,11,1.25],"texture":"#0"},"south":{"uv":[11,0,7.5,1.25],"texture":"#0"},"west":{"uv":[7.5,0,11,1.25],"texture":"#0"},"up":{"uv":[7.5,3.5,4,0],"texture":"#0"},"down":{"uv":[7.5,3.5,4,7],"texture":"#0"}}},{"from":[0,7,0],"to":[16,10,16],"faces":{"north":{"uv":[7.5,1.25,11.5,2],"texture":"#0"},"east":{"uv":[7.5,1.25,11.5,2],"texture":"#0"},"south":{"uv":[7.5,1.25,11.5,2],"texture":"#0"},"west":{"uv":[7.5,1.25,11.5,2],"texture":"#0"},"up":{"uv":[4,4,0,0],"texture":"#0"},"down":{"uv":[4,4,0,8],"texture":"#0"}}},{"from":[12,0,2],"to":[14,2,4],"faces":{"north":{"uv":[7.5,2,8,2.5],"texture":"#0"},"east":{"uv":[7.5,2,8,2.5],"texture":"#0"},"south":{"uv":[7.5,2,8,2.5],"texture":"#0"},"west":{"uv":[7.5,2,8,2.5],"texture":"#0"},"down":{"uv":[8.5,2,8,2.5],"texture":"#0"}}},{"from":[2,0,2],"to":[4,2,4],"rotation":{"angle":0,"axis":"y","origin":[16,0,0]},"faces":{"north":{"uv":[8,2,7.5,2.5],"texture":"#0"},"east":{"uv":[8,2,7.5,2.5],"texture":"#0"},"south":{"uv":[8,2,7.5,2.5],"texture":"#0"},"west":{"uv":[8,2,7.5,2.5],"texture":"#0"},"down":{"uv":[8,2,8.5,2.5],"texture":"#0"}}},{"from":[2,0,12],"to":[4,2,14],"rotation":{"angle":0,"axis":"y","origin":[16,0,16]},"faces":{"north":{"uv":[7.5,2,8,2.5],"texture":"#0"},"east":{"uv":[7.5,2,8,2.5],"texture":"#0"},"south":{"uv":[7.5,2,8,2.5],"texture":"#0"},"west":{"uv":[7.5,2,8,2.5],"texture":"#0"},"down":{"uv":[8,2.5,8.5,2],"texture":"#0"}}},{"from":[12,0,12],"to":[14,2,14],"rotation":{"angle":0,"axis":"y","origin":[0,0,16]},"faces":{"north":{"uv":[8,2,7.5,2.5],"texture":"#0"},"east":{"uv":[8,2,7.5,2.5],"texture":"#0"},"south":{"uv":[8,2,7.5,2.5],"texture":"#0"},"west":{"uv":[8,2,7.5,2.5],"texture":"#0"},"down":{"uv":[8.5,2.5,8,2],"texture":"#0"}}}],"gui_light":"front","display":{"thirdperson_righthand":{"rotation":[67.5,0,0],"translation":[0,2,2],"scale":[0.25,0.25,0.25]},"thirdperson_lefthand":{"rotation":[67.5,0,0],"translation":[0,2,2],"scale":[0.25,0.25,0.25]},"firstperson_righthand":{"translation":[-2,3.5,0],"scale":[0.42945,0.42945,0.42945]},"firstperson_lefthand":{"translation":[-2,3.5,0],"scale":[0.42945,0.42945,0.42945]},"ground":{"translation":[0,6,0],"scale":[0.5,0.5,0.5]},"gui":{"rotation":[31,135,0],"translation":[0,0.75,0],"scale":[0.62477,0.62477,0.62477]},"head":{"translation":[12,-30.5,0],"scale":[0,0,0]},"fixed":{"rotation":[-90,0,0],"translation":[-0.25,0,-16],"scale":[2,2,2]}}}