{"credit":"Made with Blockbench","textures":{"1":"balloon_entities:entity/axolot_balloon/axololt"},"elements":[{"from":[6.04,5.8,6.8],"to":[10.04,7.8,9.6],"rotation":{"angle":0,"axis":"y","origin":[8.44,0.2,7.6]},"faces":{"north":{"uv":[7,0,4.5,1.25],"texture":"#1","tintindex":0},"east":{"uv":[8,7.25,6.25,8.5],"texture":"#1","tintindex":0},"south":{"uv":[7,1.25,4.5,2.5],"texture":"#1","tintindex":0},"west":{"uv":[6.25,7.25,4.5,8.5],"texture":"#1","tintindex":0},"up":{"uv":[4,4.25,6.5,2.5],"texture":"#1","tintindex":0},"down":{"uv":[4,4.25,6.5,6],"texture":"#1","tintindex":0}}},{"from":[6.04,7.8,6.8],"to":[10.04,9.8,6.8],"rotation":{"angle":-22.5,"axis":"x","origin":[8.04,7.8,6.8]},"faces":{"north":{"uv":[5,6,2.5,7.25],"texture":"#1","tintindex":0},"east":{"uv":[0,0,0,1.25],"texture":"#1","tintindex":0},"south":{"uv":[7.5,6,5,7.25],"texture":"#1","tintindex":0},"west":{"uv":[0,0,0,1.25],"texture":"#1","tintindex":0},"up":{"uv":[0,0,2.5,0],"texture":"#1","tintindex":0},"down":{"uv":[0,0,2.5,0],"texture":"#1","tintindex":0}}},{"from":[4.12,5.8,7.12],"to":[6.12,10.2,7.12],"rotation":{"angle":-22.5,"axis":"y","origin":[6.88,7,6.8]},"faces":{"north":{"uv":[0,5,1.25,7.75],"texture":"#1","tintindex":0},"east":{"uv":[0,0,0,2.75],"texture":"#1","tintindex":0},"south":{"uv":[1.25,5,2.5,7.75],"texture":"#1","tintindex":0},"west":{"uv":[0,0,0,2.75],"texture":"#1","tintindex":0},"up":{"uv":[1.25,0,0,0],"texture":"#1","tintindex":0},"down":{"uv":[1.25,0,0,0],"texture":"#1","tintindex":0}}},{"from":[10.04,5.8,6.8],"to":[12.04,10.2,6.8],"rotation":{"angle":22.5,"axis":"y","origin":[10,7,6.8]},"faces":{"north":{"uv":[1.25,5,0,7.75],"texture":"#1","tintindex":0},"east":{"uv":[0,0,0,2.75],"texture":"#1","tintindex":0},"south":{"uv":[2.5,5,1.25,7.75],"texture":"#1","tintindex":0},"west":{"uv":[0,0,0,2.75],"texture":"#1","tintindex":0},"up":{"uv":[0,0,1.25,0],"texture":"#1","tintindex":0},"down":{"uv":[0,0,1.25,0],"texture":"#1","tintindex":0}}}],"gui_light":"front","display":{"gui":{"rotation":[15,-34.75,0],"translation":[-1.5,0,0],"scale":[2.14258,2.14258,2.14258]},"head":{"translation":[0,5.6,0],"scale":[4,4,4]}}}