{"credit":"MadewithBlockbench","texture_size":[64,64],"textures":{"0":"elitecreatures:chinese_furniture_v2/15_fan_texture","particle":"elitecreatures:chinese_furniture_v2/15_fan_texture"},"elements":[{"from":[-13,1.5,15],"to":[0,2.5,16],"rotation":{"angle":0,"axis":"y","origin":[-8,1.5,0]},"faces":{"north":{"uv":[0.25,7,3.5,7.25],"texture":"#0"},"east":{"uv":[5.75,7.25,6,7.5],"texture":"#0"},"south":{"uv":[0.25,7.25,3.5,7],"texture":"#0"},"west":{"uv":[6,7.25,6.25,7.5],"texture":"#0"},"up":{"uv":[0.25,7.25,3.5,7],"texture":"#0"},"down":{"uv":[3.5,7.25,0.25,7],"texture":"#0"}}},{"from":[0,1.5,15],"to":[13,2.5,16],"rotation":{"angle":0,"axis":"y","origin":[8,1.5,0]},"faces":{"north":{"uv":[3.5,7,0.25,7.25],"texture":"#0"},"east":{"uv":[6.25,7.25,6,7.5],"texture":"#0"},"south":{"uv":[3.5,7.25,0.25,7],"texture":"#0"},"west":{"uv":[6,7.25,5.75,7.5],"texture":"#0"},"up":{"uv":[3.5,7.25,0.25,7],"texture":"#0"},"down":{"uv":[0.25,7.25,3.5,7],"texture":"#0"}}},{"from":[0,1,15.15],"to":[2,3,15.85],"rotation":{"angle":-45,"axis":"z","origin":[0,3,15.5]},"faces":{"north":{"uv":[4.75,7.25,5.25,7.75],"texture":"#0"},"east":{"uv":[1.5,7.5,1.625,8],"texture":"#0"},"south":{"uv":[5.25,7.25,4.75,7.75],"texture":"#0"},"west":{"uv":[7.5,1.5,7.625,2],"texture":"#0"},"up":{"uv":[2.25,7.625,1.75,7.5],"texture":"#0"},"down":{"uv":[8,2,7.5,2.125],"texture":"#0"}}},{"from":[-13,2.5,15.5],"to":[13,16.5,15.5],"rotation":{"angle":0,"axis":"y","origin":[-8,1.5,0]},"faces":{"north":{"uv":[0,0,6.5,3.5],"texture":"#0"},"east":{"uv":[0,0,0,3.5],"texture":"#0"},"south":{"uv":[6.5,0,0,3.5],"texture":"#0"},"west":{"uv":[0,0,0,3.5],"texture":"#0"},"up":{"uv":[6.5,0,0,0],"texture":"#0"},"down":{"uv":[6.5,0,0,0],"texture":"#0"}}},{"from":[1,2,15.25],"to":[14.5,3,15.75],"rotation":{"angle":22.5,"axis":"z","origin":[1,1.5,15.75]},"faces":{"north":{"uv":[3.5,7,6.5,7.25],"texture":"#0"},"east":{"uv":[2.25,7.5,2.375,7.75],"texture":"#0"},"south":{"uv":[6.5,7,3.5,7.25],"texture":"#0"},"west":{"uv":[7.5,2.25,7.625,2.5],"texture":"#0"},"up":{"uv":[10.5,0.375,7.5,0.25],"texture":"#0"},"down":{"uv":[10.5,0.5,7.5,0.625],"texture":"#0"}}},{"from":[1,2,15.26],"to":[15.5,3,15.74],"rotation":{"angle":45,"axis":"z","origin":[1,1.5,15.75]},"faces":{"north":{"uv":[7,5.25,10.25,5.5],"texture":"#0"},"east":{"uv":[2.5,7.5,2.625,7.75],"texture":"#0"},"south":{"uv":[10.25,5.25,7,5.5],"texture":"#0"},"west":{"uv":[7.5,2.5,7.625,2.75],"texture":"#0"},"up":{"uv":[10.25,6.875,7,6.75],"texture":"#0"},"down":{"uv":[4.75,7.25,1.5,7.375],"texture":"#0"}}},{"from":[-0.5,1.5,15.2511],"to":[0.5,16.5,15.7311],"rotation":{"angle":-22.5,"axis":"z","origin":[1,1.5,15.75]},"faces":{"north":{"uv":[6.75,0,7,3.5],"texture":"#0"},"east":{"uv":[7.25,0,7.375,3.5],"texture":"#0"},"south":{"uv":[7,0,6.75,3.5],"texture":"#0"},"west":{"uv":[0.75,7.25,0.875,10.75],"texture":"#0"},"up":{"uv":[3,7.625,2.75,7.5],"texture":"#0"},"down":{"uv":[7.75,2.75,7.5,2.875],"texture":"#0"}}},{"from":[-0.5,1.5,15.2511],"to":[0.5,16.5,15.7311],"rotation":{"angle":22.5,"axis":"z","origin":[-1,1.5,15.75]},"faces":{"north":{"uv":[0,3.5,0.25,7.25],"texture":"#0"},"east":{"uv":[6.75,3.5,6.875,7.25],"texture":"#0"},"south":{"uv":[0.25,3.5,0,7.25],"texture":"#0"},"west":{"uv":[7,0,7.125,3.75],"texture":"#0"},"up":{"uv":[4.25,3.625,4,3.5],"texture":"#0"},"down":{"uv":[4,4,3.75,4.125],"texture":"#0"}}},{"from":[-15.5,2,15.26],"to":[-1,3,15.74],"rotation":{"angle":-45,"axis":"z","origin":[-1,1.5,15.75]},"faces":{"north":{"uv":[0.25,3.5,3.875,3.75],"texture":"#0"},"east":{"uv":[4,3.75,4.125,4],"texture":"#0"},"south":{"uv":[3.875,3.5,0.25,3.75],"texture":"#0"},"west":{"uv":[4,4,4.125,4.25],"texture":"#0"},"up":{"uv":[3.875,4.625,0.25,4.5],"texture":"#0"},"down":{"uv":[3.875,4.75,0.25,4.875],"texture":"#0"}}},{"from":[-14.5,2,15.25],"to":[-1,3,15.75],"rotation":{"angle":-22.5,"axis":"z","origin":[-1,1.5,15.75]},"faces":{"north":{"uv":[0.25,4,3.625,4.25],"texture":"#0"},"east":{"uv":[4.25,3.5,4.375,3.75],"texture":"#0"},"south":{"uv":[3.625,4,0.25,4.25],"texture":"#0"},"west":{"uv":[3.75,4.25,3.875,4.5],"texture":"#0"},"up":{"uv":[3.625,5.125,0.25,5],"texture":"#0"},"down":{"uv":[3.625,5.25,0.25,5.375],"texture":"#0"}}},{"from":[-0.5,1.5,15.26],"to":[0.5,17,15.74],"rotation":{"angle":0,"axis":"y","origin":[1,3,15.75]},"faces":{"north":{"uv":[6.5,0,6.75,3.75],"texture":"#0"},"east":{"uv":[0.25,7.25,0.375,11],"texture":"#0"},"south":{"uv":[6.75,0,6.5,3.75],"texture":"#0"},"west":{"uv":[0.5,7.25,0.625,11],"texture":"#0"},"up":{"uv":[3.25,7.625,3,7.5],"texture":"#0"},"down":{"uv":[7.75,3,7.5,3.125],"texture":"#0"}}}],"gui_light":"front","display":{"thirdperson_righthand":{"rotation":[67.5,0,0],"translation":[2,1.75,-0.5],"scale":[0.24,0.24,0.24]},"thirdperson_lefthand":{"rotation":[67.5,0,0],"translation":[-2,1.75,-0.5],"scale":[0.24,0.24,0.24]},"firstperson_righthand":{"translation":[2.25,3,0],"scale":[0.27797,0.27797,0.27797]},"firstperson_lefthand":{"translation":[-2,3,0],"scale":[0.27797,0.27797,0.27797]},"ground":{"translation":[3.25,6,-3],"scale":[0.4,0.4,0.4]},"gui":{"rotation":[30,135,0],"translation":[-8.25,0.75,0],"scale":[0.74164,0.74164,0.74164]},"head":{"rotation":[0,180,0],"translation":[0,-30.4,0],"scale":[1.6,1.6,1.6]},"fixed":{"translation":[0,0,-16],"scale":[2,2,2]}}}