{"credit":"127910 / 0968J7ELSASA84HYPBL73","texture_size":[64,64],"textures":{"0":"medievalroyalv2:furniture/medievalroyalv2/medievalroyal_tablecandleholder","particle":"medievalroyalv2:furniture/medievalroyalv2/medievalroyal_tablecandleholder"},"elements":[{"from":[5.5,0,5.5],"to":[10.5,2,10.5],"rotation":{"angle":45,"axis":"y","origin":[8,0,8]},"faces":{"north":{"uv":[1.25,1.25,2.5,1.75],"texture":"#0"},"east":{"uv":[0,1.25,1.25,1.75],"texture":"#0"},"south":{"uv":[3.75,1.25,5,1.75],"texture":"#0"},"west":{"uv":[2.5,1.25,3.75,1.75],"texture":"#0"},"up":{"uv":[2.5,1.25,1.25,0],"texture":"#0"},"down":{"uv":[3.75,0,2.5,1.25],"texture":"#0"}}},{"from":[7,2,7],"to":[9,5,9],"rotation":{"angle":0,"axis":"y","origin":[8,0,8]},"faces":{"north":{"uv":[5.75,4.25,6.25,5],"texture":"#0"},"east":{"uv":[5.25,4.25,5.75,5],"texture":"#0"},"south":{"uv":[6.75,4.25,7.25,5],"texture":"#0"},"west":{"uv":[6.25,4.25,6.75,5],"texture":"#0"},"up":{"uv":[6.25,4.25,5.75,3.75],"texture":"#0"},"down":{"uv":[6.75,3.75,6.25,4.25],"texture":"#0"}}},{"from":[7,8,7],"to":[9,11,9],"rotation":{"angle":0,"axis":"y","origin":[8,0,8]},"faces":{"north":{"uv":[5.75,3,6.25,3.75],"texture":"#0"},"east":{"uv":[5.25,3,5.75,3.75],"texture":"#0"},"south":{"uv":[6.75,3,7.25,3.75],"texture":"#0"},"west":{"uv":[6.25,3,6.75,3.75],"texture":"#0"},"up":{"uv":[6.25,3,5.75,2.5],"texture":"#0"},"down":{"uv":[6.75,2.5,6.25,3],"texture":"#0"}}},{"from":[7,7,0],"to":[9,9,2],"rotation":{"angle":0,"axis":"y","origin":[8,0,8]},"faces":{"north":{"uv":[4.25,0.5,4.75,1],"texture":"#0"},"east":{"uv":[3.75,0.5,4.25,1],"texture":"#0"},"south":{"uv":[5.25,0.5,5.75,1],"texture":"#0"},"west":{"uv":[4.75,0.5,5.25,1],"texture":"#0"},"up":{"uv":[4.75,0.5,4.25,0],"texture":"#0"},"down":{"uv":[5.25,0,4.75,0.5],"texture":"#0"}}},{"from":[6.5,5,6.5],"to":[9.5,8,9.5],"rotation":{"angle":0,"axis":"y","origin":[8,0,8]},"faces":{"north":{"uv":[5,1.75,5.75,2.5],"texture":"#0"},"east":{"uv":[4.25,1.75,5,2.5],"texture":"#0"},"south":{"uv":[6.5,1.75,7.25,2.5],"texture":"#0"},"west":{"uv":[5.75,1.75,6.5,2.5],"texture":"#0"},"up":{"uv":[5.75,1.75,5,1],"texture":"#0"},"down":{"uv":[6.5,1,5.75,1.75],"texture":"#0"}}},{"from":[6.5,9,-0.5],"to":[9.5,12,2.5],"rotation":{"angle":0,"axis":"y","origin":[8,0,8]},"faces":{"north":{"uv":[0.75,3.75,1.5,4.5],"texture":"#0"},"east":{"uv":[0,3.75,0.75,4.5],"texture":"#0"},"south":{"uv":[2.25,3.75,3,4.5],"texture":"#0"},"west":{"uv":[1.5,3.75,2.25,4.5],"texture":"#0"},"up":{"uv":[1.5,3.75,0.75,3],"texture":"#0"},"down":{"uv":[2.25,3,1.5,3.75],"texture":"#0"}}},{"from":[5.5,12,-1.5],"to":[10.5,12,3.5],"rotation":{"angle":0,"axis":"y","origin":[8,0,8]},"faces":{"north":{"uv":[1.25,3,2.5,3],"texture":"#0"},"east":{"uv":[0,3,1.25,3],"texture":"#0"},"south":{"uv":[3.75,3,5,3],"texture":"#0"},"west":{"uv":[2.5,3,3.75,3],"texture":"#0"},"up":{"uv":[2.5,3,1.25,1.75],"texture":"#0"},"down":{"uv":[3.75,1.75,2.5,3],"texture":"#0"}}},{"from":[8,20,0.5],"to":[8,22,1.5],"rotation":{"angle":0,"axis":"y","origin":[8,0,15]},"faces":{"north":{"uv":[0.25,0.25,0.25,0.75],"texture":"#0"},"east":{"uv":[0,0.25,0.25,0.75],"texture":"#0"},"south":{"uv":[0.5,0.25,0.5,0.75],"texture":"#0"},"west":{"uv":[0.25,0.25,0.5,0.75],"texture":"#0"},"up":{"uv":[0.25,0.25,0.25,0],"texture":"#0"},"down":{"uv":[0.25,0,0.25,0.25],"texture":"#0"}}},{"from":[7.5,20,1],"to":[8.5,22,1],"rotation":{"angle":0,"axis":"y","origin":[8,0,15]},"faces":{"north":{"uv":[0.5,0,0.75,0.5],"texture":"#0"},"east":{"uv":[0.5,0,0.5,0.5],"texture":"#0"},"south":{"uv":[0.75,0,1,0.5],"texture":"#0"},"west":{"uv":[0.75,0,0.75,0.5],"texture":"#0"},"up":{"uv":[0.75,0,0.5,0],"texture":"#0"},"down":{"uv":[1,0,0.75,0],"texture":"#0"}}},{"from":[7,12,0],"to":[9,20,2],"rotation":{"angle":0,"axis":"y","origin":[8,0,8]},"faces":{"north":{"uv":[3.75,3,4.25,5],"texture":"#0"},"east":{"uv":[3.25,3,3.75,5],"texture":"#0"},"south":{"uv":[4.75,3,5.25,5],"texture":"#0"},"west":{"uv":[4.25,3,4.75,5],"texture":"#0"},"up":{"uv":[4.25,3,3.75,2.5],"texture":"#0"},"down":{"uv":[4.75,2.5,4.25,3],"texture":"#0"}}},{"from":[7,14,7],"to":[9,22,9],"rotation":{"angle":0,"axis":"y","origin":[8,0,8]},"faces":{"north":{"uv":[3.75,3,4.25,5],"texture":"#0"},"east":{"uv":[3.25,3,3.75,5],"texture":"#0"},"south":{"uv":[4.75,3,5.25,5],"texture":"#0"},"west":{"uv":[4.25,3,4.75,5],"texture":"#0"},"up":{"uv":[4.25,3,3.75,2.5],"texture":"#0"},"down":{"uv":[4.75,2.5,4.25,3],"texture":"#0"}}},{"from":[5.5,14,5.5],"to":[10.5,14,10.5],"rotation":{"angle":0,"axis":"y","origin":[8,0,8]},"faces":{"north":{"uv":[1.25,3,2.5,3],"texture":"#0"},"east":{"uv":[0,3,1.25,3],"texture":"#0"},"south":{"uv":[3.75,3,5,3],"texture":"#0"},"west":{"uv":[2.5,3,3.75,3],"texture":"#0"},"up":{"uv":[2.5,3,1.25,1.75],"texture":"#0"},"down":{"uv":[3.75,1.75,2.5,3],"texture":"#0"}}},{"from":[7.5,22,8],"to":[8.5,24,8],"rotation":{"angle":0,"axis":"y","origin":[8,0,15]},"faces":{"north":{"uv":[0.5,0,0.75,0.5],"texture":"#0"},"east":{"uv":[0.5,0,0.5,0.5],"texture":"#0"},"south":{"uv":[0.75,0,1,0.5],"texture":"#0"},"west":{"uv":[0.75,0,0.75,0.5],"texture":"#0"},"up":{"uv":[0.75,0,0.5,0],"texture":"#0"},"down":{"uv":[1,0,0.75,0],"texture":"#0"}}},{"from":[8,22,7.5],"to":[8,24,8.5],"rotation":{"angle":0,"axis":"y","origin":[8,0,15]},"faces":{"north":{"uv":[0.25,0.25,0.25,0.75],"texture":"#0"},"east":{"uv":[0,0.25,0.25,0.75],"texture":"#0"},"south":{"uv":[0.5,0.25,0.5,0.75],"texture":"#0"},"west":{"uv":[0.25,0.25,0.5,0.75],"texture":"#0"},"up":{"uv":[0.25,0.25,0.25,0],"texture":"#0"},"down":{"uv":[0.25,0,0.25,0.25],"texture":"#0"}}},{"from":[6.5,11,6.5],"to":[9.5,14,9.5],"rotation":{"angle":0,"axis":"y","origin":[8,0,8]},"faces":{"north":{"uv":[0.75,3.75,1.5,4.5],"texture":"#0"},"east":{"uv":[0,3.75,0.75,4.5],"texture":"#0"},"south":{"uv":[2.25,3.75,3,4.5],"texture":"#0"},"west":{"uv":[1.5,3.75,2.25,4.5],"texture":"#0"},"up":{"uv":[1.5,3.75,0.75,3],"texture":"#0"},"down":{"uv":[2.25,3,1.5,3.75],"texture":"#0"}}},{"from":[6.5,9,13.5],"to":[9.5,12,16.5],"rotation":{"angle":0,"axis":"y","origin":[8,0,8]},"faces":{"north":{"uv":[0.75,3.75,1.5,4.5],"texture":"#0"},"east":{"uv":[0,3.75,0.75,4.5],"texture":"#0"},"south":{"uv":[2.25,3.75,3,4.5],"texture":"#0"},"west":{"uv":[1.5,3.75,2.25,4.5],"texture":"#0"},"up":{"uv":[1.5,3.75,0.75,3],"texture":"#0"},"down":{"uv":[2.25,3,1.5,3.75],"texture":"#0"}}},{"from":[7,7,14],"to":[9,9,16],"rotation":{"angle":0,"axis":"y","origin":[8,0,8]},"faces":{"north":{"uv":[4.25,0.5,4.75,1],"texture":"#0"},"east":{"uv":[3.75,0.5,4.25,1],"texture":"#0"},"south":{"uv":[5.25,0.5,5.75,1],"texture":"#0"},"west":{"uv":[4.75,0.5,5.25,1],"texture":"#0"},"up":{"uv":[4.75,0.5,4.25,0],"texture":"#0"},"down":{"uv":[5.25,0,4.75,0.5],"texture":"#0"}}},{"from":[7,12,14],"to":[9,20,16],"rotation":{"angle":0,"axis":"y","origin":[8,0,8]},"faces":{"north":{"uv":[3.75,3,4.25,5],"texture":"#0"},"east":{"uv":[3.25,3,3.75,5],"texture":"#0"},"south":{"uv":[4.75,3,5.25,5],"texture":"#0"},"west":{"uv":[4.25,3,4.75,5],"texture":"#0"},"up":{"uv":[4.25,3,3.75,2.5],"texture":"#0"},"down":{"uv":[4.75,2.5,4.25,3],"texture":"#0"}}},{"from":[5.5,12,12.5],"to":[10.5,12,17.5],"rotation":{"angle":0,"axis":"y","origin":[8,0,8]},"faces":{"north":{"uv":[1.25,3,2.5,3],"texture":"#0"},"east":{"uv":[0,3,1.25,3],"texture":"#0"},"south":{"uv":[3.75,3,5,3],"texture":"#0"},"west":{"uv":[2.5,3,3.75,3],"texture":"#0"},"up":{"uv":[2.5,3,1.25,1.75],"texture":"#0"},"down":{"uv":[3.75,1.75,2.5,3],"texture":"#0"}}},{"from":[8,20,14.5],"to":[8,22,15.5],"rotation":{"angle":0,"axis":"y","origin":[8,0,15]},"faces":{"north":{"uv":[0.25,0.25,0.25,0.75],"texture":"#0"},"east":{"uv":[0,0.25,0.25,0.75],"texture":"#0"},"south":{"uv":[0.5,0.25,0.5,0.75],"texture":"#0"},"west":{"uv":[0.25,0.25,0.5,0.75],"texture":"#0"},"up":{"uv":[0.25,0.25,0.25,0],"texture":"#0"},"down":{"uv":[0.25,0,0.25,0.25],"texture":"#0"}}},{"from":[7.5,20,15],"to":[8.5,22,15],"rotation":{"angle":0,"axis":"y","origin":[8,0,15]},"faces":{"north":{"uv":[0.5,0,0.75,0.5],"texture":"#0"},"east":{"uv":[0.5,0,0.5,0.5],"texture":"#0"},"south":{"uv":[0.75,0,1,0.5],"texture":"#0"},"west":{"uv":[0.75,0,0.75,0.5],"texture":"#0"},"up":{"uv":[0.75,0,0.5,0],"texture":"#0"},"down":{"uv":[1,0,0.75,0],"texture":"#0"}}},{"from":[8,2,-2],"to":[8,10,18],"faces":{"north":{"uv":[5,5,5,7],"texture":"#0"},"east":{"uv":[0,5,5,7],"texture":"#0"},"south":{"uv":[10,5,10,7],"texture":"#0"},"west":{"uv":[5,5,10,7],"texture":"#0"},"up":{"uv":[5,5,5,0],"texture":"#0"},"down":{"uv":[5,0,5,5],"texture":"#0"}}}],"display":{"thirdperson_righthand":{"rotation":[60,-55,0],"translation":[-0.25,3.5,3.25],"scale":[0.6,0.6,0.6]},"thirdperson_lefthand":{"rotation":[60,-55,0],"translation":[-0.25,3.5,3.25],"scale":[0.6,0.6,0.6]},"firstperson_righthand":{"rotation":[0,17,6],"translation":[0,1.75,0],"scale":[0.4,0.4,0.4]},"firstperson_lefthand":{"rotation":[0,17,6],"translation":[0,1.75,0],"scale":[0.4,0.4,0.4]},"ground":{"translation":[0,1.5,0],"scale":[0.35,0.35,0.35]},"gui":{"rotation":[30,58,0],"translation":[0.25,-1.5,0],"scale":[0.55,0.55,0.55]},"head":{"rotation":[0,90,0],"translation":[0,-30.4,0],"scale":[1.6,1.6,1.6]},"fixed":{"rotation":[-90,90,0],"translation":[0,0,-15],"scale":[2,2,2]}}}