{"credit":"Made with Blockbench","texture_size":[64,64],"textures":{"0":"sakura_furniture_v1:sakurasofa1texture","particle":"sakura_furniture_v1:sakurasofa1texture"},"elements":[{"from":[2.25,3,2],"to":[13.75,8,14],"faces":{"north":{"uv":[8.75,0,11.625,1.25],"texture":"#0"},"east":{"uv":[2.75,7.75,5.75,9],"texture":"#0"},"south":{"uv":[8.75,1.25,11.625,2.5],"texture":"#0"},"west":{"uv":[5.75,8,8.75,9.25],"texture":"#0"},"up":{"uv":[5.875,3,3,0],"texture":"#0"},"down":{"uv":[5.875,3,3,6],"texture":"#0"}}},{"from":[1.18451,3.3566,2.075],"to":[4.18451,10.3566,13.925],"rotation":{"angle":22.5,"axis":"z","origin":[2.61362,5.8566,7.85]},"faces":{"north":{"uv":[9.75,3.25,10.5,5],"texture":"#0"},"east":{"uv":[6,4.5,9,6.25],"texture":"#0"},"south":{"uv":[8.75,9.75,9.5,11.5],"texture":"#0"},"west":{"uv":[5.75,6.25,8.75,8],"texture":"#0"},"up":{"uv":[5,12,4.25,9],"texture":"#0"},"down":{"uv":[5.75,9,5,12],"texture":"#0"}}},{"from":[11.81549,3.3566,2.075],"to":[14.81549,10.3566,13.925],"rotation":{"angle":-22.5,"axis":"z","origin":[13.38638,5.8566,7.85]},"faces":{"north":{"uv":[10.5,3.25,9.75,5],"texture":"#0"},"east":{"uv":[8.75,6.25,5.75,8],"texture":"#0"},"south":{"uv":[9.5,9.75,8.75,11.5],"texture":"#0"},"west":{"uv":[9,4.5,6,6.25],"texture":"#0"},"up":{"uv":[4.25,12,5,9],"texture":"#0"},"down":{"uv":[5,9,5.75,12],"texture":"#0"}}},{"from":[2.75,2,2.5],"to":[13.25,3,13.5],"rotation":{"angle":0,"axis":"y","origin":[12,2.5,4]},"faces":{"north":{"uv":[10.5,4.25,13.125,4.5],"texture":"#0"},"east":{"uv":[10.5,3.75,13.25,4],"texture":"#0"},"south":{"uv":[10.5,4.5,13.125,4.75],"texture":"#0"},"west":{"uv":[10.5,4,13.25,4.25],"texture":"#0"},"up":{"uv":[2.625,8.75,0,6],"texture":"#0"},"down":{"uv":[8.625,0,6,2.75],"texture":"#0"}}},{"from":[11.25,0,3],"to":[12.75,2,13],"rotation":{"angle":0,"axis":"y","origin":[11.75,1.5,4]},"faces":{"north":{"uv":[1.5,10.75,1.875,11.25],"texture":"#0"},"east":{"uv":[9.5,10.25,12,10.75],"texture":"#0"},"south":{"uv":[2,10.75,2.375,11.25],"texture":"#0"},"west":{"uv":[12,10.25,9.5,10.75],"texture":"#0"},"up":{"uv":[1.375,13,1,10.5],"texture":"#0"},"down":{"uv":[10.875,6.25,10.5,8.75],"texture":"#0"}}},{"from":[3.25,0,3],"to":[4.75,2,13],"rotation":{"angle":0,"axis":"y","origin":[4.25,1.5,4]},"faces":{"north":{"uv":[1.875,10.75,1.5,11.25],"texture":"#0"},"east":{"uv":[9.5,10.25,12,10.75],"texture":"#0"},"south":{"uv":[2.375,10.75,2,11.25],"texture":"#0"},"west":{"uv":[12,10.25,9.5,10.75],"texture":"#0"},"up":{"uv":[1,13,1.375,10.5],"texture":"#0"},"down":{"uv":[10.5,6.25,10.875,8.75],"texture":"#0"}}},{"from":[2.25,3.53701,12.80029],"to":[13.75,15.53701,15.30029],"rotation":{"angle":22.5,"axis":"x","origin":[1,6.53701,13.30029]},"faces":{"north":{"uv":[0,0,2.875,3],"texture":"#0"},"east":{"uv":[5.75,9.25,6.375,12.25],"texture":"#0"},"south":{"uv":[0,3,2.875,6],"texture":"#0"},"west":{"uv":[6.5,9.25,7.125,12.25],"texture":"#0"},"up":{"uv":[11.875,6.125,9,5.5],"texture":"#0"},"down":{"uv":[12.625,2.5,9.75,3.125],"texture":"#0"}}},{"from":[9.5,11.0027,15.2796],"to":[16.5,18.0027,15.2796],"rotation":{"angle":22.5,"axis":"x","origin":[10.75,12.7527,15.2796]},"faces":{"north":{"uv":[0,8.75,1.75,10.5],"texture":"#0"},"south":{"uv":[1.75,8.75,0,10.5],"texture":"#0"}}},{"from":[9.25,11.2527,15.2296],"to":[16.25,18.2527,15.2296],"rotation":{"angle":22.5,"axis":"x","origin":[10.75,12.7527,15.2796]},"faces":{"north":{"uv":[8.75,8,10.5,9.75],"texture":"#0"},"south":{"uv":[10.5,8,8.75,9.75],"texture":"#0"}}}],"gui_light":"front","display":{"thirdperson_righthand":{"rotation":[67.5,0,0],"translation":[0,1.75,0.25],"scale":[0.27148,0.27148,0.27148]},"thirdperson_lefthand":{"rotation":[67.5,0,0],"translation":[0,1.75,0.25],"scale":[0.27148,0.27148,0.27148]},"firstperson_righthand":{"translation":[2,3.25,0],"scale":[0.3125,0.3125,0.3125]},"firstperson_lefthand":{"translation":[2,3.25,0],"scale":[0.3125,0.3125,0.3125]},"ground":{"translation":[0,6,0],"scale":[0.45,0.45,0.45]},"gui":{"rotation":[30,135,0],"translation":[-0.5,-0.25,0],"scale":[0.66406,0.66406,0.66406]},"head":{"rotation":[0,180,0],"translation":[0,-30.4,0],"scale":[1.6,1.6,1.6]},"fixed":{"rotation":[-90,0,0],"translation":[0,0,-16],"scale":[2,2,2]}}}