{"credit":"Made with Blockbench","texture_size":[64,64],"textures":{"0":"elitecreatures:livingroom_furniture_v1/livingroom_chair_2"},"elements":[{"from":[3,6,3],"to":[13,8,13],"rotation":{"angle":0,"axis":"y","origin":[8,0,8]},"faces":{"north":{"uv":[2.5,2.5,5,3],"texture":"#0"},"east":{"uv":[0,2.5,2.5,3],"texture":"#0"},"south":{"uv":[7.5,2.5,10,3],"texture":"#0"},"west":{"uv":[5,2.5,7.5,3],"texture":"#0"},"up":{"uv":[5,2.5,2.5,0],"texture":"#0"},"down":{"uv":[7.5,0,5,2.5],"texture":"#0"}}},{"from":[11,0,3],"to":[13,6,5],"rotation":{"angle":0,"axis":"y","origin":[8,0,8]},"faces":{"north":{"uv":[0.5,0.5,1,2],"texture":"#0"},"east":{"uv":[0,0.5,0.5,2],"texture":"#0"},"south":{"uv":[1.5,0.5,2,2],"texture":"#0"},"west":{"uv":[1,0.5,1.5,2],"texture":"#0"},"up":{"uv":[1,0.5,0.5,0],"texture":"#0"},"down":{"uv":[1.5,0,1,0.5],"texture":"#0"}}},{"from":[11,2,5],"to":[13,3,11],"rotation":{"angle":0,"axis":"y","origin":[8,7,12]},"faces":{"north":{"uv":[1.5,4.5,2,4.75],"texture":"#0"},"east":{"uv":[0,4.5,1.5,4.75],"texture":"#0"},"south":{"uv":[3.5,4.5,4,4.75],"texture":"#0"},"west":{"uv":[2,4.5,3.5,4.75],"texture":"#0"},"up":{"uv":[2,4.5,1.5,3],"texture":"#0"},"down":{"uv":[2.5,3,2,4.5],"texture":"#0"}}},{"from":[5,2,3],"to":[11,3,5],"rotation":{"angle":0,"axis":"y","origin":[8,7,12]},"faces":{"north":{"uv":[3,3.5,4.5,3.75],"texture":"#0"},"east":{"uv":[2.5,3.5,3,3.75],"texture":"#0"},"south":{"uv":[5,3.5,6.5,3.75],"texture":"#0"},"west":{"uv":[4.5,3.5,5,3.75],"texture":"#0"},"up":{"uv":[4.5,3.5,3,3],"texture":"#0"},"down":{"uv":[6,3,4.5,3.5],"texture":"#0"}}},{"from":[3,0,3],"to":[5,6,5],"rotation":{"angle":0,"axis":"y","origin":[8,0,8]},"faces":{"north":{"uv":[1,0.5,0.5,2],"texture":"#0"},"east":{"uv":[1.5,0.5,1,2],"texture":"#0"},"south":{"uv":[2,0.5,1.5,2],"texture":"#0"},"west":{"uv":[0.5,0.5,0,2],"texture":"#0"},"up":{"uv":[0.5,0.5,1,0],"texture":"#0"},"down":{"uv":[1,0,1.5,0.5],"texture":"#0"}}},{"from":[11,0,11],"to":[13,6,13],"rotation":{"angle":0,"axis":"y","origin":[8,0,8]},"faces":{"north":{"uv":[0.5,0.5,1,2],"texture":"#0"},"east":{"uv":[0,0.5,0.5,2],"texture":"#0"},"south":{"uv":[1.5,0.5,2,2],"texture":"#0"},"west":{"uv":[1,0.5,1.5,2],"texture":"#0"},"up":{"uv":[1,0.5,0.5,0],"texture":"#0"},"down":{"uv":[1.5,0,1,0.5],"texture":"#0"}}},{"from":[3,0,11],"to":[5,6,13],"rotation":{"angle":0,"axis":"y","origin":[8,0,8]},"faces":{"north":{"uv":[1,0.5,0.5,2],"texture":"#0"},"east":{"uv":[1.5,0.5,1,2],"texture":"#0"},"south":{"uv":[2,0.5,1.5,2],"texture":"#0"},"west":{"uv":[0.5,0.5,0,2],"texture":"#0"},"up":{"uv":[0.5,0.5,1,0],"texture":"#0"},"down":{"uv":[1,0,1.5,0.5],"texture":"#0"}}},{"from":[3,2,5],"to":[5,3,11],"rotation":{"angle":0,"axis":"y","origin":[8,7,12]},"faces":{"north":{"uv":[2,4.5,1.5,4.75],"texture":"#0"},"east":{"uv":[3.5,4.5,2,4.75],"texture":"#0"},"south":{"uv":[4,4.5,3.5,4.75],"texture":"#0"},"west":{"uv":[1.5,4.5,0,4.75],"texture":"#0"},"up":{"uv":[1.5,4.5,2,3],"texture":"#0"},"down":{"uv":[2,3,2.5,4.5],"texture":"#0"}}},{"from":[5,2,11],"to":[11,3,13],"rotation":{"angle":0,"axis":"y","origin":[4,7,8]},"faces":{"north":{"uv":[3,4.25,4.5,4.5],"texture":"#0"},"east":{"uv":[2.5,4.25,3,4.5],"texture":"#0"},"south":{"uv":[5,4.25,6.5,4.5],"texture":"#0"},"west":{"uv":[4.5,4.25,5,4.5],"texture":"#0"},"up":{"uv":[4.5,4.25,3,3.75],"texture":"#0"},"down":{"uv":[6,3.75,4.5,4.25],"texture":"#0"}}}],"gui_light":"front","display":{"thirdperson_righthand":{"rotation":[67.5,0,0],"translation":[0,1.75,0.5],"scale":[0.2832,0.2832,0.2832]},"thirdperson_lefthand":{"rotation":[67.5,0,0],"translation":[0,1.75,0.5],"scale":[0.2832,0.2832,0.2832]},"firstperson_righthand":{"translation":[1.75,3.75,0],"scale":[0.39414,0.39414,0.39414]},"firstperson_lefthand":{"translation":[1.75,3.75,0],"scale":[0.39414,0.39414,0.39414]},"ground":{"translation":[0,6,0],"scale":[0.55,0.55,0.55]},"gui":{"rotation":[30,135,0],"translation":[0,3,0],"scale":[0.94336,0.94336,0.94336]},"head":{"rotation":[0,180,0],"translation":[0,-30.4,0],"scale":[1.6,1.6,1.6]},"fixed":{"rotation":[-90,0,0],"translation":[0,0,-16],"scale":[2,2,2]}},"groups":[{"name":"bone","origin":[8,0,8],"color":0,"children":[0,1,2,3,4,5,6,7,8]}]}