{"credit":"Made with Blockbench","texture_size":[128,128],"textures":{"1":"elitecreatures:livingroom_furniture_v1/livingroom_piano"},"elements":[{"from":[-15,0,8],"to":[15,23,15],"rotation":{"angle":0,"axis":"y","origin":[8,0,8]},"faces":{"north":{"uv":[0.875,0.875,4.625,3.75],"texture":"#1"},"east":{"uv":[0,0.875,0.875,3.75],"texture":"#1"},"south":{"uv":[5.5,0.875,9.25,3.75],"texture":"#1"},"west":{"uv":[4.625,0.875,5.5,3.75],"texture":"#1"},"up":{"uv":[4.625,0.875,0.875,0],"texture":"#1"},"down":{"uv":[8.375,0,4.625,0.875],"texture":"#1"}}},{"from":[-14,12,2.1],"to":[14,13,5],"rotation":{"angle":0,"axis":"y","origin":[0,12.5,5]},"faces":{"north":{"uv":[0.25,5.75,3.75,5.875],"texture":"#1"},"east":{"uv":[0,5.75,0.25,5.875],"texture":"#1"},"south":{"uv":[4,5.75,7.5,5.875],"texture":"#1"},"west":{"uv":[3.75,5.75,4,5.875],"texture":"#1"},"up":{"uv":[3.75,5.75,0.25,5.5],"texture":"#1"},"down":{"uv":[7.25,5.5,3.75,5.75],"texture":"#1"}}},{"from":[2,0.5,6],"to":[4,1.5,9],"rotation":{"angle":0,"axis":"y","origin":[8,0,7]},"faces":{"north":{"uv":[3.125,6.25,3.375,6.375],"texture":"#1"},"east":{"uv":[2.75,6.25,3.125,6.375],"texture":"#1"},"south":{"uv":[3.75,6.25,4,6.375],"texture":"#1"},"west":{"uv":[3.375,6.25,3.75,6.375],"texture":"#1"},"up":{"uv":[3.375,6.25,3.125,5.875],"texture":"#1"},"down":{"uv":[3.625,5.875,3.375,6.25],"texture":"#1"}}},{"from":[-14,12,5],"to":[14,14,8],"rotation":{"angle":0,"axis":"y","origin":[8,0,8]},"faces":{"north":{"uv":[0.375,5.25,3.875,5.5],"texture":"#1"},"east":{"uv":[0,5.25,0.375,5.5],"texture":"#1"},"south":{"uv":[4.25,5.25,7.75,5.5],"texture":"#1"},"west":{"uv":[3.875,5.25,4.25,5.5],"texture":"#1"},"up":{"uv":[3.875,5.25,0.375,4.875],"texture":"#1"},"down":{"uv":[7.375,4.875,3.875,5.25],"texture":"#1"}}},{"from":[13,0,3],"to":[15,9,5],"rotation":{"angle":0,"axis":"y","origin":[8,0,8]},"faces":{"north":{"uv":[2,6.125,2.25,7.25],"texture":"#1"},"east":{"uv":[1.75,6.125,2,7.25],"texture":"#1"},"south":{"uv":[2.5,6.125,2.75,7.25],"texture":"#1"},"west":{"uv":[2.25,6.125,2.5,7.25],"texture":"#1"},"up":{"uv":[2.25,6.125,2,5.875],"texture":"#1"},"down":{"uv":[2.5,5.875,2.25,6.125],"texture":"#1"}}},{"from":[13,0,5],"to":[15,1,8],"rotation":{"angle":0,"axis":"y","origin":[8,0,8]},"faces":{"north":{"uv":[4.375,6.25,4.625,6.375],"texture":"#1"},"east":{"uv":[4,6.25,4.375,6.375],"texture":"#1"},"south":{"uv":[5,6.25,5.25,6.375],"texture":"#1"},"west":{"uv":[4.625,6.25,5,6.375],"texture":"#1"},"up":{"uv":[4.625,6.25,4.375,5.875],"texture":"#1"},"down":{"uv":[4.875,5.875,4.625,6.25],"texture":"#1"}}},{"from":[14,9,2],"to":[15,14,8],"rotation":{"angle":0,"axis":"y","origin":[8,0,8]},"faces":{"north":{"uv":[0.75,6.625,0.875,7.25],"texture":"#1"},"east":{"uv":[0,6.625,0.75,7.25],"texture":"#1"},"south":{"uv":[1.625,6.625,1.75,7.25],"texture":"#1"},"west":{"uv":[0.875,6.625,1.625,7.25],"texture":"#1"},"up":{"uv":[0.875,6.625,0.75,5.875],"texture":"#1"},"down":{"uv":[1,5.875,0.875,6.625],"texture":"#1"}}},{"from":[-14,9,2],"to":[14,12,8],"rotation":{"angle":0,"axis":"y","origin":[8,0,8]},"faces":{"north":{"uv":[0.75,4.5,4.25,4.875],"texture":"#1"},"east":{"uv":[0,4.5,0.75,4.875],"texture":"#1"},"south":{"uv":[5,4.5,8.5,4.875],"texture":"#1"},"west":{"uv":[4.25,4.5,5,4.875],"texture":"#1"},"up":{"uv":[4.25,4.5,0.75,3.75],"texture":"#1"},"down":{"uv":[7.75,3.75,4.25,4.5],"texture":"#1"}}},{"from":[-15,9,2],"to":[-14,14,8],"rotation":{"angle":0,"axis":"y","origin":[8,0,8]},"faces":{"north":{"uv":[0.875,6.625,0.75,7.25],"texture":"#1"},"east":{"uv":[1.625,6.625,0.875,7.25],"texture":"#1"},"south":{"uv":[1.75,6.625,1.625,7.25],"texture":"#1"},"west":{"uv":[0.75,6.625,0,7.25],"texture":"#1"},"up":{"uv":[0.75,6.625,0.875,5.875],"texture":"#1"},"down":{"uv":[0.875,5.875,1,6.625],"texture":"#1"}}},{"from":[-15,0,5],"to":[-13,1,8],"rotation":{"angle":0,"axis":"y","origin":[8,0,8]},"faces":{"north":{"uv":[4.625,6.25,4.375,6.375],"texture":"#1"},"east":{"uv":[5,6.25,4.625,6.375],"texture":"#1"},"south":{"uv":[5.25,6.25,5,6.375],"texture":"#1"},"west":{"uv":[4.375,6.25,4,6.375],"texture":"#1"},"up":{"uv":[4.375,6.25,4.625,5.875],"texture":"#1"},"down":{"uv":[4.625,5.875,4.875,6.25],"texture":"#1"}}},{"from":[-15,0,3],"to":[-13,9,5],"rotation":{"angle":0,"axis":"y","origin":[8,0,8]},"faces":{"north":{"uv":[2.25,6.125,2,7.25],"texture":"#1"},"east":{"uv":[2.5,6.125,2.25,7.25],"texture":"#1"},"south":{"uv":[2.75,6.125,2.5,7.25],"texture":"#1"},"west":{"uv":[2,6.125,1.75,7.25],"texture":"#1"},"up":{"uv":[2,6.125,2.25,5.875],"texture":"#1"},"down":{"uv":[2.25,5.875,2.5,6.125],"texture":"#1"}}},{"from":[-1,0.5,6],"to":[1,1.5,9],"rotation":{"angle":0,"axis":"y","origin":[8,0,7]},"faces":{"north":{"uv":[3.125,6.25,3.375,6.375],"texture":"#1"},"east":{"uv":[2.75,6.25,3.125,6.375],"texture":"#1"},"south":{"uv":[3.75,6.25,4,6.375],"texture":"#1"},"west":{"uv":[3.375,6.25,3.75,6.375],"texture":"#1"},"up":{"uv":[3.375,6.25,3.125,5.875],"texture":"#1"},"down":{"uv":[3.625,5.875,3.375,6.25],"texture":"#1"}}},{"from":[-4,0.5,6],"to":[-2,1.5,9],"rotation":{"angle":0,"axis":"y","origin":[8,0,7]},"faces":{"north":{"uv":[3.125,6.25,3.375,6.375],"texture":"#1"},"east":{"uv":[2.75,6.25,3.125,6.375],"texture":"#1"},"south":{"uv":[3.75,6.25,4,6.375],"texture":"#1"},"west":{"uv":[3.375,6.25,3.75,6.375],"texture":"#1"},"up":{"uv":[3.375,6.25,3.125,5.875],"texture":"#1"},"down":{"uv":[3.625,5.875,3.375,6.25],"texture":"#1"}}}],"gui_light":"front","display":{"thirdperson_righthand":{"rotation":[67.5,0,0],"translation":[1.5,1.25,-0.25],"scale":[0.17383,0.17383,0.17383]},"thirdperson_lefthand":{"rotation":[67.5,0,0],"translation":[-1.25,1.25,-0.25],"scale":[0.17383,0.17383,0.17383]},"firstperson_righthand":{"translation":[0.5,4.5,2.5],"scale":[0.23008,0.23008,0.23008]},"firstperson_lefthand":{"translation":[-3.5,4.5,2.5],"scale":[0.23008,0.23008,0.23008]},"ground":{"translation":[2.75,6,0],"scale":[0.35,0.35,0.35]},"gui":{"rotation":[30,135,0],"translation":[-2.75,-0.25,0],"scale":[0.44492,0.44492,0.44492]},"head":{"rotation":[0,180,0],"translation":[0,-30.4,0],"scale":[1.6,1.6,1.6]},"fixed":{"rotation":[-90,0,0],"translation":[0,0,-16],"scale":[2,2,2]}},"groups":[{"name":"bone","origin":[0,0,10],"color":0,"children":[0,1,2,3,4,5,6,7,8,9,10,11,12]}]}