{"credit":"Created by Workshop Six","texture_size":[64,64],"textures":{"2":"workshop_six:sweetheart_furniture/sweetheart_chair","particle":"workshop_six:sweetheart_furniture/sweetheart_chair"},"elements":[{"from":[2,7,3],"to":[14,9,15],"rotation":{"angle":0,"axis":"y","origin":[0,7,14]},"faces":{"north":{"uv":[9.5,0.5,6.5,1],"texture":"#2"},"east":{"uv":[9.5,0,6.5,0.5],"texture":"#2"},"south":{"uv":[9,6.25,6,6.75],"texture":"#2"},"west":{"uv":[9.5,1,6.5,1.5],"texture":"#2"},"up":{"uv":[3,0,0,3],"texture":"#2"},"down":{"uv":[3,6,0,3],"texture":"#2"}}},{"from":[3,0,12],"to":[5,7,14],"rotation":{"angle":0,"axis":"y","origin":[3,0,14]},"faces":{"north":{"uv":[6.5,6.75,6,8.5],"texture":"#2"},"east":{"uv":[7,2.5,6.5,4.25],"texture":"#2"},"south":{"uv":[2.75,6,2.25,7.75],"texture":"#2"},"west":{"uv":[7,6.75,6.5,8.5],"texture":"#2"},"up":{"uv":[3,7.75,2.5,8.25],"texture":"#2"},"down":{"uv":[8.25,5.75,7.75,5.25],"texture":"#2"}}},{"from":[11,0,12],"to":[13,7,14],"rotation":{"angle":0,"axis":"y","origin":[13,0,14]},"faces":{"north":{"uv":[6,6.75,6.5,8.5],"texture":"#2"},"east":{"uv":[6.5,6.75,7,8.5],"texture":"#2"},"south":{"uv":[2.25,6,2.75,7.75],"texture":"#2"},"west":{"uv":[6.5,2.5,7,4.25],"texture":"#2"},"up":{"uv":[2.5,7.75,3,8.25],"texture":"#2"},"down":{"uv":[7.75,5.75,8.25,5.25],"texture":"#2"}}},{"from":[4,0,1],"to":[6,21,3],"rotation":{"angle":0,"axis":"y","origin":[4,0,3]},"faces":{"north":{"uv":[4.5,3.5,4,8.75],"texture":"#2"},"east":{"uv":[4,3.5,3.5,8.75],"texture":"#2"},"south":{"uv":[3.5,3.5,3,8.75],"texture":"#2"},"west":{"uv":[5,3.5,4.5,8.75],"texture":"#2"},"up":{"uv":[8.25,5.75,7.75,6.25],"texture":"#2"},"down":{"uv":[8,8.25,7.5,7.75],"texture":"#2"}}},{"from":[10,0,1],"to":[12,21,3],"rotation":{"angle":0,"axis":"y","origin":[12,0,3]},"faces":{"north":{"uv":[4,3.5,4.5,8.75],"texture":"#2"},"east":{"uv":[4.5,3.5,5,8.75],"texture":"#2"},"south":{"uv":[3,3.5,3.5,8.75],"texture":"#2"},"west":{"uv":[3.5,3.5,4,8.75],"texture":"#2"},"up":{"uv":[7.75,5.75,8.25,6.25],"texture":"#2"},"down":{"uv":[7.5,8.25,8,7.75],"texture":"#2"}}},{"from":[0.75,13.5,3],"to":[11.75,20.5,5],"rotation":{"angle":45,"axis":"z","origin":[7.75,21,4]},"faces":{"north":{"uv":[3,0,5.75,1.75],"texture":"#2"},"east":{"uv":[7.5,6.75,7,8.5],"texture":"#2"},"south":{"uv":[5.75,0,3,1.75],"texture":"#2"},"west":{"uv":[8,2.5,7.5,4.25],"texture":"#2"},"up":{"uv":[9.25,1.5,6.5,2],"texture":"#2"},"down":{"uv":[9.25,2.5,6.5,2],"texture":"#2"}}},{"from":[0.75,20.5,3],"to":[7.75,24.5,5],"rotation":{"angle":45,"axis":"z","origin":[7.75,21,4]},"faces":{"north":{"uv":[0.5,6,2.25,7],"texture":"#2"},"east":{"uv":[8,6.75,7.5,7.75],"texture":"#2"},"south":{"uv":[2.25,6,0.5,7],"texture":"#2"},"west":{"uv":[2.5,7.75,2,8.75],"texture":"#2"},"up":{"uv":[8.25,4.25,6.5,4.75],"texture":"#2"},"down":{"uv":[8.25,5.25,6.5,4.75],"texture":"#2"}}}],"gui_light":"front","display":{"thirdperson_righthand":{"rotation":[49,-90,0],"translation":[-0.25,0,-1],"scale":[0.23,0.23,0.23]},"thirdperson_lefthand":{"rotation":[49,-90,0],"translation":[-0.25,0,-1],"scale":[0.23,0.23,0.23]},"firstperson_righthand":{"translation":[0,2.5,3],"scale":[0.26,0.26,0.26]},"firstperson_lefthand":{"translation":[0,2.5,3],"scale":[0.26,0.26,0.26]},"ground":{"scale":[0.4,0.4,0.4]},"gui":{"rotation":[18.25,180,0],"translation":[0.25,-2,0],"scale":[0.6,0.6,0.6]},"head":{"translation":[0,-30.25,0],"scale":[1.6,1.6,1.6]},"fixed":{"rotation":[-90,0,0],"translation":[0,0,-16],"scale":[1.99,1.99,1.99]}}}