{"credit":"MadewithBlockbench","texture_size":[128,128],"textures":{"0":"elitecreatures:casino_decoration_v1/casino_table_blackjack","particle":"elitecreatures:casino_decoration_v1/casino_table_blackjack"},"elements":[{"from":[-16,13,0],"to":[32,16,16],"faces":{"north":{"uv":[0,4,6,4.375],"texture":"#0"},"east":{"uv":[6,0,8,0.375],"texture":"#0"},"south":{"uv":[0,4,6,4.375],"texture":"#0"},"west":{"uv":[6,0,8,0.375],"texture":"#0"},"up":{"uv":[6,2,0,0],"texture":"#0"},"down":{"uv":[6,2,0,4],"texture":"#0"}}},{"from":[-1,3,4.75],"to":[17,4,6.75],"rotation":{"angle":0,"axis":"y","origin":[16,0,0]},"faces":{"north":{"uv":[1.25,6.75,3.5,6.875],"texture":"#0"},"south":{"uv":[1.25,6.75,3.5,6.875],"texture":"#0"},"up":{"uv":[3.5,7.125,1.25,6.875],"texture":"#0"},"down":{"uv":[3.5,7.125,1.25,6.875],"texture":"#0"}}},{"from":[16,10,3],"to":[22,13,9],"faces":{"north":{"uv":[7.25,1.625,8,2],"texture":"#0"},"east":{"uv":[7.25,1.625,8,2],"texture":"#0"},"south":{"uv":[7.25,1.625,8,2],"texture":"#0"},"west":{"uv":[7.25,1.625,8,2],"texture":"#0"},"up":{"uv":[8,1.625,7.25,0.875],"texture":"#0"},"down":{"uv":[8,0.875,7.25,1.625],"texture":"#0"}}},{"from":[16,0,3],"to":[22,3,9],"rotation":{"angle":0,"axis":"y","origin":[0,16,0]},"faces":{"north":{"uv":[7.25,2,8,1.625],"texture":"#0"},"east":{"uv":[7.25,2,8,1.625],"texture":"#0"},"south":{"uv":[7.25,2,8,1.625],"texture":"#0"},"west":{"uv":[7.25,2,8,1.625],"texture":"#0"},"up":{"uv":[8,1.625,7.25,0.875],"texture":"#0"},"down":{"uv":[8,2,7.25,2.75],"texture":"#0"}}},{"from":[17,3,4],"to":[21,10,8],"rotation":{"angle":0,"axis":"y","origin":[0,16,0]},"faces":{"north":{"uv":[6.5,1.125,7,2],"texture":"#0"},"east":{"uv":[6.5,1.125,7,2],"texture":"#0"},"south":{"uv":[6.5,1.125,7,2],"texture":"#0"},"west":{"uv":[6.5,1.125,7,2],"texture":"#0"}}},{"from":[-6,10,3],"to":[0,13,9],"rotation":{"angle":0,"axis":"y","origin":[16,0,0]},"faces":{"north":{"uv":[8,1.625,7.25,2],"texture":"#0"},"east":{"uv":[8,1.625,7.25,2],"texture":"#0"},"south":{"uv":[8,1.625,7.25,2],"texture":"#0"},"west":{"uv":[8,1.625,7.25,2],"texture":"#0"},"up":{"uv":[7.25,1.625,8,0.875],"texture":"#0"},"down":{"uv":[7.25,0.875,8,1.625],"texture":"#0"}}},{"from":[-5,3,4],"to":[-1,10,8],"rotation":{"angle":0,"axis":"y","origin":[16,16,0]},"faces":{"north":{"uv":[7,1.125,6.5,2],"texture":"#0"},"east":{"uv":[7,1.125,6.5,2],"texture":"#0"},"south":{"uv":[7,1.125,6.5,2],"texture":"#0"},"west":{"uv":[7,1.125,6.5,2],"texture":"#0"}}},{"from":[-6,0,3],"to":[0,3,9],"rotation":{"angle":0,"axis":"y","origin":[16,16,0]},"faces":{"north":{"uv":[8,2,7.25,1.625],"texture":"#0"},"east":{"uv":[8,2,7.25,1.625],"texture":"#0"},"south":{"uv":[8,2,7.25,1.625],"texture":"#0"},"west":{"uv":[8,2,7.25,1.625],"texture":"#0"},"up":{"uv":[7.25,1.625,8,0.875],"texture":"#0"},"down":{"uv":[7.25,2,8,2.75],"texture":"#0"}}},{"from":[30,16,0],"to":[32,17,16],"faces":{"north":{"uv":[6.5,1,6.75,1.125],"texture":"#0"},"east":{"uv":[6.25,0.75,8.25,0.875],"texture":"#0"},"south":{"uv":[6.5,1,6.75,1.125],"texture":"#0"},"west":{"uv":[6.25,0.75,8.25,0.875],"texture":"#0"},"up":{"uv":[6.25,2.75,6,0.75],"texture":"#0"}}},{"from":[20,16,14],"to":[30,17,16],"faces":{"north":{"uv":[6,0.625,7.25,0.75],"texture":"#0"},"east":{"uv":[6.75,1,7,1.125],"texture":"#0"},"south":{"uv":[6,0.625,7.25,0.75],"texture":"#0"},"west":{"uv":[6.75,1,7,1.125],"texture":"#0"},"up":{"uv":[7.25,0.625,6,0.375],"texture":"#0"},"down":{"uv":[7.25,0.375,6,0.625],"texture":"#0"}}},{"from":[27,16,0],"to":[30,17,2],"faces":{"north":{"uv":[6.5,2,6.875,2.125],"texture":"#0"},"east":{"uv":[6.5,2.375,6.75,2.5],"texture":"#0"},"south":{"uv":[6.5,2,6.875,2.125],"texture":"#0"},"west":{"uv":[6.5,2.375,6.75,2.5],"texture":"#0"},"up":{"uv":[6.875,2.375,6.5,2.125],"texture":"#0"}}},{"from":[27,16,-6],"to":[29,17,0],"faces":{"east":{"uv":[6.5,0.875,7.25,1],"texture":"#0"},"west":{"uv":[6.5,0.875,7.25,1],"texture":"#0"},"up":{"uv":[6.5,1.625,6.25,0.875],"texture":"#0"}}},{"from":[-13,16,-6],"to":[-11,17,0],"rotation":{"angle":0,"axis":"y","origin":[16,0,0]},"faces":{"east":{"uv":[7.25,0.875,6.5,1],"texture":"#0"},"west":{"uv":[7.25,0.875,6.5,1],"texture":"#0"},"up":{"uv":[6.25,1.625,6.5,0.875],"texture":"#0"}}},{"from":[-14,16,0],"to":[-11,17,2],"rotation":{"angle":0,"axis":"y","origin":[16,0,0]},"faces":{"north":{"uv":[6.875,2,6.5,2.125],"texture":"#0"},"east":{"uv":[6.75,2.375,6.5,2.5],"texture":"#0"},"south":{"uv":[6.875,2,6.5,2.125],"texture":"#0"},"west":{"uv":[6.75,2.375,6.5,2.5],"texture":"#0"},"up":{"uv":[6.5,2.375,6.875,2.125],"texture":"#0"}}},{"from":[-16,16,0],"to":[-14,17,16],"rotation":{"angle":0,"axis":"y","origin":[16,0,0]},"faces":{"north":{"uv":[6.75,1,6.5,1.125],"texture":"#0"},"east":{"uv":[8.25,0.75,6.25,0.875],"texture":"#0"},"south":{"uv":[6.75,1,6.5,1.125],"texture":"#0"},"west":{"uv":[8.25,0.75,6.25,0.875],"texture":"#0"},"up":{"uv":[6,2.75,6.25,0.75],"texture":"#0"}}},{"from":[-14,16,14],"to":[-4,17,16],"rotation":{"angle":0,"axis":"y","origin":[16,0,0]},"faces":{"north":{"uv":[7.25,0.625,6,0.75],"texture":"#0"},"east":{"uv":[7,1,6.75,1.125],"texture":"#0"},"south":{"uv":[7.25,0.625,6,0.75],"texture":"#0"},"west":{"uv":[7,1,6.75,1.125],"texture":"#0"},"up":{"uv":[6,0.625,7.25,0.375],"texture":"#0"},"down":{"uv":[6,0.375,7.25,0.625],"texture":"#0"}}},{"from":[-13,16,-8],"to":[29,17,-6],"faces":{"north":{"uv":[0,7.125,5.25,7.25],"texture":"#0"},"east":{"uv":[1,6.75,1.25,6.875],"texture":"#0"},"south":{"uv":[0,7.125,5.25,7.25],"texture":"#0"},"west":{"uv":[1,6.75,1.25,6.875],"texture":"#0"},"up":{"uv":[5.25,7.5,0,7.25],"texture":"#0"}}},{"from":[-13,13,-8],"to":[29,16,0],"faces":{"north":{"uv":[0,6.375,5.25,6.75],"texture":"#0"},"east":{"uv":[0,6.75,1,7.125],"texture":"#0"},"west":{"uv":[0,6.75,1,7.125],"texture":"#0"},"up":{"uv":[5.25,5.375,0,4.375],"texture":"#0"},"down":{"uv":[5.25,5.375,0,6.375],"texture":"#0"}}},{"from":[-9,0,7.5],"to":[-5,2,9.5],"rotation":{"angle":45,"axis":"y","origin":[-5.5,1,8.5]},"faces":{"north":{"uv":[7,2.625,6.5,2.875],"texture":"#0"},"east":{"uv":[7.25,2.625,7,2.875],"texture":"#0"},"south":{"uv":[6.5,2.625,7,2.875],"texture":"#0"},"west":{"uv":[7.25,2.625,7,2.875],"texture":"#0"},"up":{"uv":[6.5,3.125,7,2.875],"texture":"#0"},"down":{"uv":[6.5,3.125,7,3.375],"texture":"#0"}}},{"from":[-9,0,2.5],"to":[-5,2,4.5],"rotation":{"angle":-45,"axis":"y","origin":[-5.5,1,3.5]},"faces":{"north":{"uv":[7,2.625,6.5,2.875],"texture":"#0"},"east":{"uv":[7.25,2.625,7,2.875],"texture":"#0"},"south":{"uv":[6.5,2.625,7,2.875],"texture":"#0"},"west":{"uv":[7.25,2.625,7,2.875],"texture":"#0"},"up":{"uv":[6.5,3.125,7,2.875],"texture":"#0"},"down":{"uv":[6.5,3.125,7,3.375],"texture":"#0"}}},{"from":[-1,0,7.5],"to":[3,2,9.5],"rotation":{"angle":-45,"axis":"y","origin":[-0.5,1,8.5]},"faces":{"north":{"uv":[6.5,2.625,7,2.875],"texture":"#0"},"east":{"uv":[7,2.625,7.25,2.875],"texture":"#0"},"south":{"uv":[7,2.625,6.5,2.875],"texture":"#0"},"west":{"uv":[7,2.625,7.25,2.875],"texture":"#0"},"up":{"uv":[7,3.125,6.5,2.875],"texture":"#0"},"down":{"uv":[7,3.125,6.5,3.375],"texture":"#0"}}},{"from":[-1,0,2.5],"to":[3,2,4.5],"rotation":{"angle":45,"axis":"y","origin":[-0.5,1,3.5]},"faces":{"north":{"uv":[6.5,2.625,7,2.875],"texture":"#0"},"east":{"uv":[7,2.625,7.25,2.875],"texture":"#0"},"south":{"uv":[7,2.625,6.5,2.875],"texture":"#0"},"west":{"uv":[7,2.625,7.25,2.875],"texture":"#0"},"up":{"uv":[7,3.125,6.5,2.875],"texture":"#0"},"down":{"uv":[7,3.125,6.5,3.375],"texture":"#0"}}},{"from":[21,0,7.5],"to":[25,2,9.5],"rotation":{"angle":-45,"axis":"y","origin":[21.5,1,8.5]},"faces":{"north":{"uv":[6.5,2.625,7,2.875],"texture":"#0"},"east":{"uv":[7,2.625,7.25,2.875],"texture":"#0"},"south":{"uv":[7,2.625,6.5,2.875],"texture":"#0"},"west":{"uv":[7,2.625,7.25,2.875],"texture":"#0"},"up":{"uv":[7,3.125,6.5,2.875],"texture":"#0"},"down":{"uv":[7,3.125,6.5,3.375],"texture":"#0"}}},{"from":[13,0,7.5],"to":[17,2,9.5],"rotation":{"angle":45,"axis":"y","origin":[16.5,1,8.5]},"faces":{"north":{"uv":[7,2.625,6.5,2.875],"texture":"#0"},"east":{"uv":[7.25,2.625,7,2.875],"texture":"#0"},"south":{"uv":[6.5,2.625,7,2.875],"texture":"#0"},"west":{"uv":[7.25,2.625,7,2.875],"texture":"#0"},"up":{"uv":[6.5,3.125,7,2.875],"texture":"#0"},"down":{"uv":[6.5,3.125,7,3.375],"texture":"#0"}}},{"from":[13,0,2.5],"to":[17,2,4.5],"rotation":{"angle":-45,"axis":"y","origin":[16.5,1,3.5]},"faces":{"north":{"uv":[7,2.625,6.5,2.875],"texture":"#0"},"east":{"uv":[7.25,2.625,7,2.875],"texture":"#0"},"south":{"uv":[6.5,2.625,7,2.875],"texture":"#0"},"west":{"uv":[7.25,2.625,7,2.875],"texture":"#0"},"up":{"uv":[6.5,3.125,7,2.875],"texture":"#0"},"down":{"uv":[6.5,3.125,7,3.375],"texture":"#0"}}},{"from":[21,0,2.5],"to":[25,2,4.5],"rotation":{"angle":45,"axis":"y","origin":[21.5,1,3.5]},"faces":{"north":{"uv":[6.5,2.625,7,2.875],"texture":"#0"},"east":{"uv":[7,2.625,7.25,2.875],"texture":"#0"},"south":{"uv":[7,2.625,6.5,2.875],"texture":"#0"},"west":{"uv":[7,2.625,7.25,2.875],"texture":"#0"},"up":{"uv":[7,3.125,6.5,2.875],"texture":"#0"},"down":{"uv":[7,3.125,6.5,3.375],"texture":"#0"}}},{"from":[6.5,16.02,-5],"to":[9.5,16.02,-1],"faces":{"up":{"uv":[7.5,2.75,7.875,3.25],"texture":"#0"}}},{"from":[15.5,16.02,-4],"to":[18.5,16.02,0],"rotation":{"angle":-45,"axis":"y","origin":[17,16.02,0]},"faces":{"up":{"uv":[7.5,2.75,7.875,3.25],"texture":"#0"}}},{"from":[22,16.02,1.5],"to":[26,16.02,4.5],"rotation":{"angle":22.5,"axis":"y","origin":[24,16.02,2]},"faces":{"up":{"uv":[7.5,2.75,7.875,3.25],"rotation":90,"texture":"#0"}}},{"from":[-2.5,16.02,-4],"to":[0.5,16.02,0],"rotation":{"angle":45,"axis":"y","origin":[-1,16.02,0]},"faces":{"up":{"uv":[7.5,2.75,7.875,3.25],"texture":"#0"}}},{"from":[-10,16.02,1.5],"to":[-6,16.02,4.5],"rotation":{"angle":-22.5,"axis":"y","origin":[-8,16.02,2]},"faces":{"up":{"uv":[7.5,2.75,7.875,3.25],"rotation":270,"texture":"#0"}}}],"gui_light":"front","display":{"thirdperson_righthand":{"rotation":[67.5,0,0],"translation":[0,0.5,1.75],"scale":[0.15234,0.15234,0.15234]},"thirdperson_lefthand":{"rotation":[67.5,0,0],"translation":[0,0.5,1.75],"scale":[0.15234,0.15234,0.15234]},"firstperson_righthand":{"translation":[-0.5,1.25,0],"scale":[0.26687,0.26687,0.26687]},"firstperson_lefthand":{"translation":[-0.5,1.25,0],"scale":[0.26687,0.26687,0.26687]},"ground":{"translation":[0,3,0],"scale":[0.3,0.3,0.3]},"gui":{"rotation":[31,135,0],"translation":[0.5,-0.75,0],"scale":[0.30031,0.30031,0.30031]},"head":{"translation":[12,-30.5,0],"scale":[0,0,0]},"fixed":{"rotation":[-90,0,0],"translation":[-0.25,0,-16],"scale":[2,2,2]}},"groups":[0,1,2,3,4,5,6,7,8,9,10,11,12,13,14,15,16,17,18,19,20,21,22,23,24,25,{"name":"group","origin":[-8,16.02,2],"color":0,"children":[26,27,28,29,30]}]}