{"credit":"Made with Blockbench","texture_size":[64,64],"textures":{"0":"elitecreatures:casino_decoration_v1/casino_sofa_red","particle":"elitecreatures:casino_decoration_v1/casino_sofa_red"},"elements":[{"from":[-13,2,0],"to":[13,8,16],"faces":{"north":{"uv":[6.5,0,13,1.5],"texture":"#0"},"east":{"uv":[0,9.75,4,11.25],"texture":"#0"},"south":{"uv":[6.5,1.5,13,3],"texture":"#0"},"west":{"uv":[4,9.75,0,11.25],"texture":"#0"},"up":{"uv":[6.5,4,0,0],"texture":"#0"},"down":{"uv":[6.5,4,0,8],"texture":"#0"}}},{"from":[9,0,1],"to":[11,2,3],"faces":{"north":{"uv":[4,10.25,4.5,10.75],"texture":"#0"},"east":{"uv":[4,10.25,4.5,10.75],"texture":"#0"},"south":{"uv":[4,10.25,4.5,10.75],"texture":"#0"},"west":{"uv":[4,10.25,4.5,10.75],"texture":"#0"},"down":{"uv":[4.5,9.75,4,10.25],"texture":"#0"}}},{"from":[9,0,13],"to":[11,2,15],"faces":{"north":{"uv":[4,10.25,4.5,10.75],"texture":"#0"},"east":{"uv":[4,10.25,4.5,10.75],"texture":"#0"},"south":{"uv":[4,10.25,4.5,10.75],"texture":"#0"},"west":{"uv":[4,10.25,4.5,10.75],"texture":"#0"},"down":{"uv":[4.5,9.75,4,10.25],"texture":"#0"}}},{"from":[-11,0,13],"to":[-9,2,15],"faces":{"north":{"uv":[4,10.25,4.5,10.75],"texture":"#0"},"east":{"uv":[4,10.25,4.5,10.75],"texture":"#0"},"south":{"uv":[4,10.25,4.5,10.75],"texture":"#0"},"west":{"uv":[4,10.25,4.5,10.75],"texture":"#0"},"down":{"uv":[4.5,9.75,4,10.25],"texture":"#0"}}},{"from":[-11,0,1],"to":[-9,2,3],"faces":{"north":{"uv":[4,10.25,4.5,10.75],"texture":"#0"},"east":{"uv":[4,10.25,4.5,10.75],"texture":"#0"},"south":{"uv":[4,10.25,4.5,10.75],"texture":"#0"},"west":{"uv":[4,10.25,4.5,10.75],"texture":"#0"},"down":{"uv":[4.5,9.75,4,10.25],"texture":"#0"}}},{"from":[-11,8,13],"to":[11,15,18],"faces":{"north":{"uv":[6.5,3,12,4.75],"texture":"#0"},"south":{"uv":[6.5,4.75,12,6.5],"texture":"#0"},"up":{"uv":[10,9.5,4.5,8.25],"texture":"#0"},"down":{"uv":[10,9.5,4.5,10.75],"texture":"#0"}}},{"from":[11,8,0],"to":[16,15,18],"faces":{"north":{"uv":[5.25,10.75,6.5,12.5],"texture":"#0"},"east":{"uv":[6.5,6.5,11,8.25],"texture":"#0"},"south":{"uv":[6.5,10.75,7.75,12.5],"texture":"#0"},"west":{"uv":[0,8,4.5,9.75],"texture":"#0"},"up":{"uv":[11.25,12.75,10,8.25],"texture":"#0"},"down":{"uv":[5.25,10.75,4,15.25],"texture":"#0"}}},{"from":[-16,8,0],"to":[-11,15,18],"rotation":{"angle":0,"axis":"y","origin":[16,0,0]},"faces":{"north":{"uv":[6.5,10.75,5.25,12.5],"texture":"#0"},"east":{"uv":[4.5,8,0,9.75],"texture":"#0"},"south":{"uv":[7.75,10.75,6.5,12.5],"texture":"#0"},"west":{"uv":[11,6.5,6.5,8.25],"texture":"#0"},"up":{"uv":[10,12.75,11.25,8.25],"texture":"#0"},"down":{"uv":[4,10.75,5.25,15.25],"texture":"#0"}}}],"gui_light":"front","display":{"thirdperson_righthand":{"rotation":[67.5,0,0],"translation":[1.5,2,1.5],"scale":[0.20703,0.20703,0.20703]},"thirdperson_lefthand":{"rotation":[67.5,0,0],"translation":[-1.75,2,1.5],"scale":[0.20703,0.20703,0.20703]},"firstperson_righthand":{"translation":[0,3.25,0],"scale":[0.2832,0.2832,0.2832]},"firstperson_lefthand":{"translation":[-4.5,3.25,0],"scale":[0.2832,0.2832,0.2832]},"ground":{"translation":[3.75,6,0],"scale":[0.45,0.45,0.45]},"gui":{"rotation":[31,135,0],"translation":[-2.75,0.5,0],"scale":[0.4218,0.4218,0.4218]},"head":{"translation":[12,-30.5,0],"scale":[0,0,0]},"fixed":{"rotation":[-90,0,0],"translation":[-0.25,0,-16],"scale":[2,2,2]}}}