{"parent":"item/handheld_rod","textures":{"layer0":"item/fishing_rod"},"overrides":[{"predicate":{"cast":1},"model":"item/fishing_rod_cast"},{"predicate":{"custom_model_data":10000},"model":"iasurvival:ia_auto_gen/black_fishing_rod"},{"predicate":{"cast":1,"custom_model_data":10000},"model":"iasurvival:ia_auto_gen/black_fishing_rod_cast"},{"predicate":{"custom_model_data":10001},"model":"iasurvival:ia_auto_gen/red_fishing_rod"},{"predicate":{"cast":1,"custom_model_data":10001},"model":"iasurvival:ia_auto_gen/red_fishing_rod_cast"},{"predicate":{"custom_model_data":10002},"model":"iasurvival:ia_auto_gen/green_fishing_rod"},{"predicate":{"cast":1,"custom_model_data":10002},"model":"iasurvival:ia_auto_gen/green_fishing_rod_cast"},{"predicate":{"custom_model_data":10003},"model":"iasurvival:ia_auto_gen/blue_fishing_rod"},{"predicate":{"cast":1,"custom_model_data":10003},"model":"iasurvival:ia_auto_gen/blue_fishing_rod_cast"},{"predicate":{"custom_model_data":10004},"model":"iasurvival:ia_auto_gen/purple_fishing_rod"},{"predicate":{"cast":1,"custom_model_data":10004},"model":"iasurvival:ia_auto_gen/purple_fishing_rod_cast"},{"predicate":{"custom_model_data":10005},"model":"iasurvival:ia_auto_gen/cyan_fishing_rod"},{"predicate":{"cast":1,"custom_model_data":10005},"model":"iasurvival:ia_auto_gen/cyan_fishing_rod_cast"},{"predicate":{"custom_model_data":10007},"model":"sakuraelitecreatures:sakura/fishing_rod"},{"predicate":{"cast":1,"custom_model_data":10007},"model":"sakuraelitecreatures:sakura/fishing_rod_cast"},{"predicate":{"custom_model_data":10008},"model":"item/fishing_rod"}]}