{"credit":"MadewithBlockbench","texture_size":[256,256],"textures":{"0":"elitecreatures:graffiti_decoration_v1/graffiti_11_20","particle":"elitecreatures:graffiti_decoration_v1/graffiti_11_20"},"elements":[{"name":"dragon","from":[-16,0,15.9],"to":[32,32,15.9],"rotation":{"angle":0,"axis":"y","origin":[7,0,7]},"faces":{"north":{"uv":[3,6,6,8],"texture":"#0"},"east":{"uv":[0,0,0,2],"texture":"#0"},"south":{"uv":[6,6,3,8],"texture":"#0"},"west":{"uv":[0,0,0,2],"texture":"#0"},"up":{"uv":[3,0,0,0],"texture":"#0"},"down":{"uv":[3,0,0,0],"texture":"#0"}}}],"gui_light":"front","display":{"thirdperson_righthand":{"rotation":[67.5,0,0],"translation":[0.25,1,-1.25],"scale":[0.17461,0.17461,0.17461]},"thirdperson_lefthand":{"rotation":[67.5,0,0],"translation":[0.25,1,-1.25],"scale":[0.17461,0.17461,0.17461]},"firstperson_righthand":{"translation":[4.5,-1.75,-7],"scale":[0.35508,0.35508,0.35508]},"firstperson_lefthand":{"translation":[4.5,-1.75,-7],"scale":[0.35508,0.35508,0.35508]},"ground":{"translation":[0,5,-4],"scale":[0.5,0.5,0.5]},"gui":{"rotation":[0,180,0],"translation":[-0.5,-3,0],"scale":[0.3418,0.3418,0.3418]},"head":{"rotation":[0,180,0],"translation":[-2.75,-33.65,0],"scale":[1.6,1.6,1.6]},"fixed":{"translation":[3.25,-4,-15.9],"scale":[2,2,2]}}}