{"credit":"Made by LZLeon with Blockbench, Contact - Discord: LZBlocks#0261 - E-Mail: lzblocks@outlook.com","texture_size":[128,128],"textures":{"0":"bedroom:furniture/bedroom/bedroom_sideboard","particle":"bedroom:furniture/bedroom/bedroom_sideboard"},"elements":[{"from":[-15,0,13],"to":[-13,2,15],"faces":{"north":{"uv":[0.25,4.375,0.5,4.625],"texture":"#0"},"east":{"uv":[0,4.375,0.25,4.625],"texture":"#0"},"south":{"uv":[0.75,4.375,1,4.625],"texture":"#0"},"west":{"uv":[0.5,4.375,0.75,4.625],"texture":"#0"},"up":{"uv":[0.5,4.375,0.25,4.125],"texture":"#0"},"down":{"uv":[0.75,4.125,0.5,4.375],"texture":"#0"}}},{"from":[13,0,13],"to":[15,2,15],"faces":{"north":{"uv":[0.25,3.75,0.5,4],"texture":"#0"},"east":{"uv":[0,3.75,0.25,4],"texture":"#0"},"south":{"uv":[0.75,3.75,1,4],"texture":"#0"},"west":{"uv":[0.5,3.75,0.75,4],"texture":"#0"},"up":{"uv":[0.5,3.75,0.25,3.5],"texture":"#0"},"down":{"uv":[0.75,3.5,0.5,3.75],"texture":"#0"}}},{"from":[-15,2,1],"to":[15,15,15],"faces":{"north":{"uv":[1.75,1.75,5.5,3.375],"texture":"#0"},"east":{"uv":[0,1.75,1.75,3.375],"texture":"#0"},"south":{"uv":[7.25,1.75,11,3.375],"texture":"#0"},"west":{"uv":[5.5,1.75,7.25,3.375],"texture":"#0"},"up":{"uv":[5.5,1.75,1.75,0],"texture":"#0"},"down":{"uv":[9.25,0,5.5,1.75],"texture":"#0"}}},{"from":[-15.5,15,0.5],"to":[15.5,16,15.5],"faces":{"north":{"uv":[1.875,5.375,5.75,5.5],"texture":"#0"},"east":{"uv":[0,5.375,1.875,5.5],"texture":"#0"},"south":{"uv":[7.625,5.375,11.5,5.5],"texture":"#0"},"west":{"uv":[5.75,5.375,7.625,5.5],"texture":"#0"},"up":{"uv":[5.75,5.375,1.875,3.5],"texture":"#0"},"down":{"uv":[9.625,3.5,5.75,5.375],"texture":"#0"}}},{"from":[13,0,1],"to":[15,2,3],"faces":{"north":{"uv":[0.25,1.375,0.5,1.625],"texture":"#0"},"east":{"uv":[0,1.375,0.25,1.625],"texture":"#0"},"south":{"uv":[0.75,1.375,1,1.625],"texture":"#0"},"west":{"uv":[0.5,1.375,0.75,1.625],"texture":"#0"},"up":{"uv":[0.5,1.375,0.25,1.125],"texture":"#0"},"down":{"uv":[0.75,1.125,0.5,1.375],"texture":"#0"}}},{"from":[-15,0,1],"to":[-13,2,3],"faces":{"north":{"uv":[0.25,0.75,0.5,1],"texture":"#0"},"east":{"uv":[0,0.75,0.25,1],"texture":"#0"},"south":{"uv":[0.75,0.75,1,1],"texture":"#0"},"west":{"uv":[0.5,0.75,0.75,1],"texture":"#0"},"up":{"uv":[0.5,0.75,0.25,0.5],"texture":"#0"},"down":{"uv":[0.75,0.5,0.5,0.75],"texture":"#0"}}},{"from":[-3,10.5,0.9],"to":[3,11.5,0.9],"faces":{"north":{"uv":[0,0.25,0.75,0.375],"texture":"#0"},"east":{"uv":[0,0.25,0,0.375],"texture":"#0"},"south":{"uv":[0.75,0.25,1.5,0.375],"texture":"#0"},"west":{"uv":[0.75,0.25,0.75,0.375],"texture":"#0"},"up":{"uv":[0.75,0.25,0,0.25],"texture":"#0"},"down":{"uv":[1.5,0.25,0.75,0.25],"texture":"#0"}}},{"from":[-3,5.5,0.9],"to":[3,6.5,0.9],"faces":{"north":{"uv":[0,0,0.75,0.125],"texture":"#0"},"east":{"uv":[0,0,0,0.125],"texture":"#0"},"south":{"uv":[0.75,0,1.5,0.125],"texture":"#0"},"west":{"uv":[0.75,0,0.75,0.125],"texture":"#0"},"up":{"uv":[0.75,0,0,0],"texture":"#0"},"down":{"uv":[1.5,0,0.75,0],"texture":"#0"}}}],"display":{"thirdperson_righthand":{"rotation":[60,-160,0],"translation":[5.25,6,-1],"scale":[-0.6,0.6,-0.6]},"thirdperson_lefthand":{"rotation":[60,-160,0],"translation":[-4.25,2.75,-1],"scale":[-0.6,0.6,-0.6]},"firstperson_righthand":{"rotation":[0,-73,6],"translation":[-2,0.75,0],"scale":[-0.4,0.4,-0.4]},"firstperson_lefthand":{"rotation":[0,-73,6],"translation":[1.5,0.75,4],"scale":[-0.4,0.4,-0.4]},"ground":{"translation":[2.25,1.5,0],"scale":[0.35,0.35,0.35]},"gui":{"rotation":[30,-40,0],"translation":[-2.5,1.25,0],"scale":[-0.45,0.45,-0.45]},"head":{"rotation":[0,-180,0],"translation":[0,-30.4,0],"scale":[1.6,1.6,1.6]},"fixed":{"rotation":[90,-180,-180],"translation":[0,0,-15],"scale":[2,2,2]}}}