{"credit":"Made with Blockbench","texture_size":[128,128],"textures":{"0":"elitecreatures:summoning_circle_decoration_v1/summoningcircle2texture","1":"elitecreatures:summoning_circle_decoration_v1/summoningcircle2animation01","particle":"elitecreatures:summoning_circle_decoration_v1/summoningcircle2texture"},"elements":[{"from":[-16,0.001,-16],"to":[32,0.001,32],"faces":{"north":{"uv":[0,0,6,0],"texture":"#0"},"east":{"uv":[0,0,6,0],"texture":"#0"},"south":{"uv":[0,0,6,0],"texture":"#0"},"west":{"uv":[0,0,6,0],"texture":"#0"},"up":{"uv":[6,6,0,0],"texture":"#0"},"down":{"uv":[6,0,0,6],"texture":"#0"}}},{"from":[-7.46959,0.001,-7.86281],"to":[2.53041,7.001,-7.86281],"rotation":{"angle":22.5,"axis":"y","origin":[-2.46959,1,-7.86281]},"faces":{"north":{"uv":[10,0,0,7],"texture":"#1"},"east":{"uv":[0,0,0,0.875],"texture":"#0"},"south":{"uv":[0,0,10,7],"texture":"#1"},"west":{"uv":[0,0,0,0.875],"texture":"#0"},"up":{"uv":[0,0,0,1.25],"rotation":90,"texture":"#0"},"down":{"uv":[0,0,0,1.25],"rotation":270,"texture":"#0"}}},{"from":[-9.0024,0.001,-6.32999],"to":[-9.0024,7.001,3.67001],"rotation":{"angle":-22.5,"axis":"y","origin":[-9.0024,1,-1.32999]},"faces":{"east":{"uv":[10,0,0,7],"texture":"#1"},"west":{"uv":[0,0,10,7],"texture":"#1"}}},{"from":[13.46959,0.001,-7.86281],"to":[23.46959,7.001,-7.86281],"rotation":{"angle":-22.5,"axis":"y","origin":[18.46959,1,-7.86281]},"faces":{"north":{"uv":[0,0,10,7],"texture":"#1"},"east":{"uv":[0,0,0,0.875],"texture":"#0"},"south":{"uv":[10,0,0,7],"texture":"#1"},"west":{"uv":[0,0,0,0.875],"texture":"#0"},"up":{"uv":[0,1.25,0,0],"rotation":90,"texture":"#0"},"down":{"uv":[0,1.25,0,0],"rotation":270,"texture":"#0"}}},{"from":[25.0024,0.001,-6.32999],"to":[25.0024,7.001,3.67001],"rotation":{"angle":22.5,"axis":"y","origin":[25.0024,1,-1.32999]},"faces":{"east":{"uv":[10,0,0,7],"texture":"#1"},"west":{"uv":[0,0,10,7],"texture":"#1"}}},{"from":[13.46959,0.001,23.86281],"to":[23.46959,7.001,23.86281],"rotation":{"angle":22.5,"axis":"y","origin":[18.46959,1,23.86281]},"faces":{"north":{"uv":[0,0,10,7],"texture":"#1"},"east":{"uv":[0,0,0,0.875],"texture":"#0"},"south":{"uv":[10,0,0,7],"texture":"#1"},"west":{"uv":[0,0,0,0.875],"texture":"#0"},"up":{"uv":[0,1.25,0,0],"rotation":90,"texture":"#0"},"down":{"uv":[0,1.25,0,0],"rotation":270,"texture":"#0"}}},{"from":[25.0024,0.001,12.32999],"to":[25.0024,7.001,22.32999],"rotation":{"angle":-22.5,"axis":"y","origin":[25.0024,1,17.32999]},"faces":{"east":{"uv":[0,0,10,7],"texture":"#1"},"west":{"uv":[10,0,0,7],"texture":"#1"}}},{"from":[-7.46959,0.001,23.86281],"to":[2.53041,7.001,23.86281],"rotation":{"angle":-22.5,"axis":"y","origin":[-2.46959,1,23.86281]},"faces":{"north":{"uv":[10,0,0,7],"texture":"#1"},"east":{"uv":[0,0,0,0.875],"texture":"#0"},"south":{"uv":[0,0,10,7],"texture":"#1"},"west":{"uv":[0,0,0,0.875],"texture":"#0"},"up":{"uv":[0,0,0,1.25],"rotation":90,"texture":"#0"},"down":{"uv":[0,0,0,1.25],"rotation":270,"texture":"#0"}}},{"from":[-9.0024,0.001,12.32999],"to":[-9.0024,7.001,22.32999],"rotation":{"angle":22.5,"axis":"y","origin":[-9.0024,1,17.32999]},"faces":{"east":{"uv":[0,0,10,7],"texture":"#1"},"west":{"uv":[10,0,0,7],"texture":"#1"}}}],"gui_light":"front","display":{"thirdperson_righthand":{"rotation":[67.5,0,0],"translation":[0,3.5,0.25],"scale":[0.19922,0.19922,0.19922]},"thirdperson_lefthand":{"rotation":[67.5,0,0],"translation":[0,3.5,0.25],"scale":[0.19922,0.19922,0.19922]},"firstperson_righthand":{"translation":[2,5,0.75],"scale":[0.25977,0.25977,0.25977]},"firstperson_lefthand":{"translation":[2,5,0.75],"scale":[0.25977,0.25977,0.25977]},"ground":{"translation":[0,6,0],"scale":[0.5,0.5,0.5]},"gui":{"rotation":[30,135,0],"translation":[0.25,1.75,0],"scale":[0.34961,0.34961,0.34961]},"head":{"rotation":[0,180,0],"translation":[0,-30.4,0],"scale":[1.6,1.6,1.6]},"fixed":{"rotation":[-90,0,0],"translation":[0,0,-16],"scale":[2,2,2]}}}