{"credit":"Made with Blockbench","texture_size":[64,64],"textures":{"0":"elitecreatures:aquatic_furniture_v2/fishingrodracktexture","particle":"elitecreatures:aquatic_furniture_v2/fishingrodracktexture"},"elements":[{"from":[0,0,10],"to":[16,4,16],"faces":{"north":{"uv":[4,1.5,8,2.5],"texture":"#0"},"east":{"uv":[2.25,4.5,3.75,5.5],"texture":"#0"},"south":{"uv":[4,2.5,8,3.5],"texture":"#0"},"west":{"uv":[3.75,4.5,2.25,5.5],"texture":"#0"},"up":{"uv":[4,1.5,0,0],"texture":"#0"},"down":{"uv":[4,1.5,0,3],"texture":"#0"}}},{"from":[0,14.5,10],"to":[16,16,16],"faces":{"north":{"uv":[4.75,4.5,8.75,4.875],"texture":"#0"},"east":{"uv":[4.75,5.5,6.25,5.875],"texture":"#0"},"south":{"uv":[4.75,5,8.75,5.375],"texture":"#0"},"west":{"uv":[6.25,5.5,4.75,5.875],"texture":"#0"},"up":{"uv":[4,4.5,0,3],"texture":"#0"},"down":{"uv":[8,0,4,1.5],"texture":"#0"}}},{"from":[13,4,15],"to":[16,14.5,16],"faces":{"north":{"uv":[4,3.5,4.75,6.125],"texture":"#0"},"east":{"uv":[3.75,4.5,4,7.125],"texture":"#0"},"south":{"uv":[0,4.5,0.75,7.125],"texture":"#0"},"west":{"uv":[2.25,5.5,2.5,8.125],"texture":"#0"},"up":{"uv":[3.75,5.75,3,5.5],"texture":"#0"},"down":{"uv":[3.75,5.75,3,6],"texture":"#0"}}},{"from":[0,4,15],"to":[3,14.5,16],"rotation":{"angle":0,"axis":"y","origin":[16,0,0]},"faces":{"north":{"uv":[4.75,3.5,4,6.125],"texture":"#0"},"east":{"uv":[2.5,5.5,2.25,8.125],"texture":"#0"},"south":{"uv":[0.75,4.5,0,7.125],"texture":"#0"},"west":{"uv":[4,4.5,3.75,7.125],"texture":"#0"},"up":{"uv":[3,5.75,3.75,5.5],"texture":"#0"},"down":{"uv":[3,5.75,3.75,6],"texture":"#0"}}},{"from":[13,4,11.75],"to":[14,30,13.25],"faces":{"north":{"uv":[15.5,0,15.75,6.5],"texture":"#0"},"east":{"uv":[15.5,0,15.125,6.5],"texture":"#0"},"south":{"uv":[15.75,0,16,6.5],"texture":"#0"},"west":{"uv":[15.125,0,15.5,6.5],"texture":"#0"},"up":{"uv":[14.625,0,14.875,0.375],"texture":"#0"},"down":{"uv":[14.875,0,15.125,0.375],"texture":"#0"}}},{"from":[13.5,19,13.25],"to":[13.5,30,15.75],"faces":{"east":{"uv":[15.375,6.5,16,9.25],"texture":"#0"},"west":{"uv":[16,6.5,15.375,9.25],"texture":"#0"}}},{"from":[12.75,20.5,14.25],"to":[14.25,22,15.75],"faces":{"north":{"uv":[15.25,6.625,14.875,7],"texture":"#0"},"east":{"uv":[14.875,6.625,15.25,7],"texture":"#0"},"south":{"uv":[15.25,6.625,14.875,7],"texture":"#0"},"west":{"uv":[14.875,6.625,15.25,7],"texture":"#0"},"up":{"uv":[14.875,7.625,15.25,8],"texture":"#0"},"down":{"uv":[14.875,7.125,15.25,7.5],"texture":"#0"}}},{"from":[7.5,4,11.75],"to":[8.5,30,13.25],"faces":{"north":{"uv":[15.5,0,15.75,6.5],"texture":"#0"},"east":{"uv":[15.5,0,15.125,6.5],"texture":"#0"},"south":{"uv":[15.75,0,16,6.5],"texture":"#0"},"west":{"uv":[15.125,0,15.5,6.5],"texture":"#0"},"up":{"uv":[14.625,0,14.875,0.375],"texture":"#0"},"down":{"uv":[14.875,0,15.125,0.375],"texture":"#0"}}},{"from":[8,19,13.25],"to":[8,30,15.75],"faces":{"east":{"uv":[15.375,6.5,16,9.25],"texture":"#0"},"west":{"uv":[16,6.5,15.375,9.25],"texture":"#0"}}},{"from":[7.25,20.5,14.25],"to":[8.75,22,15.75],"faces":{"north":{"uv":[15.25,6.625,14.875,7],"texture":"#0"},"east":{"uv":[14.875,6.625,15.25,7],"texture":"#0"},"south":{"uv":[15.25,6.625,14.875,7],"texture":"#0"},"west":{"uv":[14.875,6.625,15.25,7],"texture":"#0"},"up":{"uv":[14.875,7.625,15.25,8],"texture":"#0"},"down":{"uv":[14.875,7.125,15.25,7.5],"texture":"#0"}}},{"from":[4.5,20.5,14.25],"to":[6,22,15.75],"rotation":{"angle":0,"axis":"y","origin":[8,20.75,13.75]},"faces":{"north":{"uv":[15.25,6.625,14.875,7],"texture":"#0"},"east":{"uv":[14.875,6.625,15.25,7],"texture":"#0"},"south":{"uv":[15.25,6.625,14.875,7],"texture":"#0"},"west":{"uv":[14.875,6.625,15.25,7],"texture":"#0"},"up":{"uv":[14.875,7.625,15.25,8],"texture":"#0"},"down":{"uv":[14.875,7.125,15.25,7.5],"texture":"#0"}}},{"from":[5.25,19,13.25],"to":[5.25,30,15.75],"rotation":{"angle":0,"axis":"y","origin":[8,20.75,13.75]},"faces":{"east":{"uv":[15.375,6.5,16,9.25],"texture":"#0"},"west":{"uv":[16,6.5,15.375,9.25],"texture":"#0"}}},{"from":[4.75,4,11.75],"to":[5.75,30,13.25],"rotation":{"angle":0,"axis":"y","origin":[8,20.75,13.75]},"faces":{"north":{"uv":[15.5,0,15.75,6.5],"texture":"#0"},"east":{"uv":[15.5,0,15.125,6.5],"texture":"#0"},"south":{"uv":[15.75,0,16,6.5],"texture":"#0"},"west":{"uv":[15.125,0,15.5,6.5],"texture":"#0"},"up":{"uv":[14.625,0,14.875,0.375],"texture":"#0"},"down":{"uv":[14.875,0,15.125,0.375],"texture":"#0"}}}],"gui_light":"front","display":{"thirdperson_righthand":{"rotation":[67.5,0,0],"translation":[0,2.25,0],"scale":[0.25781,0.25781,0.25781]},"thirdperson_lefthand":{"rotation":[67.5,0,0],"translation":[0,2.25,0],"scale":[0.25781,0.25781,0.25781]},"firstperson_righthand":{"translation":[0.75,4,0],"scale":[0.31641,0.31641,0.31641]},"firstperson_lefthand":{"translation":[0.75,4,0],"scale":[0.31641,0.31641,0.31641]},"ground":{"translation":[0,6,-2.75],"scale":[0.5,0.5,0.5]},"gui":{"rotation":[30,135,0],"translation":[-1.75,-3.5,0],"scale":[0.49023,0.49023,0.49023]},"head":{"rotation":[0,180,0],"translation":[0,-30.4,0],"scale":[1.6,1.6,1.6]},"fixed":{"translation":[0,0,-16],"scale":[2,2,2]}}}