{"credit":"Made by Wulfy","texture_size":[128,128],"textures":{"0":"lunar_studios:maks_art/summer_v1/furniture/umbrella_green","particle":"lunar_studios:maks_art/summer_v1/furniture/umbrella_green"},"elements":[{"from":[7,0,7],"to":[9,15,9],"rotation":{"angle":0,"axis":"y","origin":[7,0,7]},"faces":{"north":{"uv":[5,2,5.25,3.875],"texture":"#0"},"east":{"uv":[3,5,3.25,6.875],"texture":"#0"},"south":{"uv":[3.25,5,3.5,6.875],"texture":"#0"},"west":{"uv":[3.5,5,3.75,6.875],"texture":"#0"},"up":{"uv":[5.5,2.375,5.25,2.125],"texture":"#0"},"down":{"uv":[5.5,2.375,5.25,2.625],"texture":"#0"}}},{"from":[0,29,0],"to":[16,30,16],"rotation":{"angle":0,"axis":"y","origin":[7,0,7]},"faces":{"north":{"uv":[5,1,7,1.25],"texture":"#0"},"east":{"uv":[5,1.25,7,1.5],"texture":"#0"},"south":{"uv":[5,1.5,7,1.75],"texture":"#0"},"west":{"uv":[5,1.75,7,2],"texture":"#0"},"up":{"uv":[5,2,3,0],"texture":"#0"},"down":{"uv":[5,2,3,4],"texture":"#0"}}},{"from":[-4,28,-4],"to":[20,29,20],"rotation":{"angle":0,"axis":"y","origin":[7,0,7]},"faces":{"north":{"uv":[3.75,5,6.75,5.125],"texture":"#0"},"east":{"uv":[5,3.875,8,4],"texture":"#0"},"south":{"uv":[3.75,5.125,6.75,5.25],"texture":"#0"},"west":{"uv":[5.25,2,8.25,2.125],"texture":"#0"},"up":{"uv":[3,3,0,0],"texture":"#0"},"down":{"uv":[3,0,0,3],"texture":"#0"}}},{"from":[-4,29,-12],"to":[20,29,-4],"rotation":{"angle":-22.5,"axis":"x","origin":[7,29,-4]},"faces":{"north":{"uv":[0,0,3,0],"texture":"#0"},"east":{"uv":[0,0,1,0],"texture":"#0"},"south":{"uv":[0,0,3,0],"texture":"#0"},"west":{"uv":[0,0,1,0],"texture":"#0"},"up":{"uv":[6,5,3,4],"texture":"#0"},"down":{"uv":[6,4,3,5],"texture":"#0"}}},{"from":[20,29,-4],"to":[28,29,20],"rotation":{"angle":-22.5,"axis":"z","origin":[20,29,7]},"faces":{"north":{"uv":[0,0,1,0],"texture":"#0"},"east":{"uv":[0,0,3,0],"texture":"#0"},"south":{"uv":[0,0,1,0],"texture":"#0"},"west":{"uv":[0,0,3,0],"texture":"#0"},"up":{"uv":[6,5,3,4],"rotation":90,"texture":"#0"},"down":{"uv":[6,4,3,5],"rotation":270,"texture":"#0"}}},{"from":[-12,29,-4],"to":[-4,29,20],"rotation":{"angle":22.5,"axis":"z","origin":[-4,29,7]},"faces":{"north":{"uv":[1,0,0,0],"texture":"#0"},"east":{"uv":[3,0,0,0],"texture":"#0"},"south":{"uv":[1,0,0,0],"texture":"#0"},"west":{"uv":[3,0,0,0],"texture":"#0"},"up":{"uv":[6,4,3,5],"rotation":90,"texture":"#0"},"down":{"uv":[6,5,3,4],"rotation":270,"texture":"#0"}}},{"from":[-4,29,20],"to":[20,29,28],"rotation":{"angle":22.5,"axis":"x","origin":[9,29,20]},"faces":{"north":{"uv":[0,0,3,0],"texture":"#0"},"east":{"uv":[0,0,1,0],"texture":"#0"},"south":{"uv":[0,0,3,0],"texture":"#0"},"west":{"uv":[0,0,1,0],"texture":"#0"},"up":{"uv":[3,4,6,5],"texture":"#0"},"down":{"uv":[3,5,6,4],"texture":"#0"}}},{"from":[7.5,15,7.5],"to":[8.5,32,8.5],"rotation":{"angle":0,"axis":"y","origin":[7.5,0,7.5]},"faces":{"north":{"uv":[3.75,5.25,3.875,7.375],"texture":"#0"},"east":{"uv":[3.875,5.25,4,7.375],"texture":"#0"},"south":{"uv":[4,5.25,4.125,7.375],"texture":"#0"},"west":{"uv":[4.125,5.25,4.25,7.375],"texture":"#0"},"up":{"uv":[5.375,2.75,5.25,2.625],"texture":"#0"},"down":{"uv":[5.375,2.75,5.25,2.875],"texture":"#0"}}}],"display":{"thirdperson_righthand":{"translation":[0,0,1.5]},"thirdperson_lefthand":{"translation":[0,0,1.5]},"firstperson_righthand":{"translation":[3.25,0,0]},"firstperson_lefthand":{"translation":[3.25,0,0]},"gui":{"rotation":[12.03,-19.48,-24.25],"translation":[-2.75,-3.75,0],"scale":[0.36914,0.36914,0.36914]},"head":{"translation":[0,-25.25,0],"scale":[2.24023,2.24023,2.24023]},"fixed":{"rotation":[-90,0,0],"translation":[0,-0.75,-25.75],"scale":[3.41602,3.41602,3.41602]}},"groups":[{"name":"group","origin":[8,8,8],"color":0,"children":[0,1,2,3,4,5,6,7]}]}