{"data":14,"parent":"item/generated","textures":{"layer0":"item/leather_horse_armor"},"overrides":[{"predicate":{"custom_model_data":1},"model":"modelengine:la_astral_model/rightleg"},{"predicate":{"custom_model_data":2},"model":"modelengine:la_astral_model/leftleg"},{"predicate":{"custom_model_data":3},"model":"modelengine:la_astral_model/rightarm"},{"predicate":{"custom_model_data":4},"model":"modelengine:la_astral_model/leftarm"},{"predicate":{"custom_model_data":5},"model":"modelengine:la_astral_model/body"},{"predicate":{"custom_model_data":6},"model":"modelengine:la_beach_model/c3"},{"predicate":{"custom_model_data":7},"model":"modelengine:la_beach_model/c4"},{"predicate":{"custom_model_data":8},"model":"modelengine:la_beach_model/c5"},{"predicate":{"custom_model_data":9},"model":"modelengine:la_beach_model/c11"},{"predicate":{"custom_model_data":10},"model":"modelengine:la_beach_model/c6"},{"predicate":{"custom_model_data":11},"model":"modelengine:la_beach_model/c10"},{"predicate":{"custom_model_data":12},"model":"modelengine:la_beach_model/somb"},{"predicate":{"custom_model_data":13},"model":"modelengine:la_beach_model/c9"},{"predicate":{"custom_model_data":14},"model":"modelengine:la_beach_model/toalla"},{"predicate":{"custom_model_data":15},"model":"modelengine:la_beach_model/c1"},{"predicate":{"custom_model_data":16},"model":"modelengine:la_beach_model/c2"},{"predicate":{"custom_model_data":17},"model":"modelengine:la_beach_model/rightleg"},{"predicate":{"custom_model_data":18},"model":"modelengine:la_beach_model/leftleg"},{"predicate":{"custom_model_data":19},"model":"modelengine:la_beach_model/rightarm"},{"predicate":{"custom_model_data":20},"model":"modelengine:la_beach_model/leftarm"},{"predicate":{"custom_model_data":21},"model":"modelengine:la_beach_model/body"},{"predicate":{"custom_model_data":22},"model":"modelengine:la_elden_ring_reference/bone9"},{"predicate":{"custom_model_data":23},"model":"modelengine:la_elden_ring_reference/campfire"},{"predicate":{"custom_model_data":24},"model":"modelengine:la_elden_ring_reference/rightleg"},{"predicate":{"custom_model_data":25},"model":"modelengine:la_elden_ring_reference/leftleg"},{"predicate":{"custom_model_data":26},"model":"modelengine:la_elden_ring_reference/bone3"},{"predicate":{"custom_model_data":27},"model":"modelengine:la_elden_ring_reference/bone2"},{"predicate":{"custom_model_data":28},"model":"modelengine:la_elden_ring_reference/bone5"},{"predicate":{"custom_model_data":29},"model":"modelengine:la_elden_ring_reference/bone4"},{"predicate":{"custom_model_data":30},"model":"modelengine:la_elden_ring_reference/bone7"},{"predicate":{"custom_model_data":31},"model":"modelengine:la_elden_ring_reference/bone6"},{"predicate":{"custom_model_data":32},"model":"modelengine:la_elden_ring_reference/bone8"},{"predicate":{"custom_model_data":33},"model":"modelengine:la_elden_ring_reference/rightarm"},{"predicate":{"custom_model_data":34},"model":"modelengine:la_elden_ring_reference/leftarm"},{"predicate":{"custom_model_data":35},"model":"modelengine:la_elden_ring_reference/body"},{"predicate":{"custom_model_data":36},"model":"modelengine:la_epic_statue/base"},{"predicate":{"custom_model_data":37},"model":"modelengine:la_epic_statue/rightleg"},{"predicate":{"custom_model_data":38},"model":"modelengine:la_epic_statue/leftleg"},{"predicate":{"custom_model_data":39},"model":"modelengine:la_epic_statue/head"},{"predicate":{"custom_model_data":40},"model":"modelengine:la_epic_statue/rightarm"},{"predicate":{"custom_model_data":41},"model":"modelengine:la_epic_statue/leftarm"},{"predicate":{"custom_model_data":42},"model":"modelengine:la_epic_statue/body"},{"predicate":{"custom_model_data":43},"model":"modelengine:la_epic_statue/diamond_sword"},{"predicate":{"custom_model_data":44},"model":"modelengine:la_sleep/bed"},{"predicate":{"custom_model_data":45},"model":"modelengine:la_sleep/zzz"},{"predicate":{"custom_model_data":46},"model":"modelengine:la_sleep/rightleg"},{"predicate":{"custom_model_data":47},"model":"modelengine:la_sleep/leftleg"},{"predicate":{"custom_model_data":48},"model":"modelengine:la_sleep/rightarm"},{"predicate":{"custom_model_data":49},"model":"modelengine:la_sleep/leftarm"},{"predicate":{"custom_model_data":50},"model":"modelengine:la_sleep/body"},{"predicate":{"custom_model_data":51},"model":"modelengine:iron_throne_got_reference/mainsword"},{"predicate":{"custom_model_data":52},"model":"modelengine:iron_throne_got_reference/rightleg"},{"predicate":{"custom_model_data":53},"model":"modelengine:iron_throne_got_reference/leftleg"},{"predicate":{"custom_model_data":54},"model":"modelengine:iron_throne_got_reference/rightarm"},{"predicate":{"custom_model_data":55},"model":"modelengine:iron_throne_got_reference/leftarm"},{"predicate":{"custom_model_data":56},"model":"modelengine:iron_throne_got_reference/body"},{"predicate":{"custom_model_data":57},"model":"modelengine:iron_throne_got_reference/base3"},{"predicate":{"custom_model_data":58},"model":"modelengine:iron_throne_got_reference/base4"},{"predicate":{"custom_model_data":59},"model":"modelengine:iron_throne_got_reference/base2"},{"predicate":{"custom_model_data":60},"model":"modelengine:iron_throne_got_reference/base5"},{"predicate":{"custom_model_data":61},"model":"modelengine:iron_throne_got_reference/base"},{"predicate":{"custom_model_data":62},"model":"modelengine:iron_throne_got_reference/bone48"},{"predicate":{"custom_model_data":63},"model":"modelengine:iron_throne_got_reference/bone46"},{"predicate":{"custom_model_data":64},"model":"modelengine:iron_throne_got_reference/bone47"},{"predicate":{"custom_model_data":65},"model":"modelengine:iron_throne_got_reference/bone45"},{"predicate":{"custom_model_data":66},"model":"modelengine:iron_throne_got_reference/bone3"},{"predicate":{"custom_model_data":67},"model":"modelengine:iron_throne_got_reference/bone2"},{"predicate":{"custom_model_data":68},"model":"modelengine:iron_throne_got_reference/bone4"},{"predicate":{"custom_model_data":69},"model":"modelengine:iron_throne_got_reference/bone"},{"predicate":{"custom_model_data":70},"model":"modelengine:iron_throne_got_reference/bone39"},{"predicate":{"custom_model_data":71},"model":"modelengine:iron_throne_got_reference/bone37"},{"predicate":{"custom_model_data":72},"model":"modelengine:iron_throne_got_reference/bone38"},{"predicate":{"custom_model_data":73},"model":"modelengine:iron_throne_got_reference/bone40"},{"predicate":{"custom_model_data":74},"model":"modelengine:iron_throne_got_reference/bone42"},{"predicate":{"custom_model_data":75},"model":"modelengine:iron_throne_got_reference/bone43"},{"predicate":{"custom_model_data":76},"model":"modelengine:iron_throne_got_reference/bone41"},{"predicate":{"custom_model_data":77},"model":"modelengine:iron_throne_got_reference/bone44"},{"predicate":{"custom_model_data":78},"model":"modelengine:iron_throne_got_reference/bone210"},{"predicate":{"custom_model_data":79},"model":"modelengine:iron_throne_got_reference/bone211"},{"predicate":{"custom_model_data":80},"model":"modelengine:iron_throne_got_reference/bone209"},{"predicate":{"custom_model_data":81},"model":"modelengine:iron_throne_got_reference/bone208"},{"predicate":{"custom_model_data":82},"model":"modelengine:iron_throne_got_reference/bone201"},{"predicate":{"custom_model_data":83},"model":"modelengine:iron_throne_got_reference/bone200"},{"predicate":{"custom_model_data":84},"model":"modelengine:iron_throne_got_reference/bone203"},{"predicate":{"custom_model_data":85},"model":"modelengine:iron_throne_got_reference/bone202"},{"predicate":{"custom_model_data":86},"model":"modelengine:iron_throne_got_reference/bone205"},{"predicate":{"custom_model_data":87},"model":"modelengine:iron_throne_got_reference/bone204"},{"predicate":{"custom_model_data":88},"model":"modelengine:iron_throne_got_reference/bone207"},{"predicate":{"custom_model_data":89},"model":"modelengine:iron_throne_got_reference/bone206"},{"predicate":{"custom_model_data":90},"model":"modelengine:iron_throne_got_reference/bone197"},{"predicate":{"custom_model_data":91},"model":"modelengine:iron_throne_got_reference/bone196"},{"predicate":{"custom_model_data":92},"model":"modelengine:iron_throne_got_reference/bone199"},{"predicate":{"custom_model_data":93},"model":"modelengine:iron_throne_got_reference/bone198"},{"predicate":{"custom_model_data":94},"model":"modelengine:iron_throne_got_reference/bone49"},{"predicate":{"custom_model_data":95},"model":"modelengine:iron_throne_got_reference/bone50"},{"predicate":{"custom_model_data":96},"model":"modelengine:iron_throne_got_reference/bone51"},{"predicate":{"custom_model_data":97},"model":"modelengine:iron_throne_got_reference/bone52"},{"predicate":{"custom_model_data":98},"model":"modelengine:iron_throne_got_reference/bone61"},{"predicate":{"custom_model_data":99},"model":"modelengine:iron_throne_got_reference/bone64"},{"predicate":{"custom_model_data":100},"model":"modelengine:iron_throne_got_reference/bone62"},{"predicate":{"custom_model_data":101},"model":"modelengine:iron_throne_got_reference/bone63"},{"predicate":{"custom_model_data":102},"model":"modelengine:iron_throne_got_reference/bone53"},{"predicate":{"custom_model_data":103},"model":"modelengine:iron_throne_got_reference/bone54"},{"predicate":{"custom_model_data":104},"model":"modelengine:iron_throne_got_reference/bone55"},{"predicate":{"custom_model_data":105},"model":"modelengine:iron_throne_got_reference/bone56"},{"predicate":{"custom_model_data":106},"model":"modelengine:iron_throne_got_reference/bone59"},{"predicate":{"custom_model_data":107},"model":"modelengine:iron_throne_got_reference/bone60"},{"predicate":{"custom_model_data":108},"model":"modelengine:iron_throne_got_reference/bone57"},{"predicate":{"custom_model_data":109},"model":"modelengine:iron_throne_got_reference/bone58"},{"predicate":{"custom_model_data":110},"model":"modelengine:iron_throne_got_reference/bone225"},{"predicate":{"custom_model_data":111},"model":"modelengine:iron_throne_got_reference/bone224"},{"predicate":{"custom_model_data":112},"model":"modelengine:iron_throne_got_reference/bone227"},{"predicate":{"custom_model_data":113},"model":"modelengine:iron_throne_got_reference/bone226"},{"predicate":{"custom_model_data":114},"model":"modelengine:iron_throne_got_reference/bone216"},{"predicate":{"custom_model_data":115},"model":"modelengine:iron_throne_got_reference/bone218"},{"predicate":{"custom_model_data":116},"model":"modelengine:iron_throne_got_reference/bone217"},{"predicate":{"custom_model_data":117},"model":"modelengine:iron_throne_got_reference/bone219"},{"predicate":{"custom_model_data":118},"model":"modelengine:iron_throne_got_reference/bone221"},{"predicate":{"custom_model_data":119},"model":"modelengine:iron_throne_got_reference/bone220"},{"predicate":{"custom_model_data":120},"model":"modelengine:iron_throne_got_reference/bone223"},{"predicate":{"custom_model_data":121},"model":"modelengine:iron_throne_got_reference/bone222"},{"predicate":{"custom_model_data":122},"model":"modelengine:iron_throne_got_reference/bone212"},{"predicate":{"custom_model_data":123},"model":"modelengine:iron_throne_got_reference/bone214"},{"predicate":{"custom_model_data":124},"model":"modelengine:iron_throne_got_reference/bone213"},{"predicate":{"custom_model_data":125},"model":"modelengine:iron_throne_got_reference/bone215"},{"predicate":{"custom_model_data":126},"model":"modelengine:iron_throne_got_reference/bone309"},{"predicate":{"custom_model_data":127},"model":"modelengine:iron_throne_got_reference/bone311"},{"predicate":{"custom_model_data":128},"model":"modelengine:iron_throne_got_reference/bone310"},{"predicate":{"custom_model_data":129},"model":"modelengine:iron_throne_got_reference/bone308"},{"predicate":{"custom_model_data":130},"model":"modelengine:iron_throne_got_reference/bone304"},{"predicate":{"custom_model_data":131},"model":"modelengine:iron_throne_got_reference/bone306"},{"predicate":{"custom_model_data":132},"model":"modelengine:iron_throne_got_reference/bone305"},{"predicate":{"custom_model_data":133},"model":"modelengine:iron_throne_got_reference/bone307"},{"predicate":{"custom_model_data":134},"model":"modelengine:iron_throne_got_reference/bone230"},{"predicate":{"custom_model_data":135},"model":"modelengine:iron_throne_got_reference/bone231"},{"predicate":{"custom_model_data":136},"model":"modelengine:iron_throne_got_reference/bone229"},{"predicate":{"custom_model_data":137},"model":"modelengine:iron_throne_got_reference/bone228"},{"predicate":{"custom_model_data":138},"model":"modelengine:iron_throne_got_reference/bone232"},{"predicate":{"custom_model_data":139},"model":"modelengine:iron_throne_got_reference/bone234"},{"predicate":{"custom_model_data":140},"model":"modelengine:iron_throne_got_reference/bone233"},{"predicate":{"custom_model_data":141},"model":"modelengine:iron_throne_got_reference/bone235"},{"predicate":{"custom_model_data":142},"model":"modelengine:iron_throne_got_reference/bone236"},{"predicate":{"custom_model_data":143},"model":"modelengine:iron_throne_got_reference/bone238"},{"predicate":{"custom_model_data":144},"model":"modelengine:iron_throne_got_reference/bone237"},{"predicate":{"custom_model_data":145},"model":"modelengine:iron_throne_got_reference/bone239"},{"predicate":{"custom_model_data":146},"model":"modelengine:iron_throne_got_reference/bone245"},{"predicate":{"custom_model_data":147},"model":"modelengine:iron_throne_got_reference/bone244"},{"predicate":{"custom_model_data":148},"model":"modelengine:iron_throne_got_reference/bone247"},{"predicate":{"custom_model_data":149},"model":"modelengine:iron_throne_got_reference/bone246"},{"predicate":{"custom_model_data":150},"model":"modelengine:iron_throne_got_reference/bone250"},{"predicate":{"custom_model_data":151},"model":"modelengine:iron_throne_got_reference/bone251"},{"predicate":{"custom_model_data":152},"model":"modelengine:iron_throne_got_reference/bone249"},{"predicate":{"custom_model_data":153},"model":"modelengine:iron_throne_got_reference/bone248"},{"predicate":{"custom_model_data":154},"model":"modelengine:iron_throne_got_reference/bone241"},{"predicate":{"custom_model_data":155},"model":"modelengine:iron_throne_got_reference/bone240"},{"predicate":{"custom_model_data":156},"model":"modelengine:iron_throne_got_reference/bone243"},{"predicate":{"custom_model_data":157},"model":"modelengine:iron_throne_got_reference/bone242"},{"predicate":{"custom_model_data":158},"model":"modelengine:iron_throne_got_reference/bone263"},{"predicate":{"custom_model_data":159},"model":"modelengine:iron_throne_got_reference/bone262"},{"predicate":{"custom_model_data":160},"model":"modelengine:iron_throne_got_reference/bone265"},{"predicate":{"custom_model_data":161},"model":"modelengine:iron_throne_got_reference/bone264"},{"predicate":{"custom_model_data":162},"model":"modelengine:iron_throne_got_reference/bone254"},{"predicate":{"custom_model_data":163},"model":"modelengine:iron_throne_got_reference/bone256"},{"predicate":{"custom_model_data":164},"model":"modelengine:iron_throne_got_reference/bone255"},{"predicate":{"custom_model_data":165},"model":"modelengine:iron_throne_got_reference/bone257"},{"predicate":{"custom_model_data":166},"model":"modelengine:iron_throne_got_reference/bone261"},{"predicate":{"custom_model_data":167},"model":"modelengine:iron_throne_got_reference/bone260"},{"predicate":{"custom_model_data":168},"model":"modelengine:iron_throne_got_reference/bone258"},{"predicate":{"custom_model_data":169},"model":"modelengine:iron_throne_got_reference/bone259"},{"predicate":{"custom_model_data":170},"model":"modelengine:iron_throne_got_reference/bone272"},{"predicate":{"custom_model_data":171},"model":"modelengine:iron_throne_got_reference/bone271"},{"predicate":{"custom_model_data":172},"model":"modelengine:iron_throne_got_reference/bone273"},{"predicate":{"custom_model_data":173},"model":"modelengine:iron_throne_got_reference/bone270"},{"predicate":{"custom_model_data":174},"model":"modelengine:iron_throne_got_reference/bone274"},{"predicate":{"custom_model_data":175},"model":"modelengine:iron_throne_got_reference/bone276"},{"predicate":{"custom_model_data":176},"model":"modelengine:iron_throne_got_reference/bone275"},{"predicate":{"custom_model_data":177},"model":"modelengine:iron_throne_got_reference/bone277"},{"predicate":{"custom_model_data":178},"model":"modelengine:iron_throne_got_reference/bone267"},{"predicate":{"custom_model_data":179},"model":"modelengine:iron_throne_got_reference/bone266"},{"predicate":{"custom_model_data":180},"model":"modelengine:iron_throne_got_reference/bone269"},{"predicate":{"custom_model_data":181},"model":"modelengine:iron_throne_got_reference/bone268"},{"predicate":{"custom_model_data":182},"model":"modelengine:iron_throne_got_reference/bone283"},{"predicate":{"custom_model_data":183},"model":"modelengine:iron_throne_got_reference/bone285"},{"predicate":{"custom_model_data":184},"model":"modelengine:iron_throne_got_reference/bone284"},{"predicate":{"custom_model_data":185},"model":"modelengine:iron_throne_got_reference/bone286"},{"predicate":{"custom_model_data":186},"model":"modelengine:iron_throne_got_reference/bone287"},{"predicate":{"custom_model_data":187},"model":"modelengine:iron_throne_got_reference/bone289"},{"predicate":{"custom_model_data":188},"model":"modelengine:iron_throne_got_reference/bone288"},{"predicate":{"custom_model_data":189},"model":"modelengine:iron_throne_got_reference/bone290"},{"predicate":{"custom_model_data":190},"model":"modelengine:iron_throne_got_reference/bone282"},{"predicate":{"custom_model_data":191},"model":"modelengine:iron_throne_got_reference/bone279"},{"predicate":{"custom_model_data":192},"model":"modelengine:iron_throne_got_reference/bone281"},{"predicate":{"custom_model_data":193},"model":"modelengine:iron_throne_got_reference/bone280"},{"predicate":{"custom_model_data":194},"model":"modelengine:iron_throne_got_reference/bone300"},{"predicate":{"custom_model_data":195},"model":"modelengine:iron_throne_got_reference/bone299"},{"predicate":{"custom_model_data":196},"model":"modelengine:iron_throne_got_reference/bone302"},{"predicate":{"custom_model_data":197},"model":"modelengine:iron_throne_got_reference/bone301"},{"predicate":{"custom_model_data":198},"model":"modelengine:iron_throne_got_reference/bone294"},{"predicate":{"custom_model_data":199},"model":"modelengine:iron_throne_got_reference/bone293"},{"predicate":{"custom_model_data":200},"model":"modelengine:iron_throne_got_reference/bone292"},{"predicate":{"custom_model_data":201},"model":"modelengine:iron_throne_got_reference/bone291"},{"predicate":{"custom_model_data":202},"model":"modelengine:iron_throne_got_reference/bone296"},{"predicate":{"custom_model_data":203},"model":"modelengine:iron_throne_got_reference/bone295"},{"predicate":{"custom_model_data":204},"model":"modelengine:iron_throne_got_reference/bone298"},{"predicate":{"custom_model_data":205},"model":"modelengine:iron_throne_got_reference/bone297"},{"predicate":{"custom_model_data":206},"model":"modelengine:iron_throne_got_reference/bone35"},{"predicate":{"custom_model_data":207},"model":"modelengine:iron_throne_got_reference/bone36"},{"predicate":{"custom_model_data":208},"model":"modelengine:iron_throne_got_reference/bone33"},{"predicate":{"custom_model_data":209},"model":"modelengine:iron_throne_got_reference/bone34"},{"predicate":{"custom_model_data":210},"model":"modelengine:iron_throne_got_reference/bone10"},{"predicate":{"custom_model_data":211},"model":"modelengine:iron_throne_got_reference/bone9"},{"predicate":{"custom_model_data":212},"model":"modelengine:iron_throne_got_reference/bone11"},{"predicate":{"custom_model_data":213},"model":"modelengine:iron_throne_got_reference/bone12"},{"predicate":{"custom_model_data":214},"model":"modelengine:iron_throne_got_reference/bone15"},{"predicate":{"custom_model_data":215},"model":"modelengine:iron_throne_got_reference/bone16"},{"predicate":{"custom_model_data":216},"model":"modelengine:iron_throne_got_reference/bone13"},{"predicate":{"custom_model_data":217},"model":"modelengine:iron_throne_got_reference/bone14"},{"predicate":{"custom_model_data":218},"model":"modelengine:iron_throne_got_reference/bone5"},{"predicate":{"custom_model_data":219},"model":"modelengine:iron_throne_got_reference/bone7"},{"predicate":{"custom_model_data":220},"model":"modelengine:iron_throne_got_reference/bone6"},{"predicate":{"custom_model_data":221},"model":"modelengine:iron_throne_got_reference/bone8"},{"predicate":{"custom_model_data":222},"model":"modelengine:iron_throne_got_reference/bone111"},{"predicate":{"custom_model_data":223},"model":"modelengine:iron_throne_got_reference/bone110"},{"predicate":{"custom_model_data":224},"model":"modelengine:iron_throne_got_reference/bone108"},{"predicate":{"custom_model_data":225},"model":"modelengine:iron_throne_got_reference/bone109"},{"predicate":{"custom_model_data":226},"model":"modelengine:iron_throne_got_reference/bone113"},{"predicate":{"custom_model_data":227},"model":"modelengine:iron_throne_got_reference/bone112"},{"predicate":{"custom_model_data":228},"model":"modelengine:iron_throne_got_reference/bone115"},{"predicate":{"custom_model_data":229},"model":"modelengine:iron_throne_got_reference/bone114"},{"predicate":{"custom_model_data":230},"model":"modelengine:iron_throne_got_reference/bone100"},{"predicate":{"custom_model_data":231},"model":"modelengine:iron_throne_got_reference/bone102"},{"predicate":{"custom_model_data":232},"model":"modelengine:iron_throne_got_reference/bone101"},{"predicate":{"custom_model_data":233},"model":"modelengine:iron_throne_got_reference/bone103"},{"predicate":{"custom_model_data":234},"model":"modelengine:iron_throne_got_reference/bone104"},{"predicate":{"custom_model_data":235},"model":"modelengine:iron_throne_got_reference/bone106"},{"predicate":{"custom_model_data":236},"model":"modelengine:iron_throne_got_reference/bone105"},{"predicate":{"custom_model_data":237},"model":"modelengine:iron_throne_got_reference/bone107"},{"predicate":{"custom_model_data":238},"model":"modelengine:iron_throne_got_reference/bone173"},{"predicate":{"custom_model_data":239},"model":"modelengine:iron_throne_got_reference/bone172"},{"predicate":{"custom_model_data":240},"model":"modelengine:iron_throne_got_reference/bone175"},{"predicate":{"custom_model_data":241},"model":"modelengine:iron_throne_got_reference/bone174"},{"predicate":{"custom_model_data":242},"model":"modelengine:iron_throne_got_reference/bone177"},{"predicate":{"custom_model_data":243},"model":"modelengine:iron_throne_got_reference/bone176"},{"predicate":{"custom_model_data":244},"model":"modelengine:iron_throne_got_reference/bone179"},{"predicate":{"custom_model_data":245},"model":"modelengine:iron_throne_got_reference/bone178"},{"predicate":{"custom_model_data":246},"model":"modelengine:iron_throne_got_reference/bone164"},{"predicate":{"custom_model_data":247},"model":"modelengine:iron_throne_got_reference/bone166"},{"predicate":{"custom_model_data":248},"model":"modelengine:iron_throne_got_reference/bone165"},{"predicate":{"custom_model_data":249},"model":"modelengine:iron_throne_got_reference/bone167"},{"predicate":{"custom_model_data":250},"model":"modelengine:iron_throne_got_reference/bone168"},{"predicate":{"custom_model_data":251},"model":"modelengine:iron_throne_got_reference/bone169"},{"predicate":{"custom_model_data":252},"model":"modelengine:iron_throne_got_reference/bone171"},{"predicate":{"custom_model_data":253},"model":"modelengine:iron_throne_got_reference/bone170"},{"predicate":{"custom_model_data":254},"model":"modelengine:iron_throne_got_reference/bone153"},{"predicate":{"custom_model_data":255},"model":"modelengine:iron_throne_got_reference/bone152"},{"predicate":{"custom_model_data":256},"model":"modelengine:iron_throne_got_reference/bone155"},{"predicate":{"custom_model_data":257},"model":"modelengine:iron_throne_got_reference/bone154"},{"predicate":{"custom_model_data":258},"model":"modelengine:iron_throne_got_reference/bone157"},{"predicate":{"custom_model_data":259},"model":"modelengine:iron_throne_got_reference/bone156"},{"predicate":{"custom_model_data":260},"model":"modelengine:iron_throne_got_reference/bone159"},{"predicate":{"custom_model_data":261},"model":"modelengine:iron_throne_got_reference/bone158"},{"predicate":{"custom_model_data":262},"model":"modelengine:iron_throne_got_reference/bone151"},{"predicate":{"custom_model_data":263},"model":"modelengine:iron_throne_got_reference/bone150"},{"predicate":{"custom_model_data":264},"model":"modelengine:iron_throne_got_reference/bone148"},{"predicate":{"custom_model_data":265},"model":"modelengine:iron_throne_got_reference/bone149"},{"predicate":{"custom_model_data":266},"model":"modelengine:iron_throne_got_reference/bone137"},{"predicate":{"custom_model_data":267},"model":"modelengine:iron_throne_got_reference/bone136"},{"predicate":{"custom_model_data":268},"model":"modelengine:iron_throne_got_reference/bone139"},{"predicate":{"custom_model_data":269},"model":"modelengine:iron_throne_got_reference/bone138"},{"predicate":{"custom_model_data":270},"model":"modelengine:iron_throne_got_reference/bone140"},{"predicate":{"custom_model_data":271},"model":"modelengine:iron_throne_got_reference/bone142"},{"predicate":{"custom_model_data":272},"model":"modelengine:iron_throne_got_reference/bone141"},{"predicate":{"custom_model_data":273},"model":"modelengine:iron_throne_got_reference/bone143"},{"predicate":{"custom_model_data":274},"model":"modelengine:iron_throne_got_reference/bone133"},{"predicate":{"custom_model_data":275},"model":"modelengine:iron_throne_got_reference/bone132"},{"predicate":{"custom_model_data":276},"model":"modelengine:iron_throne_got_reference/bone135"},{"predicate":{"custom_model_data":277},"model":"modelengine:iron_throne_got_reference/bone134"},{"predicate":{"custom_model_data":278},"model":"modelengine:iron_throne_got_reference/bone144"},{"predicate":{"custom_model_data":279},"model":"modelengine:iron_throne_got_reference/bone146"},{"predicate":{"custom_model_data":280},"model":"modelengine:iron_throne_got_reference/bone145"},{"predicate":{"custom_model_data":281},"model":"modelengine:iron_throne_got_reference/bone147"},{"predicate":{"custom_model_data":282},"model":"modelengine:iron_throne_got_reference/bone82"},{"predicate":{"custom_model_data":283},"model":"modelengine:iron_throne_got_reference/bone80"},{"predicate":{"custom_model_data":284},"model":"modelengine:iron_throne_got_reference/bone81"},{"predicate":{"custom_model_data":285},"model":"modelengine:iron_throne_got_reference/bone79"},{"predicate":{"custom_model_data":286},"model":"modelengine:iron_throne_got_reference/bone71"},{"predicate":{"custom_model_data":287},"model":"modelengine:iron_throne_got_reference/bone72"},{"predicate":{"custom_model_data":288},"model":"modelengine:iron_throne_got_reference/bone73"},{"predicate":{"custom_model_data":289},"model":"modelengine:iron_throne_got_reference/bone74"},{"predicate":{"custom_model_data":290},"model":"modelengine:iron_throne_got_reference/bone75"},{"predicate":{"custom_model_data":291},"model":"modelengine:iron_throne_got_reference/bone76"},{"predicate":{"custom_model_data":292},"model":"modelengine:iron_throne_got_reference/bone77"},{"predicate":{"custom_model_data":293},"model":"modelengine:iron_throne_got_reference/bone78"},{"predicate":{"custom_model_data":294},"model":"modelengine:iron_throne_got_reference/bone70"},{"predicate":{"custom_model_data":295},"model":"modelengine:iron_throne_got_reference/bone68"},{"predicate":{"custom_model_data":296},"model":"modelengine:iron_throne_got_reference/bone69"},{"predicate":{"custom_model_data":297},"model":"modelengine:iron_throne_got_reference/bone67"},{"predicate":{"custom_model_data":298},"model":"modelengine:iron_throne_got_reference/bone28"},{"predicate":{"custom_model_data":299},"model":"modelengine:iron_throne_got_reference/bone26"},{"predicate":{"custom_model_data":300},"model":"modelengine:iron_throne_got_reference/bone27"},{"predicate":{"custom_model_data":301},"model":"modelengine:iron_throne_got_reference/bone25"},{"predicate":{"custom_model_data":302},"model":"modelengine:iron_throne_got_reference/bone29"},{"predicate":{"custom_model_data":303},"model":"modelengine:iron_throne_got_reference/bone31"},{"predicate":{"custom_model_data":304},"model":"modelengine:iron_throne_got_reference/bone32"},{"predicate":{"custom_model_data":305},"model":"modelengine:iron_throne_got_reference/bone30"},{"predicate":{"custom_model_data":306},"model":"modelengine:iron_throne_got_reference/bone17"},{"predicate":{"custom_model_data":307},"model":"modelengine:iron_throne_got_reference/bone18"},{"predicate":{"custom_model_data":308},"model":"modelengine:iron_throne_got_reference/bone19"},{"predicate":{"custom_model_data":309},"model":"modelengine:iron_throne_got_reference/bone20"},{"predicate":{"custom_model_data":310},"model":"modelengine:iron_throne_got_reference/bone21"},{"predicate":{"custom_model_data":311},"model":"modelengine:iron_throne_got_reference/bone24"},{"predicate":{"custom_model_data":312},"model":"modelengine:iron_throne_got_reference/bone22"},{"predicate":{"custom_model_data":313},"model":"modelengine:iron_throne_got_reference/bone23"},{"predicate":{"custom_model_data":314},"model":"modelengine:iron_throne_got_reference/bone131"},{"predicate":{"custom_model_data":315},"model":"modelengine:iron_throne_got_reference/bone130"},{"predicate":{"custom_model_data":316},"model":"modelengine:iron_throne_got_reference/bone128"},{"predicate":{"custom_model_data":317},"model":"modelengine:iron_throne_got_reference/bone129"},{"predicate":{"custom_model_data":318},"model":"modelengine:iron_throne_got_reference/bone120"},{"predicate":{"custom_model_data":319},"model":"modelengine:iron_throne_got_reference/bone122"},{"predicate":{"custom_model_data":320},"model":"modelengine:iron_throne_got_reference/bone121"},{"predicate":{"custom_model_data":321},"model":"modelengine:iron_throne_got_reference/bone123"},{"predicate":{"custom_model_data":322},"model":"modelengine:iron_throne_got_reference/bone124"},{"predicate":{"custom_model_data":323},"model":"modelengine:iron_throne_got_reference/bone126"},{"predicate":{"custom_model_data":324},"model":"modelengine:iron_throne_got_reference/bone125"},{"predicate":{"custom_model_data":325},"model":"modelengine:iron_throne_got_reference/bone127"},{"predicate":{"custom_model_data":326},"model":"modelengine:iron_throne_got_reference/bone117"},{"predicate":{"custom_model_data":327},"model":"modelengine:iron_throne_got_reference/bone116"},{"predicate":{"custom_model_data":328},"model":"modelengine:iron_throne_got_reference/bone119"},{"predicate":{"custom_model_data":329},"model":"modelengine:iron_throne_got_reference/bone118"},{"predicate":{"custom_model_data":330},"model":"modelengine:iron_throne_got_reference/bone183"},{"predicate":{"custom_model_data":331},"model":"modelengine:iron_throne_got_reference/bone180"},{"predicate":{"custom_model_data":332},"model":"modelengine:iron_throne_got_reference/bone182"},{"predicate":{"custom_model_data":333},"model":"modelengine:iron_throne_got_reference/bone181"},{"predicate":{"custom_model_data":334},"model":"modelengine:iron_throne_got_reference/bone184"},{"predicate":{"custom_model_data":335},"model":"modelengine:iron_throne_got_reference/bone186"},{"predicate":{"custom_model_data":336},"model":"modelengine:iron_throne_got_reference/bone185"},{"predicate":{"custom_model_data":337},"model":"modelengine:iron_throne_got_reference/bone187"},{"predicate":{"custom_model_data":338},"model":"modelengine:iron_throne_got_reference/bone188"},{"predicate":{"custom_model_data":339},"model":"modelengine:iron_throne_got_reference/bone189"},{"predicate":{"custom_model_data":340},"model":"modelengine:iron_throne_got_reference/bone191"},{"predicate":{"custom_model_data":341},"model":"modelengine:iron_throne_got_reference/bone190"},{"predicate":{"custom_model_data":342},"model":"modelengine:iron_throne_got_reference/bone195"},{"predicate":{"custom_model_data":343},"model":"modelengine:iron_throne_got_reference/bone194"},{"predicate":{"custom_model_data":344},"model":"modelengine:iron_throne_got_reference/bone193"},{"predicate":{"custom_model_data":345},"model":"modelengine:iron_throne_got_reference/bone192"},{"predicate":{"custom_model_data":346},"model":"modelengine:iron_throne_got_reference/bone93"},{"predicate":{"custom_model_data":347},"model":"modelengine:iron_throne_got_reference/bone94"},{"predicate":{"custom_model_data":348},"model":"modelengine:iron_throne_got_reference/bone91"},{"predicate":{"custom_model_data":349},"model":"modelengine:iron_throne_got_reference/bone92"},{"predicate":{"custom_model_data":350},"model":"modelengine:iron_throne_got_reference/bone97"},{"predicate":{"custom_model_data":351},"model":"modelengine:iron_throne_got_reference/bone98"},{"predicate":{"custom_model_data":352},"model":"modelengine:iron_throne_got_reference/bone95"},{"predicate":{"custom_model_data":353},"model":"modelengine:iron_throne_got_reference/bone96"},{"predicate":{"custom_model_data":354},"model":"modelengine:iron_throne_got_reference/bone83"},{"predicate":{"custom_model_data":355},"model":"modelengine:iron_throne_got_reference/bone86"},{"predicate":{"custom_model_data":356},"model":"modelengine:iron_throne_got_reference/bone84"},{"predicate":{"custom_model_data":357},"model":"modelengine:iron_throne_got_reference/bone85"},{"predicate":{"custom_model_data":358},"model":"modelengine:iron_throne_got_reference/bone90"},{"predicate":{"custom_model_data":359},"model":"modelengine:iron_throne_got_reference/bone87"},{"predicate":{"custom_model_data":360},"model":"modelengine:iron_throne_got_reference/bone88"},{"predicate":{"custom_model_data":361},"model":"modelengine:iron_throne_got_reference/bone89"},{"predicate":{"custom_model_data":362},"model":"modelengine:bongocat/cat"},{"predicate":{"custom_model_data":363},"model":"modelengine:bongocat/table"},{"predicate":{"custom_model_data":364},"model":"modelengine:bongocat/head"},{"predicate":{"custom_model_data":365},"model":"modelengine:bongocat/rightleg"},{"predicate":{"custom_model_data":366},"model":"modelengine:bongocat/tail"},{"predicate":{"custom_model_data":367},"model":"modelengine:bongocat/rightarm"},{"predicate":{"custom_model_data":368},"model":"modelengine:bongocat/leftleg"},{"predicate":{"custom_model_data":369},"model":"modelengine:bongocat/leftarm"},{"predicate":{"custom_model_data":370},"model":"modelengine:bongocat/bone3"},{"predicate":{"custom_model_data":371},"model":"modelengine:bongocat/bone"},{"predicate":{"custom_model_data":372},"model":"modelengine:bongocat/bone2"},{"predicate":{"custom_model_data":373},"model":"modelengine:nyancat/head"},{"predicate":{"custom_model_data":374},"model":"modelengine:nyancat/rainbow"},{"predicate":{"custom_model_data":375},"model":"modelengine:nyancat/bread"},{"predicate":{"custom_model_data":376},"model":"modelengine:nyancat/leftfrontleg"},{"predicate":{"custom_model_data":377},"model":"modelengine:nyancat/rightbackleg"},{"predicate":{"custom_model_data":378},"model":"modelengine:nyancat/tail"},{"predicate":{"custom_model_data":379},"model":"modelengine:nyancat/particles"},{"predicate":{"custom_model_data":380},"model":"modelengine:nyancat/rightfrontleg"},{"predicate":{"custom_model_data":381},"model":"modelengine:nyancat/leftbackleg"},{"predicate":{"custom_model_data":382},"model":"modelengine:nyancat/bone"},{"predicate":{"custom_model_data":383},"model":"modelengine:nyancat/bone2"},{"predicate":{"custom_model_data":384},"model":"modelengine:pepe/rightleg"},{"predicate":{"custom_model_data":385},"model":"modelengine:pepe/torso"},{"predicate":{"custom_model_data":386},"model":"modelengine:pepe/leftleg"},{"predicate":{"custom_model_data":387},"model":"modelengine:pepe/bone7"},{"predicate":{"custom_model_data":388},"model":"modelengine:pepe/head"},{"predicate":{"custom_model_data":389},"model":"modelengine:pepe/rightarm"},{"predicate":{"custom_model_data":390},"model":"modelengine:pepe/leftarm"},{"predicate":{"custom_model_data":391},"model":"modelengine:pepe/bone6"},{"predicate":{"custom_model_data":392},"model":"modelengine:pepe/bone"},{"predicate":{"custom_model_data":393},"model":"modelengine:pepe/bone2"},{"predicate":{"custom_model_data":394},"model":"modelengine:pepe/bone4"},{"predicate":{"custom_model_data":395},"model":"modelengine:pepe/bone3"},{"predicate":{"custom_model_data":396},"model":"modelengine:pepe/bone5"},{"predicate":{"custom_model_data":397},"model":"modelengine:pepe_naked/rightleg"},{"predicate":{"custom_model_data":398},"model":"modelengine:pepe_naked/torso"},{"predicate":{"custom_model_data":399},"model":"modelengine:pepe_naked/leftleg"},{"predicate":{"custom_model_data":400},"model":"modelengine:pepe_naked/bone7"},{"predicate":{"custom_model_data":401},"model":"modelengine:pepe_naked/head"},{"predicate":{"custom_model_data":402},"model":"modelengine:pepe_naked/rightarm"},{"predicate":{"custom_model_data":403},"model":"modelengine:pepe_naked/leftarm"},{"predicate":{"custom_model_data":404},"model":"modelengine:pepe_naked/bone6"},{"predicate":{"custom_model_data":405},"model":"modelengine:pepe_naked/bone"},{"predicate":{"custom_model_data":406},"model":"modelengine:pepe_naked/bone2"},{"predicate":{"custom_model_data":407},"model":"modelengine:pepe_naked/bone4"},{"predicate":{"custom_model_data":408},"model":"modelengine:pepe_naked/bone3"},{"predicate":{"custom_model_data":409},"model":"modelengine:pepe_naked/bone5"},{"predicate":{"custom_model_data":410},"model":"modelengine:christmasballons/christmasballoons"},{"predicate":{"custom_model_data":411},"model":"modelengine:christmasbox1/christmasbox1"},{"predicate":{"custom_model_data":412},"model":"modelengine:christmasbox2/christmasbox2"},{"predicate":{"custom_model_data":413},"model":"modelengine:christmasbox3/christmasbox3"},{"predicate":{"custom_model_data":414},"model":"modelengine:christmascandycane/christmascandycane"},{"predicate":{"custom_model_data":415},"model":"modelengine:christmaschest/christmaschest"},{"predicate":{"custom_model_data":416},"model":"modelengine:christmascouch/christmascouch"},{"predicate":{"custom_model_data":417},"model":"modelengine:christmasgreenround/christmasgreenround"},{"predicate":{"custom_model_data":418},"model":"modelengine:christmaslambs/christmaslambs"},{"predicate":{"custom_model_data":419},"model":"modelengine:christmassnowman/christmassnowman"},{"predicate":{"custom_model_data":10000},"model":"cosmetic:custom/item/ballon"},{"predicate":{"custom_model_data":10000},"model":"balloon_entities:entity/axolot_balloon/head"},{"predicate":{"custom_model_data":10000},"model":"balloon_entities:entity/axolot_balloon/head"},{"predicate":{"custom_model_data":10001},"model":"cosmetic:custom/item/stick"},{"predicate":{"custom_model_data":10001},"model":"balloon_entities:entity/ballon_dragon/bone4"},{"predicate":{"custom_model_data":10001},"model":"balloon_entities:entity/ballon_dragon/bone4"},{"predicate":{"custom_model_data":10002},"model":"cosmetic:custom/item/brush"},{"predicate":{"custom_model_data":10002},"model":"balloon_entities:entity/balloon_shark/bone6"},{"predicate":{"custom_model_data":10002},"model":"balloon_entities:entity/balloon_shark/bone6"},{"predicate":{"custom_model_data":10003},"model":"cosmetic:custom/item/backpack"},{"predicate":{"custom_model_data":10003},"model":"balloon_entities:entity/balloon_stingray/bone3"},{"predicate":{"custom_model_data":10003},"model":"balloon_entities:entity/balloon_stingray/bone3"},{"predicate":{"custom_model_data":10004},"model":"cosmetic:custom/item/stand"},{"predicate":{"custom_model_data":10004},"model":"balloon_entities:entity/glare_balloon/bone2"},{"predicate":{"custom_model_data":10004},"model":"balloon_entities:entity/glare_balloon/bone2"},{"predicate":{"custom_model_data":10005},"model":"cosmetic:custom/item/mexhat"},{"predicate":{"custom_model_data":10005},"model":"balloon_entities:entity/piglin_balloon/bone3"},{"predicate":{"custom_model_data":10005},"model":"balloon_entities:entity/piglin_balloon/bone3"},{"predicate":{"custom_model_data":10006},"model":"cosmetic:custom/item/token"},{"predicate":{"custom_model_data":10006},"model":"balloon_entities:entity/warden_balloon/bone"},{"predicate":{"custom_model_data":10006},"model":"balloon_entities:entity/warden_balloon/bone"},{"predicate":{"custom_model_data":10007},"model":"magiccosmetics:item/hotdog"},{"predicate":{"custom_model_data":10008},"model":"magiccosmetics:item/balloon"},{"predicate":{"custom_model_data":10009},"model":"magiccosmetics:item/stick"},{"predicate":{"custom_model_data":10010},"model":"magiccosmetics:item/brush"},{"predicate":{"custom_model_data":10011},"model":"magiccosmetics:item/tone"},{"predicate":{"custom_model_data":10012},"model":"cosmetic:custom/item/tone"},{"predicate":{"custom_model_data":10012},"model":"magiccosmetics:item/backpack"},{"predicate":{"custom_model_data":10013},"model":"cosmetic:custom/item/hotdog"},{"predicate":{"custom_model_data":10013},"model":"magiccosmetics:item/stand"},{"predicate":{"custom_model_data":10014},"model":"minecraft:item/leather_horse_armor"},{"predicate":{"custom_model_data":10014},"model":"magiccosmetics:item/token"},{"predicate":{"custom_model_data":10015},"model":"magiccosmetics:item/mexhat"},{"predicate":{"custom_model_data":10016},"model":"20th_century_furniture_v1:carpet_2"},{"predicate":{"custom_model_data":18001},"model":"magic:mobs/dragon/dragon_base"},{"predicate":{"custom_model_data":18002},"model":"magic:mobs/dragon/dragon_wing_left"},{"predicate":{"custom_model_data":18003},"model":"magic:mobs/dragon/dragon_wing_right"},{"predicate":{"custom_model_data":18004},"model":"magic:wands/staff_survival_colorable"},{"predicate":{"custom_model_data":18005},"model":"item/leather_horse_armor"}]}