{"parent":"minecraft:item/generated","textures":{"layer0":"minecraft:item/paper"},"overrides":[{"predicate":{"custom_model_data":10000},"model":"_iainternal:ia_auto_gen/icon_left_blue"},{"predicate":{"custom_model_data":10001},"model":"_iainternal:ia_auto_gen/icon_right_blue"},{"predicate":{"custom_model_data":10002},"model":"_iainternal:ia_auto_gen/icon_search"},{"predicate":{"custom_model_data":10003},"model":"_iainternal:ia_auto_gen/icon_cancel"},{"predicate":{"custom_model_data":10004},"model":"_iainternal:ia_auto_gen/icon_arrow_chest"},{"predicate":{"custom_model_data":10005},"model":"_iainternal:ia_auto_gen/icon_back_orange"},{"predicate":{"custom_model_data":10006},"model":"_iainternal:ia_auto_gen/icon_next_orange"},{"predicate":{"custom_model_data":10007},"model":"iasurvival:ia_auto_gen/aqua_aura_block"},{"predicate":{"custom_model_data":10008},"model":"iasurvival:ia_auto_gen/customization_table"},{"predicate":{"custom_model_data":10009},"model":"cosmetic:custom/spray/spray1"},{"predicate":{"custom_model_data":10009},"model":"iafestivities:halloween/decorative_pumpkin"},{"predicate":{"custom_model_data":10010},"model":"minecraft:item/paper"},{"predicate":{"custom_model_data":10010},"model":"iasurvival:ia_auto_gen/end_ore"},{"predicate":{"custom_model_data":10011},"model":"iasurvival:ia_auto_gen/gold_dirt_ore"},{"predicate":{"custom_model_data":10012},"model":"iasurvival:ia_auto_gen/dark_amethyst_block"},{"predicate":{"custom_model_data":10013},"model":"iasurvival:ia_auto_gen/dark_amethyst_ore"},{"predicate":{"custom_model_data":10014},"model":"iasurvival:ia_auto_gen/cassiterite_ore"},{"predicate":{"custom_model_data":10015},"model":"iasurvival:ia_auto_gen/crystal_block"},{"predicate":{"custom_model_data":10016},"model":"iasurvival:ia_auto_gen/nice_wood"},{"predicate":{"custom_model_data":10017},"model":"iaalchemy:item/energy_converter"},{"predicate":{"custom_model_data":10018},"model":"iasurvival:ia_auto_gen/spinel_ore"},{"predicate":{"custom_model_data":10019},"model":"iasurvival:ia_auto_gen/iron_dirt_ore"},{"predicate":{"custom_model_data":10020},"model":"iasurvival:ia_auto_gen/modern_stone"},{"predicate":{"custom_model_data":10021},"model":"iaalchemy:item/energy_extractor"},{"predicate":{"custom_model_data":10022},"model":"iaalchemy:item/mysterious_stone"},{"predicate":{"custom_model_data":10023},"model":"iasurvival:ia_auto_gen/aqua_aura_ore"},{"predicate":{"custom_model_data":10024},"model":"iasurvival:ia_auto_gen/ruby_block"},{"predicate":{"custom_model_data":10025},"model":"iasurvival:ia_auto_gen/dark_amethyst_prism_block"},{"predicate":{"custom_model_data":10026},"model":"iasurvival:ia_auto_gen/turquoise_ore"},{"predicate":{"custom_model_data":10027},"model":"iaalchemy:ia_auto_gen/mysterious_ore"},{"predicate":{"custom_model_data":10028},"model":"iasurvival:ia_auto_gen/modern_sandstone"},{"predicate":{"custom_model_data":10029},"model":"iasurvival:ia_auto_gen/forgotten_crying_obsidian"},{"predicate":{"custom_model_data":10030},"model":"iafestivities:christmas/christmas_wreath"},{"predicate":{"custom_model_data":10031},"model":"iasurvival:ia_auto_gen/ruby_ore"},{"predicate":{"custom_model_data":10032},"model":"iasurvival:ia_auto_gen/turquoise_block"},{"predicate":{"custom_model_data":10033},"model":"iaalchemy:ia_auto_gen/nether_alchemy_ore"},{"predicate":{"custom_model_data":10034},"model":"iasurvival:ia_auto_gen/modern_quartz"},{"predicate":{"custom_model_data":10035},"model":"iasurvival:ia_auto_gen/cassiterite_block"},{"predicate":{"custom_model_data":10036},"model":"iaalchemy:item/alchemy_candles"},{"predicate":{"custom_model_data":10037},"model":"iafestivities:christmas/decorative_candy_cane"},{"predicate":{"custom_model_data":10038},"model":"iasurvival:ia_auto_gen/nice_stone"},{"predicate":{"custom_model_data":10039},"model":"iasurvival:ia_auto_gen/coal_dirt_ore"},{"predicate":{"custom_model_data":10040},"model":"iasurvival:ia_auto_gen/restoration_table"},{"predicate":{"custom_model_data":10041},"model":"iafestivities:christmas/christmas_candle"},{"predicate":{"custom_model_data":10042},"model":"iasurvival:ia_auto_gen/blaze_powder_ore"},{"predicate":{"custom_model_data":10043},"model":"iasurvival:ia_auto_gen/spinel_block"},{"predicate":{"custom_model_data":10044},"model":"iafestivities:christmas/christmas_tree"},{"predicate":{"custom_model_data":10045},"model":"elitecreatures:sakura/chest"},{"predicate":{"custom_model_data":10046},"model":"elitecreatures:sakura/key"},{"predicate":{"custom_model_data":10047},"model":"elitecreatures:sakura/hat"},{"predicate":{"custom_model_data":10048},"model":"elitecreatures:sakura/wing"},{"predicate":{"custom_model_data":10049},"model":"bedroom:furniture/bedroom/bedroom_bed"},{"predicate":{"custom_model_data":10050},"model":"bedroom:furniture/bedroom/bedroom_carpet"},{"predicate":{"custom_model_data":10051},"model":"bedroom:furniture/bedroom/bedroom_clock"},{"predicate":{"custom_model_data":10052},"model":"bedroom:furniture/bedroom/bedroom_clothing_cabinet"},{"predicate":{"custom_model_data":10053},"model":"bedroom:furniture/bedroom/bedroom_clothing_cabinet_closed"},{"predicate":{"custom_model_data":10054},"model":"bedroom:furniture/bedroom/bedroom_clothing_rail"},{"predicate":{"custom_model_data":10055},"model":"bedroom:furniture/bedroom/bedroom_lamp"},{"predicate":{"custom_model_data":10056},"model":"bedroom:furniture/bedroom/bedroom_mirror"},{"predicate":{"custom_model_data":10057},"model":"bedroom:furniture/bedroom/bedroom_nightstand"},{"predicate":{"custom_model_data":10058},"model":"bedroom:furniture/bedroom/bedroom_picture_1x1"},{"predicate":{"custom_model_data":10059},"model":"bedroom:furniture/bedroom/bedroom_picture_2x1"},{"predicate":{"custom_model_data":10060},"model":"bedroom:furniture/bedroom/bedroom_sideboard"},{"predicate":{"custom_model_data":10061},"model":"food_pack_v1:food_1"},{"predicate":{"custom_model_data":10062},"model":"food_pack_v1:food_2"},{"predicate":{"custom_model_data":10063},"model":"food_pack_v1:food_3"},{"predicate":{"custom_model_data":10064},"model":"food_pack_v1:food_4"},{"predicate":{"custom_model_data":10065},"model":"food_pack_v1:food_5"},{"predicate":{"custom_model_data":10066},"model":"food_pack_v1:food_6"},{"predicate":{"custom_model_data":10067},"model":"food_pack_v1:food_7"},{"predicate":{"custom_model_data":10068},"model":"food_pack_v1:food_8"},{"predicate":{"custom_model_data":10069},"model":"food_pack_v1:food_9"},{"predicate":{"custom_model_data":10070},"model":"food_pack_v1:food_10"},{"predicate":{"custom_model_data":10071},"model":"food_pack_v1:food_11"},{"predicate":{"custom_model_data":10072},"model":"food_pack_v1:food_12"},{"predicate":{"custom_model_data":10073},"model":"food_pack_v1:food_13"},{"predicate":{"custom_model_data":10074},"model":"food_pack_v1:food_14"},{"predicate":{"custom_model_data":10075},"model":"food_pack_v1:food_15"},{"predicate":{"custom_model_data":10076},"model":"food_pack_v1:food_16"},{"predicate":{"custom_model_data":10077},"model":"food_pack_v1:food_17"},{"predicate":{"custom_model_data":10078},"model":"food_pack_v1:food_18"},{"predicate":{"custom_model_data":10079},"model":"elitecreatures:medieval_tavern_furniture_v1/bar"},{"predicate":{"custom_model_data":10080},"model":"elitecreatures:medieval_tavern_furniture_v1/bar_chair"},{"predicate":{"custom_model_data":10081},"model":"elitecreatures:medieval_tavern_furniture_v1/bar_corner"},{"predicate":{"custom_model_data":10082},"model":"elitecreatures:medieval_tavern_furniture_v1/bar_sign"},{"predicate":{"custom_model_data":10083},"model":"elitecreatures:medieval_tavern_furniture_v1/barrel_stack"},{"predicate":{"custom_model_data":10084},"model":"elitecreatures:medieval_tavern_furniture_v1/beer_tank"},{"predicate":{"custom_model_data":10085},"model":"elitecreatures:medieval_tavern_furniture_v1/beer_tank_wall"},{"predicate":{"custom_model_data":10086},"model":"elitecreatures:medieval_tavern_furniture_v1/candle"},{"predicate":{"custom_model_data":10087},"model":"elitecreatures:medieval_tavern_furniture_v1/carpet"},{"predicate":{"custom_model_data":10088},"model":"elitecreatures:medieval_tavern_furniture_v1/chair"},{"predicate":{"custom_model_data":10089},"model":"elitecreatures:medieval_tavern_furniture_v1/dart_board"},{"predicate":{"custom_model_data":10090},"model":"elitecreatures:medieval_tavern_furniture_v1/drinking_horn"},{"predicate":{"custom_model_data":10091},"model":"elitecreatures:medieval_tavern_furniture_v1/glass_hanging_bar"},{"predicate":{"custom_model_data":10092},"model":"elitecreatures:medieval_tavern_furniture_v1/shelf_1"},{"predicate":{"custom_model_data":10093},"model":"elitecreatures:medieval_tavern_furniture_v1/shelf_2"},{"predicate":{"custom_model_data":10094},"model":"elitecreatures:medieval_tavern_furniture_v1/shelf_3"},{"predicate":{"custom_model_data":10095},"model":"elitecreatures:medieval_tavern_furniture_v1/shelf_4"},{"predicate":{"custom_model_data":10096},"model":"elitecreatures:medieval_tavern_furniture_v1/table"},{"predicate":{"custom_model_data":10097},"model":"elitecreatures:medieval_tavern_furniture_v1/wall_lamp"},{"predicate":{"custom_model_data":10098},"model":"elitecreatures:medieval_tavern_furniture_v1/wantd_paper"},{"predicate":{"custom_model_data":10099},"model":"elitecreatures:coffee_shop_furniture_v1/blender"},{"predicate":{"custom_model_data":10100},"model":"elitecreatures:coffee_shop_furniture_v1/board_1"},{"predicate":{"custom_model_data":10101},"model":"elitecreatures:coffee_shop_furniture_v1/board_2"},{"predicate":{"custom_model_data":10102},"model":"elitecreatures:coffee_shop_furniture_v1/breadcoffee_1"},{"predicate":{"custom_model_data":10103},"model":"elitecreatures:coffee_shop_furniture_v1/breadcoffee_2"},{"predicate":{"custom_model_data":10104},"model":"elitecreatures:coffee_shop_furniture_v1/bread_showcase"},{"predicate":{"custom_model_data":10105},"model":"elitecreatures:coffee_shop_furniture_v1/cashier_table"},{"predicate":{"custom_model_data":10106},"model":"elitecreatures:coffee_shop_furniture_v1/chair"},{"predicate":{"custom_model_data":10107},"model":"elitecreatures:coffee_shop_furniture_v1/coffee_machine"},{"predicate":{"custom_model_data":10108},"model":"elitecreatures:coffee_shop_furniture_v1/counter_table"},{"predicate":{"custom_model_data":10109},"model":"elitecreatures:coffee_shop_furniture_v1/glass_hanger"},{"predicate":{"custom_model_data":10110},"model":"elitecreatures:coffee_shop_furniture_v1/hanging_lamp"},{"predicate":{"custom_model_data":10111},"model":"elitecreatures:coffee_shop_furniture_v1/picture_wallpaper"},{"predicate":{"custom_model_data":10112},"model":"elitecreatures:coffee_shop_furniture_v1/plant_pot"},{"predicate":{"custom_model_data":10113},"model":"elitecreatures:coffee_shop_furniture_v1/shelf_1"},{"predicate":{"custom_model_data":10114},"model":"elitecreatures:coffee_shop_furniture_v1/shelf_2"},{"predicate":{"custom_model_data":10115},"model":"elitecreatures:coffee_shop_furniture_v1/shop_sign"},{"predicate":{"custom_model_data":10116},"model":"elitecreatures:coffee_shop_furniture_v1/sign"},{"predicate":{"custom_model_data":10117},"model":"elitecreatures:coffee_shop_furniture_v1/sofa_1"},{"predicate":{"custom_model_data":10118},"model":"elitecreatures:coffee_shop_furniture_v1/sofa_2"},{"predicate":{"custom_model_data":10119},"model":"elitecreatures:coffee_shop_furniture_v1/table_1"},{"predicate":{"custom_model_data":10120},"model":"elitecreatures:coffee_shop_furniture_v1/table_2"},{"predicate":{"custom_model_data":10121},"model":"elitecreatures:livingroom_furniture_v1/chair_1"},{"predicate":{"custom_model_data":10122},"model":"elitecreatures:livingroom_furniture_v1/chair_2"},{"predicate":{"custom_model_data":10123},"model":"elitecreatures:livingroom_furniture_v1/cupboard"},{"predicate":{"custom_model_data":10124},"model":"elitecreatures:livingroom_furniture_v1/fireplace"},{"predicate":{"custom_model_data":10125},"model":"elitecreatures:livingroom_furniture_v1/frame_1"},{"predicate":{"custom_model_data":10126},"model":"elitecreatures:livingroom_furniture_v1/frame_2"},{"predicate":{"custom_model_data":10127},"model":"elitecreatures:livingroom_furniture_v1/lamp_1"},{"predicate":{"custom_model_data":10128},"model":"elitecreatures:livingroom_furniture_v1/lamp_2"},{"predicate":{"custom_model_data":10129},"model":"elitecreatures:livingroom_furniture_v1/piano"},{"predicate":{"custom_model_data":10130},"model":"elitecreatures:livingroom_furniture_v1/plant_1"},{"predicate":{"custom_model_data":10131},"model":"elitecreatures:livingroom_furniture_v1/plant_2"},{"predicate":{"custom_model_data":10132},"model":"elitecreatures:livingroom_furniture_v1/plant_3"},{"predicate":{"custom_model_data":10133},"model":"elitecreatures:livingroom_furniture_v1/shelf_1"},{"predicate":{"custom_model_data":10134},"model":"elitecreatures:livingroom_furniture_v1/shelf_2"},{"predicate":{"custom_model_data":10135},"model":"elitecreatures:livingroom_furniture_v1/sofa_1"},{"predicate":{"custom_model_data":10136},"model":"elitecreatures:livingroom_furniture_v1/sofa_2"},{"predicate":{"custom_model_data":10137},"model":"elitecreatures:livingroom_furniture_v1/sofa_3"},{"predicate":{"custom_model_data":10138},"model":"elitecreatures:livingroom_furniture_v1/sofa_4"},{"predicate":{"custom_model_data":10139},"model":"elitecreatures:livingroom_furniture_v1/sound_system"},{"predicate":{"custom_model_data":10140},"model":"elitecreatures:livingroom_furniture_v1/table_1"},{"predicate":{"custom_model_data":10141},"model":"elitecreatures:livingroom_furniture_v1/table_2"},{"predicate":{"custom_model_data":10142},"model":"elitecreatures:livingroom_furniture_v1/tv"},{"predicate":{"custom_model_data":10143},"model":"playbox_cherryblossomfurniture:basket"},{"predicate":{"custom_model_data":10144},"model":"playbox_cherryblossomfurniture:chair"},{"predicate":{"custom_model_data":10145},"model":"playbox_cherryblossomfurniture:flowerpot"},{"predicate":{"custom_model_data":10146},"model":"playbox_cherryblossomfurniture:kotatsu"},{"predicate":{"custom_model_data":10147},"model":"playbox_cherryblossomfurniture:lamp"},{"predicate":{"custom_model_data":10148},"model":"playbox_cherryblossomfurniture:leaves"},{"predicate":{"custom_model_data":10149},"model":"playbox_cherryblossomfurniture:pond"},{"predicate":{"custom_model_data":10150},"model":"playbox_cherryblossomfurniture:roomdivider"},{"predicate":{"custom_model_data":10151},"model":"playbox_cherryblossomfurniture:sofa"},{"predicate":{"custom_model_data":10152},"model":"playbox_cherryblossomfurniture:table"},{"predicate":{"custom_model_data":10153},"model":"christmaspack:christmascandycane"},{"predicate":{"custom_model_data":10154},"model":"christmaspack:christmasballons"},{"predicate":{"custom_model_data":10155},"model":"christmaspack:christmassnowman"},{"predicate":{"custom_model_data":10156},"model":"christmaspack:christmasbox2"},{"predicate":{"custom_model_data":10157},"model":"christmaspack:christmaschest"},{"predicate":{"custom_model_data":10158},"model":"christmaspack:christmasgreenround"},{"predicate":{"custom_model_data":10159},"model":"christmaspack:christmasbox3"},{"predicate":{"custom_model_data":10160},"model":"christmaspack:christmascouch"},{"predicate":{"custom_model_data":10161},"model":"christmaspack:christmasbox1"},{"predicate":{"custom_model_data":10162},"model":"christmaspack:christmaslambs"},{"predicate":{"custom_model_data":10163},"model":"sakura_furniture_v1:banner"},{"predicate":{"custom_model_data":10164},"model":"sakura_furniture_v1:bench"},{"predicate":{"custom_model_data":10165},"model":"sakura_furniture_v1:bonsai"},{"predicate":{"custom_model_data":10166},"model":"sakura_furniture_v1:chair"},{"predicate":{"custom_model_data":10167},"model":"sakura_furniture_v1:chochin"},{"predicate":{"custom_model_data":10168},"model":"sakura_furniture_v1:clock"},{"predicate":{"custom_model_data":10169},"model":"sakura_furniture_v1:fence_1"},{"predicate":{"custom_model_data":10170},"model":"sakura_furniture_v1:fence_2"},{"predicate":{"custom_model_data":10171},"model":"sakura_furniture_v1:lamp"},{"predicate":{"custom_model_data":10172},"model":"sakura_furniture_v1:lantern_1"},{"predicate":{"custom_model_data":10173},"model":"sakura_furniture_v1:lantern_2"},{"predicate":{"custom_model_data":10174},"model":"sakura_furniture_v1:path"},{"predicate":{"custom_model_data":10175},"model":"sakura_furniture_v1:petals_1"},{"predicate":{"custom_model_data":10176},"model":"sakura_furniture_v1:petals_2"},{"predicate":{"custom_model_data":10177},"model":"sakura_furniture_v1:pile"},{"predicate":{"custom_model_data":10178},"model":"sakura_furniture_v1:rug"},{"predicate":{"custom_model_data":10179},"model":"sakura_furniture_v1:sofa_1"},{"predicate":{"custom_model_data":10180},"model":"sakura_furniture_v1:sofa_2"},{"predicate":{"custom_model_data":10181},"model":"sakura_furniture_v1:table"},{"predicate":{"custom_model_data":10182},"model":"sakura_furniture_v1:tool"},{"predicate":{"custom_model_data":10228},"model":"cosmetic:custom/spray/spray1"},{"predicate":{"custom_model_data":5606101},"model":"iavegas:custom/50cards/poker_closed_card"},{"predicate":{"custom_model_data":5606102},"model":"iavegas:custom/50cards/poker_card_2_buba"},{"predicate":{"custom_model_data":5606103},"model":"iavegas:custom/50cards/poker_card_3_buba"},{"predicate":{"custom_model_data":5606104},"model":"iavegas:custom/50cards/poker_card_4_buba"},{"predicate":{"custom_model_data":5606105},"model":"iavegas:custom/50cards/poker_card_5_buba"},{"predicate":{"custom_model_data":5606106},"model":"iavegas:custom/50cards/poker_card_6_buba"},{"predicate":{"custom_model_data":5606107},"model":"iavegas:custom/50cards/poker_card_7_buba"},{"predicate":{"custom_model_data":5606108},"model":"iavegas:custom/50cards/poker_card_8_buba"},{"predicate":{"custom_model_data":5606109},"model":"iavegas:custom/50cards/poker_card_9_buba"},{"predicate":{"custom_model_data":5606110},"model":"iavegas:custom/50cards/poker_card_10_buba"},{"predicate":{"custom_model_data":5606111},"model":"iavegas:custom/50cards/poker_card_jack_buba"},{"predicate":{"custom_model_data":5606112},"model":"iavegas:custom/50cards/poker_card_queen_buba"},{"predicate":{"custom_model_data":5606113},"model":"iavegas:custom/50cards/poker_card_king_buba"},{"predicate":{"custom_model_data":5606114},"model":"iavegas:custom/50cards/poker_card_ace_buba"},{"predicate":{"custom_model_data":5607102},"model":"iavegas:custom/50cards/poker_card_2_chervi"},{"predicate":{"custom_model_data":5607103},"model":"iavegas:custom/50cards/poker_card_3_chervi"},{"predicate":{"custom_model_data":5607104},"model":"iavegas:custom/50cards/poker_card_4_chervi"},{"predicate":{"custom_model_data":5607105},"model":"iavegas:custom/50cards/poker_card_5_chervi"},{"predicate":{"custom_model_data":5607106},"model":"iavegas:custom/50cards/poker_card_6_chervi"},{"predicate":{"custom_model_data":5607107},"model":"iavegas:custom/50cards/poker_card_7_chervi"},{"predicate":{"custom_model_data":5607108},"model":"iavegas:custom/50cards/poker_card_8_chervi"},{"predicate":{"custom_model_data":5607109},"model":"iavegas:custom/50cards/poker_card_9_chervi"},{"predicate":{"custom_model_data":5607110},"model":"iavegas:custom/50cards/poker_card_10_chervi"},{"predicate":{"custom_model_data":5607111},"model":"iavegas:custom/50cards/poker_card_jack_chervi"},{"predicate":{"custom_model_data":5607112},"model":"iavegas:custom/50cards/poker_card_queen_chervi"},{"predicate":{"custom_model_data":5607113},"model":"iavegas:custom/50cards/poker_card_king_chervi"},{"predicate":{"custom_model_data":5607114},"model":"iavegas:custom/50cards/poker_card_ace_chervi"},{"predicate":{"custom_model_data":5608102},"model":"iavegas:custom/50cards/poker_card_2_pika"},{"predicate":{"custom_model_data":5608103},"model":"iavegas:custom/50cards/poker_card_3_pika"},{"predicate":{"custom_model_data":5608104},"model":"iavegas:custom/50cards/poker_card_4_pika"},{"predicate":{"custom_model_data":5608105},"model":"iavegas:custom/50cards/poker_card_5_pika"},{"predicate":{"custom_model_data":5608106},"model":"iavegas:custom/50cards/poker_card_6_pika"},{"predicate":{"custom_model_data":5608107},"model":"iavegas:custom/50cards/poker_card_7_pika"},{"predicate":{"custom_model_data":5608108},"model":"iavegas:custom/50cards/poker_card_8_pika"},{"predicate":{"custom_model_data":5608109},"model":"iavegas:custom/50cards/poker_card_9_pika"},{"predicate":{"custom_model_data":5608110},"model":"iavegas:custom/50cards/poker_card_10_pika"},{"predicate":{"custom_model_data":5608111},"model":"iavegas:custom/50cards/poker_card_jack_pika"},{"predicate":{"custom_model_data":5608112},"model":"iavegas:custom/50cards/poker_card_queen_pika"},{"predicate":{"custom_model_data":5608113},"model":"iavegas:custom/50cards/poker_card_king_pika"},{"predicate":{"custom_model_data":5608114},"model":"iavegas:custom/50cards/poker_card_ace_pika"},{"predicate":{"custom_model_data":5609102},"model":"iavegas:custom/50cards/poker_card_2_kresti"},{"predicate":{"custom_model_data":5609103},"model":"iavegas:custom/50cards/poker_card_3_kresti"},{"predicate":{"custom_model_data":5609104},"model":"iavegas:custom/50cards/poker_card_4_kresti"},{"predicate":{"custom_model_data":5609105},"model":"iavegas:custom/50cards/poker_card_5_kresti"},{"predicate":{"custom_model_data":5609106},"model":"iavegas:custom/50cards/poker_card_6_kresti"},{"predicate":{"custom_model_data":5609107},"model":"iavegas:custom/50cards/poker_card_7_kresti"},{"predicate":{"custom_model_data":5609108},"model":"iavegas:custom/50cards/poker_card_8_kresti"},{"predicate":{"custom_model_data":5609109},"model":"iavegas:custom/50cards/poker_card_9_kresti"},{"predicate":{"custom_model_data":5609110},"model":"iavegas:custom/50cards/poker_card_10_kresti"},{"predicate":{"custom_model_data":5609111},"model":"iavegas:custom/50cards/poker_card_jack_kresti"},{"predicate":{"custom_model_data":5609112},"model":"iavegas:custom/50cards/poker_card_queen_kresti"},{"predicate":{"custom_model_data":5609113},"model":"iavegas:custom/50cards/poker_card_king_kresti"},{"predicate":{"custom_model_data":5609114},"model":"iavegas:custom/50cards/poker_card_ace_kresti"},{"predicate":{"custom_model_data":5609115},"model":"item/paper"}]}