{"parent":"minecraft:item/generated","textures":{"layer0":"minecraft:item/charcoal"},"overrides":[{"predicate":{"custom_model_data":100000},"model":"workshop_six:sweetheart_furniture/sweetheart_dresser"},{"predicate":{"custom_model_data":100001},"model":"workshop_six:sweetheart_furniture/sweetheart_vanity"},{"predicate":{"custom_model_data":100002},"model":"workshop_six:sweetheart_furniture/sweetheart_armoire"},{"predicate":{"custom_model_data":100003},"model":"workshop_six:sweetheart_furniture/sweetheart_bed"},{"predicate":{"custom_model_data":100004},"model":"item/charcoal"}]}