{"parent":"minecraft:item/handheld","textures":{"layer0":"minecraft:item/diamond_pickaxe"},"overrides":[{"predicate":{"custom_model_data":100000},"model":"iasurvival:ia_auto_gen/bronze_pickaxe"},{"predicate":{"custom_model_data":100001},"model":"iasurvival:ia_auto_gen/diamond_hammer"},{"predicate":{"custom_model_data":100002},"model":"iaalchemy:ia_auto_gen/astral_pickaxe"},{"predicate":{"custom_model_data":100003},"model":"iaalchemy:ia_auto_gen/demoniac_pickaxe"},{"predicate":{"custom_model_data":100004},"model":"iaalchemy:ia_auto_gen/demoniac_hammer"},{"predicate":{"custom_model_data":100005},"model":"iasurvival:ia_auto_gen/dark_amethyst_pickaxe"},{"predicate":{"custom_model_data":100006},"model":"item/diamond_pickaxe"}]}