{"parent":"minecraft:item/generated","overrides":[{"model":"minecraft:item/leather_helmet_quartz_trim","predicate":{"trim_type":0.1}},{"model":"minecraft:item/leather_helmet_iron_trim","predicate":{"trim_type":0.2}},{"model":"minecraft:item/leather_helmet_netherite_trim","predicate":{"trim_type":0.3}},{"model":"minecraft:item/leather_helmet_redstone_trim","predicate":{"trim_type":0.4}},{"model":"minecraft:item/leather_helmet_copper_trim","predicate":{"trim_type":0.5}},{"model":"minecraft:item/leather_helmet_gold_trim","predicate":{"trim_type":0.6}},{"model":"minecraft:item/leather_helmet_emerald_trim","predicate":{"trim_type":0.7}},{"model":"minecraft:item/leather_helmet_diamond_trim","predicate":{"trim_type":0.8}},{"model":"minecraft:item/leather_helmet_lapis_trim","predicate":{"trim_type":0.9}},{"model":"minecraft:item/leather_helmet_amethyst_trim","predicate":{"trim_type":1.0}},{"predicate":{"custom_model_data":100000},"model":"iasurvival:ia_auto_gen/obsidian_helmet"},{"predicate":{"trim_type":0.1,"custom_model_data":100000},"model":"iasurvival:ia_auto_gen/obsidian_helmet"},{"predicate":{"trim_type":0.2,"custom_model_data":100000},"model":"iasurvival:ia_auto_gen/obsidian_helmet"},{"predicate":{"trim_type":0.3,"custom_model_data":100000},"model":"iasurvival:ia_auto_gen/obsidian_helmet"},{"predicate":{"trim_type":0.4,"custom_model_data":100000},"model":"iasurvival:ia_auto_gen/obsidian_helmet"},{"predicate":{"trim_type":0.5,"custom_model_data":100000},"model":"iasurvival:ia_auto_gen/obsidian_helmet"},{"predicate":{"trim_type":0.6,"custom_model_data":100000},"model":"iasurvival:ia_auto_gen/obsidian_helmet"},{"predicate":{"trim_type":0.7,"custom_model_data":100000},"model":"iasurvival:ia_auto_gen/obsidian_helmet"},{"predicate":{"trim_type":0.8,"custom_model_data":100000},"model":"iasurvival:ia_auto_gen/obsidian_helmet"},{"predicate":{"trim_type":0.9,"custom_model_data":100000},"model":"iasurvival:ia_auto_gen/obsidian_helmet"},{"predicate":{"trim_type":1.0,"custom_model_data":100000},"model":"iasurvival:ia_auto_gen/obsidian_helmet"},{"predicate":{"custom_model_data":100001},"model":"elitecreatures:ia_auto_gen/sakura_helmet"},{"predicate":{"trim_type":0.1,"custom_model_data":100001},"model":"elitecreatures:ia_auto_gen/sakura_helmet"},{"predicate":{"trim_type":0.2,"custom_model_data":100001},"model":"elitecreatures:ia_auto_gen/sakura_helmet"},{"predicate":{"trim_type":0.3,"custom_model_data":100001},"model":"elitecreatures:ia_auto_gen/sakura_helmet"},{"predicate":{"trim_type":0.4,"custom_model_data":100001},"model":"elitecreatures:ia_auto_gen/sakura_helmet"},{"predicate":{"trim_type":0.5,"custom_model_data":100001},"model":"elitecreatures:ia_auto_gen/sakura_helmet"},{"predicate":{"trim_type":0.6,"custom_model_data":100001},"model":"elitecreatures:ia_auto_gen/sakura_helmet"},{"predicate":{"trim_type":0.7,"custom_model_data":100001},"model":"elitecreatures:ia_auto_gen/sakura_helmet"},{"predicate":{"trim_type":0.8,"custom_model_data":100001},"model":"elitecreatures:ia_auto_gen/sakura_helmet"},{"predicate":{"trim_type":0.9,"custom_model_data":100001},"model":"elitecreatures:ia_auto_gen/sakura_helmet"},{"predicate":{"trim_type":1.0,"custom_model_data":100001},"model":"elitecreatures:ia_auto_gen/sakura_helmet"},{"predicate":{"custom_model_data":100002},"model":"iasurvival:ia_auto_gen/bronze_helmet"},{"predicate":{"trim_type":0.1,"custom_model_data":100002},"model":"iasurvival:ia_auto_gen/bronze_helmet"},{"predicate":{"trim_type":0.2,"custom_model_data":100002},"model":"iasurvival:ia_auto_gen/bronze_helmet"},{"predicate":{"trim_type":0.3,"custom_model_data":100002},"model":"iasurvival:ia_auto_gen/bronze_helmet"},{"predicate":{"trim_type":0.4,"custom_model_data":100002},"model":"iasurvival:ia_auto_gen/bronze_helmet"},{"predicate":{"trim_type":0.5,"custom_model_data":100002},"model":"iasurvival:ia_auto_gen/bronze_helmet"},{"predicate":{"trim_type":0.6,"custom_model_data":100002},"model":"iasurvival:ia_auto_gen/bronze_helmet"},{"predicate":{"trim_type":0.7,"custom_model_data":100002},"model":"iasurvival:ia_auto_gen/bronze_helmet"},{"predicate":{"trim_type":0.8,"custom_model_data":100002},"model":"iasurvival:ia_auto_gen/bronze_helmet"},{"predicate":{"trim_type":0.9,"custom_model_data":100002},"model":"iasurvival:ia_auto_gen/bronze_helmet"},{"predicate":{"trim_type":1.0,"custom_model_data":100002},"model":"iasurvival:ia_auto_gen/bronze_helmet"},{"predicate":{"custom_model_data":100003},"model":"iasurvival:ia_auto_gen/ruby_helmet"},{"predicate":{"trim_type":0.1,"custom_model_data":100003},"model":"iasurvival:ia_auto_gen/ruby_helmet"},{"predicate":{"trim_type":0.2,"custom_model_data":100003},"model":"iasurvival:ia_auto_gen/ruby_helmet"},{"predicate":{"trim_type":0.3,"custom_model_data":100003},"model":"iasurvival:ia_auto_gen/ruby_helmet"},{"predicate":{"trim_type":0.4,"custom_model_data":100003},"model":"iasurvival:ia_auto_gen/ruby_helmet"},{"predicate":{"trim_type":0.5,"custom_model_data":100003},"model":"iasurvival:ia_auto_gen/ruby_helmet"},{"predicate":{"trim_type":0.6,"custom_model_data":100003},"model":"iasurvival:ia_auto_gen/ruby_helmet"},{"predicate":{"trim_type":0.7,"custom_model_data":100003},"model":"iasurvival:ia_auto_gen/ruby_helmet"},{"predicate":{"trim_type":0.8,"custom_model_data":100003},"model":"iasurvival:ia_auto_gen/ruby_helmet"},{"predicate":{"trim_type":0.9,"custom_model_data":100003},"model":"iasurvival:ia_auto_gen/ruby_helmet"},{"predicate":{"trim_type":1.0,"custom_model_data":100003},"model":"iasurvival:ia_auto_gen/ruby_helmet"},{"predicate":{"custom_model_data":100004},"model":"iasurvival:ia_auto_gen/dark_amethyst_helmet"},{"predicate":{"trim_type":0.1,"custom_model_data":100004},"model":"iasurvival:ia_auto_gen/dark_amethyst_helmet"},{"predicate":{"trim_type":0.2,"custom_model_data":100004},"model":"iasurvival:ia_auto_gen/dark_amethyst_helmet"},{"predicate":{"trim_type":0.3,"custom_model_data":100004},"model":"iasurvival:ia_auto_gen/dark_amethyst_helmet"},{"predicate":{"trim_type":0.4,"custom_model_data":100004},"model":"iasurvival:ia_auto_gen/dark_amethyst_helmet"},{"predicate":{"trim_type":0.5,"custom_model_data":100004},"model":"iasurvival:ia_auto_gen/dark_amethyst_helmet"},{"predicate":{"trim_type":0.6,"custom_model_data":100004},"model":"iasurvival:ia_auto_gen/dark_amethyst_helmet"},{"predicate":{"trim_type":0.7,"custom_model_data":100004},"model":"iasurvival:ia_auto_gen/dark_amethyst_helmet"},{"predicate":{"trim_type":0.8,"custom_model_data":100004},"model":"iasurvival:ia_auto_gen/dark_amethyst_helmet"},{"predicate":{"trim_type":0.9,"custom_model_data":100004},"model":"iasurvival:ia_auto_gen/dark_amethyst_helmet"},{"predicate":{"trim_type":1.0,"custom_model_data":100004},"model":"iasurvival:ia_auto_gen/dark_amethyst_helmet"},{"predicate":{"custom_model_data":100005},"model":"item/leather_helmet"}],"textures":{"layer0":"minecraft:item/leather_helmet","layer1":"minecraft:item/leather_helmet_overlay"}}