{"parent":"minecraft:block/oak_wood","overrides":[{"predicate":{"custom_model_data":100000},"model":"munchies:item/whitecabinet"},{"predicate":{"custom_model_data":100001},"model":"munchies:item/blackcabinet"},{"predicate":{"custom_model_data":100002},"model":"munchies:item/whitecounter"},{"predicate":{"custom_model_data":100003},"model":"munchies:item/blackcounter"},{"predicate":{"custom_model_data":100004},"model":"munchies:item/whitecounter_sink"},{"predicate":{"custom_model_data":100005},"model":"munchies:item/blackcounter_sink"},{"predicate":{"custom_model_data":100006},"model":"munchies:item/blackfridge"},{"predicate":{"custom_model_data":100007},"model":"munchies:item/whitefridge"},{"predicate":{"custom_model_data":100008},"model":"munchies:item/blackbathroom_sink"},{"predicate":{"custom_model_data":100009},"model":"munchies:item/whitebathroom_sink"},{"predicate":{"custom_model_data":100010},"model":"munchies:item/register"},{"predicate":{"custom_model_data":100011},"model":"munchies:item/whitetoilet"},{"predicate":{"custom_model_data":100012},"model":"munchies:item/blacktoilet"},{"predicate":{"custom_model_data":100013},"model":"munchies:item/whiteshower"},{"predicate":{"custom_model_data":100014},"model":"munchies:item/blackshower"},{"predicate":{"custom_model_data":100015},"model":"munchies:item/whitebath"},{"predicate":{"custom_model_data":100016},"model":"munchies:item/blackbath"},{"predicate":{"custom_model_data":100017},"model":"munchies:item/trash_can"},{"predicate":{"custom_model_data":100018},"model":"munchies:item/blackstove"},{"predicate":{"custom_model_data":100019},"model":"munchies:item/whitestove"},{"predicate":{"custom_model_data":100020},"model":"munchies:item/blackmicrowave"},{"predicate":{"custom_model_data":100021},"model":"munchies:item/whitemicrowave"},{"predicate":{"custom_model_data":100022},"model":"munchies:item/toaster"},{"predicate":{"custom_model_data":100023},"model":"munchies:item/fruit_vending_machine"},{"predicate":{"custom_model_data":100024},"model":"munchies:item/gem_vending_machine"},{"predicate":{"custom_model_data":100025},"model":"item/oak_wood"}]}