{"parent":"minecraft:item/generated","textures":{"layer0":"minecraft:item/shears"},"overrides":[{"predicate":{"custom_model_data":100000},"model":"iasurvival:ia_auto_gen/black_shears"},{"predicate":{"custom_model_data":100001},"model":"iasurvival:ia_auto_gen/red_shears"},{"predicate":{"custom_model_data":100002},"model":"iasurvival:ia_auto_gen/green_shears"},{"predicate":{"custom_model_data":100003},"model":"iasurvival:ia_auto_gen/blue_shears"},{"predicate":{"custom_model_data":100004},"model":"iasurvival:ia_auto_gen/purple_shears"},{"predicate":{"custom_model_data":100005},"model":"iasurvival:ia_auto_gen/cyan_shears"},{"predicate":{"custom_model_data":100006},"model":"item/shears"}]}