{"credit":"MadewithBlockbench","texture_size":[32,32],"textures":{"0":"elitecreatures:dwaeven_decoration_v1/18_dwarven_door_mat_texture","particle":"elitecreatures:dwaeven_decoration_v1/18_dwarven_door_mat_texture"},"elements":[{"from":[-16,0,0],"to":[16,0.2,16],"faces":{"north":{"uv":[0,0,16,0],"texture":"#0"},"east":{"uv":[0,0,8,0],"texture":"#0"},"south":{"uv":[0,0,16,0],"texture":"#0"},"west":{"uv":[0,0,8,0],"texture":"#0"},"up":{"uv":[16,8,0,0],"texture":"#0"},"down":{"uv":[16,0,0,8],"texture":"#0"}}},{"from":[11.25,0.3,6.35],"to":[14.25,0.3,9.35],"rotation":{"angle":0,"axis":"y","origin":[-5.375,1.5,0]},"faces":{"north":{"uv":[1.5,0,0,0],"rotation":180,"texture":"#0"},"east":{"uv":[0,0,0,1.5],"rotation":270,"texture":"#0"},"south":{"uv":[1.5,0,0,0],"texture":"#0"},"west":{"uv":[0,0,0,1.5],"rotation":90,"texture":"#0"},"up":{"uv":[0,8,1.5,9.5],"rotation":180,"texture":"#0"},"down":{"uv":[1.5,8,0,9.5],"texture":"#0"}}},{"from":[9.5,0.3,6.35],"to":[12.5,0.3,9.35],"rotation":{"angle":0,"axis":"y","origin":[-5.375,1.5,0]},"faces":{"north":{"uv":[1.5,0,0,0],"rotation":180,"texture":"#0"},"east":{"uv":[0,0,0,1.5],"rotation":270,"texture":"#0"},"south":{"uv":[1.5,0,0,0],"texture":"#0"},"west":{"uv":[0,0,0,1.5],"rotation":90,"texture":"#0"},"up":{"uv":[1.5,8,3,9.5],"rotation":180,"texture":"#0"},"down":{"uv":[3,8,1.5,9.5],"texture":"#0"}}},{"from":[7.25,0.3,6.35],"to":[10.25,0.3,9.35],"rotation":{"angle":0,"axis":"y","origin":[-5.375,1.5,0]},"faces":{"north":{"uv":[1.5,0,0,0],"rotation":180,"texture":"#0"},"east":{"uv":[0,0,0,1.5],"rotation":270,"texture":"#0"},"south":{"uv":[1.5,0,0,0],"texture":"#0"},"west":{"uv":[0,0,0,1.5],"rotation":90,"texture":"#0"},"up":{"uv":[4.5,8,6,9.5],"rotation":180,"texture":"#0"},"down":{"uv":[6,8,4.5,9.5],"texture":"#0"}}},{"from":[5.5,0.3,6.35],"to":[8.5,0.3,9.35],"rotation":{"angle":0,"axis":"y","origin":[-5.375,1.5,0]},"faces":{"north":{"uv":[1.5,0,0,0],"rotation":180,"texture":"#0"},"east":{"uv":[0,0,0,1.5],"rotation":270,"texture":"#0"},"south":{"uv":[1.5,0,0,0],"texture":"#0"},"west":{"uv":[0,0,0,1.5],"rotation":90,"texture":"#0"},"up":{"uv":[4.5,8,6,9.5],"rotation":180,"texture":"#0"},"down":{"uv":[6,8,4.5,9.5],"texture":"#0"}}},{"from":[-8.6,0.3,6.35],"to":[-5.6,0.3,9.35],"rotation":{"angle":0,"axis":"y","origin":[-5.375,1.5,0]},"faces":{"north":{"uv":[1.5,0,0,0],"rotation":180,"texture":"#0"},"east":{"uv":[0,0,0,1.5],"rotation":270,"texture":"#0"},"south":{"uv":[1.5,0,0,0],"texture":"#0"},"west":{"uv":[0,0,0,1.5],"rotation":90,"texture":"#0"},"up":{"uv":[3,8,4.5,9.5],"rotation":180,"texture":"#0"},"down":{"uv":[4.5,8,3,9.5],"texture":"#0"}}},{"from":[-10.85,0.3,6.35],"to":[-7.85,0.3,9.35],"rotation":{"angle":0,"axis":"y","origin":[-5.375,1.5,0]},"faces":{"north":{"uv":[1.5,0,0,0],"rotation":180,"texture":"#0"},"east":{"uv":[0,0,0,1.5],"rotation":270,"texture":"#0"},"south":{"uv":[1.5,0,0,0],"texture":"#0"},"west":{"uv":[0,0,0,1.5],"rotation":90,"texture":"#0"},"up":{"uv":[6,8,7.5,9.5],"rotation":180,"texture":"#0"},"down":{"uv":[7.5,8,6,9.5],"texture":"#0"}}},{"from":[-13.1,0.3,6.35],"to":[-10.1,0.3,9.35],"rotation":{"angle":0,"axis":"y","origin":[-5.375,1.5,0]},"faces":{"north":{"uv":[1.5,0,0,0],"rotation":180,"texture":"#0"},"east":{"uv":[0,0,0,1.5],"rotation":270,"texture":"#0"},"south":{"uv":[1.5,0,0,0],"texture":"#0"},"west":{"uv":[0,0,0,1.5],"rotation":90,"texture":"#0"},"up":{"uv":[7.5,8,9,9.5],"rotation":180,"texture":"#0"},"down":{"uv":[9,8,7.5,9.5],"texture":"#0"}}},{"from":[-14.85,0.3,6.35],"to":[-11.85,0.3,9.35],"rotation":{"angle":0,"axis":"y","origin":[-5.375,1.5,0]},"faces":{"north":{"uv":[1.5,0,0,0],"rotation":180,"texture":"#0"},"east":{"uv":[0,0,0,1.5],"rotation":270,"texture":"#0"},"south":{"uv":[1.5,0,0,0],"texture":"#0"},"west":{"uv":[0,0,0,1.5],"rotation":90,"texture":"#0"},"up":{"uv":[1.5,8,3,9.5],"rotation":180,"texture":"#0"},"down":{"uv":[3,8,1.5,9.5],"texture":"#0"}}}],"gui_light":"front","display":{"thirdperson_righthand":{"rotation":[67.5,0,0],"translation":[2,2.5,1.25],"scale":[0.24516,0.24516,0.24516]},"thirdperson_lefthand":{"rotation":[67.5,0,0],"translation":[-2,2.5,1.25],"scale":[0.24516,0.24516,0.24516]},"firstperson_righthand":{"rotation":[0,180,0],"translation":[-2,4,0],"scale":[0.32539,0.32539,0.32539]},"firstperson_lefthand":{"rotation":[0,180,0],"translation":[3,4,0],"scale":[0.32539,0.32539,0.32539]},"ground":{"translation":[3.5,6,0],"scale":[0.45,0.45,0.45]},"gui":{"rotation":[30,135,0],"translation":[-2.5,3.5,0],"scale":[0.45375,0.45375,0.45375]},"head":{"rotation":[0,180,0],"translation":[0,-30.4,0],"scale":[1.6,1.6,1.6]},"fixed":{"rotation":[-90,0,0],"translation":[0,0,-16],"scale":[2,2,2]}}}