{"credit":"MadewithBlockbench","texture_size":[64,64],"textures":{"0":"elitecreatures:dwaeven_decoration_v1/17_goblet_collection_texture","particle":"elitecreatures:dwaeven_decoration_v1/17_goblet_collection_texture"},"elements":[{"from":[4,2,7.25],"to":[5.5,5,8.75],"rotation":{"angle":0,"axis":"y","origin":[-2.75,1,-0.5]},"faces":{"north":{"uv":[5.5,5.75,5.875,6.5],"texture":"#0"},"east":{"uv":[5.5,5.75,5.875,6.5],"texture":"#0"},"south":{"uv":[5.5,5.75,5.875,6.5],"texture":"#0"},"west":{"uv":[5.5,5.75,5.875,6.5],"texture":"#0"},"up":{"uv":[6.375,6.375,6,6],"texture":"#0"},"down":{"uv":[0.875,6.25,0.5,6.625],"texture":"#0"}}},{"from":[2.75,5,6],"to":[6.75,11,10],"rotation":{"angle":0,"axis":"y","origin":[-2.75,1,-0.5]},"faces":{"north":{"uv":[3.5,1.5,4.5,3],"texture":"#0"},"east":{"uv":[3.5,1.5,4.5,3],"texture":"#0"},"south":{"uv":[3.5,1.5,4.5,3],"texture":"#0"},"west":{"uv":[3.5,1.5,4.5,3],"texture":"#0"},"up":{"uv":[5.5,1,4.5,0],"texture":"#0"},"down":{"uv":[5.5,1,4.5,2],"texture":"#0"}}},{"from":[2.75,1,6],"to":[6.75,2,10],"rotation":{"angle":0,"axis":"y","origin":[-2.75,1,-0.5]},"faces":{"north":{"uv":[6,5.75,7,6],"texture":"#0"},"east":{"uv":[6,5.75,7,6],"texture":"#0"},"south":{"uv":[6,5.75,7,6],"texture":"#0"},"west":{"uv":[6,5.75,7,6],"texture":"#0"},"up":{"uv":[5.5,3,4.5,2],"texture":"#0"},"down":{"uv":[5.5,3,4.5,4],"texture":"#0"}}},{"from":[4.25,9.59987,5.72335],"to":[5.25,11.09987,7.22335],"rotation":{"angle":-45,"axis":"x","origin":[4.75,8.82322,8]},"faces":{"north":{"uv":[2,6.25,2.25,6.625],"texture":"#0"},"east":{"uv":[1,6.25,1.375,6.625],"texture":"#0"},"south":{"uv":[2.25,6.25,2.5,6.625],"texture":"#0"},"west":{"uv":[1.5,6.25,1.875,6.625],"texture":"#0"},"up":{"uv":[2.75,6.625,2.5,6.25],"texture":"#0"},"down":{"uv":[3,6.25,2.75,6.625],"texture":"#0"}}},{"from":[4.25,9.59987,8.77665],"to":[5.25,11.09987,10.27665],"rotation":{"angle":45,"axis":"x","origin":[4.75,8.82322,8]},"faces":{"north":{"uv":[2.5,6.25,2.25,6.625],"texture":"#0"},"east":{"uv":[1.375,6.25,1,6.625],"texture":"#0"},"south":{"uv":[2.25,6.25,2,6.625],"texture":"#0"},"west":{"uv":[1.875,6.25,1.5,6.625],"texture":"#0"},"up":{"uv":[2.75,6.25,2.5,6.625],"texture":"#0"},"down":{"uv":[3,6.625,2.75,6.25],"texture":"#0"}}},{"from":[2.47335,9.59987,7.5],"to":[3.97335,11.09987,8.5],"rotation":{"angle":45,"axis":"z","origin":[4.75,8.82322,8]},"faces":{"north":{"uv":[1.875,6.25,1.5,6.625],"texture":"#0"},"east":{"uv":[2.5,6.25,2.25,6.625],"texture":"#0"},"south":{"uv":[1.375,6.25,1,6.625],"texture":"#0"},"west":{"uv":[2.25,6.25,2,6.625],"texture":"#0"},"up":{"uv":[2.75,6.25,2.5,6.625],"rotation":90,"texture":"#0"},"down":{"uv":[3,6.625,2.75,6.25],"rotation":270,"texture":"#0"}}},{"from":[5.52665,9.59987,7.5],"to":[7.02665,11.09987,8.5],"rotation":{"angle":-45,"axis":"z","origin":[4.75,8.82322,8]},"faces":{"north":{"uv":[1.5,6.25,1.875,6.625],"texture":"#0"},"east":{"uv":[2,6.25,2.25,6.625],"texture":"#0"},"south":{"uv":[1,6.25,1.375,6.625],"texture":"#0"},"west":{"uv":[2.25,6.25,2.5,6.625],"texture":"#0"},"up":{"uv":[2.75,6.625,2.5,6.25],"rotation":90,"texture":"#0"},"down":{"uv":[3,6.25,2.75,6.625],"rotation":270,"texture":"#0"}}},{"from":[2.5,7.5,5.75],"to":[7,10,10.25],"rotation":{"angle":0,"axis":"y","origin":[4.75,8.75,8]},"faces":{"north":{"uv":[5.5,0.5,6.625,1.125],"texture":"#0"},"east":{"uv":[5.5,0.5,6.625,1.125],"texture":"#0"},"south":{"uv":[5.5,0.5,6.625,1.125],"texture":"#0"},"west":{"uv":[5.5,0.5,6.625,1.125],"texture":"#0"},"up":{"uv":[2.125,5.125,1,4],"texture":"#0"},"down":{"uv":[2.125,5.125,1,4],"texture":"#0"}}},{"from":[10.5,2,7.25],"to":[12,5,8.75],"rotation":{"angle":0,"axis":"y","origin":[18.75,1,-0.5]},"faces":{"north":{"uv":[5.875,5.75,5.5,6.5],"texture":"#0"},"east":{"uv":[5.875,5.75,5.5,6.5],"texture":"#0"},"south":{"uv":[5.875,5.75,5.5,6.5],"texture":"#0"},"west":{"uv":[5.875,5.75,5.5,6.5],"texture":"#0"},"up":{"uv":[6,6.375,6.375,6],"texture":"#0"},"down":{"uv":[0.5,6.25,0.875,6.625],"texture":"#0"}}},{"from":[9.25,5,6],"to":[13.25,11,10],"rotation":{"angle":0,"axis":"y","origin":[18.75,1,-0.5]},"faces":{"north":{"uv":[4.5,1.5,3.5,3],"texture":"#0"},"east":{"uv":[4.5,1.5,3.5,3],"texture":"#0"},"south":{"uv":[4.5,1.5,3.5,3],"texture":"#0"},"west":{"uv":[4.5,1.5,3.5,3],"texture":"#0"},"up":{"uv":[4.5,1,5.5,0],"texture":"#0"},"down":{"uv":[4.5,1,5.5,2],"texture":"#0"}}},{"from":[9.25,1,6],"to":[13.25,2,10],"rotation":{"angle":0,"axis":"y","origin":[18.75,1,-0.5]},"faces":{"north":{"uv":[7,5.75,6,6],"texture":"#0"},"east":{"uv":[7,5.75,6,6],"texture":"#0"},"south":{"uv":[7,5.75,6,6],"texture":"#0"},"west":{"uv":[7,5.75,6,6],"texture":"#0"},"up":{"uv":[4.5,3,5.5,2],"texture":"#0"},"down":{"uv":[4.5,3,5.5,4],"texture":"#0"}}},{"from":[10.75,9.59987,5.72335],"to":[11.75,11.09987,7.22335],"rotation":{"angle":-45,"axis":"x","origin":[11.25,8.82322,8]},"faces":{"north":{"uv":[2.25,6.25,2,6.625],"texture":"#0"},"east":{"uv":[1.875,6.25,1.5,6.625],"texture":"#0"},"south":{"uv":[2.5,6.25,2.25,6.625],"texture":"#0"},"west":{"uv":[1.375,6.25,1,6.625],"texture":"#0"},"up":{"uv":[2.5,6.625,2.75,6.25],"texture":"#0"},"down":{"uv":[2.75,6.25,3,6.625],"texture":"#0"}}},{"from":[10.75,9.59987,8.77665],"to":[11.75,11.09987,10.27665],"rotation":{"angle":45,"axis":"x","origin":[11.25,8.82322,8]},"faces":{"north":{"uv":[2.25,6.25,2.5,6.625],"texture":"#0"},"east":{"uv":[1.5,6.25,1.875,6.625],"texture":"#0"},"south":{"uv":[2,6.25,2.25,6.625],"texture":"#0"},"west":{"uv":[1,6.25,1.375,6.625],"texture":"#0"},"up":{"uv":[2.5,6.25,2.75,6.625],"texture":"#0"},"down":{"uv":[2.75,6.625,3,6.25],"texture":"#0"}}},{"from":[12.02665,9.59987,7.5],"to":[13.52665,11.09987,8.5],"rotation":{"angle":-45,"axis":"z","origin":[11.25,8.82322,8]},"faces":{"north":{"uv":[1.5,6.25,1.875,6.625],"texture":"#0"},"east":{"uv":[2,6.25,2.25,6.625],"texture":"#0"},"south":{"uv":[1,6.25,1.375,6.625],"texture":"#0"},"west":{"uv":[2.25,6.25,2.5,6.625],"texture":"#0"},"up":{"uv":[2.75,6.625,2.5,6.25],"rotation":90,"texture":"#0"},"down":{"uv":[3,6.25,2.75,6.625],"rotation":270,"texture":"#0"}}},{"from":[8.97335,9.59987,7.5],"to":[10.47335,11.09987,8.5],"rotation":{"angle":45,"axis":"z","origin":[11.25,8.82322,8]},"faces":{"north":{"uv":[1.875,6.25,1.5,6.625],"texture":"#0"},"east":{"uv":[2.5,6.25,2.25,6.625],"texture":"#0"},"south":{"uv":[1.375,6.25,1,6.625],"texture":"#0"},"west":{"uv":[2.25,6.25,2,6.625],"texture":"#0"},"up":{"uv":[2.75,6.25,2.5,6.625],"rotation":90,"texture":"#0"},"down":{"uv":[3,6.625,2.75,6.25],"rotation":270,"texture":"#0"}}},{"from":[9,7.5,5.75],"to":[13.5,10,10.25],"rotation":{"angle":0,"axis":"y","origin":[11.25,8.75,8]},"faces":{"north":{"uv":[6.625,0.5,5.5,1.125],"texture":"#0"},"east":{"uv":[6.625,0.5,5.5,1.125],"texture":"#0"},"south":{"uv":[6.625,0.5,5.5,1.125],"texture":"#0"},"west":{"uv":[6.625,0.5,5.5,1.125],"texture":"#0"},"up":{"uv":[1,5.125,2.125,4],"texture":"#0"},"down":{"uv":[1,5.125,2.125,4],"texture":"#0"}}},{"from":[1,0,4],"to":[15,1,12],"faces":{"north":{"uv":[3.5,4.5,7,4.75],"texture":"#0"},"east":{"uv":[5.5,3.5,7.5,3.75],"texture":"#0"},"south":{"uv":[3.5,4.5,7,4.75],"texture":"#0"},"west":{"uv":[5.5,3.5,7.5,3.75],"texture":"#0"},"up":{"uv":[3.5,2,0,0],"texture":"#0"},"down":{"uv":[3.5,2,0,4],"texture":"#0"}}},{"from":[1,1,11],"to":[15,2,12],"faces":{"north":{"uv":[4.5,4.25,8,4.5],"texture":"#0"},"east":{"uv":[3,6.5,3.25,6.75],"texture":"#0"},"south":{"uv":[4.5,4.25,8,4.5],"texture":"#0"},"west":{"uv":[3.25,6.5,3.5,6.75],"texture":"#0"},"up":{"uv":[9,0.25,5.5,0],"texture":"#0"},"down":{"uv":[9,0.25,5.5,0.5],"texture":"#0"}}},{"from":[14,1,5],"to":[15,2,11],"faces":{"north":{"uv":[4.5,6.5,4.75,6.75],"texture":"#0"},"east":{"uv":[5.5,5.5,7,5.75],"texture":"#0"},"south":{"uv":[4.75,6.5,5,6.75],"texture":"#0"},"west":{"uv":[5.5,5.5,7,5.75],"texture":"#0"},"up":{"uv":[3.75,7.25,3.5,5.75],"texture":"#0"},"down":{"uv":[4,5.75,3.75,7.25],"texture":"#0"}}},{"from":[1,1,4],"to":[15,2,5],"faces":{"north":{"uv":[4.5,4.25,8,4.5],"texture":"#0"},"east":{"uv":[3,6.25,3.25,6.5],"texture":"#0"},"south":{"uv":[4.5,4.25,8,4.5],"texture":"#0"},"west":{"uv":[3.25,6.25,3.5,6.5],"texture":"#0"},"up":{"uv":[7,5.25,3.5,5],"texture":"#0"},"down":{"uv":[4.5,5.25,1,5.5],"texture":"#0"}}},{"from":[1,1,5],"to":[2,2,11],"faces":{"north":{"uv":[4,6.5,4.25,6.75],"texture":"#0"},"east":{"uv":[5.5,5.5,7,5.75],"texture":"#0"},"south":{"uv":[4.25,6.5,4.5,6.75],"texture":"#0"},"west":{"uv":[5.5,5.5,7,5.75],"texture":"#0"},"up":{"uv":[0.25,7.25,0,5.75],"texture":"#0"},"down":{"uv":[0.5,5.75,0.25,7.25],"texture":"#0"}}}],"gui_light":"front","display":{"thirdperson_righthand":{"rotation":[67.5,0,0],"translation":[0,2,1.75],"scale":[0.32,0.32,0.32]},"thirdperson_lefthand":{"rotation":[67.5,0,0],"translation":[0,2,1.75],"scale":[0.32,0.32,0.32]},"firstperson_righthand":{"translation":[1.5,3.75,0],"scale":[0.47375,0.47375,0.47375]},"firstperson_lefthand":{"translation":[1.5,3.75,0],"scale":[0.47375,0.47375,0.47375]},"ground":{"translation":[0,6,0],"scale":[0.6,0.6,0.6]},"gui":{"rotation":[30,135,0],"translation":[0,2.5,0],"scale":[0.8768,0.8768,0.8768]},"head":{"rotation":[0,180,0],"translation":[0,-30.4,0],"scale":[1.6,1.6,1.6]},"fixed":{"rotation":[-90,0,0],"translation":[0,0,-16],"scale":[2,2,2]}}}