{"credit":"Made with Blockbench","texture_size":[64,64],"textures":{"0":"christmaspack:christmasballons","particle":"christmaspack:christmasballons"},"elements":[{"from":[7.5,1.63896,12.07873],"to":[8.5,16.63896,12.07873],"rotation":{"angle":22.5,"axis":"x","origin":[8,8.63896,11.57873]},"faces":{"north":{"uv":[1.25,6,1.5,9.75],"texture":"#0"},"east":{"uv":[0,0,0,3.75],"texture":"#0"},"south":{"uv":[1.5,6,1.75,9.75],"texture":"#0"},"west":{"uv":[0,0,0,3.75],"texture":"#0"},"up":{"uv":[0.25,0,0,0],"texture":"#0"},"down":{"uv":[0.25,0,0,0],"texture":"#0"}}},{"from":[6,0,6],"to":[10,2,10],"faces":{"north":{"uv":[3.25,6,4.25,6.5],"texture":"#0"},"east":{"uv":[6,4,7,4.5],"texture":"#0"},"south":{"uv":[6,4.5,7,5],"texture":"#0"},"west":{"uv":[5.5,6,6.5,6.5],"texture":"#0"},"up":{"uv":[1,6,0,5],"texture":"#0"},"down":{"uv":[6,0,5,1],"texture":"#0"}}},{"from":[7.5,2.09652,4.04016],"to":[8.5,17.09652,4.04016],"rotation":{"angle":-22.5,"axis":"x","origin":[8,8.59652,6.54016]},"faces":{"north":{"uv":[1.75,6,2,9.75],"texture":"#0"},"east":{"uv":[0,0,0,3.75],"texture":"#0"},"south":{"uv":[2,6,2.25,9.75],"texture":"#0"},"west":{"uv":[0,0,0,3.75],"texture":"#0"},"up":{"uv":[0.25,0,0,0],"texture":"#0"},"down":{"uv":[0.25,0,0,0],"texture":"#0"}}},{"from":[3.5,2,7.5],"to":[3.5,17,8.5],"rotation":{"angle":22.5,"axis":"z","origin":[6,9.5,8.5]},"faces":{"north":{"uv":[0,0,0,3.75],"texture":"#0"},"east":{"uv":[2.25,6,2.5,9.75],"texture":"#0"},"south":{"uv":[0,0,0,3.75],"texture":"#0"},"west":{"uv":[2.5,6,2.75,9.75],"texture":"#0"},"up":{"uv":[0,0.25,0,0],"texture":"#0"},"down":{"uv":[0,0,0,0.25],"texture":"#0"}}},{"from":[11.4403,4.54329,7.5],"to":[11.4403,19.54329,8.5],"rotation":{"angle":-22.5,"axis":"z","origin":[3.6903,8.54329,8]},"faces":{"north":{"uv":[0,0,0,3.75],"texture":"#0"},"east":{"uv":[2.75,6,3,9.75],"texture":"#0"},"south":{"uv":[0,0,0,3.75],"texture":"#0"},"west":{"uv":[3,6,3.25,9.75],"texture":"#0"},"up":{"uv":[0,0.25,0,0],"texture":"#0"},"down":{"uv":[0,0,0,0.25],"texture":"#0"}}},{"from":[8,2,7.4],"to":[8,18,8.4],"color":3,"faces":{"north":{"uv":[0,0,0,4],"texture":"#missing"},"east":{"uv":[0,0,0.25,4],"texture":"#missing"},"south":{"uv":[0,0,0,4],"texture":"#missing"},"west":{"uv":[0,0,0.25,4],"texture":"#missing"},"up":{"uv":[0,0,0,0.25],"texture":"#missing"},"down":{"uv":[0,0,0,0.25],"texture":"#missing"}}},{"from":[-1,15.25,6],"to":[3,20.25,10],"faces":{"north":{"uv":[0,0,1,1.25],"texture":"#0"},"east":{"uv":[1,0,2,1.25],"texture":"#0"},"south":{"uv":[0,1.25,1,2.5],"texture":"#0"},"west":{"uv":[1,1.25,2,2.5],"texture":"#0"},"up":{"uv":[2,6,1,5],"texture":"#0"},"down":{"uv":[6,1,5,2],"texture":"#0"}}},{"from":[12.75,15.25,6],"to":[16.75,20.25,10],"faces":{"north":{"uv":[2,0,3,1.25],"texture":"#0"},"east":{"uv":[2,1.25,3,2.5],"texture":"#0"},"south":{"uv":[0,2.5,1,3.75],"texture":"#0"},"west":{"uv":[1,2.5,2,3.75],"texture":"#0"},"up":{"uv":[3,6,2,5],"texture":"#0"},"down":{"uv":[6,2,5,3],"texture":"#0"}}},{"from":[6,15.25,12.75],"to":[10,20.25,16.75],"faces":{"north":{"uv":[2,2.5,3,3.75],"texture":"#0"},"east":{"uv":[3,0,4,1.25],"texture":"#0"},"south":{"uv":[3,1.25,4,2.5],"texture":"#0"},"west":{"uv":[3,2.5,4,3.75],"texture":"#0"},"up":{"uv":[4,6,3,5],"texture":"#0"},"down":{"uv":[6,3,5,4],"texture":"#0"}}},{"from":[6,15.25,-0.75],"to":[10,20.25,3.25],"faces":{"north":{"uv":[0,3.75,1,5],"texture":"#0"},"east":{"uv":[1,3.75,2,5],"texture":"#0"},"south":{"uv":[2,3.75,3,5],"texture":"#0"},"west":{"uv":[3,3.75,4,5],"texture":"#0"},"up":{"uv":[5,6,4,5],"texture":"#0"},"down":{"uv":[6,4,5,5],"texture":"#0"}}},{"from":[8,2,7.5],"to":[8,18,8.5],"faces":{"north":{"uv":[0,0,0,4],"texture":"#0"},"east":{"uv":[5,5,5.25,9],"texture":"#0"},"south":{"uv":[0,0,0,4],"texture":"#0"},"west":{"uv":[5.25,5,5.5,9],"texture":"#0"},"up":{"uv":[0,0.25,0,0],"texture":"#0"},"down":{"uv":[0,0,0,0.25],"texture":"#0"}}},{"from":[6,18,6],"to":[10,23,10],"faces":{"north":{"uv":[4,0,5,1.25],"texture":"#0"},"east":{"uv":[4,1.25,5,2.5],"texture":"#0"},"south":{"uv":[4,2.5,5,3.75],"texture":"#0"},"west":{"uv":[4,3.75,5,5],"texture":"#0"},"up":{"uv":[6.5,6,5.5,5],"texture":"#0"},"down":{"uv":[1,6,0,7],"texture":"#0"}}},{"from":[7.5,2,8],"to":[8.5,18,8],"faces":{"north":{"uv":[6,0,6.25,4],"texture":"#0"},"east":{"uv":[0,0,0,4],"texture":"#0"},"south":{"uv":[1,6,1.25,10],"texture":"#0"},"west":{"uv":[0,0,0,4],"texture":"#0"},"up":{"uv":[0.25,0,0,0],"texture":"#0"},"down":{"uv":[0.25,0,0,0],"texture":"#0"}}}],"display":{"thirdperson_righthand":{"rotation":[52,0,0],"translation":[0.5,2.5,4.75],"scale":[0.7,0.7,0.7]},"thirdperson_lefthand":{"rotation":[52,0,0],"translation":[0.5,2.5,4.75],"scale":[0.7,0.7,0.7]},"firstperson_righthand":{"translation":[0,-1.5,0]},"firstperson_lefthand":{"translation":[0,-1.5,0]},"ground":{"translation":[0,7.5,0]},"gui":{"rotation":[20.75,41,0],"translation":[0,-2,0],"scale":[0.7,0.7,0.7]},"head":{"translation":[0,-3,0],"scale":[3.5,3.5,3.5]},"fixed":{"translation":[0,-3.25,0],"scale":[0.9,0.9,0.9]}},"groups":[{"name":"christmasballoons","origin":[0,0,0],"color":0,"children":[0,1,2,3,4,5,6,7,8,9,10,11,12]}]}