{"credit":"Created with Blockbench [Exported as resourcepack with the \"resourcepack_packager\" plugin]","texture_size":[128,128],"textures":{"0":"iavegastables:custom/blocks/drums"},"elements":[{"from":[0,25.46097,17.2969],"to":[2,32,19.2969],"rotation":{"angle":-22.5,"axis":"x","origin":[0,-4.53903,6.2969]},"faces":{"north":{"uv":[7.5,4.375,7.75,5.25],"texture":"#0"},"east":{"uv":[7.75,4.375,8,5.25],"texture":"#0"},"south":{"uv":[7.75,7.75,8,8.625],"texture":"#0"},"west":{"uv":[7.875,0,8.125,0.875],"texture":"#0"},"up":{"uv":[8.375,1.875,8.125,1.625],"texture":"#0"},"down":{"uv":[8.375,5.25,8.125,5.5],"texture":"#0"}}},{"from":[0,17.2388,4.82683],"to":[2,28.15224,6.82683],"rotation":{"angle":0,"axis":"y","origin":[0,-3.7612,6.82683]},"faces":{"north":{"uv":[2.25,6.875,2.5,8.25],"texture":"#0"},"east":{"uv":[2.5,6.875,2.75,8.25],"texture":"#0"},"south":{"uv":[2.75,6.875,3,8.25],"texture":"#0"},"west":{"uv":[3,6.875,3.25,8.25],"texture":"#0"},"up":{"uv":[8.375,5.75,8.125,5.5],"texture":"#0"},"down":{"uv":[5.875,8.125,5.625,8.375],"texture":"#0"}}},{"from":[0,8.7612,-2.82683],"to":[2,18.7612,-0.82683],"rotation":{"angle":22.5,"axis":"x","origin":[0,-1.2388,-0.82683]},"faces":{"north":{"uv":[5.5,6.875,5.75,8.125],"texture":"#0"},"east":{"uv":[5.75,6.875,6,8.125],"texture":"#0"},"south":{"uv":[6,6.875,6.25,8.125],"texture":"#0"},"west":{"uv":[6.25,6.875,6.5,8.125],"texture":"#0"},"up":{"uv":[6.125,8.375,5.875,8.125],"texture":"#0"},"down":{"uv":[6.375,8.125,6.125,8.375],"texture":"#0"}}},{"from":[1,9.7612,-0.82683],"to":[15,18.7612,3.17317],"rotation":{"angle":22.5,"axis":"x","origin":[0,-1.2388,-0.82683]},"faces":{"north":{"uv":[4.625,1.5,6.375,2.625],"texture":"#0"},"east":{"uv":[6.75,5.875,7.25,7],"texture":"#0"},"south":{"uv":[1.75,4.75,3.5,5.875],"texture":"#0"},"west":{"uv":[1.75,6.875,2.25,8],"texture":"#0"},"up":{"uv":[8.125,1.375,6.375,0.875],"texture":"#0"},"down":{"uv":[8.125,1.375,6.375,1.875],"texture":"#0"}}},{"from":[0.1,30,4],"to":[2,32,14],"faces":{"north":{"uv":[8.125,7.375,8.375,7.625],"texture":"#0"},"east":{"uv":[6.875,5.25,8.125,5.5],"texture":"#0"},"south":{"uv":[8.125,7.625,8.375,7.875],"texture":"#0"},"west":{"uv":[6.875,5.5,8.125,5.75],"texture":"#0"},"up":{"uv":[7,8.25,6.75,7],"texture":"#0"},"down":{"uv":[7.25,7,7,8.25],"texture":"#0"}}},{"from":[0.1,0,13],"to":[2,32,15],"faces":{"north":{"uv":[1.5,6.25,1.75,10.25],"texture":"#0"},"east":{"uv":[3.5,6.5,3.75,10.5],"texture":"#0"},"south":{"uv":[3.75,6.5,4,10.5],"texture":"#0"},"west":{"uv":[4,6.5,4.25,10.5],"texture":"#0"},"up":{"uv":[8.375,8.125,8.125,7.875],"texture":"#0"},"down":{"uv":[8.375,8.125,8.125,8.375],"texture":"#0"}}},{"from":[0,0,1],"to":[2,8,3],"faces":{"north":{"uv":[7.25,5.75,7.5,6.75],"texture":"#0"},"east":{"uv":[7.25,6.75,7.5,7.75],"texture":"#0"},"south":{"uv":[7.5,5.75,7.75,6.75],"texture":"#0"},"west":{"uv":[7.5,6.75,7.75,7.75],"texture":"#0"},"up":{"uv":[8.5,0.25,8.25,0],"texture":"#0"},"down":{"uv":[8.5,0.25,8.25,0.5],"texture":"#0"}}},{"from":[14,25.46097,17.2969],"to":[16,32,19.2969],"rotation":{"angle":-22.5,"axis":"x","origin":[14,-4.53903,6.2969]},"faces":{"north":{"uv":[1.75,8,2,8.875],"texture":"#0"},"east":{"uv":[2,8,2.25,8.875],"texture":"#0"},"south":{"uv":[8,4.375,8.25,5.25],"texture":"#0"},"west":{"uv":[8,5.75,8.25,6.625],"texture":"#0"},"up":{"uv":[8.5,0.75,8.25,0.5],"texture":"#0"},"down":{"uv":[2.5,8.25,2.25,8.5],"texture":"#0"}}},{"from":[2,30.36097,17.2969],"to":[14,32,19.2969],"rotation":{"angle":-22.5,"axis":"x","origin":[14,-4.53903,6.2969]},"faces":{"north":{"uv":[6.875,2.875,8.375,3.125],"texture":"#0"},"east":{"uv":[2.5,8.25,2.75,8.5],"texture":"#0"},"south":{"uv":[6.875,3.125,8.375,3.375],"texture":"#0"},"west":{"uv":[2.75,8.25,3,8.5],"texture":"#0"},"up":{"uv":[8.375,3.625,6.875,3.375],"texture":"#0"},"down":{"uv":[8.375,3.625,6.875,3.875],"texture":"#0"}}},{"from":[2,25.46097,18.0969],"to":[14,25.9,19.2969],"rotation":{"angle":-22.5,"axis":"x","origin":[14,-4.53903,6.2969]},"faces":{"north":{"uv":[8,6.625,9.5,6.75],"texture":"#0"},"east":{"uv":[5,2.625,5.125,2.75],"texture":"#0"},"south":{"uv":[8,6.75,9.5,6.875],"texture":"#0"},"west":{"uv":[3.875,5.375,4,5.5],"texture":"#0"},"up":{"uv":[9.5,7,8,6.875],"texture":"#0"},"down":{"uv":[9.5,7,8,7.125],"texture":"#0"}}},{"from":[2,24.46097,18.2969],"to":[14,30.5,19.2969],"rotation":{"angle":-22.5,"axis":"x","origin":[14,-4.53903,6.2969]},"faces":{"north":{"uv":[0,6.25,1.5,7.125],"texture":"#0"},"east":{"uv":[8,7.375,8.125,8.25],"texture":"#0"},"south":{"uv":[6.375,0,7.875,0.875],"texture":"#0"},"west":{"uv":[8.125,0,8.25,0.875],"texture":"#0"},"up":{"uv":[9.5,7.25,8,7.125],"texture":"#0"},"down":{"uv":[9.5,7.25,8,7.375],"texture":"#0"}}},{"from":[14,17.2388,4.82683],"to":[16,28.15224,6.82683],"rotation":{"angle":0,"axis":"y","origin":[14,-3.7612,6.82683]},"faces":{"north":{"uv":[3.25,6.875,3.5,8.25],"texture":"#0"},"east":{"uv":[6.875,3.875,7.125,5.25],"texture":"#0"},"south":{"uv":[5,6.875,5.25,8.25],"texture":"#0"},"west":{"uv":[5.25,6.875,5.5,8.25],"texture":"#0"},"up":{"uv":[3.25,8.5,3,8.25],"texture":"#0"},"down":{"uv":[3.5,8.25,3.25,8.5],"texture":"#0"}}},{"from":[1,9.2388,5.82683],"to":[15,31.15224,14.42683],"rotation":{"angle":0,"axis":"y","origin":[14,-3.7612,6.82683]},"faces":{"north":{"uv":[0,0,1.75,2.75],"texture":"#0"},"east":{"uv":[3.5,0,4.625,2.75],"texture":"#0"},"south":{"uv":[1.75,0,3.5,2.75],"texture":"#0"},"west":{"uv":[4,2.75,5.125,5.5],"texture":"#0"},"up":{"uv":[6.875,3.75,5.125,2.625],"texture":"#0"},"down":{"uv":[6.875,3.75,5.125,4.875],"texture":"#0"}}},{"from":[14,8.7612,-2.82683],"to":[16,18.7612,-0.82683],"rotation":{"angle":22.5,"axis":"x","origin":[14,-1.2388,-0.82683]},"faces":{"north":{"uv":[0,7.125,0.25,8.375],"texture":"#0"},"east":{"uv":[0.25,7.125,0.5,8.375],"texture":"#0"},"south":{"uv":[0.5,7.125,0.75,8.375],"texture":"#0"},"west":{"uv":[0.75,7.125,1,8.375],"texture":"#0"},"up":{"uv":[8.5,4.625,8.25,4.375],"texture":"#0"},"down":{"uv":[8.5,4.625,8.25,4.875],"texture":"#0"}}},{"from":[14,30,4],"to":[15.9,32,14],"rotation":{"angle":0,"axis":"y","origin":[14,0,0]},"faces":{"north":{"uv":[8.25,4.875,8.5,5.125],"texture":"#0"},"east":{"uv":[7.125,3.875,8.375,4.125],"texture":"#0"},"south":{"uv":[5,8.25,5.25,8.5],"texture":"#0"},"west":{"uv":[7.125,4.125,8.375,4.375],"texture":"#0"},"up":{"uv":[1.25,8.375,1,7.125],"texture":"#0"},"down":{"uv":[1.5,7.125,1.25,8.375],"texture":"#0"}}},{"from":[14,0,13],"to":[15.9,32,15],"rotation":{"angle":0,"axis":"y","origin":[14,0,0]},"faces":{"north":{"uv":[4.25,6.5,4.5,10.5],"texture":"#0"},"east":{"uv":[4.5,6.5,4.75,10.5],"texture":"#0"},"south":{"uv":[4.75,6.5,5,10.5],"texture":"#0"},"west":{"uv":[6.5,5.875,6.75,9.875],"texture":"#0"},"up":{"uv":[5.5,8.5,5.25,8.25],"texture":"#0"},"down":{"uv":[8.5,5.75,8.25,6],"texture":"#0"}}},{"from":[14,0,1],"to":[16,8,3],"rotation":{"angle":0,"axis":"y","origin":[14,0,0]},"faces":{"north":{"uv":[7.75,5.75,8,6.75],"texture":"#0"},"east":{"uv":[7.75,6.75,8,7.75],"texture":"#0"},"south":{"uv":[7.25,7.75,7.5,8.75],"texture":"#0"},"west":{"uv":[7.5,7.75,7.75,8.75],"texture":"#0"},"up":{"uv":[8.5,6.25,8.25,6],"texture":"#0"},"down":{"uv":[8.5,6.25,8.25,6.5],"texture":"#0"}}},{"from":[1,0,2],"to":[15,8,14],"faces":{"north":{"uv":[5.125,4.875,6.875,5.875],"texture":"#0"},"east":{"uv":[3.5,5.5,5,6.5],"texture":"#0"},"south":{"uv":[1.75,5.875,3.5,6.875],"texture":"#0"},"west":{"uv":[5,5.875,6.5,6.875],"texture":"#0"},"up":{"uv":[6.375,1.5,4.625,0],"texture":"#0"},"down":{"uv":[1.75,4.75,0,6.25],"texture":"#0"}}},{"from":[-0.2,8,-0.8],"to":[16.2,10,15.2],"faces":{"north":{"uv":[6.375,1.875,8.375,2.125],"texture":"#0"},"east":{"uv":[6.375,2.125,8.375,2.375],"texture":"#0"},"south":{"uv":[6.375,2.375,8.375,2.625],"texture":"#0"},"west":{"uv":[6.875,2.625,8.875,2.875],"texture":"#0"},"up":{"uv":[2,4.75,0,2.75],"texture":"#0"},"down":{"uv":[4,2.75,2,4.75],"texture":"#0"}}},{"from":[0.6,1.6,8.5],"to":[2,6.6,11.5],"faces":{"north":{"uv":[3.875,4.75,4,5.375],"texture":"#0"},"east":{"uv":[3.5,4.75,3.875,5.375],"texture":"#0"},"south":{"uv":[5.5,8.125,5.625,8.75],"texture":"#0"},"west":{"uv":[7.125,4.375,7.5,5],"texture":"#0"},"up":{"uv":[5.125,5.875,5,5.5],"texture":"#0"},"down":{"uv":[6.5,8.125,6.375,8.5],"texture":"#0"}}},{"from":[13.4,26.46097,17.9969],"to":[13.9,30,18.2969],"rotation":{"angle":-22.5,"axis":"x","origin":[14,-4.53903,6.2969]},"faces":{"north":{"uv":[2.375,9.5,2.5,10],"texture":"#0"},"east":{"uv":[2.5,9.5,2.625,10],"texture":"#0"},"south":{"uv":[2.625,9.5,2.75,10],"texture":"#0"},"west":{"uv":[2.75,9.5,2.875,10],"texture":"#0"},"up":{"uv":[2.375,9.75,2.25,9.625],"texture":"#0"},"down":{"uv":[5.75,9.625,5.625,9.75],"texture":"#0"}}},{"from":[8.4,26.46097,17.9969],"to":[8.9,30,18.2969],"rotation":{"angle":-22.5,"axis":"x","origin":[14,-4.53903,6.2969]},"faces":{"north":{"uv":[2.875,9.5,3,10],"texture":"#0"},"east":{"uv":[9.5,2.875,9.625,3.375],"texture":"#0"},"south":{"uv":[3,9.5,3.125,10],"texture":"#0"},"west":{"uv":[3.125,9.5,3.25,10],"texture":"#0"},"up":{"uv":[6,9.75,5.875,9.625],"texture":"#0"},"down":{"uv":[6.125,9.625,6,9.75],"texture":"#0"}}},{"from":[7.9,28.26097,17.9969],"to":[8.4,29,18.2969],"rotation":{"angle":-22.5,"axis":"x","origin":[14,-4.53903,6.2969]},"faces":{"north":{"uv":[6.125,9.625,6.25,9.75],"texture":"#0"},"east":{"uv":[6.25,9.625,6.375,9.75],"texture":"#0"},"south":{"uv":[9.625,6.25,9.75,6.375],"texture":"#0"},"west":{"uv":[6.375,9.625,6.5,9.75],"texture":"#0"},"up":{"uv":[9.75,6.5,9.625,6.375],"texture":"#0"},"down":{"uv":[9.75,6.5,9.625,6.625],"texture":"#0"}}},{"from":[7.4,27.76097,17.9969],"to":[7.9,28.5,18.2969],"rotation":{"angle":-22.5,"axis":"x","origin":[14,-4.53903,6.2969]},"faces":{"north":{"uv":[9.625,6.625,9.75,6.75],"texture":"#0"},"east":{"uv":[9.625,6.75,9.75,6.875],"texture":"#0"},"south":{"uv":[9.625,6.875,9.75,7],"texture":"#0"},"west":{"uv":[9.625,7,9.75,7.125],"texture":"#0"},"up":{"uv":[9.75,7.25,9.625,7.125],"texture":"#0"},"down":{"uv":[7.5,9.625,7.375,9.75],"texture":"#0"}}},{"from":[6.9,26.46097,17.9969],"to":[7.4,30,18.2969],"rotation":{"angle":-22.5,"axis":"x","origin":[14,-4.53903,6.2969]},"faces":{"north":{"uv":[5.75,9.5,5.875,10],"texture":"#0"},"east":{"uv":[9.5,6.25,9.625,6.75],"texture":"#0"},"south":{"uv":[6.75,9.5,6.875,10],"texture":"#0"},"west":{"uv":[9.5,6.75,9.625,7.25],"texture":"#0"},"up":{"uv":[9.75,7.5,9.625,7.375],"texture":"#0"},"down":{"uv":[7.625,9.625,7.5,9.75],"texture":"#0"}}},{"from":[5.9,26.96097,17.9969],"to":[6.4,30,18.2969],"rotation":{"angle":-22.5,"axis":"x","origin":[14,-4.53903,6.2969]},"faces":{"north":{"uv":[8,9.5,8.125,9.875],"texture":"#0"},"east":{"uv":[8.125,9.5,8.25,9.875],"texture":"#0"},"south":{"uv":[8.25,9.5,8.375,9.875],"texture":"#0"},"west":{"uv":[8.75,9.5,8.875,9.875],"texture":"#0"},"up":{"uv":[9.75,7.625,9.625,7.5],"texture":"#0"},"down":{"uv":[7.75,9.625,7.625,9.75],"texture":"#0"}}},{"from":[3.4,28.46097,17.9969],"to":[3.9,29.5,18.2969],"rotation":{"angle":-22.5,"axis":"x","origin":[14,-4.53903,6.2969]},"faces":{"north":{"uv":[9.625,7.625,9.75,7.75],"texture":"#0"},"east":{"uv":[7.75,9.625,7.875,9.75],"texture":"#0"},"south":{"uv":[9.625,7.75,9.75,7.875],"texture":"#0"},"west":{"uv":[9.625,7.875,9.75,8],"texture":"#0"},"up":{"uv":[9.75,8.125,9.625,8],"texture":"#0"},"down":{"uv":[9.75,8.125,9.625,8.25],"texture":"#0"}}},{"from":[2.2,26.96097,17.9969],"to":[2.7,28,18.2969],"rotation":{"angle":-22.5,"axis":"x","origin":[14,-4.53903,6.2969]},"faces":{"north":{"uv":[9.625,8.25,9.75,8.375],"texture":"#0"},"east":{"uv":[9.625,9,9.75,9.125],"texture":"#0"},"south":{"uv":[9.625,9.125,9.75,9.25],"texture":"#0"},"west":{"uv":[9.625,9.25,9.75,9.375],"texture":"#0"},"up":{"uv":[9.75,9.5,9.625,9.375],"texture":"#0"},"down":{"uv":[9.625,9.625,9.5,9.75],"texture":"#0"}}},{"from":[4.4,26.46097,17.9969],"to":[4.9,30,18.2969],"rotation":{"angle":-22.5,"axis":"x","origin":[14,-4.53903,6.2969]},"faces":{"north":{"uv":[6.875,9.5,7,10],"texture":"#0"},"east":{"uv":[7,9.5,7.125,10],"texture":"#0"},"south":{"uv":[7.125,9.5,7.25,10],"texture":"#0"},"west":{"uv":[7.875,9.5,8,10],"texture":"#0"},"up":{"uv":[9.75,9.625,9.625,9.5],"texture":"#0"},"down":{"uv":[9.75,9.625,9.625,9.75],"texture":"#0"}}},{"from":[10.9,26.96097,17.9969],"to":[11.4,29.46097,18.2969],"rotation":{"angle":-22.5,"axis":"x","origin":[14,-4.53903,6.2969]},"faces":{"north":{"uv":[8.875,9.5,9,9.875],"texture":"#0"},"east":{"uv":[9,9.5,9.125,9.875],"texture":"#0"},"south":{"uv":[9.25,9.5,9.375,9.875],"texture":"#0"},"west":{"uv":[9.5,9.25,9.625,9.625],"texture":"#0"},"up":{"uv":[0.125,9.875,0,9.75],"texture":"#0"},"down":{"uv":[9.875,0,9.75,0.125],"texture":"#0"}}},{"from":[9.4,26.96097,17.9969],"to":[9.9,29.46097,18.2969],"rotation":{"angle":-22.5,"axis":"x","origin":[14,-4.53903,6.2969]},"faces":{"north":{"uv":[9.375,9.5,9.5,9.875],"texture":"#0"},"east":{"uv":[0.625,9.625,0.75,10],"texture":"#0"},"south":{"uv":[1.25,9.625,1.375,10],"texture":"#0"},"west":{"uv":[1.375,9.625,1.5,10],"texture":"#0"},"up":{"uv":[0.25,9.875,0.125,9.75],"texture":"#0"},"down":{"uv":[9.875,0.125,9.75,0.25],"texture":"#0"}}},{"from":[11.9,28.56097,17.9969],"to":[12.4,29.46097,18.2969],"rotation":{"angle":-22.5,"axis":"x","origin":[14,-4.53903,6.2969]},"faces":{"north":{"uv":[9.75,0.25,9.875,0.375],"texture":"#0"},"east":{"uv":[0.375,9.75,0.5,9.875],"texture":"#0"},"south":{"uv":[9.75,0.375,9.875,0.5],"texture":"#0"},"west":{"uv":[0.5,9.75,0.625,9.875],"texture":"#0"},"up":{"uv":[9.875,0.625,9.75,0.5],"texture":"#0"},"down":{"uv":[9.875,0.625,9.75,0.75],"texture":"#0"}}},{"from":[11.9,26.96097,17.9969],"to":[12.4,28.06097,18.2969],"rotation":{"angle":-22.5,"axis":"x","origin":[14,-4.53903,6.2969]},"faces":{"north":{"uv":[0.75,9.75,0.875,9.875],"texture":"#0"},"east":{"uv":[9.75,0.75,9.875,0.875],"texture":"#0"},"south":{"uv":[0.875,9.75,1,9.875],"texture":"#0"},"west":{"uv":[9.75,0.875,9.875,1],"texture":"#0"},"up":{"uv":[1.125,9.875,1,9.75],"texture":"#0"},"down":{"uv":[9.875,1,9.75,1.125],"texture":"#0"}}},{"from":[12.4,29.46097,17.9969],"to":[13.4,30,18.2969],"rotation":{"angle":-22.5,"axis":"x","origin":[14,-4.53903,6.2969]},"faces":{"north":{"uv":[1.125,9.75,1.25,9.875],"texture":"#0"},"east":{"uv":[9.75,1.125,9.875,1.25],"texture":"#0"},"south":{"uv":[9.75,1.25,9.875,1.375],"texture":"#0"},"west":{"uv":[9.75,1.375,9.875,1.5],"texture":"#0"},"up":{"uv":[9.875,1.625,9.75,1.5],"texture":"#0"},"down":{"uv":[9.875,1.625,9.75,1.75],"texture":"#0"}}},{"from":[12.4,26.46097,17.9969],"to":[13.4,27,18.2969],"rotation":{"angle":-22.5,"axis":"x","origin":[14,-4.53903,6.2969]},"faces":{"north":{"uv":[1.75,9.75,1.875,9.875],"texture":"#0"},"east":{"uv":[9.75,1.75,9.875,1.875],"texture":"#0"},"south":{"uv":[1.875,9.75,2,9.875],"texture":"#0"},"west":{"uv":[9.75,1.875,9.875,2],"texture":"#0"},"up":{"uv":[9.875,2.125,9.75,2],"texture":"#0"},"down":{"uv":[2.375,9.75,2.25,9.875],"texture":"#0"}}},{"from":[9.9,26.46097,17.9969],"to":[10.9,26.96097,18.2969],"rotation":{"angle":-22.5,"axis":"x","origin":[14,-4.53903,6.2969]},"faces":{"north":{"uv":[9.75,2.25,9.875,2.375],"texture":"#0"},"east":{"uv":[9.75,2.375,9.875,2.5],"texture":"#0"},"south":{"uv":[3.25,9.75,3.375,9.875],"texture":"#0"},"west":{"uv":[3.375,9.75,3.5,9.875],"texture":"#0"},"up":{"uv":[9.875,3.5,9.75,3.375],"texture":"#0"},"down":{"uv":[9.875,3.5,9.75,3.625],"texture":"#0"}}},{"from":[9.9,29.46097,17.9969],"to":[10.9,29.96097,18.2969],"rotation":{"angle":-22.5,"axis":"x","origin":[14,-4.53903,6.2969]},"faces":{"north":{"uv":[9.75,3.625,9.875,3.75],"texture":"#0"},"east":{"uv":[9.75,3.75,9.875,3.875],"texture":"#0"},"south":{"uv":[9.75,3.875,9.875,4],"texture":"#0"},"west":{"uv":[9.75,4,9.875,4.125],"texture":"#0"},"up":{"uv":[9.875,4.25,9.75,4.125],"texture":"#0"},"down":{"uv":[9.875,4.25,9.75,4.375],"texture":"#0"}}},{"from":[4.9,26.46097,17.9969],"to":[5.9,26.96097,18.2969],"rotation":{"angle":-22.5,"axis":"x","origin":[14,-4.53903,6.2969]},"faces":{"north":{"uv":[9.75,4.375,9.875,4.5],"texture":"#0"},"east":{"uv":[9.75,4.5,9.875,4.625],"texture":"#0"},"south":{"uv":[9.75,4.625,9.875,4.75],"texture":"#0"},"west":{"uv":[9.75,4.75,9.875,4.875],"texture":"#0"},"up":{"uv":[9.875,5,9.75,4.875],"texture":"#0"},"down":{"uv":[5.125,9.75,5,9.875],"texture":"#0"}}},{"from":[2.2,26.46097,17.9969],"to":[3.9,26.96097,18.2969],"rotation":{"angle":-22.5,"axis":"x","origin":[14,-4.53903,6.2969]},"faces":{"north":{"uv":[9.5,2.25,9.75,2.375],"texture":"#0"},"east":{"uv":[9.75,5,9.875,5.125],"texture":"#0"},"south":{"uv":[9.5,7.25,9.75,7.375],"texture":"#0"},"west":{"uv":[5.125,9.75,5.25,9.875],"texture":"#0"},"up":{"uv":[9.75,9,9.5,8.875],"texture":"#0"},"down":{"uv":[2,9.625,1.75,9.75],"texture":"#0"}}},{"from":[2.2,29.46097,17.9969],"to":[3.9,29.96097,18.2969],"rotation":{"angle":-22.5,"axis":"x","origin":[14,-4.53903,6.2969]},"faces":{"north":{"uv":[9.625,2.125,9.875,2.25],"texture":"#0"},"east":{"uv":[9.75,5.125,9.875,5.25],"texture":"#0"},"south":{"uv":[9.625,2.875,9.875,3],"texture":"#0"},"west":{"uv":[5.25,9.75,5.375,9.875],"texture":"#0"},"up":{"uv":[9.875,3.125,9.625,3],"texture":"#0"},"down":{"uv":[9.875,3.125,9.625,3.25],"texture":"#0"}}},{"from":[2.2,27.96097,17.9969],"to":[3.9,28.46097,18.2969],"rotation":{"angle":-22.5,"axis":"x","origin":[14,-4.53903,6.2969]},"faces":{"north":{"uv":[3.25,9.625,3.5,9.75],"texture":"#0"},"east":{"uv":[9.75,5.25,9.875,5.375],"texture":"#0"},"south":{"uv":[9.625,3.25,9.875,3.375],"texture":"#0"},"west":{"uv":[5.375,9.75,5.5,9.875],"texture":"#0"},"up":{"uv":[5.25,9.75,5,9.625],"texture":"#0"},"down":{"uv":[5.5,9.625,5.25,9.75],"texture":"#0"}}},{"from":[12.4,28.06097,17.9969],"to":[13.4,28.6,18.2969],"rotation":{"angle":-22.5,"axis":"x","origin":[14,-4.53903,6.2969]},"faces":{"north":{"uv":[9.75,5.875,9.875,6],"texture":"#0"},"east":{"uv":[6,9.75,6.125,9.875],"texture":"#0"},"south":{"uv":[9.75,6,9.875,6.125],"texture":"#0"},"west":{"uv":[6.125,9.75,6.25,9.875],"texture":"#0"},"up":{"uv":[9.875,6.25,9.75,6.125],"texture":"#0"},"down":{"uv":[6.375,9.75,6.25,9.875],"texture":"#0"}}},{"from":[11.9,9.7,0.8],"to":[13.3,10.7,2.2],"faces":{"north":{"uv":[8,8.25,8.125,8.375],"texture":"#0"},"east":{"uv":[8.375,3.375,8.5,3.5],"texture":"#0"},"south":{"uv":[8.375,3.5,8.5,3.625],"texture":"#0"},"west":{"uv":[8.375,3.625,8.5,3.75],"texture":"#0"},"up":{"uv":[8.5,3.875,8.375,3.75],"texture":"#0"},"down":{"uv":[8.5,3.875,8.375,4],"texture":"#0"}}},{"from":[8.7,9.7,0.6],"to":[10.5,10.4,2.4],"faces":{"north":{"uv":[8.25,5.125,8.5,5.25],"texture":"#0"},"east":{"uv":[8.25,6.5,8.5,6.625],"texture":"#0"},"south":{"uv":[1,8.375,1.25,8.5],"texture":"#0"},"west":{"uv":[1.25,8.375,1.5,8.5],"texture":"#0"},"up":{"uv":[7,8.5,6.75,8.25],"texture":"#0"},"down":{"uv":[7.25,8.25,7,8.5],"texture":"#0"}}},{"from":[8.9,9.7,0.8],"to":[10.3,10.7,2.2],"faces":{"north":{"uv":[8.375,4,8.5,4.125],"texture":"#0"},"east":{"uv":[8.375,4.125,8.5,4.25],"texture":"#0"},"south":{"uv":[8.375,4.25,8.5,4.375],"texture":"#0"},"west":{"uv":[8.375,5.25,8.5,5.375],"texture":"#0"},"up":{"uv":[8.5,5.5,8.375,5.375],"texture":"#0"},"down":{"uv":[8.5,5.5,8.375,5.625],"texture":"#0"}}},{"from":[5.7,9.7,0.6],"to":[7.5,10.4,2.4],"faces":{"north":{"uv":[8.375,1.625,8.625,1.75],"texture":"#0"},"east":{"uv":[8.375,1.75,8.625,1.875],"texture":"#0"},"south":{"uv":[8.375,1.875,8.625,2],"texture":"#0"},"west":{"uv":[8.375,2,8.625,2.125],"texture":"#0"},"up":{"uv":[0.25,8.625,0,8.375],"texture":"#0"},"down":{"uv":[0.5,8.375,0.25,8.625],"texture":"#0"}}},{"from":[5.9,9.7,0.8],"to":[7.3,10.7,2.2],"faces":{"north":{"uv":[5.625,8.375,5.75,8.5],"texture":"#0"},"east":{"uv":[8.375,5.625,8.5,5.75],"texture":"#0"},"south":{"uv":[5.75,8.375,5.875,8.5],"texture":"#0"},"west":{"uv":[5.875,8.375,6,8.5],"texture":"#0"},"up":{"uv":[6.125,8.5,6,8.375],"texture":"#0"},"down":{"uv":[6.25,8.375,6.125,8.5],"texture":"#0"}}},{"from":[11.7,9.7,0.6],"to":[13.5,10.4,2.4],"faces":{"north":{"uv":[8.375,2.125,8.625,2.25],"texture":"#0"},"east":{"uv":[8.375,2.25,8.625,2.375],"texture":"#0"},"south":{"uv":[8.375,2.375,8.625,2.5],"texture":"#0"},"west":{"uv":[8.375,2.5,8.625,2.625],"texture":"#0"},"up":{"uv":[0.75,8.625,0.5,8.375],"texture":"#0"},"down":{"uv":[1,8.375,0.75,8.625],"texture":"#0"}}},{"from":[1.9,8.5,-1],"to":[4.9,9.5,1],"faces":{"north":{"uv":[4.625,2.625,5,2.75],"texture":"#0"},"east":{"uv":[8.375,2.875,8.625,3],"texture":"#0"},"south":{"uv":[3.5,5.375,3.875,5.5],"texture":"#0"},"west":{"uv":[8.375,3,8.625,3.125],"texture":"#0"},"up":{"uv":[7.5,5.25,7.125,5],"texture":"#0"},"down":{"uv":[8.5,0.875,8.125,1.125],"texture":"#0"}}},{"from":[10.9,8.5,-1],"to":[13.9,9.5,1],"faces":{"north":{"uv":[6.875,5.75,7.25,5.875],"texture":"#0"},"east":{"uv":[8.375,3.125,8.625,3.25],"texture":"#0"},"south":{"uv":[8.25,0.75,8.625,0.875],"texture":"#0"},"west":{"uv":[8.375,3.25,8.625,3.375],"texture":"#0"},"up":{"uv":[8.5,1.375,8.125,1.125],"texture":"#0"},"down":{"uv":[8.5,1.375,8.125,1.625],"texture":"#0"}}},{"from":[11.6,14.4612,-1.82683],"to":[12.15,14.9612,2.47317],"rotation":{"angle":22.5,"axis":"x","origin":[0,-1.2388,-0.82683]},"faces":{"north":{"uv":[8.5,0.5,8.625,0.625],"texture":"#0"},"east":{"uv":[9.25,0.75,9.75,0.875],"texture":"#0"},"south":{"uv":[8.5,0.625,8.625,0.75],"texture":"#0"},"west":{"uv":[9.25,2.375,9.75,2.5],"texture":"#0"},"up":{"uv":[6.25,9.625,6.125,9.125],"texture":"#0"},"down":{"uv":[6.5,9.125,6.375,9.625],"texture":"#0"}}},{"from":[11.3,14.0612,-1.82683],"to":[11.6,14.6612,2.47317],"rotation":{"angle":22.5,"axis":"x","origin":[0,-1.2388,-0.82683]},"faces":{"north":{"uv":[1,8.5,1.125,8.625],"texture":"#0"},"east":{"uv":[7.25,9.25,7.75,9.375],"texture":"#0"},"south":{"uv":[1.125,8.5,1.25,8.625],"texture":"#0"},"west":{"uv":[9.25,8.375,9.75,8.5],"texture":"#0"},"up":{"uv":[9.375,9,9.25,8.5],"texture":"#0"},"down":{"uv":[9.25,9.25,9.125,9.75],"texture":"#0"}}},{"from":[10.6,12.3612,-1.82683],"to":[12.3,14.0612,2.47317],"rotation":{"angle":22.5,"axis":"x","origin":[0,-1.2388,-0.82683]},"faces":{"north":{"uv":[9.25,9.25,9.5,9.5],"texture":"#0"},"east":{"uv":[6.75,9.125,7.25,9.375],"texture":"#0"},"south":{"uv":[1.75,9.375,2,9.625],"texture":"#0"},"west":{"uv":[9.125,9,9.625,9.25],"texture":"#0"},"up":{"uv":[6.125,9.625,5.875,9.125],"texture":"#0"},"down":{"uv":[0.25,9.25,0,9.75],"texture":"#0"}}},{"from":[8.1,14.4612,-1.82683],"to":[8.65,14.9612,2.47317],"rotation":{"angle":22.5,"axis":"x","origin":[0,-1.2388,-0.82683]},"faces":{"north":{"uv":[8.5,1.375,8.625,1.5],"texture":"#0"},"east":{"uv":[9.375,2.5,9.875,2.625],"texture":"#0"},"south":{"uv":[8.5,1.5,8.625,1.625],"texture":"#0"},"west":{"uv":[9.375,2.625,9.875,2.75],"texture":"#0"},"up":{"uv":[2.125,9.875,2,9.375],"texture":"#0"},"down":{"uv":[2.25,9.375,2.125,9.875],"texture":"#0"}}},{"from":[7.8,14.0612,-1.82683],"to":[8.1,14.6612,2.47317],"rotation":{"angle":22.5,"axis":"x","origin":[0,-1.2388,-0.82683]},"faces":{"north":{"uv":[8.625,2.5,8.75,2.625],"texture":"#0"},"east":{"uv":[9.375,2.75,9.875,2.875],"texture":"#0"},"south":{"uv":[8.75,2.5,8.875,2.625],"texture":"#0"},"west":{"uv":[6.75,9.375,7.25,9.5],"texture":"#0"},"up":{"uv":[5.625,9.875,5.5,9.375],"texture":"#0"},"down":{"uv":[7.375,9.375,7.25,9.875],"texture":"#0"}}},{"from":[7.1,12.3612,-1.82683],"to":[8.8,14.0612,2.47317],"rotation":{"angle":22.5,"axis":"x","origin":[0,-1.2388,-0.82683]},"faces":{"north":{"uv":[7.375,9.375,7.625,9.625],"texture":"#0"},"east":{"uv":[0.25,9.25,0.75,9.5],"texture":"#0"},"south":{"uv":[7.625,9.375,7.875,9.625],"texture":"#0"},"west":{"uv":[9.25,0.5,9.75,0.75],"texture":"#0"},"up":{"uv":[1,9.75,0.75,9.25],"texture":"#0"},"down":{"uv":[1.25,9.25,1,9.75],"texture":"#0"}}},{"from":[4.7,14.4612,-1.82683],"to":[5.25,14.9612,2.47317],"rotation":{"angle":22.5,"axis":"x","origin":[0,-1.2388,-0.82683]},"faces":{"north":{"uv":[9.375,8.875,9.5,9],"texture":"#0"},"east":{"uv":[7.875,9.375,8.375,9.5],"texture":"#0"},"south":{"uv":[0.625,9.5,0.75,9.625],"texture":"#0"},"west":{"uv":[9.375,8.5,9.875,8.625],"texture":"#0"},"up":{"uv":[8.5,9.875,8.375,9.375],"texture":"#0"},"down":{"uv":[8.625,9.375,8.5,9.875],"texture":"#0"}}},{"from":[4.4,14.0612,-1.82683],"to":[4.7,14.6612,2.47317],"rotation":{"angle":22.5,"axis":"x","origin":[0,-1.2388,-0.82683]},"faces":{"north":{"uv":[9.5,2.125,9.625,2.25],"texture":"#0"},"east":{"uv":[9.375,8.625,9.875,8.75],"texture":"#0"},"south":{"uv":[2.25,9.5,2.375,9.625],"texture":"#0"},"west":{"uv":[9.375,8.75,9.875,8.875],"texture":"#0"},"up":{"uv":[8.75,9.875,8.625,9.375],"texture":"#0"},"down":{"uv":[0.375,9.5,0.25,10],"texture":"#0"}}},{"from":[3.7,12.3612,-1.82683],"to":[5.4,14.0612,2.47317],"rotation":{"angle":22.5,"axis":"x","origin":[0,-1.2388,-0.82683]},"faces":{"north":{"uv":[0.375,9.5,0.625,9.75],"texture":"#0"},"east":{"uv":[9.25,1.375,9.75,1.625],"texture":"#0"},"south":{"uv":[9.5,1.875,9.75,2.125],"texture":"#0"},"west":{"uv":[9.25,1.625,9.75,1.875],"texture":"#0"},"up":{"uv":[9.5,2.375,9.25,1.875],"texture":"#0"},"down":{"uv":[9.5,2.875,9.25,3.375],"texture":"#0"}}},{"from":[3,11.9612,-1.72683],"to":[13,15.0612,2.47317],"rotation":{"angle":22.5,"axis":"x","origin":[0,-1.2388,-0.82683]},"faces":{"north":{"uv":[8.375,8,9.625,8.375],"texture":"#0"},"east":{"uv":[8.5,6.25,9,6.625],"texture":"#0"},"south":{"uv":[8.5,5.875,9.75,6.25],"texture":"#0"},"west":{"uv":[8.625,0.5,9.125,0.875],"texture":"#0"},"up":{"uv":[9.75,0.5,8.5,0],"texture":"#0"},"down":{"uv":[9.75,0.875,8.5,1.375],"texture":"#0"}}},{"from":[3,11.2612,-1.12683],"to":[13,15.7612,3.17317],"rotation":{"angle":22.5,"axis":"x","origin":[0,-1.2388,-0.82683]},"faces":{"north":{"uv":[8.375,7.375,9.625,8],"texture":"#0"},"east":{"uv":[5,8.5,5.5,9.125],"texture":"#0"},"south":{"uv":[8,8.375,9.25,9],"texture":"#0"},"west":{"uv":[6.75,8.5,7.25,9.125],"texture":"#0"},"up":{"uv":[3.5,9,2.25,8.5],"texture":"#0"},"down":{"uv":[9.75,3.375,8.5,3.875],"texture":"#0"}}},{"from":[3,11.4612,-1.42683],"to":[13,15.5612,2.47317],"rotation":{"angle":22.5,"axis":"x","origin":[0,-1.2388,-0.82683]},"faces":{"north":{"uv":[8.5,3.875,9.75,4.375],"texture":"#0"},"east":{"uv":[8.625,2,9.125,2.5],"texture":"#0"},"south":{"uv":[8.5,4.375,9.75,4.875],"texture":"#0"},"west":{"uv":[8.625,2.875,9.125,3.375],"texture":"#0"},"up":{"uv":[9.75,5.375,8.5,4.875],"texture":"#0"},"down":{"uv":[9.75,5.375,8.5,5.875],"texture":"#0"}}},{"from":[9.5,11.8612,-1.97683],"to":[10,15.1612,2.47317],"rotation":{"angle":22.5,"axis":"x","origin":[0,-1.2388,-0.82683]},"faces":{"north":{"uv":[7.75,8.625,7.875,9],"texture":"#0"},"east":{"uv":[8.875,2.5,9.375,2.875],"texture":"#0"},"south":{"uv":[7.875,8.625,8,9],"texture":"#0"},"west":{"uv":[9,6.25,9.5,6.625],"texture":"#0"},"up":{"uv":[8.875,9.5,8.75,9],"texture":"#0"},"down":{"uv":[9,9,8.875,9.5],"texture":"#0"}}},{"from":[9.5,11.1612,-1.37683],"to":[10,15.8612,3.17317],"rotation":{"angle":22.5,"axis":"x","origin":[0,-1.2388,-0.82683]},"faces":{"north":{"uv":[6.25,8.375,6.375,9],"texture":"#0"},"east":{"uv":[5.625,8.5,6.25,9.125],"texture":"#0"},"south":{"uv":[1.25,8.5,1.375,9.125],"texture":"#0"},"west":{"uv":[0,8.625,0.625,9.25],"texture":"#0"},"up":{"uv":[1.5,9.125,1.375,8.5],"texture":"#0"},"down":{"uv":[6.5,8.5,6.375,9.125],"texture":"#0"}}},{"from":[9.5,11.3612,-1.67683],"to":[10,15.6612,2.47317],"rotation":{"angle":22.5,"axis":"x","origin":[0,-1.2388,-0.82683]},"faces":{"north":{"uv":[9,9,9.125,9.5],"texture":"#0"},"east":{"uv":[7.25,8.75,7.75,9.25],"texture":"#0"},"south":{"uv":[1.25,9.125,1.375,9.625],"texture":"#0"},"west":{"uv":[1.75,8.875,2.25,9.375],"texture":"#0"},"up":{"uv":[1.5,9.625,1.375,9.125],"texture":"#0"},"down":{"uv":[9.25,2,9.125,2.5],"texture":"#0"}}},{"from":[6,11.8612,-1.97683],"to":[6.5,15.1612,2.47317],"rotation":{"angle":22.5,"axis":"x","origin":[0,-1.2388,-0.82683]},"faces":{"north":{"uv":[9.125,0.5,9.25,0.875],"texture":"#0"},"east":{"uv":[7.75,9,8.25,9.375],"texture":"#0"},"south":{"uv":[5.75,9.125,5.875,9.5],"texture":"#0"},"west":{"uv":[8.25,9,8.75,9.375],"texture":"#0"},"up":{"uv":[9.25,3.375,9.125,2.875],"texture":"#0"},"down":{"uv":[5.125,9.125,5,9.625],"texture":"#0"}}},{"from":[6,11.1612,-1.37683],"to":[6.5,15.8612,3.17317],"rotation":{"angle":22.5,"axis":"x","origin":[0,-1.2388,-0.82683]},"faces":{"north":{"uv":[5.5,8.75,5.625,9.375],"texture":"#0"},"east":{"uv":[0.625,8.625,1.25,9.25],"texture":"#0"},"south":{"uv":[3.25,9,3.375,9.625],"texture":"#0"},"west":{"uv":[8.625,1.375,9.25,2],"texture":"#0"},"up":{"uv":[3.5,9.625,3.375,9],"texture":"#0"},"down":{"uv":[6.375,9,6.25,9.625],"texture":"#0"}}},{"from":[6,11.3612,-1.67683],"to":[6.5,15.6612,2.47317],"rotation":{"angle":22.5,"axis":"x","origin":[0,-1.2388,-0.82683]},"faces":{"north":{"uv":[5.125,9.125,5.25,9.625],"texture":"#0"},"east":{"uv":[2.25,9,2.75,9.5],"texture":"#0"},"south":{"uv":[5.25,9.125,5.375,9.625],"texture":"#0"},"west":{"uv":[2.75,9,3.25,9.5],"texture":"#0"},"up":{"uv":[5.5,9.625,5.375,9.125],"texture":"#0"},"down":{"uv":[5.75,9.125,5.625,9.625],"texture":"#0"}}}],"display":{"thirdperson_righthand":{"rotation":[78,0,0],"scale":[0.38,0.38,0.38]},"thirdperson_lefthand":{"rotation":[78,0,0],"scale":[0.38,0.38,0.38]},"firstperson_righthand":{"rotation":[0,-180,0],"scale":[0.38,0.38,0.38]},"firstperson_lefthand":{"rotation":[0,-180,0],"scale":[0.38,0.38,0.38]},"gui":{"rotation":[-180,0,-180],"scale":[0.9,0.9,0.9]},"head":{"translation":[0,-31.25,0],"scale":[1.49,1.49,1.49]}},"groups":[{"name":"group","origin":[8,8,8],"color":0,"children":[{"name":"SIDE","origin":[0,0,0],"color":0,"children":[0,1,2,3,4,5,6,{"name":"SIDE","origin":[0,0,0],"color":0,"children":[7,8,9,10,11,12,13,14,15,16]}]},17,18,19,{"name":"text","origin":[14,-4.53903,6.2969],"color":0,"children":[20,21,22,23,24,25,26,27,28,29,30,31,32,33,34,35,36,37,38,39,40,41]},{"name":"BUTTONS","origin":[0,0,0],"color":0,"children":[42,43,44,45,46,47]},{"name":"cash","origin":[0,0,0],"color":0,"children":[48,49]},{"name":"APPLE","origin":[0,-1.2388,-0.82683],"color":0,"children":[50,51,52,{"name":"group","origin":[0,-1.2388,-0.82683],"color":0,"children":[53,54,55,{"name":"group","origin":[0,-1.2388,-0.82683],"color":0,"children":[56,57,58]}]}]},{"name":"group","origin":[0,-1.2388,-0.82683],"color":0,"children":[59,60,61,{"name":"group","origin":[0,-1.2388,-0.82683],"color":0,"children":[62,63,64]},{"name":"group","origin":[0,-1.2388,-0.82683],"color":0,"children":[65,66,67]}]}]}]}