{"credit":"Made with Blockbench","texture_size":[64,64],"textures":{"2":"mob_balloons:cat_jellie_balloon","particle":"mob_balloons:cat_jellie_balloon"},"elements":[{"from":[0,0,0],"to":[16,16,16],"faces":{"north":{"uv":[0,0,4,4],"texture":"#2"},"east":{"uv":[8,0,4,4],"texture":"#2"},"south":{"uv":[0,4,4,8],"texture":"#2"},"west":{"uv":[4,0,8,4],"texture":"#2"},"up":{"uv":[8,8,4,4],"texture":"#2"},"down":{"uv":[4,8,0,12],"texture":"#2"}}},{"from":[6.5,-1.39142,17.56054],"to":[9.5,9.60858,20.56054],"rotation":{"angle":-22.5,"axis":"x","origin":[7.5,1.60858,19.06054]},"faces":{"north":{"uv":[9.5,5.75,9,8.5],"texture":"#2"},"east":{"uv":[9,5.75,9.5,8.5],"texture":"#2"},"south":{"uv":[9,5.75,9.5,8.5],"texture":"#2"},"west":{"uv":[9,5.75,9.5,8.5],"texture":"#2"},"up":{"uv":[9.5,5.75,9,6],"texture":"#2"},"down":{"uv":[9.5,8.25,9,8.5],"texture":"#2"}}},{"from":[4,5,-3],"to":[12,10,0],"faces":{"north":{"uv":[8,3,10,4.25],"texture":"#2"},"east":{"uv":[6.75,9,6,10.25],"texture":"#2"},"south":{"uv":[4,8,6,9.25],"texture":"#2"},"west":{"uv":[6,9,6.75,10.25],"texture":"#2"},"up":{"uv":[10,5,8,4.25],"texture":"#2"},"down":{"uv":[10,5,8,5.75],"texture":"#2"}}},{"from":[0.75,-2.975,2],"to":[4.75,1.025,6],"rotation":{"angle":-22.5,"axis":"z","origin":[2.75,-2.475,4.5]},"faces":{"north":{"uv":[8,5.75,9,6.75],"texture":"#2"},"east":{"uv":[6,8,7,9],"texture":"#2"},"south":{"uv":[8,6.75,9,7.75],"texture":"#2"},"west":{"uv":[7,8,8,9],"texture":"#2"},"up":{"uv":[9,8.75,8,7.75],"texture":"#2"},"down":{"uv":[9,8.75,8,9.75],"texture":"#2"}}},{"from":[11.25,-2.975,2],"to":[15.25,1.025,6],"rotation":{"angle":22.5,"axis":"z","origin":[13.25,-2.475,4.5]},"faces":{"north":{"uv":[9,5.75,8,6.75],"texture":"#2"},"east":{"uv":[8,8,7,9],"texture":"#2"},"south":{"uv":[9,6.75,8,7.75],"texture":"#2"},"west":{"uv":[7,8,6,9],"texture":"#2"},"up":{"uv":[8,8.75,9,7.75],"texture":"#2"},"down":{"uv":[8,8.75,9,9.75],"texture":"#2"}}},{"from":[11.25,-2.975,10],"to":[15.25,1.025,14],"rotation":{"angle":22.5,"axis":"z","origin":[13.25,-2.475,12.5]},"faces":{"north":{"uv":[9,5.75,8,6.75],"texture":"#2"},"east":{"uv":[8,8,7,9],"texture":"#2"},"south":{"uv":[9,6.75,8,7.75],"texture":"#2"},"west":{"uv":[7,8,6,9],"texture":"#2"},"up":{"uv":[8,8.75,9,7.75],"texture":"#2"},"down":{"uv":[8,8.75,9,9.75],"texture":"#2"}}},{"from":[0.75,-2.975,10],"to":[4.75,1.025,14],"rotation":{"angle":-22.5,"axis":"z","origin":[2.75,-2.475,12.5]},"faces":{"north":{"uv":[8,5.75,9,6.75],"texture":"#2"},"east":{"uv":[6,8,7,9],"texture":"#2"},"south":{"uv":[8,6.75,9,7.75],"texture":"#2"},"west":{"uv":[7,8,8,9],"texture":"#2"},"up":{"uv":[9,8.75,8,7.75],"texture":"#2"},"down":{"uv":[9,8.75,8,9.75],"texture":"#2"}}},{"from":[6,-2,8],"to":[10,1,8],"rotation":{"angle":-45,"axis":"y","origin":[8,-0.5,8]},"faces":{"north":{"uv":[6.75,9,7.75,9.75],"texture":"#2"},"east":{"uv":[0,0,0,0.75],"texture":"#2"},"south":{"uv":[6.75,9,7.75,9.75],"texture":"#2"},"west":{"uv":[0,0,0,0.75],"texture":"#2"},"up":{"uv":[1,0,0,0],"texture":"#2"},"down":{"uv":[1,0,0,0],"texture":"#2"}}},{"from":[6,-2,8],"to":[10,1,8],"rotation":{"angle":45,"axis":"y","origin":[8,-0.5,8]},"faces":{"north":{"uv":[7.75,9,6.75,9.75],"texture":"#2"},"east":{"uv":[0,0,0,0.75],"texture":"#2"},"south":{"uv":[7.75,9,6.75,9.75],"texture":"#2"},"west":{"uv":[0,0,0,0.75],"texture":"#2"},"up":{"uv":[0,0,1,0],"texture":"#2"},"down":{"uv":[0,0,1,0],"texture":"#2"}}},{"from":[-1,14,2],"to":[3,19,4],"rotation":{"angle":22.5,"axis":"z","origin":[1,16.5,3]},"faces":{"north":{"uv":[8,0,9.25,1],"rotation":270,"texture":"#2"},"east":{"uv":[9.25,0,8,0.25],"rotation":90,"texture":"#2"},"south":{"uv":[8,1,9.25,2],"rotation":90,"texture":"#2"},"west":{"uv":[9.25,0.75,8,1],"rotation":90,"texture":"#2"},"up":{"uv":[9,0,9.25,1],"rotation":90,"texture":"#2"},"down":{"uv":[8,0,8.25,1],"rotation":90,"texture":"#2"}}},{"from":[13,14,2],"to":[17,19,4],"rotation":{"angle":-22.5,"axis":"z","origin":[15,16.5,3]},"faces":{"north":{"uv":[8,1,9.25,0],"rotation":270,"texture":"#2"},"east":{"uv":[9.25,1,8,0.75],"rotation":90,"texture":"#2"},"south":{"uv":[8,2,9.25,1],"rotation":90,"texture":"#2"},"west":{"uv":[9.25,0.25,8,0],"rotation":90,"texture":"#2"},"up":{"uv":[9,1,9.25,0],"rotation":90,"texture":"#2"},"down":{"uv":[8,1,8.25,0],"rotation":90,"texture":"#2"}}},{"from":[-1.77164,5,-1.14805],"to":[3.22836,8,-1.14805],"rotation":{"angle":-22.5,"axis":"y","origin":[0.22836,0,-1.14805]},"faces":{"north":{"uv":[9,8.5,10.25,9.25],"texture":"#2"},"east":{"uv":[9,8.5,9,9.25],"texture":"#2"},"south":{"uv":[10.25,8.5,9,9.25],"texture":"#2"},"west":{"uv":[9,8.5,9,9.25],"texture":"#2"},"up":{"uv":[9,8.5,10.25,8.5],"texture":"#2"},"down":{"uv":[9,8.5,10.25,8.5],"texture":"#2"}}},{"from":[12.77164,5,-1.14805],"to":[17.77164,8,-1.14805],"rotation":{"angle":22.5,"axis":"y","origin":[15.77164,0,-1.14805]},"faces":{"north":{"uv":[10.25,8.5,9,9.25],"texture":"#2"},"east":{"uv":[9,8.5,9,9.25],"texture":"#2"},"south":{"uv":[9,8.5,10.25,9.25],"texture":"#2"},"west":{"uv":[9,8.5,9,9.25],"texture":"#2"},"up":{"uv":[10.25,8.5,9,8.5],"texture":"#2"},"down":{"uv":[10.25,8.5,9,8.5],"texture":"#2"}}}],"display":{"thirdperson_righthand":{"rotation":[75,135,0],"translation":[0,2.5,0],"scale":[0.375,0.375,0.375]},"thirdperson_lefthand":{"rotation":[75,135,0],"translation":[0,2.5,0],"scale":[0.375,0.375,0.375]},"firstperson_righthand":{"rotation":[0,135,0],"translation":[0,3.75,0],"scale":[0.4,0.4,0.4]},"firstperson_lefthand":{"rotation":[0,135,0],"translation":[0,3.75,0],"scale":[0.4,0.4,0.4]},"ground":{"translation":[0,3,0],"scale":[0.25,0.25,0.25]},"gui":{"rotation":[30,135,0],"scale":[0.4668,0.4668,0.4668]},"head":{"translation":[0,12,-2],"scale":[1.85,1.85,1.85]},"fixed":{"scale":[0.5,0.5,0.5]}}}