{"credit":"Made with Blockbench","texture_size":[64,64],"textures":{"0":"christmaspack:christmassnowman","particle":"christmassnowman"},"elements":[{"from":[2,0,2],"to":[14,9,14],"faces":{"north":{"uv":[0,6,3,8.25],"texture":"#0"},"east":{"uv":[6,0,9,2.25],"texture":"#0"},"south":{"uv":[6,2.25,9,4.5],"texture":"#0"},"west":{"uv":[3,6,6,8.25],"texture":"#0"},"up":{"uv":[3,3,0,0],"texture":"#0"},"down":{"uv":[3,3,0,6],"texture":"#0"}}},{"from":[4.5,19,4.5],"to":[11.5,26,11.5],"faces":{"north":{"uv":[4,10,5.75,11.75],"texture":"#0"},"east":{"uv":[10,9.75,11.75,11.5],"texture":"#0"},"south":{"uv":[0,10.25,1.75,12],"texture":"#0"},"west":{"uv":[1.75,10.25,3.5,12],"texture":"#0"},"up":{"uv":[12.25,5.25,10.5,3.5],"texture":"#0"},"down":{"uv":[12.25,5.25,10.5,7],"texture":"#0"}}},{"from":[3.5,9,3.5],"to":[12.5,16,12.5],"faces":{"north":{"uv":[8.25,4.5,10.5,6.25],"texture":"#0"},"east":{"uv":[8.25,6.25,10.5,8],"texture":"#0"},"south":{"uv":[8.25,8,10.5,9.75],"texture":"#0"},"west":{"uv":[9,0,11.25,1.75],"texture":"#0"},"up":{"uv":[8.25,6.75,6,4.5],"texture":"#0"},"down":{"uv":[8.25,6.75,6,9],"texture":"#0"}}},{"from":[2,16,2],"to":[14,19,14],"faces":{"north":{"uv":[10.5,7,13.5,7.75],"texture":"#0"},"east":{"uv":[10.5,7.75,13.5,8.5],"texture":"#0"},"south":{"uv":[10.5,8.5,13.5,9.25],"texture":"#0"},"west":{"uv":[8,11.5,11,12.25],"texture":"#0"},"up":{"uv":[6,3,3,0],"texture":"#0"},"down":{"uv":[6,3,3,6],"texture":"#0"}}},{"from":[3,9,2],"to":[7,16,2],"faces":{"north":{"uv":[11,11.5,12,13.25],"texture":"#0"},"east":{"uv":[0,0,0,1.75],"texture":"#0"},"south":{"uv":[3.5,11.75,4.5,13.5],"texture":"#0"},"west":{"uv":[0,0,0,1.75],"texture":"#0"},"up":{"uv":[1,0,0,0],"texture":"#0"},"down":{"uv":[1,0,0,0],"texture":"#0"}}},{"from":[4,24,4.9],"to":[12,31,12.9],"rotation":{"angle":22.5,"axis":"x","origin":[8,26.5,8]},"faces":{"north":{"uv":[4,8.25,6,10],"texture":"#0"},"east":{"uv":[9,1.75,11,3.5],"texture":"#0"},"south":{"uv":[6,9,8,10.75],"texture":"#0"},"west":{"uv":[8,9.75,10,11.5],"texture":"#0"},"up":{"uv":[2,10.25,0,8.25],"texture":"#0"},"down":{"uv":[4,8.25,2,10.25],"texture":"#0"}}},{"from":[4,24,1.9],"to":[12,24,4.9],"rotation":{"angle":22.5,"axis":"x","origin":[8,26.5,8]},"faces":{"north":{"uv":[0,0,2,0],"texture":"#0"},"east":{"uv":[0,0,0.75,0],"texture":"#0"},"south":{"uv":[0,0,2,0],"texture":"#0"},"west":{"uv":[0,0,0.75,0],"texture":"#0"},"up":{"uv":[13.75,10,11.75,9.25],"texture":"#0"},"down":{"uv":[13.75,10,11.75,10.75],"texture":"#0"}}},{"from":[4,24,12.9],"to":[12,24,15.9],"rotation":{"angle":22.5,"axis":"x","origin":[8,26.5,8]},"faces":{"north":{"uv":[0,0,2,0],"texture":"#0"},"east":{"uv":[0,0,0.75,0],"texture":"#0"},"south":{"uv":[0,0,2,0],"texture":"#0"},"west":{"uv":[0,0,0.75,0],"texture":"#0"},"up":{"uv":[13.75,11.5,11.75,10.75],"texture":"#0"},"down":{"uv":[2,12,0,12.75],"texture":"#0"}}},{"from":[1,24,1.9],"to":[4,24,15.9],"rotation":{"angle":22.5,"axis":"x","origin":[8,26.5,8]},"faces":{"north":{"uv":[0,0,0.75,0],"texture":"#0"},"east":{"uv":[0,0,3.5,0],"texture":"#0"},"south":{"uv":[0,0,0.75,0],"texture":"#0"},"west":{"uv":[0,0,3.5,0],"texture":"#0"},"up":{"uv":[6.5,14.25,5.75,10.75],"texture":"#0"},"down":{"uv":[7.25,10.75,6.5,14.25],"texture":"#0"}}},{"from":[12,24,1.9],"to":[15,24,15.9],"rotation":{"angle":22.5,"axis":"x","origin":[8,26.5,8]},"faces":{"north":{"uv":[0,0,0.75,0],"texture":"#0"},"east":{"uv":[0,0,3.5,0],"texture":"#0"},"south":{"uv":[0,0,0.75,0],"texture":"#0"},"west":{"uv":[0,0,3.5,0],"texture":"#0"},"up":{"uv":[8,14.25,7.25,10.75],"texture":"#0"},"down":{"uv":[12,0,11.25,3.5],"texture":"#0"}}},{"from":[7.25,20.5,1.5],"to":[8.75,22,4.5],"faces":{"north":{"uv":[13,11.5,13.375,11.875],"texture":"#0"},"east":{"uv":[10.5,9.25,11.25,9.625],"texture":"#0"},"south":{"uv":[13,12,13.375,12.375],"texture":"#0"},"west":{"uv":[12.25,6.5,13,6.875],"texture":"#0"},"up":{"uv":[10.375,4.25,10,3.5],"texture":"#0"},"down":{"uv":[3.875,10.25,3.5,11],"texture":"#0"}}},{"from":[-4.25,15.85,7],"to":[3.75,17.85,9],"rotation":{"angle":-45,"axis":"z","origin":[-1.5,14,9.5]},"faces":{"north":{"uv":[12,0,14,0.5],"texture":"#0"},"east":{"uv":[3.5,11,4,11.5],"texture":"#0"},"south":{"uv":[12,0.5,14,1],"texture":"#0"},"west":{"uv":[11.25,9.25,11.75,9.75],"texture":"#0"},"up":{"uv":[14,1.5,12,1],"texture":"#0"},"down":{"uv":[14,1.5,12,2],"texture":"#0"}}},{"from":[10.5481,21.0481,7],"to":[12.5481,28.0481,9],"rotation":{"angle":-45,"axis":"z","origin":[0.7981,16.2981,8]},"faces":{"north":{"uv":[4.5,11.75,5,13.5],"texture":"#0"},"east":{"uv":[5,11.75,5.5,13.5],"texture":"#0"},"south":{"uv":[2,12,2.5,13.75],"texture":"#0"},"west":{"uv":[2.5,12,3,13.75],"texture":"#0"},"up":{"uv":[3.5,12.5,3,12],"texture":"#0"},"down":{"uv":[10.75,12.25,10.25,12.75],"texture":"#0"}}},{"from":[-8.25,15.1,6.75],"to":[-4.25,18.6,9.25],"rotation":{"angle":-45,"axis":"z","origin":[-1.5,14,9.5]},"faces":{"north":{"uv":[9,3.5,10,4.375],"texture":"#0"},"east":{"uv":[8.75,12.25,9.375,13.125],"texture":"#0"},"south":{"uv":[12,2,13,2.875],"texture":"#0"},"west":{"uv":[9.5,12.25,10.125,13.125],"texture":"#0"},"up":{"uv":[13.25,4.625,12.25,4],"texture":"#0"},"down":{"uv":[13.25,4.75,12.25,5.375],"texture":"#0"}}},{"from":[-6.75,18.6,7],"to":[-5.25,20.1,9],"rotation":{"angle":-45,"axis":"z","origin":[-1.5,14,9.5]},"faces":{"north":{"uv":[13,12.5,13.375,12.875],"texture":"#0"},"east":{"uv":[13,2,13.5,2.375],"texture":"#0"},"south":{"uv":[13,13,13.375,13.375],"texture":"#0"},"west":{"uv":[13,2.5,13.5,2.875],"texture":"#0"},"up":{"uv":[3.375,13.5,3,13],"texture":"#0"},"down":{"uv":[13.375,5.5,13,6],"texture":"#0"}}},{"from":[9.7981,28,6.75],"to":[13.2981,32,9.25],"rotation":{"angle":-45,"axis":"z","origin":[0.7981,16.2981,8]},"faces":{"north":{"uv":[12,11.5,12.875,12.5],"texture":"#0"},"east":{"uv":[12.25,5.5,12.875,6.5],"texture":"#0"},"south":{"uv":[12.25,3,13.125,4],"texture":"#0"},"west":{"uv":[8,12.25,8.625,13.25],"texture":"#0"},"up":{"uv":[12.875,13.125,12,12.5],"texture":"#0"},"down":{"uv":[0.875,12.75,0,13.375],"texture":"#0"}}},{"from":[8.2981,29.5,7],"to":[9.7981,31,9],"rotation":{"angle":-45,"axis":"z","origin":[0.7981,16.2981,8]},"faces":{"north":{"uv":[13,6,13.375,6.375],"texture":"#0"},"east":{"uv":[3,12.5,3.5,12.875],"texture":"#0"},"south":{"uv":[13,6.5,13.375,6.875],"texture":"#0"},"west":{"uv":[1,12.75,1.5,13.125],"texture":"#0"},"up":{"uv":[1.875,13.25,1.5,12.75],"texture":"#0"},"down":{"uv":[10.625,12.75,10.25,13.25],"texture":"#0"}}}],"display":{"thirdperson_righthand":{"rotation":[60,0,0],"scale":[0.5,0.5,0.5]},"thirdperson_lefthand":{"rotation":[60,0,0],"scale":[0.5,0.5,0.5]},"firstperson_righthand":{"translation":[0,0,1],"scale":[0.5,0.5,0.5]},"firstperson_lefthand":{"translation":[0,0,1],"scale":[0.5,0.5,0.5]},"ground":{"translation":[0,5,0]},"gui":{"rotation":[-168.25,40,-180],"translation":[0,-3.25,0],"scale":[0.5,0.5,0.5]},"head":{"rotation":[180,0,180],"translation":[0,-7.25,0],"scale":[3,3,3]},"fixed":{"rotation":[-16,0,0],"translation":[0,-4,0],"scale":[0.7,0.7,0.7]}},"groups":[{"name":"christmassnowman","origin":[0.7981,16.2981,8],"color":0,"children":[0,1,2,3,4,5,6,7,8,9,10,11,12,13,14,15,16]}]}