{"credit":"Made by Magic-Store","texture_size":[128,128],"textures":{"0":"magicstore:furnitures/lunarfurniture_v2/lunarfurniture_v2_1","particle":"magicstore:furnitures/lunarfurniture_v2/lunarfurniture_v2_1"},"elements":[{"from":[0,0,3.5],"to":[16,2,12.5],"faces":{"north":{"uv":[2,4.875,0,5.125],"texture":"#0"},"east":{"uv":[11.25,6.125,10.125,6.375],"texture":"#0"},"south":{"uv":[2,4.875,0,5.125],"texture":"#0"},"west":{"uv":[11.25,6.125,10.125,6.375],"texture":"#0"},"up":{"uv":[2,4.875,0,6],"texture":"#0"},"down":{"uv":[2,4.875,0,6],"texture":"#0"}}},{"from":[0,2,9],"to":[2,11,11],"faces":{"north":{"uv":[0.75,9.625,0.875,10.75],"texture":"#0"},"east":{"uv":[1,9.625,0.75,10.75],"texture":"#0"},"south":{"uv":[0.875,9.625,1,10.75],"texture":"#0"},"west":{"uv":[0.75,9.625,1,10.75],"texture":"#0"},"up":{"uv":[0.75,9.625,1,9.75],"rotation":90,"texture":"#0"},"down":{"uv":[1,10.625,0.75,10.75],"rotation":90,"texture":"#0"}}},{"from":[14,2,5],"to":[16,8,7],"faces":{"north":{"uv":[0.875,8.75,0.75,9.5],"texture":"#0"},"east":{"uv":[1,8.75,0.75,9.5],"texture":"#0"},"south":{"uv":[1,8.75,0.875,9.5],"texture":"#0"},"west":{"uv":[0.75,8.75,1,9.5],"texture":"#0"},"up":{"uv":[0.75,8.875,1,8.75],"rotation":90,"texture":"#0"},"down":{"uv":[1,9.375,0.75,9.5],"rotation":90,"texture":"#0"}}},{"from":[14.5,4,4],"to":[15.5,8,6],"rotation":{"angle":-45,"axis":"x","origin":[1.5,5,6]},"faces":{"north":{"uv":[0.875,8.75,1,9.25],"texture":"#0"},"east":{"uv":[0.75,8.75,1,9.25],"texture":"#0"},"south":{"uv":[0.75,8.75,0.875,9.25],"texture":"#0"},"west":{"uv":[1,8.75,0.75,9.25],"texture":"#0"},"up":{"uv":[1,8.875,0.75,8.75],"rotation":90,"texture":"#0"},"down":{"uv":[0.75,9.375,1,9.5],"rotation":90,"texture":"#0"}}},{"from":[2,8,9.5],"to":[14,10,10.5],"faces":{"north":{"uv":[0.375,11.875,0.625,13.375],"rotation":90,"texture":"#0"},"south":{"uv":[0.375,11.875,0.625,13.375],"rotation":90,"texture":"#0"},"up":{"uv":[0.375,11.875,0.5,13.375],"rotation":90,"texture":"#0"},"down":{"uv":[0.5,11.875,0.625,13.375],"rotation":90,"texture":"#0"}}},{"from":[2,4,9.5],"to":[14,6,10.5],"faces":{"north":{"uv":[0.75,10.875,1,12.375],"rotation":90,"texture":"#0"},"south":{"uv":[0.75,10.875,1,12.375],"rotation":90,"texture":"#0"},"up":{"uv":[0.75,10.875,0.875,12.375],"rotation":90,"texture":"#0"},"down":{"uv":[0.875,10.875,1,12.375],"rotation":90,"texture":"#0"}}},{"from":[0,2,5],"to":[2,8,7],"faces":{"north":{"uv":[0.875,8.75,0.75,9.5],"texture":"#0"},"east":{"uv":[1,8.75,0.75,9.5],"texture":"#0"},"south":{"uv":[1,8.75,0.875,9.5],"texture":"#0"},"west":{"uv":[0.75,8.75,1,9.5],"texture":"#0"},"up":{"uv":[0.75,8.875,1,8.75],"rotation":90,"texture":"#0"},"down":{"uv":[1,9.375,0.75,9.5],"rotation":90,"texture":"#0"}}},{"from":[0.5,4,4],"to":[1.5,8,6],"rotation":{"angle":-45,"axis":"x","origin":[1.5,5,6]},"faces":{"north":{"uv":[0.875,8.75,1,9.25],"texture":"#0"},"east":{"uv":[0.75,8.75,1,9.25],"texture":"#0"},"south":{"uv":[0.75,8.75,0.875,9.25],"texture":"#0"},"west":{"uv":[1,8.75,0.75,9.25],"texture":"#0"},"up":{"uv":[1,8.875,0.75,8.75],"rotation":90,"texture":"#0"},"down":{"uv":[0.75,9.375,1,9.5],"rotation":90,"texture":"#0"}}},{"from":[0.5,3.75,9],"to":[1.5,7.75,11],"rotation":{"angle":-45,"axis":"x","origin":[1.5,5,6]},"faces":{"north":{"uv":[0.875,8.75,1,9.25],"texture":"#0"},"east":{"uv":[0.75,8.75,1,9.25],"texture":"#0"},"south":{"uv":[0.75,8.75,0.875,9.25],"texture":"#0"},"west":{"uv":[1,8.75,0.75,9.25],"texture":"#0"},"up":{"uv":[1,8.875,0.75,8.75],"rotation":90,"texture":"#0"},"down":{"uv":[0.75,9.375,1,9.5],"rotation":90,"texture":"#0"}}},{"from":[14.5,3.75,9],"to":[15.5,7.75,11],"rotation":{"angle":-45,"axis":"x","origin":[1.5,5,6]},"faces":{"north":{"uv":[0.875,8.75,1,9.25],"texture":"#0"},"east":{"uv":[0.75,8.75,1,9.25],"texture":"#0"},"south":{"uv":[0.75,8.75,0.875,9.25],"texture":"#0"},"west":{"uv":[1,8.75,0.75,9.25],"texture":"#0"},"up":{"uv":[1,8.875,0.75,8.75],"rotation":90,"texture":"#0"},"down":{"uv":[0.75,9.375,1,9.5],"rotation":90,"texture":"#0"}}},{"from":[14,2,9],"to":[16,11,11],"faces":{"north":{"uv":[0.75,9.625,0.875,10.75],"texture":"#0"},"east":{"uv":[1,9.625,0.75,10.75],"texture":"#0"},"south":{"uv":[0.875,9.625,1,10.75],"texture":"#0"},"west":{"uv":[0.75,9.625,1,10.75],"texture":"#0"},"up":{"uv":[0.75,9.625,1,9.75],"rotation":90,"texture":"#0"},"down":{"uv":[1,10.625,0.75,10.75],"rotation":90,"texture":"#0"}}}],"display":{"thirdperson_righthand":{"rotation":[45,25,0],"translation":[0,3,1.5],"scale":[0.3,0.3,0.3]},"thirdperson_lefthand":{"rotation":[45,25,0],"translation":[0,3,1.5],"scale":[0.3,0.3,0.3]},"firstperson_righthand":{"rotation":[0,14,0],"translation":[2.25,2.5,0],"scale":[0.5,0.5,0.5]},"firstperson_lefthand":{"rotation":[0,14,0],"translation":[2.25,2.5,0],"scale":[0.5,0.5,0.5]},"ground":{"translation":[0,0.75,0],"scale":[0.3,0.3,0.3]},"gui":{"rotation":[30,135,0],"translation":[0.25,-0.75,0],"scale":[0.55,0.55,0.55]},"head":{"translation":[0,-30.5,0],"scale":[1.6,1.6,1.6]},"fixed":{"rotation":[-90,0,0],"translation":[0,0,-16],"scale":[2,2,2]}},"groups":[{"name":"group","origin":[0,0,0],"color":0,"children":[0,1,2,3,4,5,6,7,8,9,10]}]}