{"credit":"Made with Blockbench","texture_size":[256,256],"textures":{"1":"elitecreatures:livingroom_furniture_v1/livingroom_table_1"},"elements":[{"from":[-16,14,-4],"to":[32,16,20],"rotation":{"angle":0,"axis":"y","origin":[8,0,12]},"faces":{"north":{"uv":[1.5,1.5,4.5,1.625],"texture":"#1"},"east":{"uv":[0,1.5,1.5,1.625],"texture":"#1"},"south":{"uv":[6,1.5,9,1.625],"texture":"#1"},"west":{"uv":[4.5,1.5,6,1.625],"texture":"#1"},"up":{"uv":[4.5,1.5,1.5,0],"texture":"#1"},"down":{"uv":[7.5,0,4.5,1.5],"texture":"#1"}}},{"from":[30,0,-4],"to":[32,1,20],"rotation":{"angle":0,"axis":"y","origin":[8,0,12]},"faces":{"north":{"uv":[1.5,3.125,1.625,3.1875],"texture":"#1"},"east":{"uv":[0,3.125,1.5,3.1875],"texture":"#1"},"south":{"uv":[3.125,3.125,3.25,3.1875],"texture":"#1"},"west":{"uv":[1.625,3.125,3.125,3.1875],"texture":"#1"},"up":{"uv":[1.625,3.125,1.5,1.625],"texture":"#1"},"down":{"uv":[1.75,1.625,1.625,3.125],"texture":"#1"}}},{"from":[30,1,-4],"to":[32,14,-2],"rotation":{"angle":0,"axis":"y","origin":[15,7.5,5]},"faces":{"north":{"uv":[0.125,0.125,0.25,0.9375],"texture":"#1"},"east":{"uv":[0,0.125,0.125,0.9375],"texture":"#1"},"south":{"uv":[0.375,0.125,0.5,0.9375],"texture":"#1"},"west":{"uv":[0.25,0.125,0.375,0.9375],"texture":"#1"},"up":{"uv":[0.25,0.125,0.125,0],"texture":"#1"},"down":{"uv":[0.375,0,0.25,0.125],"texture":"#1"}}},{"from":[-16,1,-4],"to":[-14,14,-2],"rotation":{"angle":0,"axis":"y","origin":[1,7.5,5]},"faces":{"north":{"uv":[0.25,0.125,0.125,0.9375],"texture":"#1"},"east":{"uv":[0.375,0.125,0.25,0.9375],"texture":"#1"},"south":{"uv":[0.5,0.125,0.375,0.9375],"texture":"#1"},"west":{"uv":[0.125,0.125,0,0.9375],"texture":"#1"},"up":{"uv":[0.125,0.125,0.25,0],"texture":"#1"},"down":{"uv":[0.25,0,0.375,0.125],"texture":"#1"}}},{"from":[30,1,18],"to":[32,14,20],"rotation":{"angle":0,"axis":"y","origin":[15,7.5,19]},"faces":{"north":{"uv":[0.5,0.125,0.375,0.9375],"texture":"#1"},"east":{"uv":[0.125,0.125,0,0.9375],"texture":"#1"},"south":{"uv":[0.25,0.125,0.125,0.9375],"texture":"#1"},"west":{"uv":[0.375,0.125,0.25,0.9375],"texture":"#1"},"up":{"uv":[0.25,0,0.125,0.125],"texture":"#1"},"down":{"uv":[0.375,0.125,0.25,0],"texture":"#1"}}},{"from":[-16,1,18],"to":[-14,14,20],"rotation":{"angle":0,"axis":"y","origin":[1,7.5,19]},"faces":{"north":{"uv":[0.375,0.125,0.5,0.9375],"texture":"#1"},"east":{"uv":[0.25,0.125,0.375,0.9375],"texture":"#1"},"south":{"uv":[0.125,0.125,0.25,0.9375],"texture":"#1"},"west":{"uv":[0,0.125,0.125,0.9375],"texture":"#1"},"up":{"uv":[0.125,0,0.25,0.125],"texture":"#1"},"down":{"uv":[0.25,0.125,0.375,0],"texture":"#1"}}},{"from":[-16,0,-4],"to":[-14,1,20],"rotation":{"angle":0,"axis":"y","origin":[8,0,12]},"faces":{"north":{"uv":[1.625,3.125,1.5,3.1875],"texture":"#1"},"east":{"uv":[3.125,3.125,1.625,3.1875],"texture":"#1"},"south":{"uv":[3.25,3.125,3.125,3.1875],"texture":"#1"},"west":{"uv":[1.5,3.125,0,3.1875],"texture":"#1"},"up":{"uv":[1.5,3.125,1.625,1.625],"texture":"#1"},"down":{"uv":[1.625,1.625,1.75,3.125],"texture":"#1"}}}],"gui_light":"front","display":{"thirdperson_righthand":{"rotation":[67.5,0,0],"translation":[0,1.75,-0.25],"scale":[0.14453,0.14453,0.14453]},"thirdperson_lefthand":{"rotation":[67.5,0,0],"translation":[0,1.75,-0.25],"scale":[0.14453,0.14453,0.14453]},"firstperson_righthand":{"translation":[0,3.5,0],"scale":[0.25273,0.25273,0.25273]},"firstperson_lefthand":{"translation":[0,3.5,0],"scale":[0.25273,0.25273,0.25273]},"ground":{"translation":[0,6,0],"scale":[0.3,0.3,0.3]},"gui":{"rotation":[30,135,0],"translation":[0,-0.75,0],"scale":[0.30078,0.30078,0.30078]},"head":{"rotation":[0,180,0],"translation":[0,-30.4,0],"scale":[1.6,1.6,1.6]},"fixed":{"rotation":[-90,0,0],"translation":[0,0,-16],"scale":[2,2,2]}},"groups":[{"name":"bone","origin":[8,0,8],"color":0,"children":[0,1,2,3,4,5,6]}]}