{"credit":"Made with Blockbench","ambientocclusion":false,"texture_size":[32,32],"textures":{"0":"medieval_rpg:shrub","particle":"medieval_rpg:shrub"},"elements":[{"from":[0.9,0,8.3],"to":[15.3,22,8.3],"shade":false,"rotation":{"angle":45,"axis":"y","origin":[8,8,8],"rescale":true},"faces":{"north":{"uv":[0,5,8,16],"texture":"#0"},"east":{"uv":[0,0,0,11],"texture":"#0"},"south":{"uv":[0,5,8,16],"texture":"#0"},"west":{"uv":[0,0,0,11],"texture":"#0"},"up":{"uv":[0,7.5,7.2,7.5],"texture":"#0"},"down":{"uv":[0,7.5,7.2,7.5],"texture":"#0"}}},{"from":[7.7,0,0.9],"to":[7.7,22,15.3],"shade":false,"rotation":{"angle":45,"axis":"y","origin":[8,8,8],"rescale":true},"faces":{"north":{"uv":[0,0,0,11],"texture":"#0"},"east":{"uv":[0,5,8,16],"texture":"#0"},"south":{"uv":[0,0,0,11],"texture":"#0"},"west":{"uv":[0,5,8,16],"texture":"#0"},"up":{"uv":[0,7.5,7.2,7.5],"rotation":90,"texture":"#0"},"down":{"uv":[0,7.5,7.2,7.5],"rotation":270,"texture":"#0"}}},{"from":[-7.92893,0.1,0.07107],"to":[8.07107,0.1,16.07107],"shade":false,"rotation":{"angle":-45,"axis":"y","origin":[8.07107,0,8.07107]},"faces":{"north":{"uv":[0,0,8,0],"texture":"#0"},"east":{"uv":[0,0,8,0],"texture":"#0"},"south":{"uv":[0,0,8,0],"texture":"#0"},"west":{"uv":[0,0,8,0],"texture":"#0"},"up":{"uv":[8,16,16,8],"rotation":90,"texture":"#0"},"down":{"uv":[8,8,16,16],"rotation":270,"texture":"#0"}}},{"from":[0.07107,0.1,-7.92893],"to":[16.07107,0.1,8.07107],"shade":false,"rotation":{"angle":-45,"axis":"y","origin":[8.07107,0,8.07107]},"faces":{"north":{"uv":[0,0,8,0],"texture":"#0"},"east":{"uv":[0,0,8,0],"texture":"#0"},"south":{"uv":[0,0,8,0],"texture":"#0"},"west":{"uv":[0,0,8,0],"texture":"#0"},"up":{"uv":[8,16,16,8],"rotation":180,"texture":"#0"},"down":{"uv":[8,8,16,16],"rotation":180,"texture":"#0"}}},{"from":[-7.92893,0.1,0.07107],"to":[8.07107,0.1,16.07107],"shade":false,"rotation":{"angle":45,"axis":"y","origin":[8.07107,0,8.07107]},"faces":{"north":{"uv":[0,0,8,0],"texture":"#0"},"east":{"uv":[0,0,8,0],"texture":"#0"},"south":{"uv":[0,0,8,0],"texture":"#0"},"west":{"uv":[0,0,8,0],"texture":"#0"},"up":{"uv":[8,16,16,8],"rotation":90,"texture":"#0"},"down":{"uv":[8,8,16,16],"rotation":270,"texture":"#0"}}},{"from":[0.07107,0.1,8.07107],"to":[16.07107,0.1,24.07107],"shade":false,"rotation":{"angle":45,"axis":"y","origin":[8.07107,0,8.07107]},"faces":{"north":{"uv":[0,0,8,0],"texture":"#0"},"east":{"uv":[0,0,8,0],"texture":"#0"},"south":{"uv":[0,0,8,0],"texture":"#0"},"west":{"uv":[0,0,8,0],"texture":"#0"},"up":{"uv":[8,16,16,8],"texture":"#0"},"down":{"uv":[8,8,16,16],"texture":"#0"}}},{"from":[0,7.07107,18.07107],"to":[16,7.07107,22.07107],"shade":false,"rotation":{"angle":-22.5,"axis":"x","origin":[8,7.07107,18.07107]},"faces":{"north":{"uv":[0,0,8,0],"texture":"#0"},"east":{"uv":[0,0,8,0],"texture":"#0"},"south":{"uv":[0,0,8,0],"texture":"#0"},"west":{"uv":[0,0,8,0],"texture":"#0"},"up":{"uv":[8,11,16,8],"texture":"#0"},"down":{"uv":[8,8,16,11],"texture":"#0"}}},{"from":[0,0,11],"to":[16,0,21],"shade":false,"rotation":{"angle":-45,"axis":"x","origin":[8,0,11]},"faces":{"north":{"uv":[0,0,8,0],"texture":"#0"},"east":{"uv":[0,0,8,0],"texture":"#0"},"south":{"uv":[0,0,8,0],"texture":"#0"},"west":{"uv":[0,0,8,0],"texture":"#0"},"up":{"uv":[8,16,16,11],"texture":"#0"},"down":{"uv":[8,11,16,16],"texture":"#0"}}},{"from":[0,7.07107,-5.07107],"to":[16,7.07107,-1.07107],"shade":false,"rotation":{"angle":22.5,"axis":"x","origin":[8,7.07107,-1.07107]},"faces":{"north":{"uv":[8,0,0,0],"texture":"#0"},"east":{"uv":[8,0,0,0],"texture":"#0"},"south":{"uv":[8,0,0,0],"texture":"#0"},"west":{"uv":[8,0,0,0],"texture":"#0"},"up":{"uv":[8,8,16,11],"texture":"#0"},"down":{"uv":[8,11,16,8],"texture":"#0"}}},{"from":[0,0,-4],"to":[16,0,6],"shade":false,"rotation":{"angle":45,"axis":"x","origin":[8,0,6]},"faces":{"north":{"uv":[8,0,0,0],"texture":"#0"},"east":{"uv":[8,0,0,0],"texture":"#0"},"south":{"uv":[8,0,0,0],"texture":"#0"},"west":{"uv":[8,0,0,0],"texture":"#0"},"up":{"uv":[8,11,16,16],"texture":"#0"},"down":{"uv":[8,16,16,11],"texture":"#0"}}},{"from":[-5,7.07107,0.07107],"to":[-1,7.07107,16.07107],"shade":false,"rotation":{"angle":-22.5,"axis":"z","origin":[-1,7.07107,8.07107]},"faces":{"north":{"uv":[0,0,8,0],"texture":"#0"},"east":{"uv":[0,0,8,0],"texture":"#0"},"south":{"uv":[0,0,8,0],"texture":"#0"},"west":{"uv":[0,0,8,0],"texture":"#0"},"up":{"uv":[8,11,16,8],"rotation":90,"texture":"#0"},"down":{"uv":[8,8,16,11],"rotation":270,"texture":"#0"}}},{"from":[-3.92893,0,0.07107],"to":[6.07107,0,16.07107],"shade":false,"rotation":{"angle":-45,"axis":"z","origin":[6.07107,0,8.07107]},"faces":{"north":{"uv":[0,0,8,0],"texture":"#0"},"east":{"uv":[0,0,8,0],"texture":"#0"},"south":{"uv":[0,0,8,0],"texture":"#0"},"west":{"uv":[0,0,8,0],"texture":"#0"},"up":{"uv":[8,16,16,11],"rotation":90,"texture":"#0"},"down":{"uv":[8,11,16,16],"rotation":270,"texture":"#0"}}},{"from":[17,7.07107,0.07107],"to":[21,7.07107,16.07107],"shade":false,"rotation":{"angle":22.5,"axis":"z","origin":[17,7.07107,8.07107]},"faces":{"north":{"uv":[8,0,0,0],"texture":"#0"},"east":{"uv":[8,0,0,0],"texture":"#0"},"south":{"uv":[8,0,0,0],"texture":"#0"},"west":{"uv":[8,0,0,0],"texture":"#0"},"up":{"uv":[8,8,16,11],"rotation":90,"texture":"#0"},"down":{"uv":[8,11,16,8],"rotation":270,"texture":"#0"}}},{"from":[9.92893,0,0.07107],"to":[19.92893,0,16.07107],"shade":false,"rotation":{"angle":45,"axis":"z","origin":[9.92893,0,8.07107]},"faces":{"north":{"uv":[8,0,0,0],"texture":"#0"},"east":{"uv":[8,0,0,0],"texture":"#0"},"south":{"uv":[8,0,0,0],"texture":"#0"},"west":{"uv":[8,0,0,0],"texture":"#0"},"up":{"uv":[8,11,16,16],"rotation":90,"texture":"#0"},"down":{"uv":[8,16,16,11],"rotation":270,"texture":"#0"}}}],"gui_light":"front","display":{"thirdperson_righthand":{"rotation":[75,45,0],"translation":[0,2.5,0],"scale":[0.375,0.375,0.375]},"thirdperson_lefthand":{"rotation":[75,45,0],"translation":[0,2.5,0],"scale":[0.375,0.375,0.375]},"firstperson_righthand":{"rotation":[0,100,0],"scale":[0.4,0.4,0.4]},"firstperson_lefthand":{"rotation":[0,100,0],"scale":[0.4,0.4,0.4]},"ground":{"translation":[0,-0.5,0],"scale":[0.25,0.25,0.25]},"gui":{"rotation":[30,-135,0],"translation":[0,-0.75,0],"scale":[0.64649,0.77109,0.64649]},"fixed":{"translation":[0,21,0],"scale":[2.6,2.6,2.6]}},"groups":[{"name":"group","origin":[8,8,8],"color":0,"shade":false,"children":[0,1,2,3,4,5,{"name":"leaf","origin":[8,0,11],"color":0,"shade":false,"children":[6,7]},{"name":"leaf","origin":[8,0,11],"color":0,"shade":false,"children":[8,9]},{"name":"leaf","origin":[8,0,11],"color":0,"shade":false,"children":[10,11]},{"name":"leaf","origin":[8,0,11],"color":0,"shade":false,"children":[12,13]}]}]}