{"credit":"Created with Blockbench [Exported as resourcepack with the \"resourcepack_packager\" plugin]","texture_size":[128,128],"textures":{"0":"iavegastables:custom/blocks/deadmanschest"},"elements":[{"from":[1,0,1],"to":[15,2,15],"faces":{"north":{"uv":[7,5,8.75,5.25],"texture":"#0"},"east":{"uv":[7.5,2.25,9.25,2.5],"texture":"#0"},"south":{"uv":[0,8.25,1.75,8.5],"texture":"#0"},"west":{"uv":[8.25,1.5,10,1.75],"texture":"#0"},"up":{"uv":[1.75,1.75,0,0],"texture":"#0"},"down":{"uv":[1.75,1.75,0,3.5],"texture":"#0"}}},{"from":[1,9,1],"to":[15,11,15],"faces":{"north":{"uv":[8.25,1.75,10,2],"texture":"#0"},"east":{"uv":[8.25,2,10,2.25],"texture":"#0"},"south":{"uv":[8.25,5.25,10,5.5],"texture":"#0"},"west":{"uv":[8.25,5.5,10,5.75],"texture":"#0"},"up":{"uv":[3.5,1.75,1.75,0],"texture":"#0"},"down":{"uv":[3.5,1.75,1.75,3.5],"texture":"#0"}}},{"from":[1,17,1],"to":[15,19,15],"faces":{"north":{"uv":[8.25,5.75,10,6],"texture":"#0"},"east":{"uv":[8.25,6,10,6.25],"texture":"#0"},"south":{"uv":[0,8.5,1.75,8.75],"texture":"#0"},"west":{"uv":[8.5,0,10.25,0.25],"texture":"#0"},"up":{"uv":[1.75,5.25,0,3.5],"texture":"#0"},"down":{"uv":[5.25,0,3.5,1.75],"texture":"#0"}}},{"from":[3,19,3],"to":[13,27,13],"faces":{"north":{"uv":[1.75,5,3,6],"texture":"#0"},"east":{"uv":[5,1.75,6.25,2.75],"texture":"#0"},"south":{"uv":[0,5.25,1.25,6.25],"texture":"#0"},"west":{"uv":[5.25,0,6.5,1],"texture":"#0"},"up":{"uv":[4.5,4.75,3.25,3.5],"texture":"#0"},"down":{"uv":[5.75,3.25,4.5,4.5],"texture":"#0"}}},{"from":[4,27,4],"to":[12,28,12],"faces":{"north":{"uv":[3.5,6.5,4.5,6.625],"texture":"#0"},"east":{"uv":[7,5.25,8,5.375],"texture":"#0"},"south":{"uv":[8.75,5.125,9.75,5.25],"texture":"#0"},"west":{"uv":[9.5,0.875,10.5,1],"texture":"#0"},"up":{"uv":[6.75,6.375,5.75,5.375],"texture":"#0"},"down":{"uv":[2.25,6,1.25,7],"texture":"#0"}}},{"from":[5,28,5],"to":[11,29,11],"faces":{"north":{"uv":[9.5,1,10.25,1.125],"texture":"#0"},"east":{"uv":[9.625,0.75,10.375,0.875],"texture":"#0"},"south":{"uv":[9.625,2.75,10.375,2.875],"texture":"#0"},"west":{"uv":[9.625,2.875,10.375,3],"texture":"#0"},"up":{"uv":[7.75,4.25,7,3.5],"texture":"#0"},"down":{"uv":[7.75,4.25,7,5],"texture":"#0"}}},{"from":[13,19,13],"to":[15,23.4,15],"faces":{"north":{"uv":[8.875,0.25,9.125,0.8125],"texture":"#0"},"east":{"uv":[8.875,2.5,9.125,3.0625],"texture":"#0"},"south":{"uv":[2.875,8.875,3.125,9.4375],"texture":"#0"},"west":{"uv":[3.125,8.875,3.375,9.4375],"texture":"#0"},"up":{"uv":[3.25,6,3,5.75],"texture":"#0"},"down":{"uv":[4.375,9.875,4.125,10.125],"texture":"#0"}}},{"from":[13,5.23705,27.15076],"to":[15,9.63705,29.15076],"rotation":{"angle":-45,"axis":"x","origin":[0,-2.76295,0.15076]},"faces":{"north":{"uv":[8.875,3.125,9.125,3.6875],"texture":"#0"},"east":{"uv":[3.375,8.875,3.625,9.4375],"texture":"#0"},"south":{"uv":[3.625,8.875,3.875,9.4375],"texture":"#0"},"west":{"uv":[3.875,8.875,4.125,9.4375],"texture":"#0"},"up":{"uv":[4.625,10.125,4.375,9.875],"texture":"#0"},"down":{"uv":[4.875,9.875,4.625,10.125],"texture":"#0"}}},{"from":[13,26.4122,-2.06789],"to":[15,28.4122,0.33211],"rotation":{"angle":22.5,"axis":"x","origin":[0,-1.5878,1.33211]},"faces":{"north":{"uv":[5.25,9.875,5.5,10.125],"texture":"#0"},"east":{"uv":[4.125,3.25,4.4375,3.5],"texture":"#0"},"south":{"uv":[5.5,9.875,5.75,10.125],"texture":"#0"},"west":{"uv":[7.125,1.5,7.4375,1.75],"texture":"#0"},"up":{"uv":[9.875,3.3125,9.625,3],"texture":"#0"},"down":{"uv":[5.25,9.625,5,9.9375],"texture":"#0"}}},{"from":[13,25.42971,6.27142],"to":[15,27.42971,9.67142],"rotation":{"angle":0,"axis":"y","origin":[0,-2.57029,12.67142]},"faces":{"north":{"uv":[5.75,9.875,6,10.125],"texture":"#0"},"east":{"uv":[1.25,5.75,1.6875,6],"texture":"#0"},"south":{"uv":[8.5,9.875,8.75,10.125],"texture":"#0"},"west":{"uv":[6,9.5,6.4375,9.75],"texture":"#0"},"up":{"uv":[5.75,3.1875,5.5,2.75],"texture":"#0"},"down":{"uv":[6.75,9.5,6.5,9.9375],"texture":"#0"}}},{"from":[13,19,1],"to":[15,23.4,3],"faces":{"north":{"uv":[4.125,8.875,4.375,9.4375],"texture":"#0"},"east":{"uv":[4.375,8.875,4.625,9.4375],"texture":"#0"},"south":{"uv":[4.625,8.875,4.875,9.4375],"texture":"#0"},"west":{"uv":[4.875,8.875,5.125,9.4375],"texture":"#0"},"up":{"uv":[9,10.125,8.75,9.875],"texture":"#0"},"down":{"uv":[9.25,9.875,9,10.125],"texture":"#0"}}},{"from":[27.56497,6.23705,1],"to":[29.56497,10.63705,3],"rotation":{"angle":45,"axis":"z","origin":[1.56497,-2.76295,0]},"faces":{"north":{"uv":[8.875,6.25,9.125,6.8125],"texture":"#0"},"east":{"uv":[8.875,8.625,9.125,9.1875],"texture":"#0"},"south":{"uv":[5.125,9,5.375,9.5625],"texture":"#0"},"west":{"uv":[5.375,9,5.625,9.5625],"texture":"#0"},"up":{"uv":[9.5,10.125,9.25,9.875],"texture":"#0"},"down":{"uv":[9.75,9.875,9.5,10.125],"texture":"#0"}}},{"from":[-2.9855,25.79907,1],"to":[-0.5855,27.79907,3],"rotation":{"angle":-22.5,"axis":"z","origin":[2.4145,-4.20093,0]},"faces":{"north":{"uv":[5.25,9.625,5.5625,9.875],"texture":"#0"},"east":{"uv":[9.75,9.875,10,10.125],"texture":"#0"},"south":{"uv":[9.625,6.25,9.9375,6.5],"texture":"#0"},"west":{"uv":[0,10,0.25,10.25],"texture":"#0"},"up":{"uv":[9.9375,6.75,9.625,6.5],"texture":"#0"},"down":{"uv":[9.9375,8.125,9.625,8.375],"texture":"#0"}}},{"from":[20.88284,13.39857,1],"to":[25.28284,15.39857,3],"rotation":{"angle":45,"axis":"z","origin":[1.28284,-4.60143,0]},"faces":{"north":{"uv":[3.5,3.25,4.0625,3.5],"texture":"#0"},"east":{"uv":[0.25,10,0.5,10.25],"texture":"#0"},"south":{"uv":[6.25,2.5,6.8125,2.75],"texture":"#0"},"west":{"uv":[0.5,10,0.75,10.25],"texture":"#0"},"up":{"uv":[7.0625,1.75,6.5,1.5],"texture":"#0"},"down":{"uv":[9.4375,0.875,8.875,1.125],"texture":"#0"}}},{"from":[27.56497,6.23705,13],"to":[29.56497,10.63705,15],"rotation":{"angle":45,"axis":"z","origin":[1.56497,-2.76295,12]},"faces":{"north":{"uv":[9,6.875,9.25,7.4375],"texture":"#0"},"east":{"uv":[9,7.5,9.25,8.0625],"texture":"#0"},"south":{"uv":[9.125,0.25,9.375,0.8125],"texture":"#0"},"west":{"uv":[1.75,9.125,2,9.6875],"texture":"#0"},"up":{"uv":[10.25,1.625,10,1.375],"texture":"#0"},"down":{"uv":[10.25,1.625,10,1.875],"texture":"#0"}}},{"from":[-2.9855,25.79907,13],"to":[-0.5855,27.79907,15],"rotation":{"angle":-22.5,"axis":"z","origin":[2.4145,-4.20093,12]},"faces":{"north":{"uv":[9.625,8.375,9.9375,8.625],"texture":"#0"},"east":{"uv":[1.75,10,2,10.25],"texture":"#0"},"south":{"uv":[9.625,8.625,9.9375,8.875],"texture":"#0"},"west":{"uv":[10,1.875,10.25,2.125],"texture":"#0"},"up":{"uv":[9.9375,9.125,9.625,8.875],"texture":"#0"},"down":{"uv":[9.9375,9.125,9.625,9.375],"texture":"#0"}}},{"from":[6.27142,25.42971,13],"to":[9.67142,27.42971,15],"rotation":{"angle":0,"axis":"y","origin":[1.67142,-5.57029,12]},"faces":{"north":{"uv":[6.75,9.5,7.1875,9.75],"texture":"#0"},"east":{"uv":[2,10,2.25,10.25],"texture":"#0"},"south":{"uv":[9.5,6.875,9.9375,7.125],"texture":"#0"},"west":{"uv":[2.25,10,2.5,10.25],"texture":"#0"},"up":{"uv":[9.9375,7.375,9.5,7.125],"texture":"#0"},"down":{"uv":[7.6875,9.5,7.25,9.75],"texture":"#0"}}},{"from":[16.01388,20.67278,13],"to":[18.41388,22.67278,15],"rotation":{"angle":22.5,"axis":"z","origin":[0.41388,-5.32722,12]},"faces":{"north":{"uv":[9.625,9.375,9.9375,9.625],"texture":"#0"},"east":{"uv":[10,4.75,10.25,5],"texture":"#0"},"south":{"uv":[9.625,9.625,9.9375,9.875],"texture":"#0"},"west":{"uv":[4.875,10,5.125,10.25],"texture":"#0"},"up":{"uv":[10.0625,1.375,9.75,1.125],"texture":"#0"},"down":{"uv":[2.0625,9.75,1.75,10],"texture":"#0"}}},{"from":[20.88284,13.39857,13],"to":[25.28284,15.39857,15],"rotation":{"angle":45,"axis":"z","origin":[1.28284,-4.60143,12]},"faces":{"north":{"uv":[8.875,3.75,9.4375,4],"texture":"#0"},"east":{"uv":[10,5.125,10.25,5.375],"texture":"#0"},"south":{"uv":[8.875,4,9.4375,4.25],"texture":"#0"},"west":{"uv":[10,5.375,10.25,5.625],"texture":"#0"},"up":{"uv":[9.5625,8.375,9,8.125],"texture":"#0"},"down":{"uv":[9.5625,8.375,9,8.625],"texture":"#0"}}},{"from":[16.01388,20.67278,1],"to":[18.41388,22.67278,3],"rotation":{"angle":22.5,"axis":"z","origin":[0.41388,-5.32722,0]},"faces":{"north":{"uv":[2.125,9.75,2.4375,10],"texture":"#0"},"east":{"uv":[10,5.625,10.25,5.875],"texture":"#0"},"south":{"uv":[9.75,4.25,10.0625,4.5],"texture":"#0"},"west":{"uv":[10,5.875,10.25,6.125],"texture":"#0"},"up":{"uv":[10.0625,4.75,9.75,4.5],"texture":"#0"},"down":{"uv":[6.3125,9.75,6,10],"texture":"#0"}}},{"from":[6.27142,25.42971,1],"to":[9.67142,27.42971,3],"rotation":{"angle":0,"axis":"y","origin":[1.67142,-5.57029,0]},"faces":{"north":{"uv":[9.5,7.375,9.9375,7.625],"texture":"#0"},"east":{"uv":[6,10,6.25,10.25],"texture":"#0"},"south":{"uv":[9.5,7.625,9.9375,7.875],"texture":"#0"},"west":{"uv":[10,6.125,10.25,6.375],"texture":"#0"},"up":{"uv":[8.1875,9.75,7.75,9.5],"texture":"#0"},"down":{"uv":[9.9375,7.875,9.5,8.125],"texture":"#0"}}},{"from":[1,19,13],"to":[3,23.4,15],"rotation":{"angle":0,"axis":"y","origin":[-12,0,0]},"faces":{"north":{"uv":[2,9.125,2.25,9.6875],"texture":"#0"},"east":{"uv":[2.25,9.125,2.5,9.6875],"texture":"#0"},"south":{"uv":[2.5,9.125,2.75,9.6875],"texture":"#0"},"west":{"uv":[9.125,2.5,9.375,3.0625],"texture":"#0"},"up":{"uv":[6.5,10.25,6.25,10],"texture":"#0"},"down":{"uv":[10.25,6.375,10,6.625],"texture":"#0"}}},{"from":[1,5.23705,27.15076],"to":[3,9.63705,29.15076],"rotation":{"angle":-45,"axis":"x","origin":[-12,-2.76295,0.15076]},"faces":{"north":{"uv":[9.125,3.125,9.375,3.6875],"texture":"#0"},"east":{"uv":[9.125,6.25,9.375,6.8125],"texture":"#0"},"south":{"uv":[9.125,8.625,9.375,9.1875],"texture":"#0"},"west":{"uv":[9.25,6.875,9.5,7.4375],"texture":"#0"},"up":{"uv":[6.75,10.25,6.5,10],"texture":"#0"},"down":{"uv":[10.25,6.625,10,6.875],"texture":"#0"}}},{"from":[1,26.4122,-2.06789],"to":[3,28.4122,0.33211],"rotation":{"angle":22.5,"axis":"x","origin":[-12,-1.5878,1.33211]},"faces":{"north":{"uv":[6.75,10,7,10.25],"texture":"#0"},"east":{"uv":[6.75,9.75,7.0625,10],"texture":"#0"},"south":{"uv":[10,6.875,10.25,7.125],"texture":"#0"},"west":{"uv":[7.125,9.75,7.4375,10],"texture":"#0"},"up":{"uv":[2.75,10.0625,2.5,9.75],"texture":"#0"},"down":{"uv":[7.75,9.75,7.5,10.0625],"texture":"#0"}}},{"from":[1,25.42971,6.27142],"to":[3,27.42971,9.67142],"rotation":{"angle":0,"axis":"y","origin":[-12,-2.57029,12.67142]},"faces":{"north":{"uv":[7,10,7.25,10.25],"texture":"#0"},"east":{"uv":[9.625,0.25,10.0625,0.5],"texture":"#0"},"south":{"uv":[10,7.125,10.25,7.375],"texture":"#0"},"west":{"uv":[9.625,0.5,10.0625,0.75],"texture":"#0"},"up":{"uv":[8.5,9.9375,8.25,9.5],"texture":"#0"},"down":{"uv":[9.875,2.25,9.625,2.6875],"texture":"#0"}}},{"from":[1,20.98059,14.36136],"to":[3,22.98059,16.76136],"rotation":{"angle":-22.5,"axis":"x","origin":[-12,-1.01941,0.36136]},"faces":{"north":{"uv":[7.25,10,7.5,10.25],"texture":"#0"},"east":{"uv":[7.75,9.75,8.0625,10],"texture":"#0"},"south":{"uv":[10,7.375,10.25,7.625],"texture":"#0"},"west":{"uv":[9.875,2.25,10.1875,2.5],"texture":"#0"},"up":{"uv":[10.125,3.3125,9.875,3],"texture":"#0"},"down":{"uv":[10.125,3.375,9.875,3.6875],"texture":"#0"}}},{"from":[1,17.06548,-15.70711],"to":[3,21.46548,-13.70711],"rotation":{"angle":45,"axis":"x","origin":[-12,0.06548,0.29289]},"faces":{"north":{"uv":[9.25,7.5,9.5,8.0625],"texture":"#0"},"east":{"uv":[8.875,9.25,9.125,9.8125],"texture":"#0"},"south":{"uv":[9.125,9.25,9.375,9.8125],"texture":"#0"},"west":{"uv":[9.375,0.25,9.625,0.8125],"texture":"#0"},"up":{"uv":[10.25,7.875,10,7.625],"texture":"#0"},"down":{"uv":[8,10,7.75,10.25],"texture":"#0"}}},{"from":[1,19,1],"to":[3,23.4,3],"rotation":{"angle":0,"axis":"y","origin":[-12,0,0]},"faces":{"north":{"uv":[9.375,9.25,9.625,9.8125],"texture":"#0"},"east":{"uv":[0.75,9.5,1,10.0625],"texture":"#0"},"south":{"uv":[1,9.5,1.25,10.0625],"texture":"#0"},"west":{"uv":[1.25,9.5,1.5,10.0625],"texture":"#0"},"up":{"uv":[10.25,8.375,10,8.125],"texture":"#0"},"down":{"uv":[8.5,10,8.25,10.25],"texture":"#0"}}},{"from":[13,17.06548,-15.70711],"to":[15,21.46548,-13.70711],"rotation":{"angle":45,"axis":"x","origin":[0,0.06548,0.29289]},"faces":{"north":{"uv":[1.5,9.5,1.75,10.0625],"texture":"#0"},"east":{"uv":[2.75,9.5,3,10.0625],"texture":"#0"},"south":{"uv":[3,9.5,3.25,10.0625],"texture":"#0"},"west":{"uv":[3.25,9.5,3.5,10.0625],"texture":"#0"},"up":{"uv":[10.25,8.625,10,8.375],"texture":"#0"},"down":{"uv":[10.25,8.625,10,8.875],"texture":"#0"}}},{"from":[13,20.98059,14.36136],"to":[15,22.98059,16.76136],"rotation":{"angle":-22.5,"axis":"x","origin":[0,-1.01941,0.36136]},"faces":{"north":{"uv":[10,8.875,10.25,9.125],"texture":"#0"},"east":{"uv":[9.875,2.5,10.1875,2.75],"texture":"#0"},"south":{"uv":[10,9.125,10.25,9.375],"texture":"#0"},"west":{"uv":[3.5,9.875,3.8125,10.125],"texture":"#0"},"up":{"uv":[10.125,4.0625,9.875,3.75],"texture":"#0"},"down":{"uv":[4.125,9.875,3.875,10.1875],"texture":"#0"}}},{"from":[11.5,11,11.5],"to":[14.5,18,14.5],"faces":{"north":{"uv":[5.25,8.125,5.625,9],"texture":"#0"},"east":{"uv":[1.75,8.25,2.125,9.125],"texture":"#0"},"south":{"uv":[2.125,8.25,2.5,9.125],"texture":"#0"},"west":{"uv":[2.5,8.25,2.875,9.125],"texture":"#0"},"up":{"uv":[3.375,7.375,3,7],"texture":"#0"},"down":{"uv":[3.875,9.5,3.5,9.875],"texture":"#0"}}},{"from":[1.5,11,11.5],"to":[4.5,18,14.5],"faces":{"north":{"uv":[8.5,0.25,8.875,1.125],"texture":"#0"},"east":{"uv":[8.5,2.5,8.875,3.375],"texture":"#0"},"south":{"uv":[8.5,3.375,8.875,4.25],"texture":"#0"},"west":{"uv":[8.5,6.25,8.875,7.125],"texture":"#0"},"up":{"uv":[9.875,3.875,9.5,3.5],"texture":"#0"},"down":{"uv":[4.25,9.5,3.875,9.875],"texture":"#0"}}},{"from":[1.5,11,1.5],"to":[4.5,18,4.5],"faces":{"north":{"uv":[5.625,8.625,6,9.5],"texture":"#0"},"east":{"uv":[6,8.625,6.375,9.5],"texture":"#0"},"south":{"uv":[6.375,8.625,6.75,9.5],"texture":"#0"},"west":{"uv":[6.75,8.625,7.125,9.5],"texture":"#0"},"up":{"uv":[9.875,4.25,9.5,3.875],"texture":"#0"},"down":{"uv":[4.625,9.5,4.25,9.875],"texture":"#0"}}},{"from":[11.5,11,1.5],"to":[14.5,18,4.5],"faces":{"north":{"uv":[7.125,8.625,7.5,9.5],"texture":"#0"},"east":{"uv":[7.5,8.625,7.875,9.5],"texture":"#0"},"south":{"uv":[7.875,8.625,8.25,9.5],"texture":"#0"},"west":{"uv":[8.25,8.625,8.625,9.5],"texture":"#0"},"up":{"uv":[5,9.875,4.625,9.5],"texture":"#0"},"down":{"uv":[6,9.5,5.625,9.875],"texture":"#0"}}},{"from":[2,8,2],"to":[14,9,14],"faces":{"north":{"uv":[8.5,1.375,10,1.5],"texture":"#0"},"east":{"uv":[8.5,4.75,10,4.875],"texture":"#0"},"south":{"uv":[8.5,4.875,10,5],"texture":"#0"},"west":{"uv":[8.75,5,10.25,5.125],"texture":"#0"},"up":{"uv":[3.25,5,1.75,3.5],"texture":"#0"},"down":{"uv":[5,1.75,3.5,3.25],"texture":"#0"}}},{"from":[2,4,6],"to":[14,8,10],"faces":{"north":{"uv":[6.75,5.375,8.25,5.875],"texture":"#0"},"east":{"uv":[5,2.75,5.5,3.25],"texture":"#0"},"south":{"uv":[6.75,5.875,8.25,6.375],"texture":"#0"},"west":{"uv":[1.25,5.25,1.75,5.75],"texture":"#0"},"up":{"uv":[1.5,7.5,0,7],"texture":"#0"},"down":{"uv":[3,7,1.5,7.5],"texture":"#0"}}},{"from":[6,4,2],"to":[10,8,14],"faces":{"north":{"uv":[3.5,6,4,6.5],"texture":"#0"},"east":{"uv":[7,2.5,8.5,3],"texture":"#0"},"south":{"uv":[4,6,4.5,6.5],"texture":"#0"},"west":{"uv":[7,3,8.5,3.5],"texture":"#0"},"up":{"uv":[5.25,8.125,4.75,6.625],"texture":"#0"},"down":{"uv":[5.75,6.625,5.25,8.125],"texture":"#0"}}},{"from":[5,11,10],"to":[11,17,16],"faces":{"north":{"uv":[7,6.375,7.75,7.125],"texture":"#0"},"east":{"uv":[5.75,7.125,6.5,7.875],"texture":"#0"},"south":{"uv":[6.5,7.125,7.25,7.875],"texture":"#0"},"west":{"uv":[7.25,7.125,8,7.875],"texture":"#0"},"up":{"uv":[3.75,8.125,3,7.375],"texture":"#0"},"down":{"uv":[4.5,7.375,3.75,8.125],"texture":"#0"}}},{"from":[7.5,13.5,16],"to":[8.5,15,16.5],"faces":{"north":{"uv":[6.875,2.5,7,2.75],"texture":"#0"},"east":{"uv":[9.25,2.25,9.3125,2.5],"texture":"#0"},"south":{"uv":[3.375,7,3.5,7.25],"texture":"#0"},"west":{"uv":[9.375,3.5,9.4375,3.75],"texture":"#0"},"up":{"uv":[3.5,7.3125,3.375,7.25],"texture":"#0"},"down":{"uv":[8.125,5.25,8,5.3125],"texture":"#0"}}},{"from":[16,13.5,7.5],"to":[16.5,15,8.5],"faces":{"north":{"uv":[8.5,9.5,8.5625,9.75],"texture":"#0"},"east":{"uv":[5.625,8.125,5.75,8.375],"texture":"#0"},"south":{"uv":[6.375,9.75,6.4375,10],"texture":"#0"},"west":{"uv":[2.875,8.25,3,8.5],"texture":"#0"},"up":{"uv":[8.1875,5.375,8.125,5.25],"texture":"#0"},"down":{"uv":[8.3125,6.25,8.25,6.375],"texture":"#0"}}},{"from":[-0.5,13.5,7.5],"to":[0,15,8.5],"faces":{"north":{"uv":[8.125,9.75,8.1875,10],"texture":"#0"},"east":{"uv":[5.625,8.375,5.75,8.625],"texture":"#0"},"south":{"uv":[5.125,10,5.1875,10.25],"texture":"#0"},"west":{"uv":[2.875,8.5,3,8.75],"texture":"#0"},"up":{"uv":[8.4375,6.375,8.375,6.25],"texture":"#0"},"down":{"uv":[2.9375,8.75,2.875,8.875],"texture":"#0"}}},{"from":[5,11,0],"to":[11,17,6],"faces":{"north":{"uv":[0,7.5,0.75,8.25],"texture":"#0"},"east":{"uv":[0.75,7.5,1.5,8.25],"texture":"#0"},"south":{"uv":[1.5,7.5,2.25,8.25],"texture":"#0"},"west":{"uv":[7.5,1.5,8.25,2.25],"texture":"#0"},"up":{"uv":[3,8.25,2.25,7.5],"texture":"#0"},"down":{"uv":[8.5,0,7.75,0.75],"texture":"#0"}}},{"from":[0,11,5],"to":[6,17,11],"faces":{"north":{"uv":[7.75,0.75,8.5,1.5],"texture":"#0"},"east":{"uv":[7.75,3.5,8.5,4.25],"texture":"#0"},"south":{"uv":[7.75,4.25,8.5,5],"texture":"#0"},"west":{"uv":[7.75,6.375,8.5,7.125],"texture":"#0"},"up":{"uv":[6.5,8.625,5.75,7.875],"texture":"#0"},"down":{"uv":[7.25,7.875,6.5,8.625],"texture":"#0"}}},{"from":[10,11,5],"to":[16,17,11],"faces":{"north":{"uv":[7.25,7.875,8,8.625],"texture":"#0"},"east":{"uv":[8,7.125,8.75,7.875],"texture":"#0"},"south":{"uv":[8,7.875,8.75,8.625],"texture":"#0"},"west":{"uv":[3,8.125,3.75,8.875],"texture":"#0"},"up":{"uv":[4.5,8.875,3.75,8.125],"texture":"#0"},"down":{"uv":[5.25,8.125,4.5,8.875],"texture":"#0"}}},{"from":[7.5,13.5,-0.5],"to":[8.5,15,0],"faces":{"north":{"uv":[8.875,6.875,9,7.125],"texture":"#0"},"east":{"uv":[10,9.375,10.0625,9.625],"texture":"#0"},"south":{"uv":[2.75,9.125,2.875,9.375],"texture":"#0"},"west":{"uv":[10,9.625,10.0625,9.875],"texture":"#0"},"up":{"uv":[5.25,8.9375,5.125,8.875],"texture":"#0"},"down":{"uv":[2.875,9.375,2.75,9.4375],"texture":"#0"}}},{"from":[0.15851,1.76956,3],"to":[2.15851,7.76956,13],"rotation":{"angle":-22.5,"axis":"z","origin":[1.15851,-0.23044,-2]},"faces":{"north":{"uv":[3,5,3.25,5.75],"texture":"#0"},"east":{"uv":[5.25,1,6.5,1.75],"texture":"#0"},"south":{"uv":[4.5,7.375,4.75,8.125],"texture":"#0"},"west":{"uv":[2.25,6,3.5,6.75],"texture":"#0"},"up":{"uv":[8.875,9.875,8.625,8.625],"texture":"#0"},"down":{"uv":[0.25,8.75,0,10],"texture":"#0"}}},{"from":[3,2,3],"to":[13,9,13],"faces":{"north":{"uv":[5.75,2.75,7,3.625],"texture":"#0"},"east":{"uv":[5.75,3.625,7,4.5],"texture":"#0"},"south":{"uv":[4.5,5.75,5.75,6.625],"texture":"#0"},"west":{"uv":[5.75,4.5,7,5.375],"texture":"#0"},"up":{"uv":[5.75,5.75,4.5,4.5],"texture":"#0"},"down":{"uv":[4.5,4.75,3.25,6],"texture":"#0"}}},{"from":[13.75912,-3.81637,3],"to":[15.75912,2.18363,13],"rotation":{"angle":22.5,"axis":"z","origin":[0.75912,-2.81637,2]},"faces":{"north":{"uv":[0.75,8.75,1,9.5],"texture":"#0"},"east":{"uv":[0,6.25,1.25,7],"texture":"#0"},"south":{"uv":[1,8.75,1.25,9.5],"texture":"#0"},"west":{"uv":[6.25,1.75,7.5,2.5],"texture":"#0"},"up":{"uv":[0.5,10,0.25,8.75],"texture":"#0"},"down":{"uv":[0.75,8.75,0.5,10],"texture":"#0"}}},{"from":[3,-3.81637,13.75912],"to":[13,2.18363,15.75912],"rotation":{"angle":-22.5,"axis":"x","origin":[-2,-2.81637,0.75912]},"faces":{"north":{"uv":[5.75,6.375,7,7.125],"texture":"#0"},"east":{"uv":[1.25,8.75,1.5,9.5],"texture":"#0"},"south":{"uv":[6.5,0,7.75,0.75],"texture":"#0"},"west":{"uv":[1.5,8.75,1.75,9.5],"texture":"#0"},"up":{"uv":[3.5,7,2.25,6.75],"texture":"#0"},"down":{"uv":[9.75,1.125,8.5,1.375],"texture":"#0"}}},{"from":[3,1.76956,0.15851],"to":[13,7.76956,2.15851],"rotation":{"angle":22.5,"axis":"x","origin":[-2,-0.23044,1.15851]},"faces":{"north":{"uv":[6.5,0.75,7.75,1.5],"texture":"#0"},"east":{"uv":[8.75,7.125,9,7.875],"texture":"#0"},"south":{"uv":[3.5,6.625,4.75,7.375],"texture":"#0"},"west":{"uv":[8.75,7.875,9,8.625],"texture":"#0"},"up":{"uv":[9.75,4.5,8.5,4.25],"texture":"#0"},"down":{"uv":[9.75,4.5,8.5,4.75],"texture":"#0"}}}],"display":{"thirdperson_righthand":{"scale":[0.5,0.5,0.5]},"thirdperson_lefthand":{"scale":[0.5,0.5,0.5]},"firstperson_righthand":{"scale":[0.5,0.5,0.5]},"firstperson_lefthand":{"scale":[0.5,0.5,0.5]},"ground":{"translation":[0,4.5,0]},"head":{"translation":[0,-31.25,0],"scale":[1.49,1.49,1.49]},"fixed":{"translation":[0,-3,0],"scale":[0.7,0.7,0.7]}},"groups":[{"name":"group","origin":[-2,-0.23044,1.15851],"color":0,"children":[0,1,2,3,4,5,6,7,8,9,10,11,12,13,14,15,16,17,18,19,20,21,22,23,24,25,26,27,28,29,30,31,32,33,34,35,36,37,38,39,40,41,42,43,44,45,46,47,48,49]}]}