{"credit":"Made by LZLeon with Blockbench, Contact - Discord: LZBlocks#0261 - E-Mail: lzblocks@outlook.com","texture_size":[64,64],"textures":{"0":"lzfurniture:furniture/medieval_market/medieval_market_open_chest","particle":"lzfurniture:furniture/medieval_market/medieval_market_open_chest"},"elements":[{"from":[1,0,1],"to":[15,11,15],"faces":{"north":{"uv":[3.5,3.5,7,6.25],"texture":"#0"},"east":{"uv":[0,3.5,3.5,6.25],"texture":"#0"},"south":{"uv":[10.5,3.5,14,6.25],"texture":"#0"},"west":{"uv":[7,3.5,10.5,6.25],"texture":"#0"},"up":{"uv":[7,3.5,3.5,0],"texture":"#0"},"down":{"uv":[10.5,0,7,3.5],"texture":"#0"}}},{"from":[18,-7.6,1],"to":[21,6.4,15],"rotation":{"angle":22.5,"axis":"z","origin":[0,0,0]},"faces":{"north":{"uv":[3.5,9.75,4.25,13.25],"texture":"#0"},"east":{"uv":[0,9.75,3.5,13.25],"texture":"#0"},"south":{"uv":[7.75,9.75,8.5,13.25],"texture":"#0"},"west":{"uv":[4.25,9.75,7.75,13.25],"texture":"#0"},"up":{"uv":[4.25,9.75,3.5,6.25],"texture":"#0"},"down":{"uv":[5,6.25,4.25,9.75],"texture":"#0"}}},{"name":"cube inverted","from":[15,11,15],"to":[1,0,1],"faces":{"north":{"uv":[10.5,6.25,14,3.5],"texture":"#0"},"east":{"uv":[7,6.25,10.5,3.5],"texture":"#0"},"south":{"uv":[3.5,6.25,7,3.5],"texture":"#0"},"west":{"uv":[0,6.25,3.5,3.5],"texture":"#0"},"up":{"uv":[7,0,10.5,3.5],"texture":"#0"},"down":{"uv":[3.5,3.5,7,0],"texture":"#0"}}},{"name":"cube inverted","from":[21,6.4,15],"to":[18,-7.6,1],"rotation":{"angle":22.5,"axis":"z","origin":[0,0,0]},"faces":{"north":{"uv":[7.75,13.25,8.5,9.75],"texture":"#0"},"east":{"uv":[4.25,13.25,7.75,9.75],"texture":"#0"},"south":{"uv":[3.5,13.25,4.25,9.75],"texture":"#0"},"west":{"uv":[0,13.25,3.5,9.75],"texture":"#0"},"up":{"uv":[4.25,6.25,5,9.75],"texture":"#0"},"down":{"uv":[3.5,9.75,4.25,6.25],"texture":"#0"}}}],"display":{"thirdperson_righthand":{"rotation":[60,-19,0],"translation":[-1.25,6.25,0],"scale":[0.6,0.6,0.6]},"thirdperson_lefthand":{"rotation":[60,-19,0],"translation":[-1.25,6.25,0],"scale":[0.6,0.6,0.6]},"firstperson_righthand":{"rotation":[0,-73,6],"translation":[0,1.5,0],"scale":[0.4,0.4,0.4]},"firstperson_lefthand":{"rotation":[0,-73,6],"translation":[0,1.5,0],"scale":[0.4,0.4,0.4]},"ground":{"translation":[0,1.5,0],"scale":[0.35,0.35,0.35]},"gui":{"rotation":[30,-40,0],"translation":[-1.25,1.5,0],"scale":[0.55,0.55,0.55]},"head":{"translation":[0,-30.4,0],"scale":[1.6,1.6,1.6]},"fixed":{"rotation":[-90,0,0],"translation":[0,0,-15],"scale":[2,2,2]}}}