{"credit":"MadewithBlockbench","texture_size":[32,32],"textures":{"0":"elitecreatures:chinese_furniture_v2/14_earthquake_detector_texture","particle":"elitecreatures:chinese_furniture_v2/14_earthquake_detector_texture"},"elements":[{"from":[4,0,4],"to":[12,10,12],"faces":{"north":{"uv":[0,0,4,5],"texture":"#0"},"east":{"uv":[0,0,4,5],"texture":"#0"},"south":{"uv":[0,0,4,5],"texture":"#0"},"west":{"uv":[0,0,4,5],"texture":"#0"},"up":{"uv":[12,4,8,0],"texture":"#0"},"down":{"uv":[12,4,8,8],"texture":"#0"}}},{"from":[6,10,6],"to":[10,12,10],"faces":{"north":{"uv":[12,0,14,1],"texture":"#0"},"east":{"uv":[12,0,14,1],"texture":"#0"},"south":{"uv":[12,0,14,1],"texture":"#0"},"west":{"uv":[12,0,14,1],"texture":"#0"},"up":{"uv":[5,12,3,10],"texture":"#0"},"down":{"uv":[7,10,5,12],"texture":"#0"}}},{"from":[5,12,5],"to":[11,13,11],"faces":{"north":{"uv":[12,2,15,2.5],"texture":"#0"},"east":{"uv":[12,2,15,2.5],"texture":"#0"},"south":{"uv":[12,2,15,2.5],"texture":"#0"},"west":{"uv":[12,2,15,2.5],"texture":"#0"},"up":{"uv":[11,11,8,8],"texture":"#0"},"down":{"uv":[3,10,0,13],"texture":"#0"}}},{"from":[1.93088,6.79459,7],"to":[3.93088,9.29459,9],"rotation":{"angle":0,"axis":"y","origin":[8,7.8982,8]},"faces":{"north":{"uv":[12,6.5,13,7.75],"texture":"#0"},"east":{"uv":[8.5,12,9.5,13.25],"texture":"#0"},"south":{"uv":[13,6.5,12,7.75],"texture":"#0"},"west":{"uv":[10.5,12,11.5,13.25],"texture":"#0"},"up":{"uv":[8,11,7,10],"texture":"#0"},"down":{"uv":[13.5,8,12.5,9],"texture":"#0"}}},{"from":[0.39132,4.17336,7.01],"to":[1.89132,5.67336,9.01],"rotation":{"angle":-22.5,"axis":"z","origin":[8,7.8982,8]},"faces":{"north":{"uv":[13,4.5,13.75,5.25],"texture":"#0"},"east":{"uv":[12.5,11,13.5,11.75],"texture":"#0"},"south":{"uv":[13.75,4.5,13,5.25],"texture":"#0"},"west":{"uv":[0,13,1,13.75],"texture":"#0"},"up":{"uv":[1.75,14,1,13],"texture":"#0"},"down":{"uv":[2.75,13,2,14],"texture":"#0"}}},{"from":[0.93088,6.79459,7],"to":[1.93088,8.29459,9],"rotation":{"angle":0,"axis":"y","origin":[8,7.8982,8]},"faces":{"north":{"uv":[7,13.5,7.5,14.25],"texture":"#0"},"east":{"uv":[13,2.5,14,3.25],"texture":"#0"},"south":{"uv":[7,13.5,7.5,14.25],"texture":"#0"},"west":{"uv":[13,3.5,14,4.25],"texture":"#0"},"up":{"uv":[13.5,10,13,9],"texture":"#0"},"down":{"uv":[12,13,11.5,14],"texture":"#0"}}},{"from":[1.18088,6.79459,6.75],"to":[2.43088,7.29459,7],"rotation":{"angle":0,"axis":"y","origin":[8,7.8982,8]},"faces":{"north":{"uv":[14,0.5,14.75,0.75],"texture":"#0"},"east":{"uv":[12.5,15,12.75,15.25],"texture":"#0"},"south":{"uv":[14,5.5,14.75,5.75],"texture":"#0"},"west":{"uv":[15,12.5,15.25,12.75],"texture":"#0"},"up":{"uv":[14.75,6.25,14,6],"texture":"#0"},"down":{"uv":[14.75,6.5,14,6.75],"texture":"#0"}}},{"from":[2.43088,6.79459,6.75],"to":[2.93088,8.29459,7],"rotation":{"angle":0,"axis":"y","origin":[8,7.8982,8]},"faces":{"north":{"uv":[14,7,14.25,7.75],"texture":"#0"},"east":{"uv":[8,14,8.25,14.75],"texture":"#0"},"south":{"uv":[8.5,14,8.75,14.75],"texture":"#0"},"west":{"uv":[14,8.5,14.25,9.25],"texture":"#0"},"up":{"uv":[13.25,15.25,13,15],"texture":"#0"},"down":{"uv":[15.25,13,15,13.25],"texture":"#0"}}},{"from":[1.18088,7.79459,6.75],"to":[2.43088,8.29459,7],"rotation":{"angle":0,"axis":"y","origin":[8,7.8982,8]},"faces":{"north":{"uv":[10,14,10.75,14.25],"texture":"#0"},"east":{"uv":[13.5,15,13.75,15.25],"texture":"#0"},"south":{"uv":[14,10,14.75,10.25],"texture":"#0"},"west":{"uv":[15,13.5,15.25,13.75],"texture":"#0"},"up":{"uv":[14.75,10.75,14,10.5],"texture":"#0"},"down":{"uv":[11.75,14,11,14.25],"texture":"#0"}}},{"from":[0.43961,5.19291,6.75],"to":[1.73961,5.69291,7],"rotation":{"angle":-22.5,"axis":"z","origin":[8,7.8982,8]},"faces":{"north":{"uv":[12,14,12.75,14.25],"texture":"#0"},"east":{"uv":[14,15,14.25,15.25],"texture":"#0"},"south":{"uv":[13,14,13.75,14.25],"texture":"#0"},"west":{"uv":[15,14,15.25,14.25],"texture":"#0"},"up":{"uv":[14.75,14.25,14,14],"texture":"#0"},"down":{"uv":[15.25,0,14.5,0.25],"texture":"#0"}}},{"from":[0.43961,5.19291,9],"to":[1.73961,5.69291,9.25],"rotation":{"angle":-22.5,"axis":"z","origin":[8,7.8982,8]},"faces":{"north":{"uv":[13.75,14,13,14.25],"texture":"#0"},"east":{"uv":[14.25,15,14,15.25],"texture":"#0"},"south":{"uv":[12.75,14,12,14.25],"texture":"#0"},"west":{"uv":[15.25,14,15,14.25],"texture":"#0"},"up":{"uv":[14.75,14,14,14.25],"texture":"#0"},"down":{"uv":[15.25,0.25,14.5,0],"texture":"#0"}}},{"from":[1.18088,7.79459,9],"to":[2.43088,8.29459,9.25],"rotation":{"angle":0,"axis":"y","origin":[8,7.8982,8]},"faces":{"north":{"uv":[14.75,10,14,10.25],"texture":"#0"},"east":{"uv":[13.75,15,13.5,15.25],"texture":"#0"},"south":{"uv":[10.75,14,10,14.25],"texture":"#0"},"west":{"uv":[15.25,13.5,15,13.75],"texture":"#0"},"up":{"uv":[14.75,10.5,14,10.75],"texture":"#0"},"down":{"uv":[11.75,14.25,11,14],"texture":"#0"}}},{"from":[2.43088,6.79459,9],"to":[2.93088,8.29459,9.25],"rotation":{"angle":0,"axis":"y","origin":[8,7.8982,8]},"faces":{"north":{"uv":[8.75,14,8.5,14.75],"texture":"#0"},"east":{"uv":[8.25,14,8,14.75],"texture":"#0"},"south":{"uv":[14.25,7,14,7.75],"texture":"#0"},"west":{"uv":[14.25,8.5,14,9.25],"texture":"#0"},"up":{"uv":[13.25,15,13,15.25],"texture":"#0"},"down":{"uv":[15.25,13.25,15,13],"texture":"#0"}}},{"from":[1.18088,6.79459,9],"to":[2.43088,7.29459,9.25],"rotation":{"angle":0,"axis":"y","origin":[8,7.8982,8]},"faces":{"north":{"uv":[14.75,5.5,14,5.75],"texture":"#0"},"east":{"uv":[12.75,15,12.5,15.25],"texture":"#0"},"south":{"uv":[14.75,0.5,14,0.75],"texture":"#0"},"west":{"uv":[15.25,12.5,15,12.75],"texture":"#0"},"up":{"uv":[14.75,6,14,6.25],"texture":"#0"},"down":{"uv":[14.75,6.75,14,6.5],"texture":"#0"}}},{"from":[3.10142,3.91375,6.85],"to":[3.60142,4.41375,7.35],"rotation":{"angle":-45,"axis":"z","origin":[8,7.8982,8]},"faces":{"north":{"uv":[14.5,15,14.75,15.25],"texture":"#0"},"east":{"uv":[15,15,15.25,15.25],"texture":"#0"},"south":{"uv":[0,15.5,0.25,15.75],"texture":"#0"},"west":{"uv":[15.5,0,15.75,0.25],"texture":"#0"},"up":{"uv":[0.75,15.75,0.5,15.5],"texture":"#0"},"down":{"uv":[1.25,15.5,1,15.75],"texture":"#0"}}},{"from":[0.14132,5.42336,7.25],"to":[0.89132,6.17336,8.75],"rotation":{"angle":-22.5,"axis":"z","origin":[8,7.8982,8]},"faces":{"north":{"uv":[9,15,9.25,15.5],"texture":"#0"},"east":{"uv":[13,7.5,13.75,8],"texture":"#0"},"south":{"uv":[15,9,15.25,9.5],"texture":"#0"},"west":{"uv":[13,10,13.75,10.5],"texture":"#0"},"up":{"uv":[9.25,14.75,9,14],"texture":"#0"},"down":{"uv":[0.25,14.5,0,15.25],"texture":"#0"}}},{"from":[0.64132,3.92336,7.25],"to":[1.39132,4.17336,8.75],"rotation":{"angle":-22.5,"axis":"z","origin":[8,7.8982,8]},"faces":{"north":{"uv":[15.5,1.5,15.75,1.75],"texture":"#0"},"east":{"uv":[14.5,2.5,15.25,2.75],"texture":"#0"},"south":{"uv":[15.5,2,15.75,2.25],"texture":"#0"},"west":{"uv":[3,14.5,3.75,14.75],"texture":"#0"},"up":{"uv":[14.75,3.75,14.5,3],"texture":"#0"},"down":{"uv":[4.25,14.5,4,15.25],"texture":"#0"}}},{"from":[0.39132,3.42336,7.25],"to":[0.64132,4.17336,8.75],"rotation":{"angle":-22.5,"axis":"z","origin":[8,7.8982,8]},"faces":{"north":{"uv":[15,9.5,15.25,10],"texture":"#0"},"east":{"uv":[13.5,8,14.25,8.5],"texture":"#0"},"south":{"uv":[15,10,15.25,10.5],"texture":"#0"},"west":{"uv":[8.5,13.5,9.25,14],"texture":"#0"},"up":{"uv":[14.75,4.75,14.5,4],"texture":"#0"},"down":{"uv":[4.75,14.5,4.5,15.25],"texture":"#0"}}},{"from":[3.10142,3.91375,8.6],"to":[3.60142,4.41375,9.1],"rotation":{"angle":-45,"axis":"z","origin":[8,7.8982,8]},"faces":{"north":{"uv":[6,15.5,6.25,15.75],"texture":"#0"},"east":{"uv":[15.5,6,15.75,6.25],"texture":"#0"},"south":{"uv":[6.5,15.5,6.75,15.75],"texture":"#0"},"west":{"uv":[15.5,6.5,15.75,6.75],"texture":"#0"},"up":{"uv":[15.75,7.25,15.5,7],"texture":"#0"},"down":{"uv":[8.25,15.5,8,15.75],"texture":"#0"}}},{"from":[2.6782,5.84663,9.1],"to":[3.1782,7.34663,9.1],"rotation":{"angle":-22.5,"axis":"z","origin":[8,7.8982,8]},"faces":{"north":{"uv":[1.5,15,1.75,15.75],"texture":"#0"},"east":{"uv":[0,0,0,0.75],"texture":"#0"},"south":{"uv":[15,1.5,15.25,2.25],"texture":"#0"},"west":{"uv":[0,0,0,0.75],"texture":"#0"},"up":{"uv":[0.25,0,0,0],"texture":"#0"},"down":{"uv":[0.25,0,0,0],"texture":"#0"}}},{"from":[2.95045,9.60705,9.1],"to":[5.45045,10.10705,9.1],"rotation":{"angle":22.5,"axis":"z","origin":[8,7.8982,8]},"faces":{"north":{"uv":[13.5,12,14.75,12.25],"texture":"#0"},"east":{"uv":[0,0,0,0.25],"texture":"#0"},"south":{"uv":[13.5,12.5,14.75,12.75],"texture":"#0"},"west":{"uv":[0,0,0,0.25],"texture":"#0"},"up":{"uv":[1.25,0,0,0],"texture":"#0"},"down":{"uv":[1.25,0,0,0],"texture":"#0"}}},{"from":[2.49006,7.00391,9.1],"to":[4.99006,7.50391,9.1],"rotation":{"angle":0,"axis":"y","origin":[8,7.8982,8]},"faces":{"north":{"uv":[13.5,13,14.75,13.25],"texture":"#0"},"east":{"uv":[0,0,0,0.25],"texture":"#0"},"south":{"uv":[13.5,13.5,14.75,13.75],"texture":"#0"},"west":{"uv":[0,0,0,0.25],"texture":"#0"},"up":{"uv":[1.25,0,0,0],"texture":"#0"},"down":{"uv":[1.25,0,0,0],"texture":"#0"}}},{"from":[2.6782,5.84663,6.9],"to":[3.1782,7.34663,6.9],"rotation":{"angle":-22.5,"axis":"z","origin":[8,7.8982,8]},"faces":{"north":{"uv":[15.25,1.5,15,2.25],"texture":"#0"},"east":{"uv":[0,0,0,0.75],"texture":"#0"},"south":{"uv":[1.75,15,1.5,15.75],"texture":"#0"},"west":{"uv":[0,0,0,0.75],"texture":"#0"},"up":{"uv":[0.25,0,0,0],"texture":"#0"},"down":{"uv":[0.25,0,0,0],"texture":"#0"}}},{"from":[2.95045,9.60705,6.9],"to":[5.45045,10.10705,6.9],"rotation":{"angle":22.5,"axis":"z","origin":[8,7.8982,8]},"faces":{"north":{"uv":[14.75,12.5,13.5,12.75],"texture":"#0"},"east":{"uv":[0,0,0,0.25],"texture":"#0"},"south":{"uv":[14.75,12,13.5,12.25],"texture":"#0"},"west":{"uv":[0,0,0,0.25],"texture":"#0"},"up":{"uv":[1.25,0,0,0],"texture":"#0"},"down":{"uv":[1.25,0,0,0],"texture":"#0"}}},{"from":[2.49006,7.00391,6.9],"to":[4.99006,7.50391,6.9],"rotation":{"angle":0,"axis":"y","origin":[8,7.8982,8]},"faces":{"north":{"uv":[14.75,13.5,13.5,13.75],"texture":"#0"},"east":{"uv":[0,0,0,0.25],"texture":"#0"},"south":{"uv":[14.75,13,13.5,13.25],"texture":"#0"},"west":{"uv":[0,0,0,0.25],"texture":"#0"},"up":{"uv":[1.25,0,0,0],"texture":"#0"},"down":{"uv":[1.25,0,0,0],"texture":"#0"}}},{"from":[12.06912,6.79459,7],"to":[14.06912,9.29459,9],"rotation":{"angle":0,"axis":"y","origin":[8,7.8982,8]},"faces":{"north":{"uv":[13,6.5,12,7.75],"texture":"#0"},"east":{"uv":[11.5,12,10.5,13.25],"texture":"#0"},"south":{"uv":[12,6.5,13,7.75],"texture":"#0"},"west":{"uv":[9.5,12,8.5,13.25],"texture":"#0"},"up":{"uv":[7,11,8,10],"texture":"#0"},"down":{"uv":[12.5,8,13.5,9],"texture":"#0"}}},{"from":[14.10868,4.17336,7.01],"to":[15.60868,5.67336,9.01],"rotation":{"angle":22.5,"axis":"z","origin":[8,7.8982,8]},"faces":{"north":{"uv":[13.75,4.5,13,5.25],"texture":"#0"},"east":{"uv":[1,13,0,13.75],"texture":"#0"},"south":{"uv":[13,4.5,13.75,5.25],"texture":"#0"},"west":{"uv":[13.5,11,12.5,11.75],"texture":"#0"},"up":{"uv":[1,14,1.75,13],"texture":"#0"},"down":{"uv":[2,13,2.75,14],"texture":"#0"}}},{"from":[14.06912,6.79459,7],"to":[15.06912,8.29459,9],"rotation":{"angle":0,"axis":"y","origin":[8,7.8982,8]},"faces":{"north":{"uv":[7.5,13.5,7,14.25],"texture":"#0"},"east":{"uv":[14,3.5,13,4.25],"texture":"#0"},"south":{"uv":[7.5,13.5,7,14.25],"texture":"#0"},"west":{"uv":[14,2.5,13,3.25],"texture":"#0"},"up":{"uv":[13,10,13.5,9],"texture":"#0"},"down":{"uv":[11.5,13,12,14],"texture":"#0"}}},{"from":[13.56912,6.79459,6.75],"to":[14.81912,7.29459,7],"rotation":{"angle":0,"axis":"y","origin":[8,7.8982,8]},"faces":{"north":{"uv":[14.75,0.5,14,0.75],"texture":"#0"},"east":{"uv":[15.25,12.5,15,12.75],"texture":"#0"},"south":{"uv":[14.75,5.5,14,5.75],"texture":"#0"},"west":{"uv":[12.75,15,12.5,15.25],"texture":"#0"},"up":{"uv":[14,6.25,14.75,6],"texture":"#0"},"down":{"uv":[14,6.5,14.75,6.75],"texture":"#0"}}},{"from":[13.06912,6.79459,6.75],"to":[13.56912,8.29459,7],"rotation":{"angle":0,"axis":"y","origin":[8,7.8982,8]},"faces":{"north":{"uv":[14.25,7,14,7.75],"texture":"#0"},"east":{"uv":[14.25,8.5,14,9.25],"texture":"#0"},"south":{"uv":[8.75,14,8.5,14.75],"texture":"#0"},"west":{"uv":[8.25,14,8,14.75],"texture":"#0"},"up":{"uv":[13,15.25,13.25,15],"texture":"#0"},"down":{"uv":[15,13,15.25,13.25],"texture":"#0"}}},{"from":[13.56912,7.79459,6.75],"to":[14.81912,8.29459,7],"rotation":{"angle":0,"axis":"y","origin":[8,7.8982,8]},"faces":{"north":{"uv":[10.75,14,10,14.25],"texture":"#0"},"east":{"uv":[15.25,13.5,15,13.75],"texture":"#0"},"south":{"uv":[14.75,10,14,10.25],"texture":"#0"},"west":{"uv":[13.75,15,13.5,15.25],"texture":"#0"},"up":{"uv":[14,10.75,14.75,10.5],"texture":"#0"},"down":{"uv":[11,14,11.75,14.25],"texture":"#0"}}},{"from":[14.26039,5.19291,6.75],"to":[15.56039,5.69291,7],"rotation":{"angle":22.5,"axis":"z","origin":[8,7.8982,8]},"faces":{"north":{"uv":[12.75,14,12,14.25],"texture":"#0"},"east":{"uv":[15.25,14,15,14.25],"texture":"#0"},"south":{"uv":[13.75,14,13,14.25],"texture":"#0"},"west":{"uv":[14.25,15,14,15.25],"texture":"#0"},"up":{"uv":[14,14.25,14.75,14],"texture":"#0"},"down":{"uv":[14.5,0,15.25,0.25],"texture":"#0"}}},{"from":[14.26039,5.19291,9],"to":[15.56039,5.69291,9.25],"rotation":{"angle":22.5,"axis":"z","origin":[8,7.8982,8]},"faces":{"north":{"uv":[13,14,13.75,14.25],"texture":"#0"},"east":{"uv":[15,14,15.25,14.25],"texture":"#0"},"south":{"uv":[12,14,12.75,14.25],"texture":"#0"},"west":{"uv":[14,15,14.25,15.25],"texture":"#0"},"up":{"uv":[14,14,14.75,14.25],"texture":"#0"},"down":{"uv":[14.5,0.25,15.25,0],"texture":"#0"}}},{"from":[13.56912,7.79459,9],"to":[14.81912,8.29459,9.25],"rotation":{"angle":0,"axis":"y","origin":[8,7.8982,8]},"faces":{"north":{"uv":[14,10,14.75,10.25],"texture":"#0"},"east":{"uv":[15,13.5,15.25,13.75],"texture":"#0"},"south":{"uv":[10,14,10.75,14.25],"texture":"#0"},"west":{"uv":[13.5,15,13.75,15.25],"texture":"#0"},"up":{"uv":[14,10.5,14.75,10.75],"texture":"#0"},"down":{"uv":[11,14.25,11.75,14],"texture":"#0"}}},{"from":[13.06912,6.79459,9],"to":[13.56912,8.29459,9.25],"rotation":{"angle":0,"axis":"y","origin":[8,7.8982,8]},"faces":{"north":{"uv":[8.5,14,8.75,14.75],"texture":"#0"},"east":{"uv":[14,8.5,14.25,9.25],"texture":"#0"},"south":{"uv":[14,7,14.25,7.75],"texture":"#0"},"west":{"uv":[8,14,8.25,14.75],"texture":"#0"},"up":{"uv":[13,15,13.25,15.25],"texture":"#0"},"down":{"uv":[15,13.25,15.25,13],"texture":"#0"}}},{"from":[13.56912,6.79459,9],"to":[14.81912,7.29459,9.25],"rotation":{"angle":0,"axis":"y","origin":[8,7.8982,8]},"faces":{"north":{"uv":[14,5.5,14.75,5.75],"texture":"#0"},"east":{"uv":[15,12.5,15.25,12.75],"texture":"#0"},"south":{"uv":[14,0.5,14.75,0.75],"texture":"#0"},"west":{"uv":[12.5,15,12.75,15.25],"texture":"#0"},"up":{"uv":[14,6,14.75,6.25],"texture":"#0"},"down":{"uv":[14,6.75,14.75,6.5],"texture":"#0"}}},{"from":[12.39858,3.91375,6.85],"to":[12.89858,4.41375,7.35],"rotation":{"angle":45,"axis":"z","origin":[8,7.8982,8]},"faces":{"north":{"uv":[14.75,15,14.5,15.25],"texture":"#0"},"east":{"uv":[15.75,0,15.5,0.25],"texture":"#0"},"south":{"uv":[0.25,15.5,0,15.75],"texture":"#0"},"west":{"uv":[15.25,15,15,15.25],"texture":"#0"},"up":{"uv":[0.5,15.75,0.75,15.5],"texture":"#0"},"down":{"uv":[1,15.5,1.25,15.75],"texture":"#0"}}},{"from":[15.10868,5.42336,7.25],"to":[15.85868,6.17336,8.75],"rotation":{"angle":22.5,"axis":"z","origin":[8,7.8982,8]},"faces":{"north":{"uv":[9.25,15,9,15.5],"texture":"#0"},"east":{"uv":[13.75,10,13,10.5],"texture":"#0"},"south":{"uv":[15.25,9,15,9.5],"texture":"#0"},"west":{"uv":[13.75,7.5,13,8],"texture":"#0"},"up":{"uv":[9,14.75,9.25,14],"texture":"#0"},"down":{"uv":[0,14.5,0.25,15.25],"texture":"#0"}}},{"from":[14.60868,3.92336,7.25],"to":[15.35868,4.17336,8.75],"rotation":{"angle":22.5,"axis":"z","origin":[8,7.8982,8]},"faces":{"north":{"uv":[15.75,1.5,15.5,1.75],"texture":"#0"},"east":{"uv":[3.75,14.5,3,14.75],"texture":"#0"},"south":{"uv":[15.75,2,15.5,2.25],"texture":"#0"},"west":{"uv":[15.25,2.5,14.5,2.75],"texture":"#0"},"up":{"uv":[14.5,3.75,14.75,3],"texture":"#0"},"down":{"uv":[4,14.5,4.25,15.25],"texture":"#0"}}},{"from":[15.35868,3.42336,7.25],"to":[15.60868,4.17336,8.75],"rotation":{"angle":22.5,"axis":"z","origin":[8,7.8982,8]},"faces":{"north":{"uv":[15.25,9.5,15,10],"texture":"#0"},"east":{"uv":[9.25,13.5,8.5,14],"texture":"#0"},"south":{"uv":[15.25,10,15,10.5],"texture":"#0"},"west":{"uv":[14.25,8,13.5,8.5],"texture":"#0"},"up":{"uv":[14.5,4.75,14.75,4],"texture":"#0"},"down":{"uv":[4.5,14.5,4.75,15.25],"texture":"#0"}}},{"from":[12.39858,3.91375,8.6],"to":[12.89858,4.41375,9.1],"rotation":{"angle":45,"axis":"z","origin":[8,7.8982,8]},"faces":{"north":{"uv":[6.25,15.5,6,15.75],"texture":"#0"},"east":{"uv":[15.75,6.5,15.5,6.75],"texture":"#0"},"south":{"uv":[6.75,15.5,6.5,15.75],"texture":"#0"},"west":{"uv":[15.75,6,15.5,6.25],"texture":"#0"},"up":{"uv":[15.5,7.25,15.75,7],"texture":"#0"},"down":{"uv":[8,15.5,8.25,15.75],"texture":"#0"}}},{"from":[12.8218,5.84663,9.1],"to":[13.3218,7.34663,9.1],"rotation":{"angle":22.5,"axis":"z","origin":[8,7.8982,8]},"faces":{"north":{"uv":[1.75,15,1.5,15.75],"texture":"#0"},"east":{"uv":[0,0,0,0.75],"texture":"#0"},"south":{"uv":[15.25,1.5,15,2.25],"texture":"#0"},"west":{"uv":[0,0,0,0.75],"texture":"#0"},"up":{"uv":[0,0,0.25,0],"texture":"#0"},"down":{"uv":[0,0,0.25,0],"texture":"#0"}}},{"from":[10.54955,9.60705,9.1],"to":[13.04955,10.10705,9.1],"rotation":{"angle":-22.5,"axis":"z","origin":[8,7.8982,8]},"faces":{"north":{"uv":[14.75,12,13.5,12.25],"texture":"#0"},"east":{"uv":[0,0,0,0.25],"texture":"#0"},"south":{"uv":[14.75,12.5,13.5,12.75],"texture":"#0"},"west":{"uv":[0,0,0,0.25],"texture":"#0"},"up":{"uv":[0,0,1.25,0],"texture":"#0"},"down":{"uv":[0,0,1.25,0],"texture":"#0"}}},{"from":[11.00994,7.00391,9.1],"to":[13.50994,7.50391,9.1],"rotation":{"angle":0,"axis":"y","origin":[8,7.8982,8]},"faces":{"north":{"uv":[14.75,13,13.5,13.25],"texture":"#0"},"east":{"uv":[0,0,0,0.25],"texture":"#0"},"south":{"uv":[14.75,13.5,13.5,13.75],"texture":"#0"},"west":{"uv":[0,0,0,0.25],"texture":"#0"},"up":{"uv":[0,0,1.25,0],"texture":"#0"},"down":{"uv":[0,0,1.25,0],"texture":"#0"}}},{"from":[12.8218,5.84663,6.9],"to":[13.3218,7.34663,6.9],"rotation":{"angle":22.5,"axis":"z","origin":[8,7.8982,8]},"faces":{"north":{"uv":[15,1.5,15.25,2.25],"texture":"#0"},"east":{"uv":[0,0,0,0.75],"texture":"#0"},"south":{"uv":[1.5,15,1.75,15.75],"texture":"#0"},"west":{"uv":[0,0,0,0.75],"texture":"#0"},"up":{"uv":[0,0,0.25,0],"texture":"#0"},"down":{"uv":[0,0,0.25,0],"texture":"#0"}}},{"from":[10.54955,9.60705,6.9],"to":[13.04955,10.10705,6.9],"rotation":{"angle":-22.5,"axis":"z","origin":[8,7.8982,8]},"faces":{"north":{"uv":[13.5,12.5,14.75,12.75],"texture":"#0"},"east":{"uv":[0,0,0,0.25],"texture":"#0"},"south":{"uv":[13.5,12,14.75,12.25],"texture":"#0"},"west":{"uv":[0,0,0,0.25],"texture":"#0"},"up":{"uv":[0,0,1.25,0],"texture":"#0"},"down":{"uv":[0,0,1.25,0],"texture":"#0"}}},{"from":[11.00994,7.00391,6.9],"to":[13.50994,7.50391,6.9],"rotation":{"angle":0,"axis":"y","origin":[8,7.8982,8]},"faces":{"north":{"uv":[13.5,13.5,14.75,13.75],"texture":"#0"},"east":{"uv":[0,0,0,0.25],"texture":"#0"},"south":{"uv":[13.5,13,14.75,13.25],"texture":"#0"},"west":{"uv":[0,0,0,0.25],"texture":"#0"},"up":{"uv":[0,0,1.25,0],"texture":"#0"},"down":{"uv":[0,0,1.25,0],"texture":"#0"}}},{"from":[7,6.79459,1.93088],"to":[9,9.29459,3.93088],"rotation":{"angle":0,"axis":"y","origin":[8,7.8982,8]},"faces":{"north":{"uv":[10.5,12,11.5,13.25],"texture":"#0"},"east":{"uv":[12,6.5,13,7.75],"texture":"#0"},"south":{"uv":[8.5,12,9.5,13.25],"texture":"#0"},"west":{"uv":[13,6.5,12,7.75],"texture":"#0"},"up":{"uv":[8,11,7,10],"rotation":90,"texture":"#0"},"down":{"uv":[13.5,8,12.5,9],"rotation":270,"texture":"#0"}}},{"from":[6.99,4.17336,0.39132],"to":[8.99,5.67336,1.89132],"rotation":{"angle":22.5,"axis":"x","origin":[8,7.8982,8]},"faces":{"north":{"uv":[0,13,1,13.75],"texture":"#0"},"east":{"uv":[13,4.5,13.75,5.25],"texture":"#0"},"south":{"uv":[12.5,11,13.5,11.75],"texture":"#0"},"west":{"uv":[13.75,4.5,13,5.25],"texture":"#0"},"up":{"uv":[1.75,14,1,13],"rotation":90,"texture":"#0"},"down":{"uv":[2.75,13,2,14],"rotation":270,"texture":"#0"}}},{"from":[7,6.79459,0.93088],"to":[9,8.29459,1.93088],"rotation":{"angle":0,"axis":"y","origin":[8,7.8982,8]},"faces":{"north":{"uv":[13,3.5,14,4.25],"texture":"#0"},"east":{"uv":[7,13.5,7.5,14.25],"texture":"#0"},"south":{"uv":[13,2.5,14,3.25],"texture":"#0"},"west":{"uv":[7,13.5,7.5,14.25],"texture":"#0"},"up":{"uv":[13.5,10,13,9],"rotation":90,"texture":"#0"},"down":{"uv":[12,13,11.5,14],"rotation":270,"texture":"#0"}}},{"from":[9,6.79459,1.18088],"to":[9.25,7.29459,2.43088],"rotation":{"angle":0,"axis":"y","origin":[8,7.8982,8]},"faces":{"north":{"uv":[15,12.5,15.25,12.75],"texture":"#0"},"east":{"uv":[14,0.5,14.75,0.75],"texture":"#0"},"south":{"uv":[12.5,15,12.75,15.25],"texture":"#0"},"west":{"uv":[14,5.5,14.75,5.75],"texture":"#0"},"up":{"uv":[14.75,6.25,14,6],"rotation":90,"texture":"#0"},"down":{"uv":[14.75,6.5,14,6.75],"rotation":270,"texture":"#0"}}},{"from":[9,6.79459,2.43088],"to":[9.25,8.29459,2.93088],"rotation":{"angle":0,"axis":"y","origin":[8,7.8982,8]},"faces":{"north":{"uv":[14,8.5,14.25,9.25],"texture":"#0"},"east":{"uv":[14,7,14.25,7.75],"texture":"#0"},"south":{"uv":[8,14,8.25,14.75],"texture":"#0"},"west":{"uv":[8.5,14,8.75,14.75],"texture":"#0"},"up":{"uv":[13.25,15.25,13,15],"rotation":90,"texture":"#0"},"down":{"uv":[15.25,13,15,13.25],"rotation":270,"texture":"#0"}}},{"from":[9,7.79459,1.18088],"to":[9.25,8.29459,2.43088],"rotation":{"angle":0,"axis":"y","origin":[8,7.8982,8]},"faces":{"north":{"uv":[15,13.5,15.25,13.75],"texture":"#0"},"east":{"uv":[10,14,10.75,14.25],"texture":"#0"},"south":{"uv":[13.5,15,13.75,15.25],"texture":"#0"},"west":{"uv":[14,10,14.75,10.25],"texture":"#0"},"up":{"uv":[14.75,10.75,14,10.5],"rotation":90,"texture":"#0"},"down":{"uv":[11.75,14,11,14.25],"rotation":270,"texture":"#0"}}},{"from":[9,5.19291,0.43961],"to":[9.25,5.69291,1.73961],"rotation":{"angle":22.5,"axis":"x","origin":[8,7.8982,8]},"faces":{"north":{"uv":[15,14,15.25,14.25],"texture":"#0"},"east":{"uv":[12,14,12.75,14.25],"texture":"#0"},"south":{"uv":[14,15,14.25,15.25],"texture":"#0"},"west":{"uv":[13,14,13.75,14.25],"texture":"#0"},"up":{"uv":[14.75,14.25,14,14],"rotation":90,"texture":"#0"},"down":{"uv":[15.25,0,14.5,0.25],"rotation":270,"texture":"#0"}}},{"from":[6.75,5.19291,0.43961],"to":[7,5.69291,1.73961],"rotation":{"angle":22.5,"axis":"x","origin":[8,7.8982,8]},"faces":{"north":{"uv":[15.25,14,15,14.25],"texture":"#0"},"east":{"uv":[13.75,14,13,14.25],"texture":"#0"},"south":{"uv":[14.25,15,14,15.25],"texture":"#0"},"west":{"uv":[12.75,14,12,14.25],"texture":"#0"},"up":{"uv":[14.75,14,14,14.25],"rotation":90,"texture":"#0"},"down":{"uv":[15.25,0.25,14.5,0],"rotation":270,"texture":"#0"}}},{"from":[6.75,7.79459,1.18088],"to":[7,8.29459,2.43088],"rotation":{"angle":0,"axis":"y","origin":[8,7.8982,8]},"faces":{"north":{"uv":[15.25,13.5,15,13.75],"texture":"#0"},"east":{"uv":[14.75,10,14,10.25],"texture":"#0"},"south":{"uv":[13.75,15,13.5,15.25],"texture":"#0"},"west":{"uv":[10.75,14,10,14.25],"texture":"#0"},"up":{"uv":[14.75,10.5,14,10.75],"rotation":90,"texture":"#0"},"down":{"uv":[11.75,14.25,11,14],"rotation":270,"texture":"#0"}}},{"from":[6.75,6.79459,2.43088],"to":[7,8.29459,2.93088],"rotation":{"angle":0,"axis":"y","origin":[8,7.8982,8]},"faces":{"north":{"uv":[14.25,8.5,14,9.25],"texture":"#0"},"east":{"uv":[8.75,14,8.5,14.75],"texture":"#0"},"south":{"uv":[8.25,14,8,14.75],"texture":"#0"},"west":{"uv":[14.25,7,14,7.75],"texture":"#0"},"up":{"uv":[13.25,15,13,15.25],"rotation":90,"texture":"#0"},"down":{"uv":[15.25,13.25,15,13],"rotation":270,"texture":"#0"}}},{"from":[6.75,6.79459,1.18088],"to":[7,7.29459,2.43088],"rotation":{"angle":0,"axis":"y","origin":[8,7.8982,8]},"faces":{"north":{"uv":[15.25,12.5,15,12.75],"texture":"#0"},"east":{"uv":[14.75,5.5,14,5.75],"texture":"#0"},"south":{"uv":[12.75,15,12.5,15.25],"texture":"#0"},"west":{"uv":[14.75,0.5,14,0.75],"texture":"#0"},"up":{"uv":[14.75,6,14,6.25],"rotation":90,"texture":"#0"},"down":{"uv":[14.75,6.75,14,6.5],"rotation":270,"texture":"#0"}}},{"from":[8.65,3.91375,3.10142],"to":[9.15,4.41375,3.60142],"rotation":{"angle":45,"axis":"x","origin":[8,7.8982,8]},"faces":{"north":{"uv":[15.5,0,15.75,0.25],"texture":"#0"},"east":{"uv":[14.5,15,14.75,15.25],"texture":"#0"},"south":{"uv":[15,15,15.25,15.25],"texture":"#0"},"west":{"uv":[0,15.5,0.25,15.75],"texture":"#0"},"up":{"uv":[0.75,15.75,0.5,15.5],"rotation":90,"texture":"#0"},"down":{"uv":[1.25,15.5,1,15.75],"rotation":270,"texture":"#0"}}},{"from":[7.25,5.42336,0.14132],"to":[8.75,6.17336,0.89132],"rotation":{"angle":22.5,"axis":"x","origin":[8,7.8982,8]},"faces":{"north":{"uv":[13,10,13.75,10.5],"texture":"#0"},"east":{"uv":[9,15,9.25,15.5],"texture":"#0"},"south":{"uv":[13,7.5,13.75,8],"texture":"#0"},"west":{"uv":[15,9,15.25,9.5],"texture":"#0"},"up":{"uv":[9.25,14.75,9,14],"rotation":90,"texture":"#0"},"down":{"uv":[0.25,14.5,0,15.25],"rotation":270,"texture":"#0"}}},{"from":[7.25,3.92336,0.64132],"to":[8.75,4.17336,1.39132],"rotation":{"angle":22.5,"axis":"x","origin":[8,7.8982,8]},"faces":{"north":{"uv":[3,14.5,3.75,14.75],"texture":"#0"},"east":{"uv":[15.5,1.5,15.75,1.75],"texture":"#0"},"south":{"uv":[14.5,2.5,15.25,2.75],"texture":"#0"},"west":{"uv":[15.5,2,15.75,2.25],"texture":"#0"},"up":{"uv":[14.75,3.75,14.5,3],"rotation":90,"texture":"#0"},"down":{"uv":[4.25,14.5,4,15.25],"rotation":270,"texture":"#0"}}},{"from":[7.25,3.42336,0.39132],"to":[8.75,4.17336,0.64132],"rotation":{"angle":22.5,"axis":"x","origin":[8,7.8982,8]},"faces":{"north":{"uv":[8.5,13.5,9.25,14],"texture":"#0"},"east":{"uv":[15,9.5,15.25,10],"texture":"#0"},"south":{"uv":[13.5,8,14.25,8.5],"texture":"#0"},"west":{"uv":[15,10,15.25,10.5],"texture":"#0"},"up":{"uv":[14.75,4.75,14.5,4],"rotation":90,"texture":"#0"},"down":{"uv":[4.75,14.5,4.5,15.25],"rotation":270,"texture":"#0"}}},{"from":[6.9,3.91375,3.10142],"to":[7.4,4.41375,3.60142],"rotation":{"angle":45,"axis":"x","origin":[8,7.8982,8]},"faces":{"north":{"uv":[15.5,6.5,15.75,6.75],"texture":"#0"},"east":{"uv":[6,15.5,6.25,15.75],"texture":"#0"},"south":{"uv":[15.5,6,15.75,6.25],"texture":"#0"},"west":{"uv":[6.5,15.5,6.75,15.75],"texture":"#0"},"up":{"uv":[15.75,7.25,15.5,7],"rotation":90,"texture":"#0"},"down":{"uv":[8.25,15.5,8,15.75],"rotation":270,"texture":"#0"}}},{"from":[6.9,5.84663,2.6782],"to":[6.9,7.34663,3.1782],"rotation":{"angle":22.5,"axis":"x","origin":[8,7.8982,8]},"faces":{"north":{"uv":[0,0,0,0.75],"texture":"#0"},"east":{"uv":[1.5,15,1.75,15.75],"texture":"#0"},"south":{"uv":[0,0,0,0.75],"texture":"#0"},"west":{"uv":[15,1.5,15.25,2.25],"texture":"#0"},"up":{"uv":[0.25,0,0,0],"rotation":90,"texture":"#0"},"down":{"uv":[0.25,0,0,0],"rotation":270,"texture":"#0"}}},{"from":[6.9,9.60705,2.95045],"to":[6.9,10.10705,5.45045],"rotation":{"angle":-22.5,"axis":"x","origin":[8,7.8982,8]},"faces":{"north":{"uv":[0,0,0,0.25],"texture":"#0"},"east":{"uv":[13.5,12,14.75,12.25],"texture":"#0"},"south":{"uv":[0,0,0,0.25],"texture":"#0"},"west":{"uv":[13.5,12.5,14.75,12.75],"texture":"#0"},"up":{"uv":[1.25,0,0,0],"rotation":90,"texture":"#0"},"down":{"uv":[1.25,0,0,0],"rotation":270,"texture":"#0"}}},{"from":[6.9,7.00391,2.49006],"to":[6.9,7.50391,4.99006],"rotation":{"angle":0,"axis":"y","origin":[8,7.8982,8]},"faces":{"north":{"uv":[0,0,0,0.25],"texture":"#0"},"east":{"uv":[13.5,13,14.75,13.25],"texture":"#0"},"south":{"uv":[0,0,0,0.25],"texture":"#0"},"west":{"uv":[13.5,13.5,14.75,13.75],"texture":"#0"},"up":{"uv":[1.25,0,0,0],"rotation":90,"texture":"#0"},"down":{"uv":[1.25,0,0,0],"rotation":270,"texture":"#0"}}},{"from":[9.1,5.84663,2.6782],"to":[9.1,7.34663,3.1782],"rotation":{"angle":22.5,"axis":"x","origin":[8,7.8982,8]},"faces":{"north":{"uv":[0,0,0,0.75],"texture":"#0"},"east":{"uv":[15.25,1.5,15,2.25],"texture":"#0"},"south":{"uv":[0,0,0,0.75],"texture":"#0"},"west":{"uv":[1.75,15,1.5,15.75],"texture":"#0"},"up":{"uv":[0.25,0,0,0],"rotation":90,"texture":"#0"},"down":{"uv":[0.25,0,0,0],"rotation":270,"texture":"#0"}}},{"from":[9.1,9.60705,2.95045],"to":[9.1,10.10705,5.45045],"rotation":{"angle":-22.5,"axis":"x","origin":[8,7.8982,8]},"faces":{"north":{"uv":[0,0,0,0.25],"texture":"#0"},"east":{"uv":[14.75,12.5,13.5,12.75],"texture":"#0"},"south":{"uv":[0,0,0,0.25],"texture":"#0"},"west":{"uv":[14.75,12,13.5,12.25],"texture":"#0"},"up":{"uv":[1.25,0,0,0],"rotation":90,"texture":"#0"},"down":{"uv":[1.25,0,0,0],"rotation":270,"texture":"#0"}}},{"from":[9.1,7.00391,2.49006],"to":[9.1,7.50391,4.99006],"rotation":{"angle":0,"axis":"y","origin":[8,7.8982,8]},"faces":{"north":{"uv":[0,0,0,0.25],"texture":"#0"},"east":{"uv":[14.75,13.5,13.5,13.75],"texture":"#0"},"south":{"uv":[0,0,0,0.25],"texture":"#0"},"west":{"uv":[14.75,13,13.5,13.25],"texture":"#0"},"up":{"uv":[1.25,0,0,0],"rotation":90,"texture":"#0"},"down":{"uv":[1.25,0,0,0],"rotation":270,"texture":"#0"}}},{"from":[7,6.79459,12.06912],"to":[9,9.29459,14.06912],"rotation":{"angle":0,"axis":"y","origin":[8,7.8982,8]},"faces":{"north":{"uv":[9.5,12,8.5,13.25],"texture":"#0"},"east":{"uv":[13,6.5,12,7.75],"texture":"#0"},"south":{"uv":[11.5,12,10.5,13.25],"texture":"#0"},"west":{"uv":[12,6.5,13,7.75],"texture":"#0"},"up":{"uv":[7,11,8,10],"rotation":90,"texture":"#0"},"down":{"uv":[12.5,8,13.5,9],"rotation":270,"texture":"#0"}}},{"from":[6.99,4.17336,14.10868],"to":[8.99,5.67336,15.60868],"rotation":{"angle":-22.5,"axis":"x","origin":[8,7.8982,8]},"faces":{"north":{"uv":[13.5,11,12.5,11.75],"texture":"#0"},"east":{"uv":[13.75,4.5,13,5.25],"texture":"#0"},"south":{"uv":[1,13,0,13.75],"texture":"#0"},"west":{"uv":[13,4.5,13.75,5.25],"texture":"#0"},"up":{"uv":[1,14,1.75,13],"rotation":90,"texture":"#0"},"down":{"uv":[2,13,2.75,14],"rotation":270,"texture":"#0"}}},{"from":[7,6.79459,14.06912],"to":[9,8.29459,15.06912],"rotation":{"angle":0,"axis":"y","origin":[8,7.8982,8]},"faces":{"north":{"uv":[14,2.5,13,3.25],"texture":"#0"},"east":{"uv":[7.5,13.5,7,14.25],"texture":"#0"},"south":{"uv":[14,3.5,13,4.25],"texture":"#0"},"west":{"uv":[7.5,13.5,7,14.25],"texture":"#0"},"up":{"uv":[13,10,13.5,9],"rotation":90,"texture":"#0"},"down":{"uv":[11.5,13,12,14],"rotation":270,"texture":"#0"}}},{"from":[9,6.79459,13.56912],"to":[9.25,7.29459,14.81912],"rotation":{"angle":0,"axis":"y","origin":[8,7.8982,8]},"faces":{"north":{"uv":[12.75,15,12.5,15.25],"texture":"#0"},"east":{"uv":[14.75,0.5,14,0.75],"texture":"#0"},"south":{"uv":[15.25,12.5,15,12.75],"texture":"#0"},"west":{"uv":[14.75,5.5,14,5.75],"texture":"#0"},"up":{"uv":[14,6.25,14.75,6],"rotation":90,"texture":"#0"},"down":{"uv":[14,6.5,14.75,6.75],"rotation":270,"texture":"#0"}}},{"from":[9,6.79459,13.06912],"to":[9.25,8.29459,13.56912],"rotation":{"angle":0,"axis":"y","origin":[8,7.8982,8]},"faces":{"north":{"uv":[8.25,14,8,14.75],"texture":"#0"},"east":{"uv":[14.25,7,14,7.75],"texture":"#0"},"south":{"uv":[14.25,8.5,14,9.25],"texture":"#0"},"west":{"uv":[8.75,14,8.5,14.75],"texture":"#0"},"up":{"uv":[13,15.25,13.25,15],"rotation":90,"texture":"#0"},"down":{"uv":[15,13,15.25,13.25],"rotation":270,"texture":"#0"}}},{"from":[9,7.79459,13.56912],"to":[9.25,8.29459,14.81912],"rotation":{"angle":0,"axis":"y","origin":[8,7.8982,8]},"faces":{"north":{"uv":[13.75,15,13.5,15.25],"texture":"#0"},"east":{"uv":[10.75,14,10,14.25],"texture":"#0"},"south":{"uv":[15.25,13.5,15,13.75],"texture":"#0"},"west":{"uv":[14.75,10,14,10.25],"texture":"#0"},"up":{"uv":[14,10.75,14.75,10.5],"rotation":90,"texture":"#0"},"down":{"uv":[11,14,11.75,14.25],"rotation":270,"texture":"#0"}}},{"from":[9,5.19291,14.26039],"to":[9.25,5.69291,15.56039],"rotation":{"angle":-22.5,"axis":"x","origin":[8,7.8982,8]},"faces":{"north":{"uv":[14.25,15,14,15.25],"texture":"#0"},"east":{"uv":[12.75,14,12,14.25],"texture":"#0"},"south":{"uv":[15.25,14,15,14.25],"texture":"#0"},"west":{"uv":[13.75,14,13,14.25],"texture":"#0"},"up":{"uv":[14,14.25,14.75,14],"rotation":90,"texture":"#0"},"down":{"uv":[14.5,0,15.25,0.25],"rotation":270,"texture":"#0"}}},{"from":[6.75,5.19291,14.26039],"to":[7,5.69291,15.56039],"rotation":{"angle":-22.5,"axis":"x","origin":[8,7.8982,8]},"faces":{"north":{"uv":[14,15,14.25,15.25],"texture":"#0"},"east":{"uv":[13,14,13.75,14.25],"texture":"#0"},"south":{"uv":[15,14,15.25,14.25],"texture":"#0"},"west":{"uv":[12,14,12.75,14.25],"texture":"#0"},"up":{"uv":[14,14,14.75,14.25],"rotation":90,"texture":"#0"},"down":{"uv":[14.5,0.25,15.25,0],"rotation":270,"texture":"#0"}}},{"from":[6.75,7.79459,13.56912],"to":[7,8.29459,14.81912],"rotation":{"angle":0,"axis":"y","origin":[8,7.8982,8]},"faces":{"north":{"uv":[13.5,15,13.75,15.25],"texture":"#0"},"east":{"uv":[14,10,14.75,10.25],"texture":"#0"},"south":{"uv":[15,13.5,15.25,13.75],"texture":"#0"},"west":{"uv":[10,14,10.75,14.25],"texture":"#0"},"up":{"uv":[14,10.5,14.75,10.75],"rotation":90,"texture":"#0"},"down":{"uv":[11,14.25,11.75,14],"rotation":270,"texture":"#0"}}},{"from":[6.75,6.79459,13.06912],"to":[7,8.29459,13.56912],"rotation":{"angle":0,"axis":"y","origin":[8,7.8982,8]},"faces":{"north":{"uv":[8,14,8.25,14.75],"texture":"#0"},"east":{"uv":[8.5,14,8.75,14.75],"texture":"#0"},"south":{"uv":[14,8.5,14.25,9.25],"texture":"#0"},"west":{"uv":[14,7,14.25,7.75],"texture":"#0"},"up":{"uv":[13,15,13.25,15.25],"rotation":90,"texture":"#0"},"down":{"uv":[15,13.25,15.25,13],"rotation":270,"texture":"#0"}}},{"from":[6.75,6.79459,13.56912],"to":[7,7.29459,14.81912],"rotation":{"angle":0,"axis":"y","origin":[8,7.8982,8]},"faces":{"north":{"uv":[12.5,15,12.75,15.25],"texture":"#0"},"east":{"uv":[14,5.5,14.75,5.75],"texture":"#0"},"south":{"uv":[15,12.5,15.25,12.75],"texture":"#0"},"west":{"uv":[14,0.5,14.75,0.75],"texture":"#0"},"up":{"uv":[14,6,14.75,6.25],"rotation":90,"texture":"#0"},"down":{"uv":[14,6.75,14.75,6.5],"rotation":270,"texture":"#0"}}},{"from":[8.65,3.91375,12.39858],"to":[9.15,4.41375,12.89858],"rotation":{"angle":-45,"axis":"x","origin":[8,7.8982,8]},"faces":{"north":{"uv":[15.25,15,15,15.25],"texture":"#0"},"east":{"uv":[14.75,15,14.5,15.25],"texture":"#0"},"south":{"uv":[15.75,0,15.5,0.25],"texture":"#0"},"west":{"uv":[0.25,15.5,0,15.75],"texture":"#0"},"up":{"uv":[0.5,15.75,0.75,15.5],"rotation":90,"texture":"#0"},"down":{"uv":[1,15.5,1.25,15.75],"rotation":270,"texture":"#0"}}},{"from":[7.25,5.42336,15.10868],"to":[8.75,6.17336,15.85868],"rotation":{"angle":-22.5,"axis":"x","origin":[8,7.8982,8]},"faces":{"north":{"uv":[13.75,7.5,13,8],"texture":"#0"},"east":{"uv":[9.25,15,9,15.5],"texture":"#0"},"south":{"uv":[13.75,10,13,10.5],"texture":"#0"},"west":{"uv":[15.25,9,15,9.5],"texture":"#0"},"up":{"uv":[9,14.75,9.25,14],"rotation":90,"texture":"#0"},"down":{"uv":[0,14.5,0.25,15.25],"rotation":270,"texture":"#0"}}},{"from":[7.25,3.92336,14.60868],"to":[8.75,4.17336,15.35868],"rotation":{"angle":-22.5,"axis":"x","origin":[8,7.8982,8]},"faces":{"north":{"uv":[15.25,2.5,14.5,2.75],"texture":"#0"},"east":{"uv":[15.75,1.5,15.5,1.75],"texture":"#0"},"south":{"uv":[3.75,14.5,3,14.75],"texture":"#0"},"west":{"uv":[15.75,2,15.5,2.25],"texture":"#0"},"up":{"uv":[14.5,3.75,14.75,3],"rotation":90,"texture":"#0"},"down":{"uv":[4,14.5,4.25,15.25],"rotation":270,"texture":"#0"}}},{"from":[7.25,3.42336,15.35868],"to":[8.75,4.17336,15.60868],"rotation":{"angle":-22.5,"axis":"x","origin":[8,7.8982,8]},"faces":{"north":{"uv":[14.25,8,13.5,8.5],"texture":"#0"},"east":{"uv":[15.25,9.5,15,10],"texture":"#0"},"south":{"uv":[9.25,13.5,8.5,14],"texture":"#0"},"west":{"uv":[15.25,10,15,10.5],"texture":"#0"},"up":{"uv":[14.5,4.75,14.75,4],"rotation":90,"texture":"#0"},"down":{"uv":[4.5,14.5,4.75,15.25],"rotation":270,"texture":"#0"}}},{"from":[6.9,3.91375,12.39858],"to":[7.4,4.41375,12.89858],"rotation":{"angle":-45,"axis":"x","origin":[8,7.8982,8]},"faces":{"north":{"uv":[15.75,6,15.5,6.25],"texture":"#0"},"east":{"uv":[6.25,15.5,6,15.75],"texture":"#0"},"south":{"uv":[15.75,6.5,15.5,6.75],"texture":"#0"},"west":{"uv":[6.75,15.5,6.5,15.75],"texture":"#0"},"up":{"uv":[15.5,7.25,15.75,7],"rotation":90,"texture":"#0"},"down":{"uv":[8,15.5,8.25,15.75],"rotation":270,"texture":"#0"}}},{"from":[6.9,5.84663,12.8218],"to":[6.9,7.34663,13.3218],"rotation":{"angle":-22.5,"axis":"x","origin":[8,7.8982,8]},"faces":{"north":{"uv":[0,0,0,0.75],"texture":"#0"},"east":{"uv":[1.75,15,1.5,15.75],"texture":"#0"},"south":{"uv":[0,0,0,0.75],"texture":"#0"},"west":{"uv":[15.25,1.5,15,2.25],"texture":"#0"},"up":{"uv":[0,0,0.25,0],"rotation":90,"texture":"#0"},"down":{"uv":[0,0,0.25,0],"rotation":270,"texture":"#0"}}},{"from":[6.9,9.60705,10.54955],"to":[6.9,10.10705,13.04955],"rotation":{"angle":22.5,"axis":"x","origin":[8,7.8982,8]},"faces":{"north":{"uv":[0,0,0,0.25],"texture":"#0"},"east":{"uv":[14.75,12,13.5,12.25],"texture":"#0"},"south":{"uv":[0,0,0,0.25],"texture":"#0"},"west":{"uv":[14.75,12.5,13.5,12.75],"texture":"#0"},"up":{"uv":[0,0,1.25,0],"rotation":90,"texture":"#0"},"down":{"uv":[0,0,1.25,0],"rotation":270,"texture":"#0"}}},{"from":[6.9,7.00391,11.00994],"to":[6.9,7.50391,13.50994],"rotation":{"angle":0,"axis":"y","origin":[8,7.8982,8]},"faces":{"north":{"uv":[0,0,0,0.25],"texture":"#0"},"east":{"uv":[14.75,13,13.5,13.25],"texture":"#0"},"south":{"uv":[0,0,0,0.25],"texture":"#0"},"west":{"uv":[14.75,13.5,13.5,13.75],"texture":"#0"},"up":{"uv":[0,0,1.25,0],"rotation":90,"texture":"#0"},"down":{"uv":[0,0,1.25,0],"rotation":270,"texture":"#0"}}},{"from":[9.1,5.84663,12.8218],"to":[9.1,7.34663,13.3218],"rotation":{"angle":-22.5,"axis":"x","origin":[8,7.8982,8]},"faces":{"north":{"uv":[0,0,0,0.75],"texture":"#0"},"east":{"uv":[15,1.5,15.25,2.25],"texture":"#0"},"south":{"uv":[0,0,0,0.75],"texture":"#0"},"west":{"uv":[1.5,15,1.75,15.75],"texture":"#0"},"up":{"uv":[0,0,0.25,0],"rotation":90,"texture":"#0"},"down":{"uv":[0,0,0.25,0],"rotation":270,"texture":"#0"}}},{"from":[9.1,9.60705,10.54955],"to":[9.1,10.10705,13.04955],"rotation":{"angle":22.5,"axis":"x","origin":[8,7.8982,8]},"faces":{"north":{"uv":[0,0,0,0.25],"texture":"#0"},"east":{"uv":[13.5,12.5,14.75,12.75],"texture":"#0"},"south":{"uv":[0,0,0,0.25],"texture":"#0"},"west":{"uv":[13.5,12,14.75,12.25],"texture":"#0"},"up":{"uv":[0,0,1.25,0],"rotation":90,"texture":"#0"},"down":{"uv":[0,0,1.25,0],"rotation":270,"texture":"#0"}}},{"from":[9.1,7.00391,11.00994],"to":[9.1,7.50391,13.50994],"rotation":{"angle":0,"axis":"y","origin":[8,7.8982,8]},"faces":{"north":{"uv":[0,0,0,0.25],"texture":"#0"},"east":{"uv":[13.5,13.5,14.75,13.75],"texture":"#0"},"south":{"uv":[0,0,0,0.25],"texture":"#0"},"west":{"uv":[13.5,13,14.75,13.25],"texture":"#0"},"up":{"uv":[0,0,1.25,0],"rotation":90,"texture":"#0"},"down":{"uv":[0,0,1.25,0],"rotation":270,"texture":"#0"}}},{"from":[-0.69115,-2.92843,6.5],"to":[1.30885,0.07157,9.5],"rotation":{"angle":-22.5,"axis":"z","origin":[8,2.0784,8]},"faces":{"north":{"uv":[12,2.5,13,4],"texture":"#0"},"east":{"uv":[7,11,8.5,12.5],"texture":"#0"},"south":{"uv":[13,2.5,12,4],"texture":"#0"},"west":{"uv":[11,8,12.5,9.5],"texture":"#0"},"up":{"uv":[5,13.5,4,12],"texture":"#0"},"down":{"uv":[13,4,12,5.5],"texture":"#0"}}},{"from":[-1.4477,3.78179,7],"to":[-0.9477,4.28179,7.5],"rotation":{"angle":0,"axis":"y","origin":[8,2.0784,8]},"faces":{"north":{"uv":[15.5,12.5,15.75,12.75],"texture":"#0"},"east":{"uv":[13,15.5,13.25,15.75],"texture":"#0"},"south":{"uv":[15.5,13,15.75,13.25],"texture":"#0"},"west":{"uv":[13.5,15.5,13.75,15.75],"texture":"#0"},"up":{"uv":[15.75,13.75,15.5,13.5],"texture":"#0"},"down":{"uv":[14.25,15.5,14,15.75],"texture":"#0"}}},{"from":[-1.4477,3.78179,8.5],"to":[-0.9477,4.28179,9],"rotation":{"angle":0,"axis":"y","origin":[8,2.0784,8]},"faces":{"north":{"uv":[15.5,14,15.75,14.25],"texture":"#0"},"east":{"uv":[14.5,15.5,14.75,15.75],"texture":"#0"},"south":{"uv":[15.5,14.5,15.75,14.75],"texture":"#0"},"west":{"uv":[15,15.5,15.25,15.75],"texture":"#0"},"up":{"uv":[15.75,15.25,15.5,15],"texture":"#0"},"down":{"uv":[15.75,15.5,15.5,15.75],"texture":"#0"}}},{"from":[0.85506,2.93648,6.75],"to":[1.35506,4.93648,7.25],"rotation":{"angle":22.5,"axis":"z","origin":[8,2.0784,8]},"faces":{"north":{"uv":[0.5,14,0.75,15],"texture":"#0"},"east":{"uv":[1,14,1.25,15],"texture":"#0"},"south":{"uv":[1.5,14,1.75,15],"texture":"#0"},"west":{"uv":[2,14,2.25,15],"texture":"#0"},"up":{"uv":[15.75,10.75,15.5,10.5],"texture":"#0"},"down":{"uv":[11.25,15.5,11,15.75],"texture":"#0"}}},{"from":[1.36482,0,2.78861],"to":[2.61482,0.25,3.48861],"rotation":{"angle":22.5,"axis":"y","origin":[8,2.0784,8]},"faces":{"north":{"uv":[15,4,15.75,4.25],"texture":"#0"},"east":{"uv":[15.5,9,15.75,9.25],"texture":"#0"},"south":{"uv":[15,4.5,15.75,4.75],"texture":"#0"},"west":{"uv":[9.5,15.5,9.75,15.75],"texture":"#0"},"up":{"uv":[15.75,5.75,15,5.5],"texture":"#0"},"down":{"uv":[6.75,15,6,15.25],"texture":"#0"}}},{"from":[1.86482,0,4.23861],"to":[2.86482,0.25,4.68861],"rotation":{"angle":22.5,"axis":"y","origin":[8,2.0784,8]},"faces":{"north":{"uv":[10.5,15,11,15.25],"texture":"#0"},"east":{"uv":[15.5,11,15.75,11.25],"texture":"#0"},"south":{"uv":[15,10.5,15.5,10.75],"texture":"#0"},"west":{"uv":[11.5,15.5,11.75,15.75],"texture":"#0"},"up":{"uv":[11.5,15.25,11,15],"texture":"#0"},"down":{"uv":[15.5,11,15,11.25],"texture":"#0"}}},{"from":[2.45924,-5.40166,5.5],"to":[3.45924,-3.40166,6.5],"rotation":{"angle":-45,"axis":"z","origin":[8,2.0784,8]},"faces":{"north":{"uv":[12.5,13,13,14],"texture":"#0"},"east":{"uv":[12.5,13,13,14],"texture":"#0"},"south":{"uv":[3,13.5,3.5,14.5],"texture":"#0"},"west":{"uv":[12.5,13,13,14],"texture":"#0"},"up":{"uv":[7,12.5,6.5,12],"texture":"#0"},"down":{"uv":[13,9,12.5,9.5],"texture":"#0"}}},{"from":[1.20776,-2.74684,5.75],"to":[1.70776,-1.24684,6.25],"rotation":{"angle":-22.5,"axis":"z","origin":[8,2.0784,8]},"faces":{"north":{"uv":[2,15,2.25,15.75],"texture":"#0"},"east":{"uv":[2.5,15,2.75,15.75],"texture":"#0"},"south":{"uv":[3,15,3.25,15.75],"texture":"#0"},"west":{"uv":[15,3,15.25,3.75],"texture":"#0"},"up":{"uv":[8.75,15.75,8.5,15.5],"texture":"#0"},"down":{"uv":[9.25,15.5,9,15.75],"texture":"#0"}}},{"from":[1.86482,0,11.31139],"to":[2.86482,0.25,11.76139],"rotation":{"angle":-22.5,"axis":"y","origin":[8,2.0784,8]},"faces":{"north":{"uv":[15.5,10.5,15,10.75],"texture":"#0"},"east":{"uv":[15.75,11,15.5,11.25],"texture":"#0"},"south":{"uv":[11,15,10.5,15.25],"texture":"#0"},"west":{"uv":[11.75,15.5,11.5,15.75],"texture":"#0"},"up":{"uv":[11.5,15,11,15.25],"texture":"#0"},"down":{"uv":[15.5,11.25,15,11],"texture":"#0"}}},{"from":[0.85506,2.93648,8.75],"to":[1.35506,4.93648,9.25],"rotation":{"angle":22.5,"axis":"z","origin":[8,2.0784,8]},"faces":{"north":{"uv":[1.75,14,1.5,15],"texture":"#0"},"east":{"uv":[1.25,14,1,15],"texture":"#0"},"south":{"uv":[0.75,14,0.5,15],"texture":"#0"},"west":{"uv":[2.25,14,2,15],"texture":"#0"},"up":{"uv":[15.75,10.5,15.5,10.75],"texture":"#0"},"down":{"uv":[11.25,15.75,11,15.5],"texture":"#0"}}},{"from":[1.20776,-2.74684,9.75],"to":[1.70776,-1.24684,10.25],"rotation":{"angle":-22.5,"axis":"z","origin":[8,2.0784,8]},"faces":{"north":{"uv":[3.25,15,3,15.75],"texture":"#0"},"east":{"uv":[2.75,15,2.5,15.75],"texture":"#0"},"south":{"uv":[2.25,15,2,15.75],"texture":"#0"},"west":{"uv":[15.25,3,15,3.75],"texture":"#0"},"up":{"uv":[8.75,15.5,8.5,15.75],"texture":"#0"},"down":{"uv":[9.25,15.75,9,15.5],"texture":"#0"}}},{"from":[1.36482,0,12.51139],"to":[2.61482,0.25,13.21139],"rotation":{"angle":-22.5,"axis":"y","origin":[8,2.0784,8]},"faces":{"north":{"uv":[15.75,4.5,15,4.75],"texture":"#0"},"east":{"uv":[15.75,9,15.5,9.25],"texture":"#0"},"south":{"uv":[15.75,4,15,4.25],"texture":"#0"},"west":{"uv":[9.75,15.5,9.5,15.75],"texture":"#0"},"up":{"uv":[15.75,5.5,15,5.75],"texture":"#0"},"down":{"uv":[6.75,15.25,6,15],"texture":"#0"}}},{"from":[2.45924,-5.40166,9.5],"to":[3.45924,-3.40166,10.5],"rotation":{"angle":-45,"axis":"z","origin":[8,2.0784,8]},"faces":{"north":{"uv":[3.5,13.5,3,14.5],"texture":"#0"},"east":{"uv":[13,13,12.5,14],"texture":"#0"},"south":{"uv":[13,13,12.5,14],"texture":"#0"},"west":{"uv":[13,13,12.5,14],"texture":"#0"},"up":{"uv":[7,12,6.5,12.5],"texture":"#0"},"down":{"uv":[13,9.5,12.5,9],"texture":"#0"}}},{"from":[-1.19756,2.55029,6.51],"to":[-0.19756,4.55029,9.49],"rotation":{"angle":0,"axis":"y","origin":[8,2.0784,8]},"faces":{"north":{"uv":[12,13,12.5,14],"texture":"#0"},"east":{"uv":[5,12,6.5,13],"texture":"#0"},"south":{"uv":[12.5,13,12,14],"texture":"#0"},"west":{"uv":[12,5.5,13.5,6.5],"texture":"#0"},"up":{"uv":[8.5,14,8,12.5],"texture":"#0"},"down":{"uv":[5.5,13,5,14.5],"texture":"#0"}}},{"from":[1.80348,-2.91238,6.51],"to":[2.80348,-1.41238,9.49],"rotation":{"angle":-45,"axis":"z","origin":[8,2.0784,8]},"faces":{"north":{"uv":[13.5,8.5,14,9.25],"texture":"#0"},"east":{"uv":[11.5,12,13,12.75],"texture":"#0"},"south":{"uv":[13.5,9.25,14,8.5],"texture":"#0"},"west":{"uv":[6.5,12.5,8,13.25],"texture":"#0"},"up":{"uv":[8,14,8.5,12.5],"texture":"#0"},"down":{"uv":[6.5,13,6,14.5],"texture":"#0"}}},{"from":[-1.19756,2.55029,6.51],"to":[-0.19756,4.55029,9.49],"rotation":{"angle":0,"axis":"y","origin":[8,2.0784,8]},"faces":{"north":{"uv":[12,13,12.5,14],"texture":"#0"},"east":{"uv":[5,12,6.5,13],"texture":"#0"},"south":{"uv":[12.5,13,12,14],"texture":"#0"},"west":{"uv":[12,5.5,13.5,6.5],"texture":"#0"},"up":{"uv":[8.5,14,8,12.5],"texture":"#0"},"down":{"uv":[5.5,13,5,14.5],"texture":"#0"}}},{"from":[14.69115,-2.92843,6.5],"to":[16.69115,0.07157,9.5],"rotation":{"angle":22.5,"axis":"z","origin":[8,2.0784,8]},"faces":{"north":{"uv":[13,2.5,12,4],"texture":"#0"},"east":{"uv":[12.5,8,11,9.5],"texture":"#0"},"south":{"uv":[12,2.5,13,4],"texture":"#0"},"west":{"uv":[8.5,11,7,12.5],"texture":"#0"},"up":{"uv":[4,13.5,5,12],"texture":"#0"},"down":{"uv":[12,4,13,5.5],"texture":"#0"}}},{"from":[16.9477,3.78179,7],"to":[17.4477,4.28179,7.5],"rotation":{"angle":0,"axis":"y","origin":[8,2.0784,8]},"faces":{"north":{"uv":[15.75,12.5,15.5,12.75],"texture":"#0"},"east":{"uv":[13.75,15.5,13.5,15.75],"texture":"#0"},"south":{"uv":[15.75,13,15.5,13.25],"texture":"#0"},"west":{"uv":[13.25,15.5,13,15.75],"texture":"#0"},"up":{"uv":[15.5,13.75,15.75,13.5],"texture":"#0"},"down":{"uv":[14,15.5,14.25,15.75],"texture":"#0"}}},{"from":[16.9477,3.78179,8.5],"to":[17.4477,4.28179,9],"rotation":{"angle":0,"axis":"y","origin":[8,2.0784,8]},"faces":{"north":{"uv":[15.75,14,15.5,14.25],"texture":"#0"},"east":{"uv":[15.25,15.5,15,15.75],"texture":"#0"},"south":{"uv":[15.75,14.5,15.5,14.75],"texture":"#0"},"west":{"uv":[14.75,15.5,14.5,15.75],"texture":"#0"},"up":{"uv":[15.5,15.25,15.75,15],"texture":"#0"},"down":{"uv":[15.5,15.5,15.75,15.75],"texture":"#0"}}},{"from":[14.64494,2.93648,6.75],"to":[15.14494,4.93648,7.25],"rotation":{"angle":-22.5,"axis":"z","origin":[8,2.0784,8]},"faces":{"north":{"uv":[0.75,14,0.5,15],"texture":"#0"},"east":{"uv":[2.25,14,2,15],"texture":"#0"},"south":{"uv":[1.75,14,1.5,15],"texture":"#0"},"west":{"uv":[1.25,14,1,15],"texture":"#0"},"up":{"uv":[15.5,10.75,15.75,10.5],"texture":"#0"},"down":{"uv":[11,15.5,11.25,15.75],"texture":"#0"}}},{"from":[13.38518,0,2.78861],"to":[14.63518,0.25,3.48861],"rotation":{"angle":-22.5,"axis":"y","origin":[8,2.0784,8]},"faces":{"north":{"uv":[15.75,4,15,4.25],"texture":"#0"},"east":{"uv":[9.75,15.5,9.5,15.75],"texture":"#0"},"south":{"uv":[15.75,4.5,15,4.75],"texture":"#0"},"west":{"uv":[15.75,9,15.5,9.25],"texture":"#0"},"up":{"uv":[15,5.75,15.75,5.5],"texture":"#0"},"down":{"uv":[6,15,6.75,15.25],"texture":"#0"}}},{"from":[13.13518,0,4.23861],"to":[14.13518,0.25,4.68861],"rotation":{"angle":-22.5,"axis":"y","origin":[8,2.0784,8]},"faces":{"north":{"uv":[11,15,10.5,15.25],"texture":"#0"},"east":{"uv":[11.75,15.5,11.5,15.75],"texture":"#0"},"south":{"uv":[15.5,10.5,15,10.75],"texture":"#0"},"west":{"uv":[15.75,11,15.5,11.25],"texture":"#0"},"up":{"uv":[11,15.25,11.5,15],"texture":"#0"},"down":{"uv":[15,11,15.5,11.25],"texture":"#0"}}},{"from":[12.54076,-5.40166,5.5],"to":[13.54076,-3.40166,6.5],"rotation":{"angle":45,"axis":"z","origin":[8,2.0784,8]},"faces":{"north":{"uv":[13,13,12.5,14],"texture":"#0"},"east":{"uv":[13,13,12.5,14],"texture":"#0"},"south":{"uv":[3.5,13.5,3,14.5],"texture":"#0"},"west":{"uv":[13,13,12.5,14],"texture":"#0"},"up":{"uv":[6.5,12.5,7,12],"texture":"#0"},"down":{"uv":[12.5,9,13,9.5],"texture":"#0"}}},{"from":[14.29224,-2.74684,5.75],"to":[14.79224,-1.24684,6.25],"rotation":{"angle":22.5,"axis":"z","origin":[8,2.0784,8]},"faces":{"north":{"uv":[2.25,15,2,15.75],"texture":"#0"},"east":{"uv":[15.25,3,15,3.75],"texture":"#0"},"south":{"uv":[3.25,15,3,15.75],"texture":"#0"},"west":{"uv":[2.75,15,2.5,15.75],"texture":"#0"},"up":{"uv":[8.5,15.75,8.75,15.5],"texture":"#0"},"down":{"uv":[9,15.5,9.25,15.75],"texture":"#0"}}},{"from":[13.13518,0,11.31139],"to":[14.13518,0.25,11.76139],"rotation":{"angle":22.5,"axis":"y","origin":[8,2.0784,8]},"faces":{"north":{"uv":[15,10.5,15.5,10.75],"texture":"#0"},"east":{"uv":[11.5,15.5,11.75,15.75],"texture":"#0"},"south":{"uv":[10.5,15,11,15.25],"texture":"#0"},"west":{"uv":[15.5,11,15.75,11.25],"texture":"#0"},"up":{"uv":[11,15,11.5,15.25],"texture":"#0"},"down":{"uv":[15,11.25,15.5,11],"texture":"#0"}}},{"from":[14.64494,2.93648,8.75],"to":[15.14494,4.93648,9.25],"rotation":{"angle":-22.5,"axis":"z","origin":[8,2.0784,8]},"faces":{"north":{"uv":[1.5,14,1.75,15],"texture":"#0"},"east":{"uv":[2,14,2.25,15],"texture":"#0"},"south":{"uv":[0.5,14,0.75,15],"texture":"#0"},"west":{"uv":[1,14,1.25,15],"texture":"#0"},"up":{"uv":[15.5,10.5,15.75,10.75],"texture":"#0"},"down":{"uv":[11,15.75,11.25,15.5],"texture":"#0"}}},{"from":[14.29224,-2.74684,9.75],"to":[14.79224,-1.24684,10.25],"rotation":{"angle":22.5,"axis":"z","origin":[8,2.0784,8]},"faces":{"north":{"uv":[3,15,3.25,15.75],"texture":"#0"},"east":{"uv":[15,3,15.25,3.75],"texture":"#0"},"south":{"uv":[2,15,2.25,15.75],"texture":"#0"},"west":{"uv":[2.5,15,2.75,15.75],"texture":"#0"},"up":{"uv":[8.5,15.5,8.75,15.75],"texture":"#0"},"down":{"uv":[9,15.75,9.25,15.5],"texture":"#0"}}},{"from":[13.38518,0,12.51139],"to":[14.63518,0.25,13.21139],"rotation":{"angle":22.5,"axis":"y","origin":[8,2.0784,8]},"faces":{"north":{"uv":[15,4.5,15.75,4.75],"texture":"#0"},"east":{"uv":[9.5,15.5,9.75,15.75],"texture":"#0"},"south":{"uv":[15,4,15.75,4.25],"texture":"#0"},"west":{"uv":[15.5,9,15.75,9.25],"texture":"#0"},"up":{"uv":[15,5.5,15.75,5.75],"texture":"#0"},"down":{"uv":[6,15.25,6.75,15],"texture":"#0"}}},{"from":[12.54076,-5.40166,9.5],"to":[13.54076,-3.40166,10.5],"rotation":{"angle":45,"axis":"z","origin":[8,2.0784,8]},"faces":{"north":{"uv":[3,13.5,3.5,14.5],"texture":"#0"},"east":{"uv":[12.5,13,13,14],"texture":"#0"},"south":{"uv":[12.5,13,13,14],"texture":"#0"},"west":{"uv":[12.5,13,13,14],"texture":"#0"},"up":{"uv":[6.5,12,7,12.5],"texture":"#0"},"down":{"uv":[12.5,9.5,13,9],"texture":"#0"}}},{"from":[16.19756,2.55029,6.51],"to":[17.19756,4.55029,9.49],"rotation":{"angle":0,"axis":"y","origin":[8,2.0784,8]},"faces":{"north":{"uv":[12.5,13,12,14],"texture":"#0"},"east":{"uv":[13.5,5.5,12,6.5],"texture":"#0"},"south":{"uv":[12,13,12.5,14],"texture":"#0"},"west":{"uv":[6.5,12,5,13],"texture":"#0"},"up":{"uv":[8,14,8.5,12.5],"texture":"#0"},"down":{"uv":[5,13,5.5,14.5],"texture":"#0"}}},{"from":[13.19652,-2.91238,6.51],"to":[14.19652,-1.41238,9.49],"rotation":{"angle":45,"axis":"z","origin":[8,2.0784,8]},"faces":{"north":{"uv":[14,8.5,13.5,9.25],"texture":"#0"},"east":{"uv":[8,12.5,6.5,13.25],"texture":"#0"},"south":{"uv":[14,9.25,13.5,8.5],"texture":"#0"},"west":{"uv":[13,12,11.5,12.75],"texture":"#0"},"up":{"uv":[8.5,14,8,12.5],"texture":"#0"},"down":{"uv":[6,13,6.5,14.5],"texture":"#0"}}},{"from":[16.19756,2.55029,6.51],"to":[17.19756,4.55029,9.49],"rotation":{"angle":0,"axis":"y","origin":[8,2.0784,8]},"faces":{"north":{"uv":[12.5,13,12,14],"texture":"#0"},"east":{"uv":[13.5,5.5,12,6.5],"texture":"#0"},"south":{"uv":[12,13,12.5,14],"texture":"#0"},"west":{"uv":[6.5,12,5,13],"texture":"#0"},"up":{"uv":[8,14,8.5,12.5],"texture":"#0"},"down":{"uv":[5,13,5.5,14.5],"texture":"#0"}}},{"from":[6.5,-2.92843,-0.69115],"to":[9.5,0.07157,1.30885],"rotation":{"angle":22.5,"axis":"x","origin":[8,2.0784,8]},"faces":{"north":{"uv":[11,8,12.5,9.5],"texture":"#0"},"east":{"uv":[12,2.5,13,4],"texture":"#0"},"south":{"uv":[7,11,8.5,12.5],"texture":"#0"},"west":{"uv":[13,2.5,12,4],"texture":"#0"},"up":{"uv":[5,13.5,4,12],"rotation":90,"texture":"#0"},"down":{"uv":[13,4,12,5.5],"rotation":270,"texture":"#0"}}},{"from":[8.5,3.78179,-1.4477],"to":[9,4.28179,-0.9477],"rotation":{"angle":0,"axis":"y","origin":[8,2.0784,8]},"faces":{"north":{"uv":[13.5,15.5,13.75,15.75],"texture":"#0"},"east":{"uv":[15.5,12.5,15.75,12.75],"texture":"#0"},"south":{"uv":[13,15.5,13.25,15.75],"texture":"#0"},"west":{"uv":[15.5,13,15.75,13.25],"texture":"#0"},"up":{"uv":[15.75,13.75,15.5,13.5],"rotation":90,"texture":"#0"},"down":{"uv":[14.25,15.5,14,15.75],"rotation":270,"texture":"#0"}}},{"from":[7,3.78179,-1.4477],"to":[7.5,4.28179,-0.9477],"rotation":{"angle":0,"axis":"y","origin":[8,2.0784,8]},"faces":{"north":{"uv":[15,15.5,15.25,15.75],"texture":"#0"},"east":{"uv":[15.5,14,15.75,14.25],"texture":"#0"},"south":{"uv":[14.5,15.5,14.75,15.75],"texture":"#0"},"west":{"uv":[15.5,14.5,15.75,14.75],"texture":"#0"},"up":{"uv":[15.75,15.25,15.5,15],"rotation":90,"texture":"#0"},"down":{"uv":[15.75,15.5,15.5,15.75],"rotation":270,"texture":"#0"}}},{"from":[8.75,2.93648,0.85506],"to":[9.25,4.93648,1.35506],"rotation":{"angle":-22.5,"axis":"x","origin":[8,2.0784,8]},"faces":{"north":{"uv":[2,14,2.25,15],"texture":"#0"},"east":{"uv":[0.5,14,0.75,15],"texture":"#0"},"south":{"uv":[1,14,1.25,15],"texture":"#0"},"west":{"uv":[1.5,14,1.75,15],"texture":"#0"},"up":{"uv":[15.75,10.75,15.5,10.5],"rotation":90,"texture":"#0"},"down":{"uv":[11.25,15.5,11,15.75],"rotation":270,"texture":"#0"}}},{"from":[12.51139,0,1.36482],"to":[13.21139,0.25,2.61482],"rotation":{"angle":22.5,"axis":"y","origin":[8,2.0784,8]},"faces":{"north":{"uv":[9.5,15.5,9.75,15.75],"texture":"#0"},"east":{"uv":[15,4,15.75,4.25],"texture":"#0"},"south":{"uv":[15.5,9,15.75,9.25],"texture":"#0"},"west":{"uv":[15,4.5,15.75,4.75],"texture":"#0"},"up":{"uv":[15.75,5.75,15,5.5],"rotation":90,"texture":"#0"},"down":{"uv":[6.75,15,6,15.25],"rotation":270,"texture":"#0"}}},{"from":[11.31139,0,1.86482],"to":[11.76139,0.25,2.86482],"rotation":{"angle":22.5,"axis":"y","origin":[8,2.0784,8]},"faces":{"north":{"uv":[11.5,15.5,11.75,15.75],"texture":"#0"},"east":{"uv":[10.5,15,11,15.25],"texture":"#0"},"south":{"uv":[15.5,11,15.75,11.25],"texture":"#0"},"west":{"uv":[15,10.5,15.5,10.75],"texture":"#0"},"up":{"uv":[11.5,15.25,11,15],"rotation":90,"texture":"#0"},"down":{"uv":[15.5,11,15,11.25],"rotation":270,"texture":"#0"}}},{"from":[9.5,-5.40166,2.45924],"to":[10.5,-3.40166,3.45924],"rotation":{"angle":45,"axis":"x","origin":[8,2.0784,8]},"faces":{"north":{"uv":[12.5,13,13,14],"texture":"#0"},"east":{"uv":[12.5,13,13,14],"texture":"#0"},"south":{"uv":[12.5,13,13,14],"texture":"#0"},"west":{"uv":[3,13.5,3.5,14.5],"texture":"#0"},"up":{"uv":[7,12.5,6.5,12],"rotation":90,"texture":"#0"},"down":{"uv":[13,9,12.5,9.5],"rotation":270,"texture":"#0"}}},{"from":[9.75,-2.74684,1.20776],"to":[10.25,-1.24684,1.70776],"rotation":{"angle":22.5,"axis":"x","origin":[8,2.0784,8]},"faces":{"north":{"uv":[15,3,15.25,3.75],"texture":"#0"},"east":{"uv":[2,15,2.25,15.75],"texture":"#0"},"south":{"uv":[2.5,15,2.75,15.75],"texture":"#0"},"west":{"uv":[3,15,3.25,15.75],"texture":"#0"},"up":{"uv":[8.75,15.75,8.5,15.5],"rotation":90,"texture":"#0"},"down":{"uv":[9.25,15.5,9,15.75],"rotation":270,"texture":"#0"}}},{"from":[4.23861,0,1.86482],"to":[4.68861,0.25,2.86482],"rotation":{"angle":-22.5,"axis":"y","origin":[8,2.0784,8]},"faces":{"north":{"uv":[11.75,15.5,11.5,15.75],"texture":"#0"},"east":{"uv":[15.5,10.5,15,10.75],"texture":"#0"},"south":{"uv":[15.75,11,15.5,11.25],"texture":"#0"},"west":{"uv":[11,15,10.5,15.25],"texture":"#0"},"up":{"uv":[11.5,15,11,15.25],"rotation":90,"texture":"#0"},"down":{"uv":[15.5,11.25,15,11],"rotation":270,"texture":"#0"}}},{"from":[6.75,2.93648,0.85506],"to":[7.25,4.93648,1.35506],"rotation":{"angle":-22.5,"axis":"x","origin":[8,2.0784,8]},"faces":{"north":{"uv":[2.25,14,2,15],"texture":"#0"},"east":{"uv":[1.75,14,1.5,15],"texture":"#0"},"south":{"uv":[1.25,14,1,15],"texture":"#0"},"west":{"uv":[0.75,14,0.5,15],"texture":"#0"},"up":{"uv":[15.75,10.5,15.5,10.75],"rotation":90,"texture":"#0"},"down":{"uv":[11.25,15.75,11,15.5],"rotation":270,"texture":"#0"}}},{"from":[5.75,-2.74684,1.20776],"to":[6.25,-1.24684,1.70776],"rotation":{"angle":22.5,"axis":"x","origin":[8,2.0784,8]},"faces":{"north":{"uv":[15.25,3,15,3.75],"texture":"#0"},"east":{"uv":[3.25,15,3,15.75],"texture":"#0"},"south":{"uv":[2.75,15,2.5,15.75],"texture":"#0"},"west":{"uv":[2.25,15,2,15.75],"texture":"#0"},"up":{"uv":[8.75,15.5,8.5,15.75],"rotation":90,"texture":"#0"},"down":{"uv":[9.25,15.75,9,15.5],"rotation":270,"texture":"#0"}}},{"from":[2.78861,0,1.36482],"to":[3.48861,0.25,2.61482],"rotation":{"angle":-22.5,"axis":"y","origin":[8,2.0784,8]},"faces":{"north":{"uv":[9.75,15.5,9.5,15.75],"texture":"#0"},"east":{"uv":[15.75,4.5,15,4.75],"texture":"#0"},"south":{"uv":[15.75,9,15.5,9.25],"texture":"#0"},"west":{"uv":[15.75,4,15,4.25],"texture":"#0"},"up":{"uv":[15.75,5.5,15,5.75],"rotation":90,"texture":"#0"},"down":{"uv":[6.75,15.25,6,15],"rotation":270,"texture":"#0"}}},{"from":[5.5,-5.40166,2.45924],"to":[6.5,-3.40166,3.45924],"rotation":{"angle":45,"axis":"x","origin":[8,2.0784,8]},"faces":{"north":{"uv":[13,13,12.5,14],"texture":"#0"},"east":{"uv":[3.5,13.5,3,14.5],"texture":"#0"},"south":{"uv":[13,13,12.5,14],"texture":"#0"},"west":{"uv":[13,13,12.5,14],"texture":"#0"},"up":{"uv":[7,12,6.5,12.5],"rotation":90,"texture":"#0"},"down":{"uv":[13,9.5,12.5,9],"rotation":270,"texture":"#0"}}},{"from":[6.51,2.55029,-1.19756],"to":[9.49,4.55029,-0.19756],"rotation":{"angle":0,"axis":"y","origin":[8,2.0784,8]},"faces":{"north":{"uv":[12,5.5,13.5,6.5],"texture":"#0"},"east":{"uv":[12,13,12.5,14],"texture":"#0"},"south":{"uv":[5,12,6.5,13],"texture":"#0"},"west":{"uv":[12.5,13,12,14],"texture":"#0"},"up":{"uv":[8.5,14,8,12.5],"rotation":90,"texture":"#0"},"down":{"uv":[5.5,13,5,14.5],"rotation":270,"texture":"#0"}}},{"from":[6.51,-2.91238,1.80348],"to":[9.49,-1.41238,2.80348],"rotation":{"angle":45,"axis":"x","origin":[8,2.0784,8]},"faces":{"north":{"uv":[6.5,12.5,8,13.25],"texture":"#0"},"east":{"uv":[13.5,8.5,14,9.25],"texture":"#0"},"south":{"uv":[11.5,12,13,12.75],"texture":"#0"},"west":{"uv":[13.5,9.25,14,8.5],"texture":"#0"},"up":{"uv":[8,14,8.5,12.5],"rotation":90,"texture":"#0"},"down":{"uv":[6.5,13,6,14.5],"rotation":270,"texture":"#0"}}},{"from":[6.51,2.55029,-1.19756],"to":[9.49,4.55029,-0.19756],"rotation":{"angle":0,"axis":"y","origin":[8,2.0784,8]},"faces":{"north":{"uv":[12,5.5,13.5,6.5],"texture":"#0"},"east":{"uv":[12,13,12.5,14],"texture":"#0"},"south":{"uv":[5,12,6.5,13],"texture":"#0"},"west":{"uv":[12.5,13,12,14],"texture":"#0"},"up":{"uv":[8.5,14,8,12.5],"rotation":90,"texture":"#0"},"down":{"uv":[5.5,13,5,14.5],"rotation":270,"texture":"#0"}}},{"from":[6.5,-2.92843,14.69115],"to":[9.5,0.07157,16.69115],"rotation":{"angle":-22.5,"axis":"x","origin":[8,2.0784,8]},"faces":{"north":{"uv":[8.5,11,7,12.5],"texture":"#0"},"east":{"uv":[13,2.5,12,4],"texture":"#0"},"south":{"uv":[12.5,8,11,9.5],"texture":"#0"},"west":{"uv":[12,2.5,13,4],"texture":"#0"},"up":{"uv":[4,13.5,5,12],"rotation":90,"texture":"#0"},"down":{"uv":[12,4,13,5.5],"rotation":270,"texture":"#0"}}},{"from":[8.5,3.78179,16.9477],"to":[9,4.28179,17.4477],"rotation":{"angle":0,"axis":"y","origin":[8,2.0784,8]},"faces":{"north":{"uv":[13.25,15.5,13,15.75],"texture":"#0"},"east":{"uv":[15.75,12.5,15.5,12.75],"texture":"#0"},"south":{"uv":[13.75,15.5,13.5,15.75],"texture":"#0"},"west":{"uv":[15.75,13,15.5,13.25],"texture":"#0"},"up":{"uv":[15.5,13.75,15.75,13.5],"rotation":90,"texture":"#0"},"down":{"uv":[14,15.5,14.25,15.75],"rotation":270,"texture":"#0"}}},{"from":[7,3.78179,16.9477],"to":[7.5,4.28179,17.4477],"rotation":{"angle":0,"axis":"y","origin":[8,2.0784,8]},"faces":{"north":{"uv":[14.75,15.5,14.5,15.75],"texture":"#0"},"east":{"uv":[15.75,14,15.5,14.25],"texture":"#0"},"south":{"uv":[15.25,15.5,15,15.75],"texture":"#0"},"west":{"uv":[15.75,14.5,15.5,14.75],"texture":"#0"},"up":{"uv":[15.5,15.25,15.75,15],"rotation":90,"texture":"#0"},"down":{"uv":[15.5,15.5,15.75,15.75],"rotation":270,"texture":"#0"}}},{"from":[8.75,2.93648,14.64494],"to":[9.25,4.93648,15.14494],"rotation":{"angle":22.5,"axis":"x","origin":[8,2.0784,8]},"faces":{"north":{"uv":[1.25,14,1,15],"texture":"#0"},"east":{"uv":[0.75,14,0.5,15],"texture":"#0"},"south":{"uv":[2.25,14,2,15],"texture":"#0"},"west":{"uv":[1.75,14,1.5,15],"texture":"#0"},"up":{"uv":[15.5,10.75,15.75,10.5],"rotation":90,"texture":"#0"},"down":{"uv":[11,15.5,11.25,15.75],"rotation":270,"texture":"#0"}}},{"from":[12.51139,0,13.38518],"to":[13.21139,0.25,14.63518],"rotation":{"angle":-22.5,"axis":"y","origin":[8,2.0784,8]},"faces":{"north":{"uv":[15.75,9,15.5,9.25],"texture":"#0"},"east":{"uv":[15.75,4,15,4.25],"texture":"#0"},"south":{"uv":[9.75,15.5,9.5,15.75],"texture":"#0"},"west":{"uv":[15.75,4.5,15,4.75],"texture":"#0"},"up":{"uv":[15,5.75,15.75,5.5],"rotation":90,"texture":"#0"},"down":{"uv":[6,15,6.75,15.25],"rotation":270,"texture":"#0"}}},{"from":[11.31139,0,13.13518],"to":[11.76139,0.25,14.13518],"rotation":{"angle":-22.5,"axis":"y","origin":[8,2.0784,8]},"faces":{"north":{"uv":[15.75,11,15.5,11.25],"texture":"#0"},"east":{"uv":[11,15,10.5,15.25],"texture":"#0"},"south":{"uv":[11.75,15.5,11.5,15.75],"texture":"#0"},"west":{"uv":[15.5,10.5,15,10.75],"texture":"#0"},"up":{"uv":[11,15.25,11.5,15],"rotation":90,"texture":"#0"},"down":{"uv":[15,11,15.5,11.25],"rotation":270,"texture":"#0"}}},{"from":[9.5,-5.40166,12.54076],"to":[10.5,-3.40166,13.54076],"rotation":{"angle":-45,"axis":"x","origin":[8,2.0784,8]},"faces":{"north":{"uv":[13,13,12.5,14],"texture":"#0"},"east":{"uv":[13,13,12.5,14],"texture":"#0"},"south":{"uv":[13,13,12.5,14],"texture":"#0"},"west":{"uv":[3.5,13.5,3,14.5],"texture":"#0"},"up":{"uv":[6.5,12.5,7,12],"rotation":90,"texture":"#0"},"down":{"uv":[12.5,9,13,9.5],"rotation":270,"texture":"#0"}}},{"from":[9.75,-2.74684,14.29224],"to":[10.25,-1.24684,14.79224],"rotation":{"angle":-22.5,"axis":"x","origin":[8,2.0784,8]},"faces":{"north":{"uv":[2.75,15,2.5,15.75],"texture":"#0"},"east":{"uv":[2.25,15,2,15.75],"texture":"#0"},"south":{"uv":[15.25,3,15,3.75],"texture":"#0"},"west":{"uv":[3.25,15,3,15.75],"texture":"#0"},"up":{"uv":[8.5,15.75,8.75,15.5],"rotation":90,"texture":"#0"},"down":{"uv":[9,15.5,9.25,15.75],"rotation":270,"texture":"#0"}}},{"from":[4.23861,0,13.13518],"to":[4.68861,0.25,14.13518],"rotation":{"angle":22.5,"axis":"y","origin":[8,2.0784,8]},"faces":{"north":{"uv":[15.5,11,15.75,11.25],"texture":"#0"},"east":{"uv":[15,10.5,15.5,10.75],"texture":"#0"},"south":{"uv":[11.5,15.5,11.75,15.75],"texture":"#0"},"west":{"uv":[10.5,15,11,15.25],"texture":"#0"},"up":{"uv":[11,15,11.5,15.25],"rotation":90,"texture":"#0"},"down":{"uv":[15,11.25,15.5,11],"rotation":270,"texture":"#0"}}},{"from":[6.75,2.93648,14.64494],"to":[7.25,4.93648,15.14494],"rotation":{"angle":22.5,"axis":"x","origin":[8,2.0784,8]},"faces":{"north":{"uv":[1,14,1.25,15],"texture":"#0"},"east":{"uv":[1.5,14,1.75,15],"texture":"#0"},"south":{"uv":[2,14,2.25,15],"texture":"#0"},"west":{"uv":[0.5,14,0.75,15],"texture":"#0"},"up":{"uv":[15.5,10.5,15.75,10.75],"rotation":90,"texture":"#0"},"down":{"uv":[11,15.75,11.25,15.5],"rotation":270,"texture":"#0"}}},{"from":[5.75,-2.74684,14.29224],"to":[6.25,-1.24684,14.79224],"rotation":{"angle":-22.5,"axis":"x","origin":[8,2.0784,8]},"faces":{"north":{"uv":[2.5,15,2.75,15.75],"texture":"#0"},"east":{"uv":[3,15,3.25,15.75],"texture":"#0"},"south":{"uv":[15,3,15.25,3.75],"texture":"#0"},"west":{"uv":[2,15,2.25,15.75],"texture":"#0"},"up":{"uv":[8.5,15.5,8.75,15.75],"rotation":90,"texture":"#0"},"down":{"uv":[9,15.75,9.25,15.5],"rotation":270,"texture":"#0"}}},{"from":[2.78861,0,13.38518],"to":[3.48861,0.25,14.63518],"rotation":{"angle":22.5,"axis":"y","origin":[8,2.0784,8]},"faces":{"north":{"uv":[15.5,9,15.75,9.25],"texture":"#0"},"east":{"uv":[15,4.5,15.75,4.75],"texture":"#0"},"south":{"uv":[9.5,15.5,9.75,15.75],"texture":"#0"},"west":{"uv":[15,4,15.75,4.25],"texture":"#0"},"up":{"uv":[15,5.5,15.75,5.75],"rotation":90,"texture":"#0"},"down":{"uv":[6,15.25,6.75,15],"rotation":270,"texture":"#0"}}},{"from":[5.5,-5.40166,12.54076],"to":[6.5,-3.40166,13.54076],"rotation":{"angle":-45,"axis":"x","origin":[8,2.0784,8]},"faces":{"north":{"uv":[12.5,13,13,14],"texture":"#0"},"east":{"uv":[3,13.5,3.5,14.5],"texture":"#0"},"south":{"uv":[12.5,13,13,14],"texture":"#0"},"west":{"uv":[12.5,13,13,14],"texture":"#0"},"up":{"uv":[6.5,12,7,12.5],"rotation":90,"texture":"#0"},"down":{"uv":[12.5,9.5,13,9],"rotation":270,"texture":"#0"}}},{"from":[6.51,2.55029,16.19756],"to":[9.49,4.55029,17.19756],"rotation":{"angle":0,"axis":"y","origin":[8,2.0784,8]},"faces":{"north":{"uv":[6.5,12,5,13],"texture":"#0"},"east":{"uv":[12.5,13,12,14],"texture":"#0"},"south":{"uv":[13.5,5.5,12,6.5],"texture":"#0"},"west":{"uv":[12,13,12.5,14],"texture":"#0"},"up":{"uv":[8,14,8.5,12.5],"rotation":90,"texture":"#0"},"down":{"uv":[5,13,5.5,14.5],"rotation":270,"texture":"#0"}}},{"from":[6.51,-2.91238,13.19652],"to":[9.49,-1.41238,14.19652],"rotation":{"angle":-45,"axis":"x","origin":[8,2.0784,8]},"faces":{"north":{"uv":[13,12,11.5,12.75],"texture":"#0"},"east":{"uv":[14,8.5,13.5,9.25],"texture":"#0"},"south":{"uv":[8,12.5,6.5,13.25],"texture":"#0"},"west":{"uv":[14,9.25,13.5,8.5],"texture":"#0"},"up":{"uv":[8.5,14,8,12.5],"rotation":90,"texture":"#0"},"down":{"uv":[6,13,6.5,14.5],"rotation":270,"texture":"#0"}}},{"from":[6.51,2.55029,16.19756],"to":[9.49,4.55029,17.19756],"rotation":{"angle":0,"axis":"y","origin":[8,2.0784,8]},"faces":{"north":{"uv":[6.5,12,5,13],"texture":"#0"},"east":{"uv":[12.5,13,12,14],"texture":"#0"},"south":{"uv":[13.5,5.5,12,6.5],"texture":"#0"},"west":{"uv":[12,13,12.5,14],"texture":"#0"},"up":{"uv":[8,14,8.5,12.5],"rotation":90,"texture":"#0"},"down":{"uv":[5,13,5.5,14.5],"rotation":270,"texture":"#0"}}}],"gui_light":"front","display":{"thirdperson_righthand":{"rotation":[67.5,0,0],"translation":[0,2.75,0],"scale":[0.28,0.28,0.28]},"thirdperson_lefthand":{"rotation":[67.5,0,0],"translation":[0,2.75,0],"scale":[0.28,0.28,0.28]},"firstperson_righthand":{"translation":[2.75,3.5,0],"scale":[0.28828,0.28828,0.28828]},"firstperson_lefthand":{"translation":[2.75,3.5,0],"scale":[0.28828,0.28828,0.28828]},"ground":{"translation":[0,6,0],"scale":[0.45,0.45,0.45]},"gui":{"rotation":[30,135,0],"translation":[0,1.75,0],"scale":[0.82477,0.82477,0.82477]},"head":{"rotation":[0,180,0],"translation":[0,-30.4,0],"scale":[1.6,1.6,1.6]},"fixed":{"rotation":[-90,0,0],"translation":[0,0,-16],"scale":[2,2,2]}}}