{"credit":"MadewithBlockbench","texture_size":[32,32],"textures":{"0":"elitecreatures:lab_furniture_v1/chairtexture","particle":"elitecreatures:lab_furniture_v1/chairtexture"},"elements":[{"from":[4.08511,8.11578,2.37508],"to":[11.86461,10.70895,10.15458],"rotation":{"angle":0,"axis":"y","origin":[7.97486,6.68954,7.73846]},"faces":{"north":{"uv":[0,11.25,3,12.25],"texture":"#0"},"east":{"uv":[0,6,3,7],"texture":"#0"},"south":{"uv":[0,12.25,3,13.25],"texture":"#0"},"west":{"uv":[3,6,0,7],"texture":"#0"},"up":{"uv":[3,3,0,0],"texture":"#0"},"down":{"uv":[3,3,0,6],"texture":"#0"}}},{"from":[7.32656,7.46749,7.23727],"to":[8.62315,8.11578,12.4236],"rotation":{"angle":0,"axis":"y","origin":[7.97486,5.39295,9.03504]},"faces":{"north":{"uv":[5,6,5.5,6.25],"texture":"#0"},"east":{"uv":[5.75,4,6,6],"rotation":90,"texture":"#0"},"south":{"uv":[4.5,6,5,6.25],"texture":"#0"},"west":{"uv":[5.5,4,5.75,6],"rotation":90,"texture":"#0"},"up":{"uv":[5,6,4.5,4],"texture":"#0"},"down":{"uv":[5.5,4,5,6],"texture":"#0"}}},{"from":[7.35898,9.25594,9.30939],"to":[8.59073,11.84911,9.95768],"rotation":{"angle":45,"axis":"x","origin":[7.97486,5.39295,9.03504]},"faces":{"north":{"uv":[3,6,3.5,7],"texture":"#0"},"east":{"uv":[4,6,4.25,7],"texture":"#0"},"south":{"uv":[3.5,6,4,7],"texture":"#0"},"west":{"uv":[4.25,6,4.5,7],"texture":"#0"},"up":{"uv":[4,7.25,3.5,7],"texture":"#0"},"down":{"uv":[3.5,7,3,7.25],"texture":"#0"}}},{"from":[7.32656,9.31709,13.62047],"to":[8.62315,13.85513,14.26877],"rotation":{"angle":0,"axis":"y","origin":[7.97486,5.39295,9.03504]},"faces":{"north":{"uv":[3.5,4,4,5.75],"texture":"#0"},"east":{"uv":[4,4,4.25,5.75],"texture":"#0"},"south":{"uv":[3,4,3.5,5.75],"texture":"#0"},"west":{"uv":[4.25,4,4.5,5.75],"texture":"#0"},"up":{"uv":[3.5,6,3,5.75],"texture":"#0"},"down":{"uv":[4,5.75,3.5,6],"texture":"#0"}}},{"from":[7.32656,3.57774,5.94068],"to":[8.62315,8.11578,7.23727],"rotation":{"angle":0,"axis":"y","origin":[7.97486,7.98612,7.73846]},"faces":{"north":{"uv":[6,0.5,6.5,2.25],"texture":"#0"},"east":{"uv":[6.5,0.5,6,2.25],"texture":"#0"},"south":{"uv":[6,0.5,6.5,2.25],"texture":"#0"},"west":{"uv":[6.5,0.5,6,2.25],"texture":"#0"},"up":{"uv":[6.5,3.25,6,2.75],"texture":"#0"},"down":{"uv":[6.5,2.75,6,3.25],"texture":"#0"}}},{"from":[5.05754,3.09152,5.94068],"to":[10.89217,3.7074,7.23727],"rotation":{"angle":0,"axis":"y","origin":[7.97486,3.38325,6.58897]},"faces":{"north":{"uv":[7,1.25,9.25,1.5],"texture":"#0"},"east":{"uv":[9.25,0.5,9.5,1],"rotation":90,"texture":"#0"},"south":{"uv":[7,1,9.25,1.25],"texture":"#0"},"west":{"uv":[9.25,0,9.5,0.5],"rotation":90,"texture":"#0"},"up":{"uv":[9.25,0.5,7,0],"texture":"#0"},"down":{"uv":[9.25,0.5,7,1],"texture":"#0"}}},{"from":[11.86461,0.01213,5.94068],"to":[12.5129,1.30872,7.23727],"rotation":{"angle":0,"axis":"y","origin":[12.18875,0.66043,6.58897]},"faces":{"north":{"uv":[7,1.5,7.25,2],"texture":"#0"},"east":{"uv":[8,1.5,8.5,2],"texture":"#0"},"south":{"uv":[8.5,1.5,8.75,2],"texture":"#0"},"west":{"uv":[7.5,1.5,8,2],"texture":"#0"},"up":{"uv":[7.5,2,7.25,1.5],"rotation":180,"texture":"#0"},"down":{"uv":[9,1.5,8.75,2],"rotation":180,"texture":"#0"}}},{"from":[13.32388,6.37842,6.033],"to":[15.91705,7.02671,7.26475],"rotation":{"angle":-45,"axis":"z","origin":[8.10451,8.31027,5.49939]},"faces":{"north":{"uv":[10.5,1.25,9.5,1.5],"texture":"#0"},"east":{"uv":[10.5,0.5,10.75,0],"rotation":90,"texture":"#0"},"south":{"uv":[10.5,1,9.5,1.25],"texture":"#0"},"west":{"uv":[10.5,1,10.75,0.5],"rotation":90,"texture":"#0"},"up":{"uv":[10.5,0,9.5,0.5],"texture":"#0"},"down":{"uv":[10.5,1,9.5,0.5],"texture":"#0"}}},{"from":[11.50805,1.30872,5.81102],"to":[12.80463,1.95701,7.36692],"rotation":{"angle":0,"axis":"y","origin":[8.10451,7.01368,7.73846]},"faces":{"north":{"uv":[0,9.25,0.5,9.5],"texture":"#0"},"east":{"uv":[0,10.75,0.5,11],"texture":"#0"},"south":{"uv":[0,9.5,0.5,9.75],"texture":"#0"},"west":{"uv":[0,11,0.5,11.25],"texture":"#0"},"up":{"uv":[0.5,9.75,0,10.25],"texture":"#0"},"down":{"uv":[0.5,10.25,0,10.75],"texture":"#0"}}},{"from":[3.43681,0.01213,5.94068],"to":[4.08511,1.30872,7.23727],"rotation":{"angle":0,"axis":"y","origin":[3.76096,0.66043,6.58897]},"faces":{"north":{"uv":[7.25,1.5,7,2],"texture":"#0"},"east":{"uv":[8,1.5,7.5,2],"texture":"#0"},"south":{"uv":[8.75,1.5,8.5,2],"texture":"#0"},"west":{"uv":[8.5,1.5,8,2],"texture":"#0"},"up":{"uv":[7.25,2,7.5,1.5],"rotation":180,"texture":"#0"},"down":{"uv":[8.75,1.5,9,2],"rotation":180,"texture":"#0"}}},{"from":[3.14508,1.30872,5.81102],"to":[4.44167,1.95701,7.36692],"rotation":{"angle":0,"axis":"y","origin":[7.8452,7.01368,7.73846]},"faces":{"north":{"uv":[0.5,9.25,0,9.5],"texture":"#0"},"east":{"uv":[0.5,11,0,11.25],"texture":"#0"},"south":{"uv":[0.5,9.5,0,9.75],"texture":"#0"},"west":{"uv":[0.5,10.75,0,11],"texture":"#0"},"up":{"uv":[0,9.75,0.5,10.25],"texture":"#0"},"down":{"uv":[0,10.25,0.5,10.75],"texture":"#0"}}},{"from":[0.03266,6.37842,5.9731],"to":[2.62583,7.02671,7.20485],"rotation":{"angle":45,"axis":"z","origin":[7.8452,8.31027,7.73846]},"faces":{"north":{"uv":[10.5,1,9.5,1.25],"texture":"#0"},"east":{"uv":[10.5,1,10.75,0.5],"rotation":90,"texture":"#0"},"south":{"uv":[10.5,1.25,9.5,1.5],"texture":"#0"},"west":{"uv":[10.5,0.5,10.75,0],"rotation":90,"texture":"#0"},"up":{"uv":[9.5,0.5,10.5,0],"texture":"#0"},"down":{"uv":[9.5,0.5,10.5,1],"texture":"#0"}}},{"from":[7.32656,3.0591,3.67166],"to":[8.62315,3.7074,9.50629],"rotation":{"angle":0,"axis":"y","origin":[7.97486,3.38325,6.58897]},"faces":{"north":{"uv":[9.25,0,9.5,0.5],"rotation":90,"texture":"#0"},"east":{"uv":[7,1.25,9.25,1.5],"texture":"#0"},"south":{"uv":[9.25,0.5,9.5,1],"rotation":90,"texture":"#0"},"west":{"uv":[7,1,9.25,1.25],"texture":"#0"},"up":{"uv":[9.25,0.5,7,0],"rotation":90,"texture":"#0"},"down":{"uv":[9.25,0.5,7,1],"rotation":270,"texture":"#0"}}},{"from":[7.65071,0.01213,10.15458],"to":[8.299,1.30872,11.45116],"rotation":{"angle":0,"axis":"y","origin":[7.97486,0.66043,10.80287]},"faces":{"north":{"uv":[7,1.5,7.25,2],"texture":"#0"},"east":{"uv":[8,1.5,8.5,2],"texture":"#0"},"south":{"uv":[8.5,1.5,8.75,2],"texture":"#0"},"west":{"uv":[7.5,1.5,8,2],"texture":"#0"},"up":{"uv":[7.5,2,7.25,1.5],"rotation":180,"texture":"#0"},"down":{"uv":[9,1.5,8.75,2],"rotation":180,"texture":"#0"}}},{"from":[7.19691,1.30872,10.12216],"to":[8.75281,1.95701,11.41875],"rotation":{"angle":0,"axis":"y","origin":[6.82537,7.01368,6.71863]},"faces":{"north":{"uv":[0,11,0.5,11.25],"texture":"#0"},"east":{"uv":[0,9.25,0.5,9.5],"texture":"#0"},"south":{"uv":[0,10.75,0.5,11],"texture":"#0"},"west":{"uv":[0,9.5,0.5,9.75],"texture":"#0"},"up":{"uv":[0.5,9.75,0,10.25],"rotation":90,"texture":"#0"},"down":{"uv":[0.5,10.25,0,10.75],"rotation":270,"texture":"#0"}}},{"from":[7.35898,6.37842,11.93802],"to":[8.59073,7.02671,14.53118],"rotation":{"angle":45,"axis":"x","origin":[9.12434,8.31027,6.71863]},"faces":{"north":{"uv":[10.5,1,10.75,0.5],"rotation":90,"texture":"#0"},"east":{"uv":[10.5,1.25,9.5,1.5],"texture":"#0"},"south":{"uv":[10.5,0.5,10.75,0],"rotation":90,"texture":"#0"},"west":{"uv":[10.5,1,9.5,1.25],"texture":"#0"},"up":{"uv":[10.5,0,9.5,0.5],"rotation":90,"texture":"#0"},"down":{"uv":[10.5,1,9.5,0.5],"rotation":270,"texture":"#0"}}},{"from":[7.35898,6.37842,-1.35322],"to":[8.59073,7.02671,1.23995],"rotation":{"angle":-45,"axis":"x","origin":[6.82537,8.31027,6.45932]},"faces":{"north":{"uv":[10.5,0.5,10.75,0],"rotation":90,"texture":"#0"},"east":{"uv":[10.5,1,9.5,1.25],"texture":"#0"},"south":{"uv":[10.5,1,10.75,0.5],"rotation":90,"texture":"#0"},"west":{"uv":[10.5,1.25,9.5,1.5],"texture":"#0"},"up":{"uv":[9.5,0.5,10.5,0],"rotation":90,"texture":"#0"},"down":{"uv":[9.5,0.5,10.5,1],"rotation":270,"texture":"#0"}}},{"from":[7.19691,1.30872,1.7592],"to":[8.75281,1.95701,3.05579],"rotation":{"angle":0,"axis":"y","origin":[6.82537,7.01368,6.45932]},"faces":{"north":{"uv":[0.5,10.75,0,11],"texture":"#0"},"east":{"uv":[0.5,9.25,0,9.5],"texture":"#0"},"south":{"uv":[0.5,11,0,11.25],"texture":"#0"},"west":{"uv":[0.5,9.5,0,9.75],"texture":"#0"},"up":{"uv":[0,9.75,0.5,10.25],"rotation":90,"texture":"#0"},"down":{"uv":[0,10.25,0.5,10.75],"rotation":270,"texture":"#0"}}},{"from":[7.65071,0.01213,1.72679],"to":[8.299,1.30872,3.02337],"rotation":{"angle":0,"axis":"y","origin":[7.97486,0.66043,2.37508]},"faces":{"north":{"uv":[7.25,1.5,7,2],"texture":"#0"},"east":{"uv":[8,1.5,7.5,2],"texture":"#0"},"south":{"uv":[8.75,1.5,8.5,2],"texture":"#0"},"west":{"uv":[8.5,1.5,8,2],"texture":"#0"},"up":{"uv":[7.25,2,7.5,1.5],"rotation":180,"texture":"#0"},"down":{"uv":[8.75,1.5,9,2],"rotation":180,"texture":"#0"}}},{"from":[4.7334,11.74621,11.02977],"to":[11.21631,15.63596,13.62294],"rotation":{"angle":0,"axis":"y","origin":[7.97486,5.39295,9.03504]},"faces":{"north":{"uv":[3,0,5.5,1.5],"texture":"#0"},"east":{"uv":[11.75,0,10.75,1.5],"texture":"#0"},"south":{"uv":[3,1.5,5.5,3],"texture":"#0"},"west":{"uv":[10.75,0,11.75,1.5],"texture":"#0"},"up":{"uv":[14.25,2,11.75,1],"texture":"#0"},"down":{"uv":[14.25,0,11.75,1],"texture":"#0"}}}],"gui_light":"front","display":{"thirdperson_righthand":{"rotation":[67.5,0,0],"translation":[0,1.25,1],"scale":[0.42023,0.42023,0.42023]},"thirdperson_lefthand":{"rotation":[67.5,0,0],"translation":[0,1.25,1],"scale":[0.42023,0.42023,0.42023]},"firstperson_righthand":{"translation":[3.5,3.5,0],"scale":[0.51617,0.51617,0.51617]},"firstperson_lefthand":{"translation":[3.5,3.5,0],"scale":[0.51617,0.51617,0.51617]},"ground":{"translation":[0,6,0],"scale":[0.7,0.7,0.7]},"gui":{"rotation":[30,135,0],"translation":[-0.25,-0.5,0],"scale":[0.77446,0.77446,0.77446]},"head":{"rotation":[0,180,0],"translation":[0,-30.4,0],"scale":[1.6,1.6,1.6]},"fixed":{"rotation":[-90,0,0],"translation":[0,0,-16],"scale":[2,2,2]}},"groups":[{"name":"group","origin":[0,1.15,0.65],"color":0,"children":[0,1,2,3,4,5,6,7,8,9,10,11,12,13,14,15,16,17,18,19]}]}