{"credit":"Made with Blockbench","texture_size":[128,128],"textures":{"1":"elitecreatures:livingroom_furniture_v1/livingroom_sofa_4"},"elements":[{"from":[-13,2,4],"to":[29,8,15],"rotation":{"angle":0,"axis":"y","origin":[24,0,8]},"faces":{"north":{"uv":[1.375,1.375,6.625,2.125],"texture":"#1"},"east":{"uv":[0,1.375,1.375,2.125],"texture":"#1"},"south":{"uv":[8,1.375,13.25,2.125],"texture":"#1"},"west":{"uv":[6.625,1.375,8,2.125],"texture":"#1"},"up":{"uv":[6.625,1.375,1.375,0],"texture":"#1"},"down":{"uv":[11.875,0,6.625,1.375],"texture":"#1"}}},{"from":[-13,2,-13],"to":[-1,8,4],"rotation":{"angle":0,"axis":"y","origin":[24,0,8]},"faces":{"north":{"uv":[2.125,5.75,3.625,6.5],"texture":"#1"},"east":{"uv":[0,5.75,2.125,6.5],"texture":"#1"},"south":{"uv":[5.75,5.75,7.25,6.5],"texture":"#1"},"west":{"uv":[3.625,5.75,5.75,6.5],"texture":"#1"},"up":{"uv":[3.625,5.75,2.125,3.625],"texture":"#1"},"down":{"uv":[5.125,3.625,3.625,5.75],"texture":"#1"}}},{"from":[27,8,4],"to":[29,11,15],"rotation":{"angle":0,"axis":"y","origin":[24,0,8]},"faces":{"north":{"uv":[6.5,5,6.75,5.375],"texture":"#1"},"east":{"uv":[5.125,5,6.5,5.375],"texture":"#1"},"south":{"uv":[8.125,5,8.375,5.375],"texture":"#1"},"west":{"uv":[6.75,5,8.125,5.375],"texture":"#1"},"up":{"uv":[6.75,5,6.5,3.625],"texture":"#1"},"down":{"uv":[7,3.625,6.75,5],"texture":"#1"}}},{"from":[-11,5.9173,13.45],"to":[27,14.9173,16.45],"rotation":{"angle":22.5,"axis":"x","origin":[8,11.1173,15.91028]},"faces":{"north":{"uv":[0.375,2.5,5.125,3.625],"texture":"#1"},"east":{"uv":[0,2.5,0.375,3.625],"texture":"#1"},"south":{"uv":[5.5,2.5,10.25,3.625],"texture":"#1"},"west":{"uv":[5.125,2.5,5.5,3.625],"texture":"#1"},"up":{"uv":[5.125,2.5,0.375,2.125],"texture":"#1"},"down":{"uv":[9.875,2.125,5.125,2.5],"texture":"#1"}}},{"from":[26.5,0,4.5],"to":[28.5,2,6.5],"rotation":{"angle":0,"axis":"y","origin":[22,0,8]},"faces":{"north":{"uv":[0.25,0.25,0.5,0.5],"texture":"#1"},"east":{"uv":[0,0.25,0.25,0.5],"texture":"#1"},"south":{"uv":[0.75,0.25,1,0.5],"texture":"#1"},"west":{"uv":[0.5,0.25,0.75,0.5],"texture":"#1"},"up":{"uv":[0.5,0.25,0.25,0],"texture":"#1"},"down":{"uv":[0.75,0,0.5,0.25],"texture":"#1"}}},{"from":[26.5,0,12.5],"to":[28.5,2,14.5],"rotation":{"angle":0,"axis":"y","origin":[22,0,8]},"faces":{"north":{"uv":[0.25,0.25,0.5,0.5],"texture":"#1"},"east":{"uv":[0,0.25,0.25,0.5],"texture":"#1"},"south":{"uv":[0.75,0.25,1,0.5],"texture":"#1"},"west":{"uv":[0.5,0.25,0.75,0.5],"texture":"#1"},"up":{"uv":[0.5,0.25,0.25,0],"texture":"#1"},"down":{"uv":[0.75,0,0.5,0.25],"texture":"#1"}}},{"from":[-12.5,0,4.5],"to":[-10.5,2,6.5],"rotation":{"angle":0,"axis":"y","origin":[-6,0,8]},"faces":{"north":{"uv":[0.5,0.25,0.25,0.5],"texture":"#1"},"east":{"uv":[0.75,0.25,0.5,0.5],"texture":"#1"},"south":{"uv":[1,0.25,0.75,0.5],"texture":"#1"},"west":{"uv":[0.25,0.25,0,0.5],"texture":"#1"},"up":{"uv":[0.25,0.25,0.5,0],"texture":"#1"},"down":{"uv":[0.5,0,0.75,0.25],"texture":"#1"}}},{"from":[-12.5,0,12.5],"to":[-10.5,2,14.5],"rotation":{"angle":0,"axis":"y","origin":[-6,0,8]},"faces":{"north":{"uv":[0.5,0.25,0.25,0.5],"texture":"#1"},"east":{"uv":[0.75,0.25,0.5,0.5],"texture":"#1"},"south":{"uv":[1,0.25,0.75,0.5],"texture":"#1"},"west":{"uv":[0.25,0.25,0,0.5],"texture":"#1"},"up":{"uv":[0.25,0.25,0.5,0],"texture":"#1"},"down":{"uv":[0.5,0,0.75,0.25],"texture":"#1"}}},{"from":[-3.5,0,4.5],"to":[-1.5,2,6.5],"rotation":{"angle":0,"axis":"y","origin":[-6,0,8]},"faces":{"north":{"uv":[0.5,0.25,0.25,0.5],"texture":"#1"},"east":{"uv":[0.75,0.25,0.5,0.5],"texture":"#1"},"south":{"uv":[1,0.25,0.75,0.5],"texture":"#1"},"west":{"uv":[0.25,0.25,0,0.5],"texture":"#1"},"up":{"uv":[0.25,0.25,0.5,0],"texture":"#1"},"down":{"uv":[0.5,0,0.75,0.25],"texture":"#1"}}},{"from":[-3.5,0,12.5],"to":[-1.5,2,14.5],"rotation":{"angle":0,"axis":"y","origin":[-6,0,8]},"faces":{"north":{"uv":[0.5,0.25,0.25,0.5],"texture":"#1"},"east":{"uv":[0.75,0.25,0.5,0.5],"texture":"#1"},"south":{"uv":[1,0.25,0.75,0.5],"texture":"#1"},"west":{"uv":[0.25,0.25,0,0.5],"texture":"#1"},"up":{"uv":[0.25,0.25,0.5,0],"texture":"#1"},"down":{"uv":[0.5,0,0.75,0.25],"texture":"#1"}}},{"from":[-3.5,0,-12.5],"to":[-1.5,2,-10.5],"rotation":{"angle":0,"axis":"y","origin":[-6,0,8]},"faces":{"north":{"uv":[0.5,0.25,0.25,0.5],"texture":"#1"},"east":{"uv":[0.75,0.25,0.5,0.5],"texture":"#1"},"south":{"uv":[1,0.25,0.75,0.5],"texture":"#1"},"west":{"uv":[0.25,0.25,0,0.5],"texture":"#1"},"up":{"uv":[0.25,0.25,0.5,0],"texture":"#1"},"down":{"uv":[0.5,0,0.75,0.25],"texture":"#1"}}},{"from":[-12.5,0,-12.5],"to":[-10.5,2,-10.5],"rotation":{"angle":0,"axis":"y","origin":[-6,0,8]},"faces":{"north":{"uv":[0.5,0.25,0.25,0.5],"texture":"#1"},"east":{"uv":[0.75,0.25,0.5,0.5],"texture":"#1"},"south":{"uv":[1,0.25,0.75,0.5],"texture":"#1"},"west":{"uv":[0.25,0.25,0,0.5],"texture":"#1"},"up":{"uv":[0.25,0.25,0.5,0],"texture":"#1"},"down":{"uv":[0.5,0,0.75,0.25],"texture":"#1"}}},{"from":[-13,8,4],"to":[-11,11,15],"rotation":{"angle":0,"axis":"y","origin":[-8,0,8]},"faces":{"north":{"uv":[6.75,5,6.5,5.375],"texture":"#1"},"east":{"uv":[8.125,5,6.75,5.375],"texture":"#1"},"south":{"uv":[8.375,5,8.125,5.375],"texture":"#1"},"west":{"uv":[6.5,5,5.125,5.375],"texture":"#1"},"up":{"uv":[6.5,5,6.75,3.625],"texture":"#1"},"down":{"uv":[6.75,3.625,7,5],"texture":"#1"}}}],"gui_light":"front","display":{"thirdperson_righthand":{"rotation":[67.5,0,0],"translation":[0,1.5,0],"scale":[0.19922,0.19922,0.19922]},"thirdperson_lefthand":{"rotation":[67.5,0,0],"translation":[0,1.5,0],"scale":[0.19922,0.19922,0.19922]},"firstperson_righthand":{"translation":[1.25,3.25,0],"scale":[0.29258,0.29258,0.29258]},"firstperson_lefthand":{"translation":[1.25,3.25,0],"scale":[0.29258,0.29258,0.29258]},"ground":{"translation":[0,6,0],"scale":[0.4,0.4,0.4]},"gui":{"rotation":[30,135,0],"translation":[-0.5,1,0],"scale":[0.40039,0.40039,0.40039]},"head":{"rotation":[0,180,0],"translation":[0,-30.4,0],"scale":[1.6,1.6,1.6]},"fixed":{"rotation":[-90,0,0],"translation":[0,0,-16],"scale":[2,2,2]}},"groups":[{"name":"bone","origin":[8,0,8],"color":0,"children":[0,1,2,3,4,5,6,7,8,9,10,11,12]}]}