{"credit":"MadewithBlockbench","texture_size":[64,64],"textures":{"2":"elitecreatures:medieval_tavern_furniture_v1/15_beer_tank_wall_texture","particle":"elitecreatures:medieval_tavern_furniture_v1/15_beer_tank_wall_texture"},"elements":[{"from":[7.25,5,10],"to":[8.75,6.5,13],"rotation":{"angle":0,"axis":"y","origin":[0,2,0]},"faces":{"north":{"uv":[2.5,9,2.875,9.375],"texture":"#2"},"east":{"uv":[0,9,0.75,9.375],"texture":"#2"},"south":{"uv":[3,9,3.375,9.375],"texture":"#2"},"west":{"uv":[0.75,9,1.5,9.375],"texture":"#2"},"up":{"uv":[1.875,9.75,1.5,9],"texture":"#2"},"down":{"uv":[2.375,9,2,9.75],"texture":"#2"}}},{"from":[1,1,13],"to":[15,15,15],"rotation":{"angle":0,"axis":"y","origin":[0,2,0]},"faces":{"north":{"uv":[4,0,7.5,3.5],"texture":"#2"},"east":{"uv":[8,4,8.5,7.5],"texture":"#2"},"south":{"uv":[4,3.5,7.5,7],"texture":"#2"},"west":{"uv":[8,7.5,8.5,11],"texture":"#2"},"up":{"uv":[3.5,9,0,8.5],"texture":"#2"},"down":{"uv":[12,4,8.5,4.5],"texture":"#2"}}},{"from":[7.5,3,10.5],"to":[8.5,5,11.5],"rotation":{"angle":0,"axis":"y","origin":[0,2,0]},"faces":{"north":{"uv":[9,4.5,9.25,5],"texture":"#2"},"east":{"uv":[9,5,9.25,5.5],"texture":"#2"},"south":{"uv":[9,5.5,9.25,6],"texture":"#2"},"west":{"uv":[9,6,9.25,6.5],"texture":"#2"},"up":{"uv":[9.25,6.75,9,6.5],"texture":"#2"},"down":{"uv":[9.25,6.75,9,7],"texture":"#2"}}},{"from":[0,0,15],"to":[16,16,16],"faces":{"north":{"uv":[0,0,4,4],"texture":"#2"},"east":{"uv":[7.75,7.5,7.5,11.5],"texture":"#2"},"south":{"uv":[0,4,4,8],"texture":"#2"},"west":{"uv":[7.5,7.5,7.75,11.5],"texture":"#2"},"up":{"uv":[4,8.25,0,8],"texture":"#2"},"down":{"uv":[12,3.5,8,3.75],"texture":"#2"}}},{"from":[0.8,0.8,12.8],"to":[15.2,15.2,15.2],"rotation":{"angle":0,"axis":"y","origin":[0,2,0]},"faces":{"north":{"uv":[4,7,7.5,10.5],"texture":"#2"},"east":{"uv":[9,4.5,8.5,8],"texture":"#2"},"south":{"uv":[7.5,0,11,3.5],"texture":"#2"},"west":{"uv":[8.5,4.5,9,8],"texture":"#2"},"up":{"uv":[12,8.5,8.5,8],"texture":"#2"},"down":{"uv":[12,8.5,8.5,9],"texture":"#2"}}}],"gui_light":"front","display":{"thirdperson_righthand":{"rotation":[67.5,0,0],"translation":[0,1.75,-0.75],"scale":[0.24953,0.24953,0.24953]},"thirdperson_lefthand":{"rotation":[67.5,0,0],"translation":[0,1.75,-0.75],"scale":[0.24953,0.24953,0.24953]},"firstperson_righthand":{"translation":[0,4.5,0],"scale":[0.35219,0.35219,0.35219]},"firstperson_lefthand":{"translation":[0,4.5,0],"scale":[0.35219,0.35219,0.35219]},"ground":{"translation":[0,6,-3.25],"scale":[0.5,0.5,0.5]},"gui":{"rotation":[30,135,0],"translation":[-3.75,-2,0],"scale":[0.76031,0.76031,0.76031]},"head":{"rotation":[0,180,0],"translation":[0,-30.4,0],"scale":[1.6,1.6,1.6]},"fixed":{"translation":[0,0,-16],"scale":[2,2,2]}},"groups":[{"name":"group","origin":[0,2,0],"color":0,"children":[0,1,2,3,4]}]}