{"credit":"MadewithBlockbench","texture_size":[128,128],"textures":{"0":"easter_furniture:easter_texture_01","particle":"easter_furniture:easter_texture_01"},"elements":[{"from":[20,-7,3],"to":[30,-4,13],"faces":{"north":{"uv":[7.875,2.75,9.125,3.125],"texture":"#0"},"east":{"uv":[7.875,2.75,9.125,3.125],"texture":"#0"},"south":{"uv":[7.875,2.75,9.125,3.125],"texture":"#0"},"west":{"uv":[7.875,2.75,9.125,3.125],"texture":"#0"},"up":{"uv":[7.875,1.5,9.125,2.75],"texture":"#0"},"down":{"uv":[7.875,1.5,9.125,2.75],"texture":"#0"}}},{"from":[22,-4,5],"to":[28,-2,11],"faces":{"north":{"uv":[0.625,2.25,1.375,2.5],"texture":"#0"},"east":{"uv":[0.625,2.25,1.375,2.5],"texture":"#0"},"south":{"uv":[0.625,2.25,1.375,2.5],"texture":"#0"},"west":{"uv":[0.625,2.25,1.375,2.5],"texture":"#0"},"up":{"uv":[0.625,2.5,1.375,3.25],"texture":"#0"},"down":{"uv":[0.625,2.5,1.375,3.25],"texture":"#0"}}},{"from":[21,-16,12],"to":[25,20,16],"rotation":{"angle":0,"axis":"y","origin":[21,7,-23]},"faces":{"north":{"uv":[0,11.5,0.5,16],"texture":"#0"},"east":{"uv":[0,11.5,0.5,16],"texture":"#0"},"south":{"uv":[0,11.5,0.5,16],"texture":"#0"},"west":{"uv":[0,11.5,0.5,16],"texture":"#0"},"up":{"uv":[11.1875,7.875,11.6875,8.375],"texture":"#0"},"down":{"uv":[13.125,1.625,13.625,2.125],"texture":"#0"}}},{"from":[20,17,12.1],"to":[24,30,15.9],"rotation":{"angle":45,"axis":"z","origin":[21,20,16]},"faces":{"north":{"uv":[0,11.5,0.5,13.125],"texture":"#0"},"east":{"uv":[0,13.125,0.475,11.5],"texture":"#0"},"south":{"uv":[0,11.5,0.5,13.125],"texture":"#0"},"west":{"uv":[0,13.125,0.475,11.5],"texture":"#0"},"up":{"uv":[11.1875,7.875,11.6875,8.35],"texture":"#0"},"down":{"uv":[13.125,1.625,13.625,2.1],"texture":"#0"}}},{"from":[-8,17,12.1],"to":[-4,30,15.9],"rotation":{"angle":-45,"axis":"z","origin":[-5,20,16]},"faces":{"north":{"uv":[0.5,11.5,0,13.125],"texture":"#0"},"east":{"uv":[0.475,13.125,0,11.5],"texture":"#0"},"south":{"uv":[0.5,11.5,0,13.125],"texture":"#0"},"west":{"uv":[0.475,13.125,0,11.5],"texture":"#0"},"up":{"uv":[11.6875,7.875,11.1875,8.35],"texture":"#0"},"down":{"uv":[13.625,1.625,13.125,2.1],"texture":"#0"}}},{"from":[-0.1,25.2,12.1],"to":[16.1,29.2,15.9],"rotation":{"angle":0,"axis":"y","origin":[-5,20,16]},"faces":{"north":{"uv":[0.5,14.5875,0,12.5625],"rotation":90,"texture":"#0"},"east":{"uv":[11.6875,7.875,11.1875,8.35],"rotation":90,"texture":"#0"},"south":{"uv":[0.5,14.5875,0,12.5625],"rotation":90,"texture":"#0"},"west":{"uv":[13.625,1.625,13.125,2.1],"rotation":90,"texture":"#0"},"up":{"uv":[0.475,14.5875,0,12.5625],"rotation":90,"texture":"#0"},"down":{"uv":[0.475,14.5875,0,12.5625],"rotation":90,"texture":"#0"}}},{"from":[-9,-16,12],"to":[-5,20,16],"rotation":{"angle":0,"axis":"y","origin":[21,7,-23]},"faces":{"north":{"uv":[0,11.5,0.5,16],"texture":"#0"},"east":{"uv":[0,11.5,0.5,16],"texture":"#0"},"south":{"uv":[0,11.5,0.5,16],"texture":"#0"},"west":{"uv":[0,11.5,0.5,16],"texture":"#0"},"up":{"uv":[11.125,7.875,11.625,8.375],"texture":"#0"},"down":{"uv":[13.125,1.625,13.625,2.125],"texture":"#0"}}},{"from":[-5,18,11.5],"to":[21,26,11.5],"rotation":{"angle":0,"axis":"y","origin":[21,7,-23]},"faces":{"north":{"uv":[3.5,15,6.75,16],"texture":"#0"},"east":{"uv":[0,11.5,0.5,16],"texture":"#0"},"south":{"uv":[6.75,15,3.5,16],"texture":"#0"},"west":{"uv":[0,11.5,0.5,16],"texture":"#0"},"up":{"uv":[11.125,7.875,11.625,8.375],"texture":"#0"},"down":{"uv":[13.125,1.625,13.625,2.125],"texture":"#0"}}},{"from":[-5,18,16.5],"to":[21,26,16.5],"rotation":{"angle":0,"axis":"y","origin":[21,7,39]},"faces":{"north":{"uv":[6.75,15,3.5,16],"texture":"#0"},"east":{"uv":[0.5,11.5,0,16],"texture":"#0"},"south":{"uv":[3.5,15,6.75,16],"texture":"#0"},"west":{"uv":[0.5,11.5,0,16],"texture":"#0"},"up":{"uv":[11.125,8.375,11.625,7.875],"texture":"#0"},"down":{"uv":[13.125,2.125,13.625,1.625],"texture":"#0"}}},{"from":[18.25,-16,9.25],"to":[27.75,-14,18.75],"rotation":{"angle":0,"axis":"y","origin":[21,7,-23]},"faces":{"north":{"uv":[10.8125,7.25,12,7.5],"texture":"#0"},"east":{"uv":[10.8125,7.25,12,7.5],"texture":"#0"},"south":{"uv":[10.8125,7.25,12,7.5],"texture":"#0"},"west":{"uv":[10.8125,7.25,12,7.5],"texture":"#0"},"up":{"uv":[10.8125,7.5,12,8.6875],"texture":"#0"},"down":{"uv":[10.8125,7.5,12,8.6875],"texture":"#0"}}},{"from":[20.25,-14,11.25],"to":[25.75,-8,16.75],"rotation":{"angle":0,"axis":"y","origin":[21,7,-23]},"faces":{"north":{"uv":[1.25,7.5625,1.9375,8.3125],"texture":"#0"},"east":{"uv":[1.25,7.5625,1.9375,8.3125],"texture":"#0"},"south":{"uv":[1.25,7.5625,1.9375,8.3125],"texture":"#0"},"west":{"uv":[1.25,7.5625,1.9375,8.3125],"texture":"#0"},"up":{"uv":[1.9375,7.5625,2.625,8.25],"texture":"#0"},"down":{"uv":[1.9375,7.5625,2.625,8.25],"texture":"#0"}}},{"from":[-9.75,-14,11.25],"to":[-4.25,-8,16.75],"rotation":{"angle":0,"axis":"y","origin":[21,7,-23]},"faces":{"north":{"uv":[1.25,7.5625,1.9375,8.3125],"texture":"#0"},"east":{"uv":[1.25,7.5625,1.9375,8.3125],"texture":"#0"},"south":{"uv":[1.25,7.5625,1.9375,8.3125],"texture":"#0"},"west":{"uv":[1.25,7.5625,1.9375,8.3125],"texture":"#0"},"up":{"uv":[1.9375,7.5625,2.625,8.25],"texture":"#0"},"down":{"uv":[1.9375,7.5625,2.625,8.25],"texture":"#0"}}},{"from":[-11.75,-16,9.25],"to":[-2.25,-14,18.75],"rotation":{"angle":0,"axis":"y","origin":[21,7,-23]},"faces":{"north":{"uv":[10.8125,7.25,12,7.5],"texture":"#0"},"east":{"uv":[10.8125,7.25,12,7.5],"texture":"#0"},"south":{"uv":[10.8125,7.25,12,7.5],"texture":"#0"},"west":{"uv":[10.8125,7.25,12,7.5],"texture":"#0"},"up":{"uv":[10.8125,7.5,12,8.6875],"texture":"#0"},"down":{"uv":[10.8125,7.5,12,8.6875],"texture":"#0"}}},{"from":[19,-14,2],"to":[31,-7,14],"faces":{"north":{"uv":[6.375,2.5,7.875,3.375],"texture":"#0"},"east":{"uv":[6.375,2.5,7.875,3.375],"texture":"#0"},"south":{"uv":[6.375,2.5,7.875,3.375],"texture":"#0"},"west":{"uv":[6.375,2.5,7.875,3.375],"texture":"#0"},"up":{"uv":[6.375,1,7.875,2.5],"texture":"#0"},"down":{"uv":[6.375,1,7.875,2.5],"texture":"#0"}}},{"from":[20,-16,3],"to":[30,-14,13],"faces":{"north":{"uv":[7.875,1.25,9.125,1.5],"texture":"#0"},"east":{"uv":[7.875,1.25,9.125,1.5],"texture":"#0"},"south":{"uv":[7.875,1.25,9.125,1.5],"texture":"#0"},"west":{"uv":[7.875,1.25,9.125,1.5],"texture":"#0"},"up":{"uv":[7.875,0,9.125,1.25],"texture":"#0"},"down":{"uv":[7.875,0,9.125,1.25],"texture":"#0"}}},{"from":[-12,-4,5],"to":[-6,-2,11],"rotation":{"angle":0,"axis":"y","origin":[-6,-9,9]},"faces":{"north":{"uv":[10.625,2.375,11.375,2.625],"texture":"#0"},"east":{"uv":[10.625,2.375,11.375,2.625],"texture":"#0"},"south":{"uv":[10.625,2.375,11.375,2.625],"texture":"#0"},"west":{"uv":[10.625,2.375,11.375,2.625],"texture":"#0"},"up":{"uv":[10.625,1.625,11.375,2.375],"texture":"#0"},"down":{"uv":[10.625,1.625,11.375,2.375],"texture":"#0"}}},{"from":[-14,-7,3],"to":[-4,-4,13],"rotation":{"angle":0,"axis":"y","origin":[-6,-9,9]},"faces":{"north":{"uv":[10.625,1.25,11.875,1.625],"texture":"#0"},"east":{"uv":[10.625,1.25,11.875,1.625],"texture":"#0"},"south":{"uv":[10.625,1.25,11.875,1.625],"texture":"#0"},"west":{"uv":[10.625,1.25,11.875,1.625],"texture":"#0"},"up":{"uv":[10.625,0,11.875,1.25],"texture":"#0"},"down":{"uv":[10.625,0,11.875,1.25],"texture":"#0"}}},{"from":[-15,-14,2],"to":[-3,-7,14],"rotation":{"angle":0,"axis":"y","origin":[-6,-9,9]},"faces":{"north":{"uv":[9.125,0,10.625,0.875],"texture":"#0"},"east":{"uv":[9.125,0,10.625,0.875],"texture":"#0"},"south":{"uv":[9.125,0,10.625,0.875],"texture":"#0"},"west":{"uv":[9.125,0,10.625,0.875],"texture":"#0"},"up":{"uv":[9.125,0.875,10.625,2.375],"texture":"#0"},"down":{"uv":[9.125,0.875,10.625,2.375],"texture":"#0"}}},{"from":[-14,-16,3],"to":[-4,-14,13],"rotation":{"angle":0,"axis":"y","origin":[-6,-9,9]},"faces":{"north":{"uv":[11.875,1.25,13.125,1.5],"texture":"#0"},"east":{"uv":[11.875,1.25,13.125,1.5],"texture":"#0"},"south":{"uv":[11.875,1.25,13.125,1.5],"texture":"#0"},"west":{"uv":[11.875,1.25,13.125,1.5],"texture":"#0"},"up":{"uv":[11.875,0,13.125,1.25],"texture":"#0"},"down":{"uv":[11.875,0,13.125,1.25],"texture":"#0"}}},{"from":[22.5,12,9],"to":[29.5,20,9],"rotation":{"angle":45,"axis":"y","origin":[26,16,9]},"faces":{"north":{"uv":[9.125,4.5,8.25,5.5],"texture":"#0"},"east":{"uv":[0,0,0,1],"texture":"#missing"},"south":{"uv":[8.25,4.5,9.125,5.5],"texture":"#0"},"west":{"uv":[0,0,0,1],"texture":"#missing"},"up":{"uv":[0.875,0,0,0],"texture":"#missing"},"down":{"uv":[0.875,0,0,0],"texture":"#missing"}}},{"from":[22.5,12,9],"to":[29.5,20,9],"rotation":{"angle":-45,"axis":"y","origin":[26,16,9]},"faces":{"north":{"uv":[9.125,4.5,8.25,5.5],"texture":"#0"},"east":{"uv":[0,0,0,1],"texture":"#missing"},"south":{"uv":[8.25,4.5,9.125,5.5],"texture":"#0"},"west":{"uv":[0,0,0,1],"texture":"#missing"},"up":{"uv":[0.875,0,0,0],"texture":"#missing"},"down":{"uv":[0.875,0,0,0],"texture":"#missing"}}},{"from":[17,3,4],"to":[24,11,4],"rotation":{"angle":45,"axis":"y","origin":[20.5,17,4]},"faces":{"north":{"uv":[9.125,5.5,8.25,6.5],"texture":"#0"},"east":{"uv":[0,0,0,1],"texture":"#missing"},"south":{"uv":[9.125,5.5,8.25,6.5],"texture":"#0"},"west":{"uv":[0,0,0,1],"texture":"#missing"},"up":{"uv":[0.875,0,0,0],"texture":"#missing"},"down":{"uv":[0.875,0,0,0],"texture":"#missing"}}},{"from":[17,3,4],"to":[24,11,4],"rotation":{"angle":-45,"axis":"y","origin":[20.5,7,4]},"faces":{"north":{"uv":[9.125,5.5,8.25,6.5],"texture":"#0"},"east":{"uv":[0,0,0,1],"texture":"#missing"},"south":{"uv":[9.125,5.5,8.25,6.5],"texture":"#0"},"west":{"uv":[0,0,0,1],"texture":"#missing"},"up":{"uv":[0.875,0,0,0],"texture":"#missing"},"down":{"uv":[0.875,0,0,0],"texture":"#missing"}}},{"from":[25,4,3],"to":[32,12,3],"rotation":{"angle":45,"axis":"y","origin":[28.5,8,3]},"faces":{"north":{"uv":[9.125,6.5,8.25,7.5],"texture":"#0"},"east":{"uv":[0,0,0,1],"texture":"#missing"},"south":{"uv":[9.125,6.5,8.25,7.5],"texture":"#0"},"west":{"uv":[0,0,0,1],"texture":"#missing"},"up":{"uv":[0.875,0,0,0],"texture":"#missing"},"down":{"uv":[0.875,0,0,0],"texture":"#missing"}}},{"from":[25,4,3],"to":[32,12,3],"rotation":{"angle":-45,"axis":"y","origin":[28.5,8,3]},"faces":{"north":{"uv":[9.125,6.5,8.25,7.5],"texture":"#0"},"east":{"uv":[0,0,0,1],"texture":"#missing"},"south":{"uv":[9.125,6.5,8.25,7.5],"texture":"#0"},"west":{"uv":[0,0,0,1],"texture":"#missing"},"up":{"uv":[0.875,0,0,0],"texture":"#missing"},"down":{"uv":[0.875,0,0,0],"texture":"#missing"}}},{"from":[21.5,-8,1],"to":[26.5,4,1],"rotation":{"angle":22.5,"axis":"y","origin":[32,-11,-3]},"faces":{"north":{"uv":[0.625,10,0,11.5],"texture":"#0"},"east":{"uv":[6.75,11.125,6.25,11.375],"texture":"#missing"},"south":{"uv":[0,10,0.625,11.5],"texture":"#0"},"west":{"uv":[6.75,11.125,6.25,11.375],"texture":"#missing"},"up":{"uv":[6.25,11.875,6.75,11.375],"rotation":270,"texture":"#missing"},"down":{"uv":[6.25,11.875,6.75,11.375],"rotation":270,"texture":"#missing"}}},{"from":[21.5,-8,5],"to":[26.5,3,5],"rotation":{"angle":-22.5,"axis":"y","origin":[24,-2,2]},"faces":{"north":{"uv":[0,10,0.625,11.375],"texture":"#0"},"east":{"uv":[6.25,11.125,6.25,12.5],"texture":"#missing"},"south":{"uv":[0.625,10,0,11.375],"texture":"#0"},"west":{"uv":[6.25,11.125,6.25,12.5],"texture":"#missing"},"up":{"uv":[6.25,12,6.25,11.375],"rotation":90,"texture":"#missing"},"down":{"uv":[6.25,12,6.25,11.375],"rotation":90,"texture":"#missing"}}},{"from":[22,-8,1],"to":[22,4,6],"rotation":{"angle":22.5,"axis":"y","origin":[32,-11,-3]},"faces":{"north":{"uv":[6.75,11.125,6.25,11.375],"texture":"#missing"},"east":{"uv":[0.625,10,0,11.5],"texture":"#0"},"south":{"uv":[6.75,11.125,6.25,11.375],"texture":"#missing"},"west":{"uv":[0,10,0.625,11.5],"texture":"#0"},"up":{"uv":[6.75,11.375,6.25,11.875],"rotation":180,"texture":"#missing"},"down":{"uv":[6.75,11.375,6.25,11.875],"texture":"#missing"}}},{"from":[22,4,5.5],"to":[22,12,6],"rotation":{"angle":22.5,"axis":"y","origin":[32,-11,-3]},"faces":{"north":{"uv":[16,3.4375,16,4.4375],"texture":"#0"},"east":{"uv":[11.4375,4.25,11.375,5.25],"texture":"#0"},"south":{"uv":[16,3.4375,16,4.4375],"texture":"#0"},"west":{"uv":[11.4375,4.25,11.375,5.25],"texture":"#0"},"up":{"uv":[16,3.6875,16,3.75],"rotation":180,"texture":"#0"},"down":{"uv":[16,3.6875,16,3.75],"texture":"#0"}}},{"from":[-10.5,-8,5],"to":[-5.5,3,5],"rotation":{"angle":22.5,"axis":"y","origin":[-8,-2,2]},"faces":{"north":{"uv":[0.625,10,0,11.375],"texture":"#0"},"east":{"uv":[6.25,11.125,6.25,12.5],"texture":"#missing"},"south":{"uv":[0,10,0.625,11.375],"texture":"#0"},"west":{"uv":[6.25,11.125,6.25,12.5],"texture":"#missing"},"up":{"uv":[6.25,11.375,6.25,12],"rotation":90,"texture":"#missing"},"down":{"uv":[6.25,11.375,6.25,12],"rotation":90,"texture":"#missing"}}},{"from":[-6,4,5.5],"to":[-6,12,6],"rotation":{"angle":-22.5,"axis":"y","origin":[-16,-11,-3]},"faces":{"north":{"uv":[16,3.4375,16,4.4375],"texture":"#0"},"east":{"uv":[11.375,4.25,11.4375,5.25],"texture":"#0"},"south":{"uv":[16,3.4375,16,4.4375],"texture":"#0"},"west":{"uv":[11.375,4.25,11.4375,5.25],"texture":"#0"},"up":{"uv":[16,3.6875,16,3.75],"rotation":180,"texture":"#0"},"down":{"uv":[16,3.6875,16,3.75],"texture":"#0"}}},{"from":[-16,4,3],"to":[-9,12,3],"rotation":{"angle":45,"axis":"y","origin":[-12.5,8,3]},"faces":{"north":{"uv":[8.25,6.5,9.125,7.5],"texture":"#0"},"east":{"uv":[0,0,0,1],"texture":"#missing"},"south":{"uv":[8.25,6.5,9.125,7.5],"texture":"#0"},"west":{"uv":[0,0,0,1],"texture":"#missing"},"up":{"uv":[0,0,0.875,0],"texture":"#missing"},"down":{"uv":[0,0,0.875,0],"texture":"#missing"}}},{"from":[-5,22,11.8],"to":[2,30,11.8],"rotation":{"angle":22.5,"axis":"z","origin":[-2.5,28,11.8]},"faces":{"north":{"uv":[8.25,6.5,9.125,7.5],"texture":"#0"},"east":{"uv":[0,0,0,1],"texture":"#missing"},"south":{"uv":[8.25,6.5,9.125,7.5],"texture":"#0"},"west":{"uv":[0,0,0,1],"texture":"#missing"},"up":{"uv":[0,0,0.875,0],"texture":"#missing"},"down":{"uv":[0,0,0.875,0],"texture":"#missing"}}},{"from":[8.5,23.5,11.6],"to":[15.5,31.5,11.6],"rotation":{"angle":-22.5,"axis":"z","origin":[11.5,28,11.6]},"faces":{"north":{"uv":[8.25,6.5,9.125,7.5],"texture":"#0"},"east":{"uv":[0,0,0,1],"texture":"#missing"},"south":{"uv":[8.25,6.5,9.125,7.5],"texture":"#0"},"west":{"uv":[0,0,0,1],"texture":"#missing"},"up":{"uv":[0,0,0.875,0],"texture":"#missing"},"down":{"uv":[0,0,0.875,0],"texture":"#missing"}}},{"from":[-10.5,-8,1],"to":[-5.5,4,1],"rotation":{"angle":-22.5,"axis":"y","origin":[-16,-11,-3]},"faces":{"north":{"uv":[0,10,0.625,11.5],"texture":"#0"},"east":{"uv":[6.25,11.125,6.75,11.375],"texture":"#missing"},"south":{"uv":[0.625,10,0,11.5],"texture":"#0"},"west":{"uv":[6.25,11.125,6.75,11.375],"texture":"#missing"},"up":{"uv":[6.25,11.375,6.75,11.875],"rotation":270,"texture":"#missing"},"down":{"uv":[6.25,11.375,6.75,11.875],"rotation":270,"texture":"#missing"}}},{"from":[-16,4,3],"to":[-9,12,3],"rotation":{"angle":-45,"axis":"y","origin":[-12.5,8,3]},"faces":{"north":{"uv":[8.25,6.5,9.125,7.5],"texture":"#0"},"east":{"uv":[0,0,0,1],"texture":"#missing"},"south":{"uv":[8.25,6.5,9.125,7.5],"texture":"#0"},"west":{"uv":[0,0,0,1],"texture":"#missing"},"up":{"uv":[0,0,0.875,0],"texture":"#missing"},"down":{"uv":[0,0,0.875,0],"texture":"#missing"}}},{"from":[-8,3,4],"to":[-1,11,4],"rotation":{"angle":-45,"axis":"y","origin":[-4.5,17,4]},"faces":{"north":{"uv":[8.25,5.5,9.125,6.5],"texture":"#0"},"east":{"uv":[0,0,0,1],"texture":"#missing"},"south":{"uv":[8.25,5.5,9.125,6.5],"texture":"#0"},"west":{"uv":[0,0,0,1],"texture":"#missing"},"up":{"uv":[0,0,0.875,0],"texture":"#missing"},"down":{"uv":[0,0,0.875,0],"texture":"#missing"}}},{"from":[16,-15,6],"to":[20,-12,10],"faces":{"north":{"uv":[8.625,3.125,9.125,3.5],"texture":"#0"},"east":{"uv":[8.625,3.125,9.125,3.5],"texture":"#0"},"south":{"uv":[8.625,3.125,9.125,3.5],"texture":"#0"},"west":{"uv":[8.625,3.125,9.125,3.5],"texture":"#0"},"up":{"uv":[8.625,3.5,9.125,4],"texture":"#0"},"down":{"uv":[8.625,4,9.125,4.5],"texture":"#0"}}},{"from":[16.5,-15.5,6.5],"to":[19.5,-10.5,9.5],"faces":{"north":{"uv":[8.25,3.125,8.625,3.75],"texture":"#0"},"east":{"uv":[8.25,3.125,8.625,3.75],"texture":"#0"},"south":{"uv":[8.25,3.125,8.625,3.75],"texture":"#0"},"west":{"uv":[8.25,3.125,8.625,3.75],"texture":"#0"},"up":{"uv":[8.25,4.125,8.625,4.5],"texture":"#0"},"down":{"uv":[8.25,3.75,8.625,4.125],"texture":"#0"}}},{"from":[-4.16235,-13.5,14.01235],"to":[-1.66235,-11.5,16.51235],"rotation":{"angle":0,"axis":"y","origin":[0.08765,-9.875,15.26235]},"faces":{"north":{"uv":[1.0625,3.25,1.375,3.5],"texture":"#0"},"east":{"uv":[1.0625,3.25,1.375,3.5],"texture":"#0"},"south":{"uv":[1.0625,3.25,1.375,3.5],"texture":"#0"},"west":{"uv":[1.0625,3.25,1.375,3.5],"texture":"#0"},"up":{"uv":[1.0625,3.5,1.375,3.8125],"rotation":90,"texture":"#0"},"down":{"uv":[1.0625,3.5,1.375,3.8125],"rotation":270,"texture":"#0"}}},{"from":[-3.91235,-14,14.26235],"to":[-1.91235,-10.5,16.26235],"rotation":{"angle":0,"axis":"y","origin":[0.08765,-9.875,15.26235]},"faces":{"north":{"uv":[0.8125,3.25,1.0625,3.6875],"texture":"#0"},"east":{"uv":[0.8125,3.25,1.0625,3.6875],"texture":"#0"},"south":{"uv":[0.8125,3.25,1.0625,3.6875],"texture":"#0"},"west":{"uv":[0.8125,3.25,1.0625,3.6875],"texture":"#0"},"up":{"uv":[0.5625,3.25,0.8125,3.5],"rotation":90,"texture":"#0"},"down":{"uv":[0.5625,3.25,0.8125,3.5],"rotation":270,"texture":"#0"}}},{"from":[-3.11235,-15,11.31235],"to":[-0.61235,-13,13.81235],"rotation":{"angle":22.5,"axis":"z","origin":[-1.86235,-13.875,12.56235]},"faces":{"north":{"uv":[12.8125,1.5,13.125,1.75],"texture":"#0"},"east":{"uv":[12.8125,1.5,13.125,1.75],"texture":"#0"},"south":{"uv":[12.8125,1.5,13.125,1.75],"texture":"#0"},"west":{"uv":[12.8125,1.5,13.125,1.75],"texture":"#0"},"up":{"uv":[12.8125,1.75,13.125,2.0625],"rotation":90,"texture":"#0"},"down":{"uv":[12.8125,1.75,13.125,2.0625],"rotation":270,"texture":"#0"}}},{"from":[-2.86235,-15.5,11.56235],"to":[-0.86235,-12,13.56235],"rotation":{"angle":22.5,"axis":"z","origin":[-1.86235,-13.875,12.56235]},"faces":{"north":{"uv":[12.5625,1.5,12.8125,1.9375],"texture":"#0"},"east":{"uv":[12.5625,1.5,12.8125,1.9375],"texture":"#0"},"south":{"uv":[12.5625,1.5,12.8125,1.9375],"texture":"#0"},"west":{"uv":[12.5625,1.5,12.8125,1.9375],"texture":"#0"},"up":{"uv":[12.3125,1.5,12.5625,1.75],"rotation":90,"texture":"#0"},"down":{"uv":[12.3125,1.5,12.5625,1.75],"rotation":270,"texture":"#0"}}},{"from":[-2.01235,-15.34508,8.3],"to":[0.48765,-13.34508,10.8],"rotation":{"angle":0,"axis":"y","origin":[0.23765,-14.22008,9.55]},"faces":{"north":{"uv":[1.5625,4.375,1.875,4.625],"texture":"#0"},"east":{"uv":[1.5625,4.375,1.875,4.625],"texture":"#0"},"south":{"uv":[1.5625,4.375,1.875,4.625],"texture":"#0"},"west":{"uv":[1.5625,4.375,1.875,4.625],"texture":"#0"},"up":{"uv":[1.5625,4.625,1.875,4.9375],"rotation":90,"texture":"#0"},"down":{"uv":[1.5625,4.625,1.875,4.9375],"rotation":270,"texture":"#0"}}},{"from":[-1.76235,-15.84508,8.55],"to":[0.23765,-12.34508,10.55],"rotation":{"angle":0,"axis":"y","origin":[0.23765,-14.22008,9.55]},"faces":{"north":{"uv":[1.3125,4.375,1.5625,4.8125],"texture":"#0"},"east":{"uv":[1.3125,4.375,1.5625,4.8125],"texture":"#0"},"south":{"uv":[1.3125,4.375,1.5625,4.8125],"texture":"#0"},"west":{"uv":[1.3125,4.375,1.5625,4.8125],"texture":"#0"},"up":{"uv":[1.0625,4.375,1.3125,4.625],"rotation":90,"texture":"#0"},"down":{"uv":[1.0625,4.375,1.3125,4.625],"rotation":270,"texture":"#0"}}},{"from":[-8,3,4],"to":[-1,11,4],"rotation":{"angle":45,"axis":"y","origin":[-4.5,7,4]},"faces":{"north":{"uv":[8.25,5.5,9.125,6.5],"texture":"#0"},"east":{"uv":[0,0,0,1],"texture":"#missing"},"south":{"uv":[8.25,5.5,9.125,6.5],"texture":"#0"},"west":{"uv":[0,0,0,1],"texture":"#missing"},"up":{"uv":[0,0,0.875,0],"texture":"#missing"},"down":{"uv":[0,0,0.875,0],"texture":"#missing"}}},{"from":[22,7,11.9],"to":[29,15,11.9],"rotation":{"angle":22.5,"axis":"z","origin":[-4.5,7,4]},"faces":{"north":{"uv":[8.25,5.5,9.125,6.5],"texture":"#0"},"east":{"uv":[0,0,0,1],"texture":"#missing"},"south":{"uv":[8.25,5.5,9.125,6.5],"texture":"#0"},"west":{"uv":[0,0,0,1],"texture":"#missing"},"up":{"uv":[0,0,0.875,0],"texture":"#missing"},"down":{"uv":[0,0,0.875,0],"texture":"#missing"}}},{"from":[2,24,11.7],"to":[9,32,11.7],"rotation":{"angle":0,"axis":"y","origin":[-4.5,7,4]},"faces":{"north":{"uv":[8.25,5.5,9.125,6.5],"texture":"#0"},"east":{"uv":[0,0,0,1],"texture":"#missing"},"south":{"uv":[8.25,5.5,9.125,6.5],"texture":"#0"},"west":{"uv":[0,0,0,1],"texture":"#missing"},"up":{"uv":[0,0,0.875,0],"texture":"#missing"},"down":{"uv":[0,0,0.875,0],"texture":"#missing"}}},{"from":[-13.5,12,9],"to":[-6.5,20,9],"rotation":{"angle":45,"axis":"y","origin":[-10,16,9]},"faces":{"north":{"uv":[8.25,4.5,9.125,5.5],"texture":"#0"},"east":{"uv":[0,0,0,1],"texture":"#missing"},"south":{"uv":[9.125,4.5,8.25,5.5],"texture":"#0"},"west":{"uv":[0,0,0,1],"texture":"#missing"},"up":{"uv":[0,0,0.875,0],"texture":"#missing"},"down":{"uv":[0,0,0.875,0],"texture":"#missing"}}},{"from":[-13.5,12,9],"to":[-6.5,20,9],"rotation":{"angle":-45,"axis":"y","origin":[-10,16,9]},"faces":{"north":{"uv":[8.25,4.5,9.125,5.5],"texture":"#0"},"east":{"uv":[0,0,0,1],"texture":"#missing"},"south":{"uv":[9.125,4.5,8.25,5.5],"texture":"#0"},"west":{"uv":[0,0,0,1],"texture":"#missing"},"up":{"uv":[0,0,0.875,0],"texture":"#missing"},"down":{"uv":[0,0,0.875,0],"texture":"#missing"}}},{"from":[-12.5,20,11.9],"to":[-5.5,28,11.9],"rotation":{"angle":-22.5,"axis":"z","origin":[-10,16,9]},"faces":{"north":{"uv":[8.25,4.5,9.125,5.5],"texture":"#0"},"east":{"uv":[0,0,0,1],"texture":"#missing"},"south":{"uv":[9.125,4.5,8.25,5.5],"texture":"#0"},"west":{"uv":[0,0,0,1],"texture":"#missing"},"up":{"uv":[0,0,0.875,0],"texture":"#missing"},"down":{"uv":[0,0,0.875,0],"texture":"#missing"}}},{"from":[13.48535,22.00835,11.8],"to":[20.48535,30.00835,11.8],"rotation":{"angle":0,"axis":"y","origin":[-6.01465,23.00835,11.9]},"faces":{"north":{"uv":[8.25,4.5,9.125,5.5],"texture":"#0"},"east":{"uv":[0,0,0,1],"texture":"#missing"},"south":{"uv":[9.125,4.5,8.25,5.5],"texture":"#0"},"west":{"uv":[0,0,0,1],"texture":"#missing"},"up":{"uv":[0,0,0.875,0],"texture":"#missing"},"down":{"uv":[0,0,0.875,0],"texture":"#missing"}}},{"from":[-12.5,20,16.1],"to":[-5.5,28,16.1],"rotation":{"angle":-22.5,"axis":"z","origin":[-10,16,19]},"faces":{"north":{"uv":[8.25,4.5,9.125,5.5],"texture":"#0"},"east":{"uv":[0,0,0,1],"texture":"#missing"},"south":{"uv":[9.125,4.5,8.25,5.5],"texture":"#0"},"west":{"uv":[0,0,0,1],"texture":"#missing"},"up":{"uv":[0,0,0.875,0],"texture":"#missing"},"down":{"uv":[0,0,0.875,0],"texture":"#missing"}}},{"from":[-5,22,16.2],"to":[2,30,16.2],"rotation":{"angle":22.5,"axis":"z","origin":[-2.5,28,16.2]},"faces":{"north":{"uv":[9.125,6.5,8.25,7.5],"texture":"#0"},"east":{"uv":[0,0,0,1],"texture":"#missing"},"south":{"uv":[9.125,6.5,8.25,7.5],"texture":"#0"},"west":{"uv":[0,0,0,1],"texture":"#missing"},"up":{"uv":[0,0,0.875,0],"texture":"#missing"},"down":{"uv":[0,0,0.875,0],"texture":"#missing"}}},{"from":[2,24,16.3],"to":[9,32,16.3],"rotation":{"angle":0,"axis":"y","origin":[-4.5,7,24]},"faces":{"north":{"uv":[9.125,5.5,8.25,6.5],"texture":"#0"},"east":{"uv":[0,0,0,1],"texture":"#missing"},"south":{"uv":[9.125,5.5,8.25,6.5],"texture":"#0"},"west":{"uv":[0,0,0,1],"texture":"#missing"},"up":{"uv":[0,0,0.875,0],"texture":"#missing"},"down":{"uv":[0,0,0.875,0],"texture":"#missing"}}},{"from":[8.5,23.5,16.4],"to":[15.5,31.5,16.4],"rotation":{"angle":-22.5,"axis":"z","origin":[11.5,28,16.4]},"faces":{"north":{"uv":[9.125,6.5,8.25,7.5],"texture":"#0"},"east":{"uv":[0,0,0,1],"texture":"#missing"},"south":{"uv":[9.125,6.5,8.25,7.5],"texture":"#0"},"west":{"uv":[0,0,0,1],"texture":"#missing"},"up":{"uv":[0,0,0.875,0],"texture":"#missing"},"down":{"uv":[0,0,0.875,0],"texture":"#missing"}}},{"from":[13.48535,22.00835,16.2],"to":[20.48535,30.00835,16.2],"rotation":{"angle":0,"axis":"y","origin":[-6.01465,23.00835,16.1]},"faces":{"north":{"uv":[8.25,4.5,9.125,5.5],"texture":"#0"},"east":{"uv":[0,0,0,1],"texture":"#missing"},"south":{"uv":[9.125,4.5,8.25,5.5],"texture":"#0"},"west":{"uv":[0,0,0,1],"texture":"#missing"},"up":{"uv":[0,0,0.875,0],"texture":"#missing"},"down":{"uv":[0,0,0.875,0],"texture":"#missing"}}},{"from":[22,7,16.1],"to":[29,15,16.1],"rotation":{"angle":22.5,"axis":"z","origin":[-4.5,7,24]},"faces":{"north":{"uv":[9.125,5.5,8.25,6.5],"texture":"#0"},"east":{"uv":[0,0,0,1],"texture":"#missing"},"south":{"uv":[9.125,5.5,8.25,6.5],"texture":"#0"},"west":{"uv":[0,0,0,1],"texture":"#missing"},"up":{"uv":[0,0,0.875,0],"texture":"#missing"},"down":{"uv":[0,0,0.875,0],"texture":"#missing"}}},{"from":[-6,-8,1],"to":[-6,4,6],"rotation":{"angle":-22.5,"axis":"y","origin":[-16,-11,-3]},"faces":{"north":{"uv":[6.25,11.125,6.75,11.375],"texture":"#missing"},"east":{"uv":[0.625,10,0,11.5],"texture":"#0"},"south":{"uv":[6.25,11.125,6.75,11.375],"texture":"#missing"},"west":{"uv":[0,10,0.625,11.5],"texture":"#0"},"up":{"uv":[6.25,11.375,6.75,11.875],"rotation":180,"texture":"#missing"},"down":{"uv":[6.25,11.375,6.75,11.875],"texture":"#missing"}}}],"gui_light":"front","display":{"thirdperson_righthand":{"rotation":[67.5,0,0],"translation":[0,1.75,1.25],"scale":[0.16797,0.16797,0.16797]},"thirdperson_lefthand":{"rotation":[67.5,0,0],"translation":[0,1.75,1.25],"scale":[0.16797,0.16797,0.16797]},"firstperson_righthand":{"translation":[0,5.5,0],"scale":[0.24375,0.24375,0.24375]},"firstperson_lefthand":{"translation":[0,5.5,0],"scale":[0.24375,0.24375,0.24375]},"ground":{"translation":[0,12,0],"scale":[0.4,0.4,0.4]},"gui":{"rotation":[30,135,0],"translation":[0,0.5,0],"scale":[0.27148,0.27148,0.27148]},"head":{"rotation":[0,-180,0],"translation":[0,-4.8,0],"scale":[1.6,1.6,1.6]},"fixed":{"rotation":[-90,0,0],"translation":[-0.25,-5.5,-48],"scale":[2,2,2]}}}