{"credit":"Made by spike5032","textures":{"0":"block/black_concrete","3":"block/gold_block","particle":"block/black_concrete"},"elements":[{"name":"hexadecagon","from":[7.27199,0.06245,12.16792],"to":[8.72802,0.72245,13.08292],"rotation":{"angle":45,"axis":"y","origin":[8,0.22745,9.42292]},"faces":{"north":{"uv":[3,1,4,0],"texture":"#0"},"east":{"uv":[3,1,4,0],"texture":"#0"},"south":{"uv":[3,1,4,0],"texture":"#0"},"west":{"uv":[3,1,4,0],"texture":"#0"},"up":{"uv":[3,1,4,0],"texture":"#0"},"down":{"uv":[3,1,4,0],"texture":"#0"}}},{"name":"hexadecagon","from":[7.27199,0.06245,12.16792],"to":[8.72802,0.72245,13.08292],"rotation":{"angle":22.5,"axis":"y","origin":[8,0.22745,9.42292]},"faces":{"north":{"uv":[3,1,4,0],"texture":"#0"},"east":{"uv":[3,1,4,0],"texture":"#0"},"south":{"uv":[3,1,4,0],"texture":"#0"},"west":{"uv":[3,1,4,0],"texture":"#0"},"up":{"uv":[3,1,4,0],"texture":"#0"},"down":{"uv":[3,1,4,0],"texture":"#0"}}},{"name":"hexadecagon","from":[7.27199,0.06245,12.16792],"to":[8.72802,0.72245,13.08292],"rotation":{"angle":0,"axis":"y","origin":[-0.5736,0,3.64419]},"faces":{"north":{"uv":[3,1,4,0],"texture":"#0"},"east":{"uv":[3,1,4,0],"texture":"#0"},"south":{"uv":[3,1,4,0],"texture":"#0"},"west":{"uv":[3,1,4,0],"texture":"#0"},"up":{"uv":[3,1,4,0],"texture":"#0"},"down":{"uv":[3,1,4,0],"texture":"#0"}}},{"name":"hexadecagon","from":[7.27199,0.06245,12.16792],"to":[8.72802,0.72245,13.08292],"rotation":{"angle":-22.5,"axis":"y","origin":[8,0.22745,9.42292]},"faces":{"north":{"uv":[3,1,4,0],"texture":"#0"},"east":{"uv":[3,1,4,0],"texture":"#0"},"south":{"uv":[3,1,4,0],"texture":"#0"},"west":{"uv":[3,1,4,0],"texture":"#0"},"up":{"uv":[3,1,4,0],"texture":"#0"},"down":{"uv":[3,1,4,0],"texture":"#0"}}},{"name":"hexadecagon","from":[7.27199,0.06245,12.16792],"to":[8.72802,0.72245,13.08292],"rotation":{"angle":-45,"axis":"y","origin":[8,0.22745,9.42292]},"faces":{"north":{"uv":[3,1,4,0],"texture":"#0"},"east":{"uv":[3,1,4,0],"texture":"#0"},"south":{"uv":[3,1,4,0],"texture":"#0"},"west":{"uv":[3,1,4,0],"texture":"#0"},"up":{"uv":[3,1,4,0],"texture":"#0"},"down":{"uv":[3,1,4,0],"texture":"#0"}}},{"name":"hexadecagon","from":[4.34001,0.06245,8.69491],"to":[5.25501,0.72245,10.15094],"rotation":{"angle":22.5,"axis":"y","origin":[8,0.22745,9.42292]},"faces":{"north":{"uv":[3,1,4,0],"texture":"#0"},"east":{"uv":[3,1,4,0],"texture":"#0"},"south":{"uv":[3,1,4,0],"texture":"#0"},"west":{"uv":[3,1,4,0],"texture":"#0"},"up":{"uv":[3,1,4,0],"texture":"#0"},"down":{"uv":[3,1,4,0],"texture":"#0"}}},{"name":"hexadecagon","from":[4.34001,0.06245,7.89797],"to":[5.25501,0.72245,10.15094],"rotation":{"angle":0,"axis":"y","origin":[-0.5736,0,3.64419]},"faces":{"north":{"uv":[3,1,4,0],"texture":"#0"},"east":{"uv":[3,1,4,0],"texture":"#0"},"south":{"uv":[3,1,4,0],"texture":"#0"},"west":{"uv":[3,1,4,0],"texture":"#0"},"up":{"uv":[3,1,4,0],"texture":"#0"},"down":{"uv":[3,1,4,0],"texture":"#0"}}},{"name":"hexadecagon","from":[10.745,0.06245,7.95552],"to":[11.66,0.72245,10.15094],"rotation":{"angle":0,"axis":"y","origin":[-0.5736,0,3.64419]},"faces":{"north":{"uv":[3,1,4,0],"texture":"#0"},"east":{"uv":[3,1,4,0],"texture":"#0"},"south":{"uv":[3,1,4,0],"texture":"#0"},"west":{"uv":[3,1,4,0],"texture":"#0"},"up":{"uv":[3,1,4,0],"texture":"#0"},"down":{"uv":[3,1,4,0],"texture":"#0"}}},{"name":"hexadecagon","from":[10.745,0.06245,8.69491],"to":[11.66,0.72245,10.15094],"rotation":{"angle":-22.5,"axis":"y","origin":[8,0.22745,9.42292]},"faces":{"north":{"uv":[3,1,4,0],"texture":"#0"},"east":{"uv":[3,1,4,0],"texture":"#0"},"south":{"uv":[3,1,4,0],"texture":"#0"},"west":{"uv":[3,1,4,0],"texture":"#0"},"up":{"uv":[3,1,4,0],"texture":"#0"},"down":{"uv":[3,1,4,0],"texture":"#0"}}},{"name":"hexadecagon","from":[4.34001,0.06245,5.81712],"to":[5.25501,0.72245,7.27316],"rotation":{"angle":-22.5,"axis":"y","origin":[8,0.22745,6.54514]},"faces":{"north":{"uv":[3,1,4,0],"texture":"#0"},"east":{"uv":[3,1,4,0],"texture":"#0"},"south":{"uv":[3,1,4,0],"texture":"#0"},"west":{"uv":[3,1,4,0],"texture":"#0"},"up":{"uv":[3,1,4,0],"texture":"#0"},"down":{"uv":[3,1,4,0],"texture":"#0"}}},{"name":"hexadecagon","from":[7.27199,0.06245,2.88515],"to":[8.72802,0.72245,3.80014],"rotation":{"angle":45,"axis":"y","origin":[8,0.22745,6.54514]},"faces":{"north":{"uv":[3,1,4,0],"texture":"#0"},"east":{"uv":[3,1,4,0],"texture":"#0"},"south":{"uv":[3,1,4,0],"texture":"#0"},"west":{"uv":[3,1,4,0],"texture":"#0"},"up":{"uv":[3,1,4,0],"texture":"#0"},"down":{"uv":[3,1,4,0],"texture":"#0"}}},{"name":"hexadecagon","from":[7.27199,0.06245,2.88515],"to":[8.72802,0.72245,3.80014],"rotation":{"angle":22.5,"axis":"y","origin":[8,0.22745,6.54514]},"faces":{"north":{"uv":[3,1,4,0],"texture":"#0"},"east":{"uv":[3,1,4,0],"texture":"#0"},"south":{"uv":[3,1,4,0],"texture":"#0"},"west":{"uv":[3,1,4,0],"texture":"#0"},"up":{"uv":[3,1,4,0],"texture":"#0"},"down":{"uv":[3,1,4,0],"texture":"#0"}}},{"name":"hexadecagon","from":[7.27199,0.06245,2.88515],"to":[8.72802,0.72245,3.80014],"rotation":{"angle":0,"axis":"y","origin":[-0.5736,0,3.64419]},"faces":{"north":{"uv":[3,1,4,0],"texture":"#0"},"east":{"uv":[3,1,4,0],"texture":"#0"},"south":{"uv":[3,1,4,0],"texture":"#0"},"west":{"uv":[3,1,4,0],"texture":"#0"},"up":{"uv":[3,1,4,0],"texture":"#0"},"down":{"uv":[3,1,4,0],"texture":"#0"}}},{"name":"hexadecagon","from":[7.27199,0.06245,2.88515],"to":[8.72802,0.72245,3.80014],"rotation":{"angle":-22.5,"axis":"y","origin":[8,0.22745,6.54514]},"faces":{"north":{"uv":[3,1,4,0],"texture":"#0"},"east":{"uv":[3,1,4,0],"texture":"#0"},"south":{"uv":[3,1,4,0],"texture":"#0"},"west":{"uv":[3,1,4,0],"texture":"#0"},"up":{"uv":[3,1,4,0],"texture":"#0"},"down":{"uv":[3,1,4,0],"texture":"#0"}}},{"name":"hexadecagon","from":[7.27199,0.06245,2.88515],"to":[8.72802,0.72245,3.80014],"rotation":{"angle":-45,"axis":"y","origin":[8,0.22745,6.54514]},"faces":{"north":{"uv":[3,1,4,0],"texture":"#0"},"east":{"uv":[3,1,4,0],"texture":"#0"},"south":{"uv":[3,1,4,0],"texture":"#0"},"west":{"uv":[3,1,4,0],"texture":"#0"},"up":{"uv":[3,1,4,0],"texture":"#0"},"down":{"uv":[3,1,4,0],"texture":"#0"}}},{"name":"hexadecagon","from":[10.745,0.06245,5.81712],"to":[11.66,0.72245,7.27316],"rotation":{"angle":22.5,"axis":"y","origin":[8,0.22745,6.54514]},"faces":{"north":{"uv":[3,1,4,0],"texture":"#0"},"east":{"uv":[3,1,4,0],"texture":"#0"},"south":{"uv":[3,1,4,0],"texture":"#0"},"west":{"uv":[3,1,4,0],"texture":"#0"},"up":{"uv":[3,1,4,0],"texture":"#0"},"down":{"uv":[3,1,4,0],"texture":"#0"}}},{"name":"hexadecagon","from":[4.34001,0.06245,5.81712],"to":[5.25501,0.72245,7.89743],"rotation":{"angle":0,"axis":"y","origin":[-0.5736,0,3.64419]},"faces":{"north":{"uv":[3,1,4,0],"texture":"#0"},"east":{"uv":[3,1,4,0],"texture":"#0"},"south":{"uv":[3,1,4,0],"texture":"#0"},"west":{"uv":[3,1,4,0],"texture":"#0"},"up":{"uv":[3,1,4,0],"texture":"#0"},"down":{"uv":[3,1,4,0],"texture":"#0"}}},{"name":"hexadecagon","from":[10.745,0.06245,5.81712],"to":[11.66,0.72245,8.01254],"rotation":{"angle":0,"axis":"y","origin":[-0.5736,0,3.64419]},"faces":{"north":{"uv":[3,1,4,0],"texture":"#0"},"east":{"uv":[3,1,4,0],"texture":"#0"},"south":{"uv":[3,1,4,0],"texture":"#0"},"west":{"uv":[3,1,4,0],"texture":"#0"},"up":{"uv":[3,1,4,0],"texture":"#0"},"down":{"uv":[3,1,4,0],"texture":"#0"}}},{"name":"hexadecagon","from":[7.49911,4.68245,10.93146],"to":[8.5009,15.33245,11.561],"rotation":{"angle":45,"axis":"y","origin":[8,5.83745,9.04282]},"faces":{"north":{"uv":[3,1,4,0],"texture":"#0"},"east":{"uv":[3,1,4,0],"texture":"#0"},"south":{"uv":[3,1,4,0],"texture":"#0"},"west":{"uv":[3,1,4,0],"texture":"#0"},"up":{"uv":[3,1,4,0],"texture":"#0"},"down":{"uv":[3,1,4,0],"texture":"#0"}}},{"name":"hexadecagon","from":[7.49911,4.68245,10.93146],"to":[8.5009,15.33245,11.561],"rotation":{"angle":22.5,"axis":"y","origin":[8,5.83745,9.04282]},"faces":{"north":{"uv":[3,1,4,0],"texture":"#0"},"east":{"uv":[3,1,4,0],"texture":"#0"},"south":{"uv":[3,1,4,0],"texture":"#0"},"west":{"uv":[3,1,4,0],"texture":"#0"},"up":{"uv":[3,1,4,0],"texture":"#0"},"down":{"uv":[3,1,4,0],"texture":"#0"}}},{"name":"hexadecagon","from":[7.49911,4.68245,10.93146],"to":[8.5009,15.33245,11.561],"rotation":{"angle":0,"axis":"y","origin":[-0.5736,0,3.14419]},"faces":{"north":{"uv":[3,1,4,0],"texture":"#0"},"east":{"uv":[3,1,4,0],"texture":"#0"},"south":{"uv":[3,1,4,0],"texture":"#0"},"west":{"uv":[3,1,4,0],"texture":"#0"},"up":{"uv":[3,1,4,0],"texture":"#0"},"down":{"uv":[3,1,4,0],"texture":"#0"}}},{"name":"hexadecagon","from":[7.49911,4.68245,10.93146],"to":[8.5009,15.33245,11.561],"rotation":{"angle":-22.5,"axis":"y","origin":[8,5.83745,9.04282]},"faces":{"north":{"uv":[3,1,4,0],"texture":"#0"},"east":{"uv":[3,1,4,0],"texture":"#0"},"south":{"uv":[3,1,4,0],"texture":"#0"},"west":{"uv":[3,1,4,0],"texture":"#0"},"up":{"uv":[3,1,4,0],"texture":"#0"},"down":{"uv":[3,1,4,0],"texture":"#0"}}},{"name":"hexadecagon","from":[7.49911,4.68245,10.93146],"to":[8.5009,15.33245,11.561],"rotation":{"angle":-45,"axis":"y","origin":[8,5.83745,9.04282]},"faces":{"north":{"uv":[3,1,4,0],"texture":"#0"},"east":{"uv":[3,1,4,0],"texture":"#0"},"south":{"uv":[3,1,4,0],"texture":"#0"},"west":{"uv":[3,1,4,0],"texture":"#0"},"up":{"uv":[3,1,4,0],"texture":"#0"},"down":{"uv":[3,1,4,0],"texture":"#0"}}},{"name":"hexadecagon","from":[5.48182,4.68245,8.54192],"to":[6.11137,15.33245,9.54372],"rotation":{"angle":22.5,"axis":"y","origin":[8,5.83745,9.04282]},"faces":{"north":{"uv":[3,1,4,0],"texture":"#0"},"east":{"uv":[3,1,4,0],"texture":"#0"},"south":{"uv":[3,1,4,0],"texture":"#0"},"west":{"uv":[3,1,4,0],"texture":"#0"},"up":{"uv":[3,1,4,0],"texture":"#0"},"down":{"uv":[3,1,4,0],"texture":"#0"}}},{"name":"hexadecagon","from":[5.48182,4.68245,7.99361],"to":[6.11137,15.33245,9.54372],"rotation":{"angle":0,"axis":"y","origin":[-0.5736,0,3.14419]},"faces":{"north":{"uv":[3,1,4,0],"texture":"#0"},"east":{"uv":[3,1,4,0],"texture":"#0"},"south":{"uv":[3,1,4,0],"texture":"#0"},"west":{"uv":[3,1,4,0],"texture":"#0"},"up":{"uv":[3,1,4,0],"texture":"#0"},"down":{"uv":[3,1,4,0],"texture":"#0"}}},{"name":"hexadecagon","from":[9.88864,4.68245,8.03321],"to":[10.51818,15.33245,9.54372],"rotation":{"angle":0,"axis":"y","origin":[-0.5736,0,3.14419]},"faces":{"north":{"uv":[3,1,4,0],"texture":"#0"},"east":{"uv":[3,1,4,0],"texture":"#0"},"south":{"uv":[3,1,4,0],"texture":"#0"},"west":{"uv":[3,1,4,0],"texture":"#0"},"up":{"uv":[3,1,4,0],"texture":"#0"},"down":{"uv":[3,1,4,0],"texture":"#0"}}},{"name":"hexadecagon","from":[9.88864,4.68245,8.54192],"to":[10.51818,15.33245,9.54372],"rotation":{"angle":-22.5,"axis":"y","origin":[8,5.83745,9.04282]},"faces":{"north":{"uv":[3,1,4,0],"texture":"#0"},"east":{"uv":[3,1,4,0],"texture":"#0"},"south":{"uv":[3,1,4,0],"texture":"#0"},"west":{"uv":[3,1,4,0],"texture":"#0"},"up":{"uv":[3,1,4,0],"texture":"#0"},"down":{"uv":[3,1,4,0],"texture":"#0"}}},{"name":"hexadecagon","from":[5.48182,4.68245,6.56192],"to":[6.11137,15.33245,7.56372],"rotation":{"angle":-22.5,"axis":"y","origin":[8,5.83745,7.06282]},"faces":{"north":{"uv":[3,1,4,0],"texture":"#0"},"east":{"uv":[3,1,4,0],"texture":"#0"},"south":{"uv":[3,1,4,0],"texture":"#0"},"west":{"uv":[3,1,4,0],"texture":"#0"},"up":{"uv":[3,1,4,0],"texture":"#0"},"down":{"uv":[3,1,4,0],"texture":"#0"}}},{"name":"hexadecagon","from":[7.49911,4.68245,4.54464],"to":[8.5009,15.33245,5.17419],"rotation":{"angle":45,"axis":"y","origin":[8,5.83745,7.06282]},"faces":{"north":{"uv":[3,1,4,0],"texture":"#0"},"east":{"uv":[3,1,4,0],"texture":"#0"},"south":{"uv":[3,1,4,0],"texture":"#0"},"west":{"uv":[3,1,4,0],"texture":"#0"},"up":{"uv":[3,1,4,0],"texture":"#0"},"down":{"uv":[3,1,4,0],"texture":"#0"}}},{"name":"hexadecagon","from":[7.49911,4.68245,4.54464],"to":[8.5009,15.33245,5.17419],"rotation":{"angle":22.5,"axis":"y","origin":[8,5.83745,7.06282]},"faces":{"north":{"uv":[3,1,4,0],"texture":"#0"},"east":{"uv":[3,1,4,0],"texture":"#0"},"south":{"uv":[3,1,4,0],"texture":"#0"},"west":{"uv":[3,1,4,0],"texture":"#0"},"up":{"uv":[3,1,4,0],"texture":"#0"},"down":{"uv":[3,1,4,0],"texture":"#0"}}},{"name":"hexadecagon","from":[7.49911,4.68245,4.54464],"to":[8.5009,15.33245,5.17419],"rotation":{"angle":0,"axis":"y","origin":[-0.5736,0,3.14419]},"faces":{"north":{"uv":[3,1,4,0],"texture":"#0"},"east":{"uv":[3,1,4,0],"texture":"#0"},"south":{"uv":[3,1,4,0],"texture":"#0"},"west":{"uv":[3,1,4,0],"texture":"#0"},"up":{"uv":[3,1,4,0],"texture":"#0"},"down":{"uv":[3,1,4,0],"texture":"#0"}}},{"name":"hexadecagon","from":[7.49911,4.68245,4.54464],"to":[8.5009,15.33245,5.17419],"rotation":{"angle":-22.5,"axis":"y","origin":[8,5.83745,7.06282]},"faces":{"north":{"uv":[3,1,4,0],"texture":"#0"},"east":{"uv":[3,1,4,0],"texture":"#0"},"south":{"uv":[3,1,4,0],"texture":"#0"},"west":{"uv":[3,1,4,0],"texture":"#0"},"up":{"uv":[3,1,4,0],"texture":"#0"},"down":{"uv":[3,1,4,0],"texture":"#0"}}},{"name":"hexadecagon","from":[7.49911,4.68245,4.54464],"to":[8.5009,15.33245,5.17419],"rotation":{"angle":-45,"axis":"y","origin":[8,5.83745,7.06282]},"faces":{"north":{"uv":[3,1,4,0],"texture":"#0"},"east":{"uv":[3,1,4,0],"texture":"#0"},"south":{"uv":[3,1,4,0],"texture":"#0"},"west":{"uv":[3,1,4,0],"texture":"#0"},"up":{"uv":[3,1,4,0],"texture":"#0"},"down":{"uv":[3,1,4,0],"texture":"#0"}}},{"name":"hexadecagon","from":[9.88864,4.68245,6.56192],"to":[10.51818,15.33245,7.56372],"rotation":{"angle":22.5,"axis":"y","origin":[8,5.83745,7.06282]},"faces":{"north":{"uv":[3,1,4,0],"texture":"#0"},"east":{"uv":[3,1,4,0],"texture":"#0"},"south":{"uv":[3,1,4,0],"texture":"#0"},"west":{"uv":[3,1,4,0],"texture":"#0"},"up":{"uv":[3,1,4,0],"texture":"#0"},"down":{"uv":[3,1,4,0],"texture":"#0"}}},{"name":"hexadecagon","from":[5.48182,4.68245,6.56192],"to":[6.11137,15.33245,7.99324],"rotation":{"angle":0,"axis":"y","origin":[-0.5736,0,3.14419]},"faces":{"north":{"uv":[3,1,4,0],"texture":"#0"},"east":{"uv":[3,1,4,0],"texture":"#0"},"south":{"uv":[3,1,4,0],"texture":"#0"},"west":{"uv":[3,1,4,0],"texture":"#0"},"up":{"uv":[3,1,4,0],"texture":"#0"},"down":{"uv":[3,1,4,0],"texture":"#0"}}},{"name":"hexadecagon","from":[9.88864,4.68245,6.56192],"to":[10.51818,15.33245,8.07244],"rotation":{"angle":0,"axis":"y","origin":[-0.5736,0,3.14419]},"faces":{"north":{"uv":[3,1,4,0],"texture":"#0"},"east":{"uv":[3,1,4,0],"texture":"#0"},"south":{"uv":[3,1,4,0],"texture":"#0"},"west":{"uv":[3,1,4,0],"texture":"#0"},"up":{"uv":[3,1,4,0],"texture":"#0"},"down":{"uv":[3,1,4,0],"texture":"#0"}}},{"name":"hexadecagon","from":[7.45903,3.19745,11.15747],"to":[8.54097,4.68245,11.83737],"rotation":{"angle":45,"axis":"y","origin":[8,4.18745,9.11774]},"faces":{"north":{"uv":[3,1,4,0],"texture":"#0"},"east":{"uv":[3,1,4,0],"texture":"#0"},"south":{"uv":[3,1,4,0],"texture":"#0"},"west":{"uv":[3,1,4,0],"texture":"#0"},"up":{"uv":[3,1,4,0],"texture":"#0"},"down":{"uv":[3,1,4,0],"texture":"#0"}}},{"name":"hexadecagon","from":[7.45903,3.19745,11.15747],"to":[8.54097,4.68245,11.83737],"rotation":{"angle":22.5,"axis":"y","origin":[8,4.18745,9.11774]},"faces":{"north":{"uv":[3,1,4,0],"texture":"#0"},"east":{"uv":[3,1,4,0],"texture":"#0"},"south":{"uv":[3,1,4,0],"texture":"#0"},"west":{"uv":[3,1,4,0],"texture":"#0"},"up":{"uv":[3,1,4,0],"texture":"#0"},"down":{"uv":[3,1,4,0],"texture":"#0"}}},{"name":"hexadecagon","from":[7.45903,3.19745,11.15747],"to":[8.54097,4.68245,11.83737],"rotation":{"angle":0,"axis":"y","origin":[-0.5736,0,3.24419]},"faces":{"north":{"uv":[3,1,4,0],"texture":"#0"},"east":{"uv":[3,1,4,0],"texture":"#0"},"south":{"uv":[3,1,4,0],"texture":"#0"},"west":{"uv":[3,1,4,0],"texture":"#0"},"up":{"uv":[3,1,4,0],"texture":"#0"},"down":{"uv":[3,1,4,0],"texture":"#0"}}},{"name":"hexadecagon","from":[7.45903,3.19745,11.15747],"to":[8.54097,4.68245,11.83737],"rotation":{"angle":-22.5,"axis":"y","origin":[8,4.18745,9.11774]},"faces":{"north":{"uv":[3,1,4,0],"texture":"#0"},"east":{"uv":[3,1,4,0],"texture":"#0"},"south":{"uv":[3,1,4,0],"texture":"#0"},"west":{"uv":[3,1,4,0],"texture":"#0"},"up":{"uv":[3,1,4,0],"texture":"#0"},"down":{"uv":[3,1,4,0],"texture":"#0"}}},{"name":"hexadecagon","from":[7.45903,3.19745,11.15747],"to":[8.54097,4.68245,11.83737],"rotation":{"angle":-45,"axis":"y","origin":[8,4.18745,9.11774]},"faces":{"north":{"uv":[3,1,4,0],"texture":"#0"},"east":{"uv":[3,1,4,0],"texture":"#0"},"south":{"uv":[3,1,4,0],"texture":"#0"},"west":{"uv":[3,1,4,0],"texture":"#0"},"up":{"uv":[3,1,4,0],"texture":"#0"},"down":{"uv":[3,1,4,0],"texture":"#0"}}},{"name":"hexadecagon","from":[5.28037,3.19745,8.57677],"to":[5.96028,4.68245,9.65871],"rotation":{"angle":22.5,"axis":"y","origin":[8,4.18745,9.11774]},"faces":{"north":{"uv":[3,1,4,0],"texture":"#0"},"east":{"uv":[3,1,4,0],"texture":"#0"},"south":{"uv":[3,1,4,0],"texture":"#0"},"west":{"uv":[3,1,4,0],"texture":"#0"},"up":{"uv":[3,1,4,0],"texture":"#0"},"down":{"uv":[3,1,4,0],"texture":"#0"}}},{"name":"hexadecagon","from":[5.28037,3.19745,7.98459],"to":[5.96028,4.68245,9.65871],"rotation":{"angle":0,"axis":"y","origin":[-0.5736,0,3.24419]},"faces":{"north":{"uv":[3,1,4,0],"texture":"#0"},"east":{"uv":[3,1,4,0],"texture":"#0"},"south":{"uv":[3,1,4,0],"texture":"#0"},"west":{"uv":[3,1,4,0],"texture":"#0"},"up":{"uv":[3,1,4,0],"texture":"#0"},"down":{"uv":[3,1,4,0],"texture":"#0"}}},{"name":"hexadecagon","from":[10.03973,3.19745,8.02736],"to":[10.71964,4.68245,9.65871],"rotation":{"angle":0,"axis":"y","origin":[-0.5736,0,3.24419]},"faces":{"north":{"uv":[3,1,4,0],"texture":"#0"},"east":{"uv":[3,1,4,0],"texture":"#0"},"south":{"uv":[3,1,4,0],"texture":"#0"},"west":{"uv":[3,1,4,0],"texture":"#0"},"up":{"uv":[3,1,4,0],"texture":"#0"},"down":{"uv":[3,1,4,0],"texture":"#0"}}},{"name":"hexadecagon","from":[10.03973,3.19745,8.57677],"to":[10.71964,4.68245,9.65871],"rotation":{"angle":-22.5,"axis":"y","origin":[8,4.18745,9.11774]},"faces":{"north":{"uv":[3,1,4,0],"texture":"#0"},"east":{"uv":[3,1,4,0],"texture":"#0"},"south":{"uv":[3,1,4,0],"texture":"#0"},"west":{"uv":[3,1,4,0],"texture":"#0"},"up":{"uv":[3,1,4,0],"texture":"#0"},"down":{"uv":[3,1,4,0],"texture":"#0"}}},{"name":"hexadecagon","from":[5.28037,3.19745,6.43837],"to":[5.96028,4.68245,7.52031],"rotation":{"angle":-22.5,"axis":"y","origin":[8,4.18745,6.97934]},"faces":{"north":{"uv":[3,1,4,0],"texture":"#0"},"east":{"uv":[3,1,4,0],"texture":"#0"},"south":{"uv":[3,1,4,0],"texture":"#0"},"west":{"uv":[3,1,4,0],"texture":"#0"},"up":{"uv":[3,1,4,0],"texture":"#0"},"down":{"uv":[3,1,4,0],"texture":"#0"}}},{"name":"hexadecagon","from":[7.45903,3.19745,4.25971],"to":[8.54097,4.68245,4.93962],"rotation":{"angle":45,"axis":"y","origin":[8,4.18745,6.97934]},"faces":{"north":{"uv":[3,1,4,0],"texture":"#0"},"east":{"uv":[3,1,4,0],"texture":"#0"},"south":{"uv":[3,1,4,0],"texture":"#0"},"west":{"uv":[3,1,4,0],"texture":"#0"},"up":{"uv":[3,1,4,0],"texture":"#0"},"down":{"uv":[3,1,4,0],"texture":"#0"}}},{"name":"hexadecagon","from":[7.45903,3.19745,4.25971],"to":[8.54097,4.68245,4.93962],"rotation":{"angle":22.5,"axis":"y","origin":[8,4.18745,6.97934]},"faces":{"north":{"uv":[3,1,4,0],"texture":"#0"},"east":{"uv":[3,1,4,0],"texture":"#0"},"south":{"uv":[3,1,4,0],"texture":"#0"},"west":{"uv":[3,1,4,0],"texture":"#0"},"up":{"uv":[3,1,4,0],"texture":"#0"},"down":{"uv":[3,1,4,0],"texture":"#0"}}},{"name":"hexadecagon","from":[7.45903,3.19745,4.25971],"to":[8.54097,4.68245,4.93962],"rotation":{"angle":0,"axis":"y","origin":[-0.5736,0,3.24419]},"faces":{"north":{"uv":[3,1,4,0],"texture":"#0"},"east":{"uv":[3,1,4,0],"texture":"#0"},"south":{"uv":[3,1,4,0],"texture":"#0"},"west":{"uv":[3,1,4,0],"texture":"#0"},"up":{"uv":[3,1,4,0],"texture":"#0"},"down":{"uv":[3,1,4,0],"texture":"#0"}}},{"name":"hexadecagon","from":[7.45903,3.19745,4.25971],"to":[8.54097,4.68245,4.93962],"rotation":{"angle":-22.5,"axis":"y","origin":[8,4.18745,6.97934]},"faces":{"north":{"uv":[3,1,4,0],"texture":"#0"},"east":{"uv":[3,1,4,0],"texture":"#0"},"south":{"uv":[3,1,4,0],"texture":"#0"},"west":{"uv":[3,1,4,0],"texture":"#0"},"up":{"uv":[3,1,4,0],"texture":"#0"},"down":{"uv":[3,1,4,0],"texture":"#0"}}},{"name":"hexadecagon","from":[7.45903,3.19745,4.25971],"to":[8.54097,4.68245,4.93962],"rotation":{"angle":-45,"axis":"y","origin":[8,4.18745,6.97934]},"faces":{"north":{"uv":[3,1,4,0],"texture":"#0"},"east":{"uv":[3,1,4,0],"texture":"#0"},"south":{"uv":[3,1,4,0],"texture":"#0"},"west":{"uv":[3,1,4,0],"texture":"#0"},"up":{"uv":[3,1,4,0],"texture":"#0"},"down":{"uv":[3,1,4,0],"texture":"#0"}}},{"name":"hexadecagon","from":[10.03973,3.19745,6.43837],"to":[10.71964,4.68245,7.52031],"rotation":{"angle":22.5,"axis":"y","origin":[8,4.18745,6.97934]},"faces":{"north":{"uv":[3,1,4,0],"texture":"#0"},"east":{"uv":[3,1,4,0],"texture":"#0"},"south":{"uv":[3,1,4,0],"texture":"#0"},"west":{"uv":[3,1,4,0],"texture":"#0"},"up":{"uv":[3,1,4,0],"texture":"#0"},"down":{"uv":[3,1,4,0],"texture":"#0"}}},{"name":"hexadecagon","from":[5.28037,3.19745,6.43837],"to":[5.96028,4.68245,7.98419],"rotation":{"angle":0,"axis":"y","origin":[-0.5736,0,3.24419]},"faces":{"north":{"uv":[3,1,4,0],"texture":"#0"},"east":{"uv":[3,1,4,0],"texture":"#0"},"south":{"uv":[3,1,4,0],"texture":"#0"},"west":{"uv":[3,1,4,0],"texture":"#0"},"up":{"uv":[3,1,4,0],"texture":"#0"},"down":{"uv":[3,1,4,0],"texture":"#0"}}},{"name":"hexadecagon","from":[10.03973,3.19745,6.43837],"to":[10.71964,4.68245,8.06972],"rotation":{"angle":0,"axis":"y","origin":[-0.5736,0,3.24419]},"faces":{"north":{"uv":[3,1,4,0],"texture":"#0"},"east":{"uv":[3,1,4,0],"texture":"#0"},"south":{"uv":[3,1,4,0],"texture":"#0"},"west":{"uv":[3,1,4,0],"texture":"#0"},"up":{"uv":[3,1,4,0],"texture":"#0"},"down":{"uv":[3,1,4,0],"texture":"#0"}}},{"name":"hexadecagon","from":[7.40494,1.87745,11.45893],"to":[8.59507,3.19745,12.20683],"rotation":{"angle":45,"axis":"y","origin":[8,2.70245,9.21523]},"faces":{"north":{"uv":[3,1,4,0],"texture":"#0"},"east":{"uv":[3,1,4,0],"texture":"#0"},"south":{"uv":[3,1,4,0],"texture":"#0"},"west":{"uv":[3,1,4,0],"texture":"#0"},"up":{"uv":[3,1,4,0],"texture":"#0"},"down":{"uv":[3,1,4,0],"texture":"#0"}}},{"name":"hexadecagon","from":[7.40494,1.87745,11.45893],"to":[8.59507,3.19745,12.20683],"rotation":{"angle":22.5,"axis":"y","origin":[8,2.70245,9.21523]},"faces":{"north":{"uv":[3,1,4,0],"texture":"#0"},"east":{"uv":[3,1,4,0],"texture":"#0"},"south":{"uv":[3,1,4,0],"texture":"#0"},"west":{"uv":[3,1,4,0],"texture":"#0"},"up":{"uv":[3,1,4,0],"texture":"#0"},"down":{"uv":[3,1,4,0],"texture":"#0"}}},{"name":"hexadecagon","from":[7.40494,1.87745,11.45893],"to":[8.59507,3.19745,12.20683],"rotation":{"angle":0,"axis":"y","origin":[-0.5736,0,3.34419]},"faces":{"north":{"uv":[3,1,4,0],"texture":"#0"},"east":{"uv":[3,1,4,0],"texture":"#0"},"south":{"uv":[3,1,4,0],"texture":"#0"},"west":{"uv":[3,1,4,0],"texture":"#0"},"up":{"uv":[3,1,4,0],"texture":"#0"},"down":{"uv":[3,1,4,0],"texture":"#0"}}},{"name":"hexadecagon","from":[7.40494,1.87745,11.45893],"to":[8.59507,3.19745,12.20683],"rotation":{"angle":-22.5,"axis":"y","origin":[8,2.70245,9.21523]},"faces":{"north":{"uv":[3,1,4,0],"texture":"#0"},"east":{"uv":[3,1,4,0],"texture":"#0"},"south":{"uv":[3,1,4,0],"texture":"#0"},"west":{"uv":[3,1,4,0],"texture":"#0"},"up":{"uv":[3,1,4,0],"texture":"#0"},"down":{"uv":[3,1,4,0],"texture":"#0"}}},{"name":"hexadecagon","from":[7.40494,1.87745,11.45893],"to":[8.59507,3.19745,12.20683],"rotation":{"angle":-45,"axis":"y","origin":[8,2.70245,9.21523]},"faces":{"north":{"uv":[3,1,4,0],"texture":"#0"},"east":{"uv":[3,1,4,0],"texture":"#0"},"south":{"uv":[3,1,4,0],"texture":"#0"},"west":{"uv":[3,1,4,0],"texture":"#0"},"up":{"uv":[3,1,4,0],"texture":"#0"},"down":{"uv":[3,1,4,0],"texture":"#0"}}},{"name":"hexadecagon","from":[5.00841,1.87745,8.62017],"to":[5.75631,3.19745,9.8103],"rotation":{"angle":22.5,"axis":"y","origin":[8,2.70245,9.21523]},"faces":{"north":{"uv":[3,1,4,0],"texture":"#0"},"east":{"uv":[3,1,4,0],"texture":"#0"},"south":{"uv":[3,1,4,0],"texture":"#0"},"west":{"uv":[3,1,4,0],"texture":"#0"},"up":{"uv":[3,1,4,0],"texture":"#0"},"down":{"uv":[3,1,4,0],"texture":"#0"}}},{"name":"hexadecagon","from":[5.00841,1.87745,7.96877],"to":[5.75631,3.19745,9.8103],"rotation":{"angle":0,"axis":"y","origin":[-0.5736,0,3.34419]},"faces":{"north":{"uv":[3,1,4,0],"texture":"#0"},"east":{"uv":[3,1,4,0],"texture":"#0"},"south":{"uv":[3,1,4,0],"texture":"#0"},"west":{"uv":[3,1,4,0],"texture":"#0"},"up":{"uv":[3,1,4,0],"texture":"#0"},"down":{"uv":[3,1,4,0],"texture":"#0"}}},{"name":"hexadecagon","from":[10.2437,1.87745,8.01581],"to":[10.9916,3.19745,9.8103],"rotation":{"angle":0,"axis":"y","origin":[-0.5736,0,3.34419]},"faces":{"north":{"uv":[3,1,4,0],"texture":"#0"},"east":{"uv":[3,1,4,0],"texture":"#0"},"south":{"uv":[3,1,4,0],"texture":"#0"},"west":{"uv":[3,1,4,0],"texture":"#0"},"up":{"uv":[3,1,4,0],"texture":"#0"},"down":{"uv":[3,1,4,0],"texture":"#0"}}},{"name":"hexadecagon","from":[10.2437,1.87745,8.62017],"to":[10.9916,3.19745,9.8103],"rotation":{"angle":-22.5,"axis":"y","origin":[8,2.70245,9.21523]},"faces":{"north":{"uv":[3,1,4,0],"texture":"#0"},"east":{"uv":[3,1,4,0],"texture":"#0"},"south":{"uv":[3,1,4,0],"texture":"#0"},"west":{"uv":[3,1,4,0],"texture":"#0"},"up":{"uv":[3,1,4,0],"texture":"#0"},"down":{"uv":[3,1,4,0],"texture":"#0"}}},{"name":"hexadecagon","from":[5.00841,1.87745,6.26793],"to":[5.75631,3.19745,7.45806],"rotation":{"angle":-22.5,"axis":"y","origin":[8,2.70245,6.86299]},"faces":{"north":{"uv":[3,1,4,0],"texture":"#0"},"east":{"uv":[3,1,4,0],"texture":"#0"},"south":{"uv":[3,1,4,0],"texture":"#0"},"west":{"uv":[3,1,4,0],"texture":"#0"},"up":{"uv":[3,1,4,0],"texture":"#0"},"down":{"uv":[3,1,4,0],"texture":"#0"}}},{"name":"hexadecagon","from":[7.40494,1.87745,3.8714],"to":[8.59507,3.19745,4.61929],"rotation":{"angle":45,"axis":"y","origin":[8,2.70245,6.86299]},"faces":{"north":{"uv":[3,1,4,0],"texture":"#0"},"east":{"uv":[3,1,4,0],"texture":"#0"},"south":{"uv":[3,1,4,0],"texture":"#0"},"west":{"uv":[3,1,4,0],"texture":"#0"},"up":{"uv":[3,1,4,0],"texture":"#0"},"down":{"uv":[3,1,4,0],"texture":"#0"}}},{"name":"hexadecagon","from":[7.40494,1.87745,3.8714],"to":[8.59507,3.19745,4.61929],"rotation":{"angle":22.5,"axis":"y","origin":[8,2.70245,6.86299]},"faces":{"north":{"uv":[3,1,4,0],"texture":"#0"},"east":{"uv":[3,1,4,0],"texture":"#0"},"south":{"uv":[3,1,4,0],"texture":"#0"},"west":{"uv":[3,1,4,0],"texture":"#0"},"up":{"uv":[3,1,4,0],"texture":"#0"},"down":{"uv":[3,1,4,0],"texture":"#0"}}},{"name":"hexadecagon","from":[7.40494,1.87745,3.8714],"to":[8.59507,3.19745,4.61929],"rotation":{"angle":0,"axis":"y","origin":[-0.5736,0,3.34419]},"faces":{"north":{"uv":[3,1,4,0],"texture":"#0"},"east":{"uv":[3,1,4,0],"texture":"#0"},"south":{"uv":[3,1,4,0],"texture":"#0"},"west":{"uv":[3,1,4,0],"texture":"#0"},"up":{"uv":[3,1,4,0],"texture":"#0"},"down":{"uv":[3,1,4,0],"texture":"#0"}}},{"name":"hexadecagon","from":[7.40494,1.87745,3.8714],"to":[8.59507,3.19745,4.61929],"rotation":{"angle":-22.5,"axis":"y","origin":[8,2.70245,6.86299]},"faces":{"north":{"uv":[3,1,4,0],"texture":"#0"},"east":{"uv":[3,1,4,0],"texture":"#0"},"south":{"uv":[3,1,4,0],"texture":"#0"},"west":{"uv":[3,1,4,0],"texture":"#0"},"up":{"uv":[3,1,4,0],"texture":"#0"},"down":{"uv":[3,1,4,0],"texture":"#0"}}},{"name":"hexadecagon","from":[7.40494,1.87745,3.8714],"to":[8.59507,3.19745,4.61929],"rotation":{"angle":-45,"axis":"y","origin":[8,2.70245,6.86299]},"faces":{"north":{"uv":[3,1,4,0],"texture":"#0"},"east":{"uv":[3,1,4,0],"texture":"#0"},"south":{"uv":[3,1,4,0],"texture":"#0"},"west":{"uv":[3,1,4,0],"texture":"#0"},"up":{"uv":[3,1,4,0],"texture":"#0"},"down":{"uv":[3,1,4,0],"texture":"#0"}}},{"name":"hexadecagon","from":[10.2437,1.87745,6.26793],"to":[10.9916,3.19745,7.45806],"rotation":{"angle":22.5,"axis":"y","origin":[8,2.70245,6.86299]},"faces":{"north":{"uv":[3,1,4,0],"texture":"#0"},"east":{"uv":[3,1,4,0],"texture":"#0"},"south":{"uv":[3,1,4,0],"texture":"#0"},"west":{"uv":[3,1,4,0],"texture":"#0"},"up":{"uv":[3,1,4,0],"texture":"#0"},"down":{"uv":[3,1,4,0],"texture":"#0"}}},{"name":"hexadecagon","from":[5.00841,1.87745,6.26793],"to":[5.75631,3.19745,7.96833],"rotation":{"angle":0,"axis":"y","origin":[-0.5736,0,3.34419]},"faces":{"north":{"uv":[3,1,4,0],"texture":"#0"},"east":{"uv":[3,1,4,0],"texture":"#0"},"south":{"uv":[3,1,4,0],"texture":"#0"},"west":{"uv":[3,1,4,0],"texture":"#0"},"up":{"uv":[3,1,4,0],"texture":"#0"},"down":{"uv":[3,1,4,0],"texture":"#0"}}},{"name":"hexadecagon","from":[10.2437,1.87745,6.26793],"to":[10.9916,3.19745,8.06241],"rotation":{"angle":0,"axis":"y","origin":[-0.5736,0,3.34419]},"faces":{"north":{"uv":[3,1,4,0],"texture":"#0"},"east":{"uv":[3,1,4,0],"texture":"#0"},"south":{"uv":[3,1,4,0],"texture":"#0"},"west":{"uv":[3,1,4,0],"texture":"#0"},"up":{"uv":[3,1,4,0],"texture":"#0"},"down":{"uv":[3,1,4,0],"texture":"#0"}}},{"name":"hexadecagon","from":[7.35733,0.72245,11.5887],"to":[8.64267,1.87745,12.39643],"rotation":{"angle":45,"axis":"y","origin":[8,1.38245,9.16551]},"faces":{"north":{"uv":[3,1,4,0],"texture":"#0"},"east":{"uv":[3,1,4,0],"texture":"#0"},"south":{"uv":[3,1,4,0],"texture":"#0"},"west":{"uv":[3,1,4,0],"texture":"#0"},"up":{"uv":[3,1,4,0],"texture":"#0"},"down":{"uv":[3,1,4,0],"texture":"#0"}}},{"name":"hexadecagon","from":[7.35733,0.72245,11.5887],"to":[8.64267,1.87745,12.39643],"rotation":{"angle":22.5,"axis":"y","origin":[8,1.38245,9.16551]},"faces":{"north":{"uv":[3,1,4,0],"texture":"#0"},"east":{"uv":[3,1,4,0],"texture":"#0"},"south":{"uv":[3,1,4,0],"texture":"#0"},"west":{"uv":[3,1,4,0],"texture":"#0"},"up":{"uv":[3,1,4,0],"texture":"#0"},"down":{"uv":[3,1,4,0],"texture":"#0"}}},{"name":"hexadecagon","from":[7.35733,0.72245,11.5887],"to":[8.64267,1.87745,12.39643],"rotation":{"angle":0,"axis":"y","origin":[-0.5736,0,3.34419]},"faces":{"north":{"uv":[3,1,4,0],"texture":"#0"},"east":{"uv":[3,1,4,0],"texture":"#0"},"south":{"uv":[3,1,4,0],"texture":"#0"},"west":{"uv":[3,1,4,0],"texture":"#0"},"up":{"uv":[3,1,4,0],"texture":"#0"},"down":{"uv":[3,1,4,0],"texture":"#0"}}},{"name":"hexadecagon","from":[7.35733,0.72245,11.5887],"to":[8.64267,1.87745,12.39643],"rotation":{"angle":-22.5,"axis":"y","origin":[8,1.38245,9.16551]},"faces":{"north":{"uv":[3,1,4,0],"texture":"#0"},"east":{"uv":[3,1,4,0],"texture":"#0"},"south":{"uv":[3,1,4,0],"texture":"#0"},"west":{"uv":[3,1,4,0],"texture":"#0"},"up":{"uv":[3,1,4,0],"texture":"#0"},"down":{"uv":[3,1,4,0],"texture":"#0"}}},{"name":"hexadecagon","from":[7.35733,0.72245,11.5887],"to":[8.64267,1.87745,12.39643],"rotation":{"angle":-45,"axis":"y","origin":[8,1.38245,9.16551]},"faces":{"north":{"uv":[3,1,4,0],"texture":"#0"},"east":{"uv":[3,1,4,0],"texture":"#0"},"south":{"uv":[3,1,4,0],"texture":"#0"},"west":{"uv":[3,1,4,0],"texture":"#0"},"up":{"uv":[3,1,4,0],"texture":"#0"},"down":{"uv":[3,1,4,0],"texture":"#0"}}},{"name":"hexadecagon","from":[4.76908,0.72245,8.52283],"to":[5.57681,1.87745,9.80818],"rotation":{"angle":22.5,"axis":"y","origin":[8,1.38245,9.16551]},"faces":{"north":{"uv":[3,1,4,0],"texture":"#0"},"east":{"uv":[3,1,4,0],"texture":"#0"},"south":{"uv":[3,1,4,0],"texture":"#0"},"west":{"uv":[3,1,4,0],"texture":"#0"},"up":{"uv":[3,1,4,0],"texture":"#0"},"down":{"uv":[3,1,4,0],"texture":"#0"}}},{"name":"hexadecagon","from":[4.76908,0.72245,7.81932],"to":[5.57681,1.87745,9.80818],"rotation":{"angle":0,"axis":"y","origin":[-0.5736,0,3.34419]},"faces":{"north":{"uv":[3,1,4,0],"texture":"#0"},"east":{"uv":[3,1,4,0],"texture":"#0"},"south":{"uv":[3,1,4,0],"texture":"#0"},"west":{"uv":[3,1,4,0],"texture":"#0"},"up":{"uv":[3,1,4,0],"texture":"#0"},"down":{"uv":[3,1,4,0],"texture":"#0"}}},{"name":"hexadecagon","from":[10.4232,0.72245,7.87013],"to":[11.23093,1.87745,9.80818],"rotation":{"angle":0,"axis":"y","origin":[-0.5736,0,3.34419]},"faces":{"north":{"uv":[3,1,4,0],"texture":"#0"},"east":{"uv":[3,1,4,0],"texture":"#0"},"south":{"uv":[3,1,4,0],"texture":"#0"},"west":{"uv":[3,1,4,0],"texture":"#0"},"up":{"uv":[3,1,4,0],"texture":"#0"},"down":{"uv":[3,1,4,0],"texture":"#0"}}},{"name":"hexadecagon","from":[10.4232,0.72245,8.52283],"to":[11.23093,1.87745,9.80818],"rotation":{"angle":-22.5,"axis":"y","origin":[8,1.38245,9.16551]},"faces":{"north":{"uv":[3,1,4,0],"texture":"#0"},"east":{"uv":[3,1,4,0],"texture":"#0"},"south":{"uv":[3,1,4,0],"texture":"#0"},"west":{"uv":[3,1,4,0],"texture":"#0"},"up":{"uv":[3,1,4,0],"texture":"#0"},"down":{"uv":[3,1,4,0],"texture":"#0"}}},{"name":"hexadecagon","from":[4.76908,0.72245,5.98242],"to":[5.57681,1.87745,7.26776],"rotation":{"angle":-22.5,"axis":"y","origin":[8,1.38245,6.62509]},"faces":{"north":{"uv":[3,1,4,0],"texture":"#0"},"east":{"uv":[3,1,4,0],"texture":"#0"},"south":{"uv":[3,1,4,0],"texture":"#0"},"west":{"uv":[3,1,4,0],"texture":"#0"},"up":{"uv":[3,1,4,0],"texture":"#0"},"down":{"uv":[3,1,4,0],"texture":"#0"}}},{"name":"hexadecagon","from":[7.35733,0.72245,3.39416],"to":[8.64267,1.87745,4.20189],"rotation":{"angle":45,"axis":"y","origin":[8,1.38245,6.62509]},"faces":{"north":{"uv":[3,1,4,0],"texture":"#0"},"east":{"uv":[3,1,4,0],"texture":"#0"},"south":{"uv":[3,1,4,0],"texture":"#0"},"west":{"uv":[3,1,4,0],"texture":"#0"},"up":{"uv":[3,1,4,0],"texture":"#0"},"down":{"uv":[3,1,4,0],"texture":"#0"}}},{"name":"hexadecagon","from":[7.35733,0.72245,3.39416],"to":[8.64267,1.87745,4.20189],"rotation":{"angle":22.5,"axis":"y","origin":[8,1.38245,6.62509]},"faces":{"north":{"uv":[3,1,4,0],"texture":"#0"},"east":{"uv":[3,1,4,0],"texture":"#0"},"south":{"uv":[3,1,4,0],"texture":"#0"},"west":{"uv":[3,1,4,0],"texture":"#0"},"up":{"uv":[3,1,4,0],"texture":"#0"},"down":{"uv":[3,1,4,0],"texture":"#0"}}},{"name":"hexadecagon","from":[7.35733,0.72245,3.39416],"to":[8.64267,1.87745,4.20189],"rotation":{"angle":0,"axis":"y","origin":[-0.5736,0,3.34419]},"faces":{"north":{"uv":[3,1,4,0],"texture":"#0"},"east":{"uv":[3,1,4,0],"texture":"#0"},"south":{"uv":[3,1,4,0],"texture":"#0"},"west":{"uv":[3,1,4,0],"texture":"#0"},"up":{"uv":[3,1,4,0],"texture":"#0"},"down":{"uv":[3,1,4,0],"texture":"#0"}}},{"name":"hexadecagon","from":[7.35733,0.72245,3.39416],"to":[8.64267,1.87745,4.20189],"rotation":{"angle":-22.5,"axis":"y","origin":[8,1.38245,6.62509]},"faces":{"north":{"uv":[3,1,4,0],"texture":"#0"},"east":{"uv":[3,1,4,0],"texture":"#0"},"south":{"uv":[3,1,4,0],"texture":"#0"},"west":{"uv":[3,1,4,0],"texture":"#0"},"up":{"uv":[3,1,4,0],"texture":"#0"},"down":{"uv":[3,1,4,0],"texture":"#0"}}},{"name":"hexadecagon","from":[7.35733,0.72245,3.39416],"to":[8.64267,1.87745,4.20189],"rotation":{"angle":-45,"axis":"y","origin":[8,1.38245,6.62509]},"faces":{"north":{"uv":[3,1,4,0],"texture":"#0"},"east":{"uv":[3,1,4,0],"texture":"#0"},"south":{"uv":[3,1,4,0],"texture":"#0"},"west":{"uv":[3,1,4,0],"texture":"#0"},"up":{"uv":[3,1,4,0],"texture":"#0"},"down":{"uv":[3,1,4,0],"texture":"#0"}}},{"name":"hexadecagon","from":[10.4232,0.72245,5.98242],"to":[11.23093,1.87745,7.26776],"rotation":{"angle":22.5,"axis":"y","origin":[8,1.38245,6.62509]},"faces":{"north":{"uv":[3,1,4,0],"texture":"#0"},"east":{"uv":[3,1,4,0],"texture":"#0"},"south":{"uv":[3,1,4,0],"texture":"#0"},"west":{"uv":[3,1,4,0],"texture":"#0"},"up":{"uv":[3,1,4,0],"texture":"#0"},"down":{"uv":[3,1,4,0],"texture":"#0"}}},{"name":"hexadecagon","from":[4.76908,0.72245,5.98242],"to":[5.57681,1.87745,7.81885],"rotation":{"angle":0,"axis":"y","origin":[-0.5736,0,3.34419]},"faces":{"north":{"uv":[3,1,4,0],"texture":"#0"},"east":{"uv":[3,1,4,0],"texture":"#0"},"south":{"uv":[3,1,4,0],"texture":"#0"},"west":{"uv":[3,1,4,0],"texture":"#0"},"up":{"uv":[3,1,4,0],"texture":"#0"},"down":{"uv":[3,1,4,0],"texture":"#0"}}},{"name":"hexadecagon","from":[10.4232,0.72245,5.98242],"to":[11.23093,1.87745,7.92046],"rotation":{"angle":0,"axis":"y","origin":[-0.5736,0,3.34419]},"faces":{"north":{"uv":[3,1,4,0],"texture":"#0"},"east":{"uv":[3,1,4,0],"texture":"#0"},"south":{"uv":[3,1,4,0],"texture":"#0"},"west":{"uv":[3,1,4,0],"texture":"#0"},"up":{"uv":[3,1,4,0],"texture":"#0"},"down":{"uv":[3,1,4,0],"texture":"#0"}}},{"name":"hexadecagon","from":[9.8119,16.35496,11.69817],"to":[11.0932,17.81576,12.50337],"rotation":{"angle":45,"axis":"y","origin":[10.45255,17.38016,9.28257]},"faces":{"north":{"uv":[3,1,4,0],"texture":"#0"},"east":{"uv":[3,1,4,0],"texture":"#0"},"south":{"uv":[3,1,4,0],"texture":"#0"},"west":{"uv":[3,1,4,0],"texture":"#0"},"up":{"uv":[3,1,4,0],"texture":"#0"},"down":{"uv":[3,1,4,0],"texture":"#0"}}},{"name":"hexadecagon","from":[5.01059,16.35496,11.69817],"to":[6.2919,17.81576,12.50337],"rotation":{"angle":-45,"axis":"y","origin":[5.65125,17.38016,9.28257]},"faces":{"north":{"uv":[4,1,3,0],"texture":"#0"},"east":{"uv":[4,1,3,0],"texture":"#0"},"south":{"uv":[4,1,3,0],"texture":"#0"},"west":{"uv":[4,1,3,0],"texture":"#0"},"up":{"uv":[4,1,3,0],"texture":"#0"},"down":{"uv":[4,1,3,0],"texture":"#0"}}},{"name":"hexadecagon","from":[9.8119,16.35496,11.69817],"to":[11.0932,17.81576,12.50337],"rotation":{"angle":22.5,"axis":"y","origin":[10.45255,17.38016,9.28257]},"faces":{"north":{"uv":[3,1,4,0],"texture":"#0"},"east":{"uv":[3,1,4,0],"texture":"#0"},"south":{"uv":[3,1,4,0],"texture":"#0"},"west":{"uv":[3,1,4,0],"texture":"#0"},"up":{"uv":[3,1,4,0],"texture":"#0"},"down":{"uv":[3,1,4,0],"texture":"#0"}}},{"name":"hexadecagon","from":[5.01059,16.35496,11.69817],"to":[6.2919,17.81576,12.50337],"rotation":{"angle":-22.5,"axis":"y","origin":[5.65125,17.38016,9.28257]},"faces":{"north":{"uv":[4,1,3,0],"texture":"#0"},"east":{"uv":[4,1,3,0],"texture":"#0"},"south":{"uv":[4,1,3,0],"texture":"#0"},"west":{"uv":[4,1,3,0],"texture":"#0"},"up":{"uv":[4,1,3,0],"texture":"#0"},"down":{"uv":[4,1,3,0],"texture":"#0"}}},{"name":"hexadecagon","from":[8.0519,16.35496,11.69817],"to":[11.0932,17.81576,12.50337],"rotation":{"angle":0,"axis":"y","origin":[2.90778,17.18,4.19729]},"faces":{"north":{"uv":[3,1,4,0],"texture":"#0"},"east":{"uv":[3,1,4,0],"texture":"#0"},"south":{"uv":[3,1,4,0],"texture":"#0"},"west":{"uv":[3,1,4,0],"texture":"#0"},"up":{"uv":[3,1,4,0],"texture":"#0"},"down":{"uv":[3,1,4,0],"texture":"#0"}}},{"name":"hexadecagon","from":[5.01059,16.35496,11.69817],"to":[8.0519,17.81576,12.50337],"rotation":{"angle":0,"axis":"y","origin":[13.19602,17.18,4.19729]},"faces":{"north":{"uv":[4,1,3,0],"texture":"#0"},"east":{"uv":[4,1,3,0],"texture":"#0"},"south":{"uv":[4,1,3,0],"texture":"#0"},"west":{"uv":[4,1,3,0],"texture":"#0"},"up":{"uv":[4,1,3,0],"texture":"#0"},"down":{"uv":[4,1,3,0],"texture":"#0"}}},{"name":"hexadecagon","from":[12.86815,16.35496,7.99126],"to":[13.67335,17.81576,9.92323],"rotation":{"angle":0,"axis":"y","origin":[2.90778,17.18,4.19729]},"faces":{"north":{"uv":[3,1,4,0],"texture":"#0"},"east":{"uv":[3,1,4,0],"texture":"#0"},"south":{"uv":[3,1,4,0],"texture":"#0"},"west":{"uv":[3,1,4,0],"texture":"#0"},"up":{"uv":[3,1,4,0],"texture":"#0"},"down":{"uv":[3,1,4,0],"texture":"#0"}}},{"name":"hexadecagon","from":[2.43045,16.35496,7.99126],"to":[3.23565,17.81576,9.92323],"rotation":{"angle":0,"axis":"y","origin":[13.19602,17.18,4.19729]},"faces":{"north":{"uv":[4,1,3,0],"texture":"#0"},"east":{"uv":[4,1,3,0],"texture":"#0"},"south":{"uv":[4,1,3,0],"texture":"#0"},"west":{"uv":[4,1,3,0],"texture":"#0"},"up":{"uv":[4,1,3,0],"texture":"#0"},"down":{"uv":[4,1,3,0],"texture":"#0"}}},{"name":"hexadecagon","from":[12.86815,16.35496,8.64192],"to":[13.67335,17.81576,9.92323],"rotation":{"angle":-22.5,"axis":"y","origin":[10.45255,17.38016,9.28257]},"faces":{"north":{"uv":[3,1,4,0],"texture":"#0"},"east":{"uv":[3,1,4,0],"texture":"#0"},"south":{"uv":[3,1,4,0],"texture":"#0"},"west":{"uv":[3,1,4,0],"texture":"#0"},"up":{"uv":[3,1,4,0],"texture":"#0"},"down":{"uv":[3,1,4,0],"texture":"#0"}}},{"name":"hexadecagon","from":[2.43045,16.35496,8.64192],"to":[3.23565,17.81576,9.92323],"rotation":{"angle":22.5,"axis":"y","origin":[5.65125,17.38016,9.28257]},"faces":{"north":{"uv":[4,1,3,0],"texture":"#0"},"east":{"uv":[4,1,3,0],"texture":"#0"},"south":{"uv":[4,1,3,0],"texture":"#0"},"west":{"uv":[4,1,3,0],"texture":"#0"},"up":{"uv":[4,1,3,0],"texture":"#0"},"down":{"uv":[4,1,3,0],"texture":"#0"}}},{"name":"hexadecagon","from":[8.0519,16.35496,3.52933],"to":[11.0932,17.81576,4.33453],"rotation":{"angle":0,"axis":"y","origin":[4.66778,17.18,4.19729]},"faces":{"north":{"uv":[3,1,4,0],"texture":"#0"},"east":{"uv":[3,1,4,0],"texture":"#0"},"south":{"uv":[3,1,4,0],"texture":"#0"},"west":{"uv":[3,1,4,0],"texture":"#0"},"up":{"uv":[3,1,4,0],"texture":"#0"},"down":{"uv":[3,1,4,0],"texture":"#0"}}},{"name":"hexadecagon","from":[5.01059,16.35496,3.52933],"to":[8.0519,17.81576,4.33453],"rotation":{"angle":0,"axis":"y","origin":[11.43602,17.18,4.19729]},"faces":{"north":{"uv":[4,1,3,0],"texture":"#0"},"east":{"uv":[4,1,3,0],"texture":"#0"},"south":{"uv":[4,1,3,0],"texture":"#0"},"west":{"uv":[4,1,3,0],"texture":"#0"},"up":{"uv":[4,1,3,0],"texture":"#0"},"down":{"uv":[4,1,3,0],"texture":"#0"}}},{"name":"hexadecagon","from":[9.8119,16.35496,3.52933],"to":[11.0932,17.81576,4.33453],"rotation":{"angle":-22.5,"axis":"y","origin":[10.45255,17.38016,6.75013]},"faces":{"north":{"uv":[3,1,4,0],"texture":"#0"},"east":{"uv":[3,1,4,0],"texture":"#0"},"south":{"uv":[3,1,4,0],"texture":"#0"},"west":{"uv":[3,1,4,0],"texture":"#0"},"up":{"uv":[3,1,4,0],"texture":"#0"},"down":{"uv":[3,1,4,0],"texture":"#0"}}},{"name":"hexadecagon","from":[5.01059,16.35496,3.52933],"to":[6.2919,17.81576,4.33453],"rotation":{"angle":22.5,"axis":"y","origin":[5.65125,17.38016,6.75013]},"faces":{"north":{"uv":[4,1,3,0],"texture":"#0"},"east":{"uv":[4,1,3,0],"texture":"#0"},"south":{"uv":[4,1,3,0],"texture":"#0"},"west":{"uv":[4,1,3,0],"texture":"#0"},"up":{"uv":[4,1,3,0],"texture":"#0"},"down":{"uv":[4,1,3,0],"texture":"#0"}}},{"name":"hexadecagon","from":[9.8119,16.35496,3.52933],"to":[11.0932,17.81576,4.33453],"rotation":{"angle":-45,"axis":"y","origin":[10.45255,17.38016,6.75013]},"faces":{"north":{"uv":[3,1,4,0],"texture":"#0"},"east":{"uv":[3,1,4,0],"texture":"#0"},"south":{"uv":[3,1,4,0],"texture":"#0"},"west":{"uv":[3,1,4,0],"texture":"#0"},"up":{"uv":[3,1,4,0],"texture":"#0"},"down":{"uv":[3,1,4,0],"texture":"#0"}}},{"name":"hexadecagon","from":[5.01059,16.35496,3.52933],"to":[6.2919,17.81576,4.33453],"rotation":{"angle":45,"axis":"y","origin":[5.65125,17.38016,6.75013]},"faces":{"north":{"uv":[4,1,3,0],"texture":"#0"},"east":{"uv":[4,1,3,0],"texture":"#0"},"south":{"uv":[4,1,3,0],"texture":"#0"},"west":{"uv":[4,1,3,0],"texture":"#0"},"up":{"uv":[4,1,3,0],"texture":"#0"},"down":{"uv":[4,1,3,0],"texture":"#0"}}},{"name":"hexadecagon","from":[12.86815,16.35496,6.10947],"to":[13.67335,17.81576,7.39078],"rotation":{"angle":22.5,"axis":"y","origin":[10.45255,17.38016,6.75013]},"faces":{"north":{"uv":[3,1,4,0],"texture":"#0"},"east":{"uv":[3,1,4,0],"texture":"#0"},"south":{"uv":[3,1,4,0],"texture":"#0"},"west":{"uv":[3,1,4,0],"texture":"#0"},"up":{"uv":[3,1,4,0],"texture":"#0"},"down":{"uv":[3,1,4,0],"texture":"#0"}}},{"name":"hexadecagon","from":[2.43045,16.35496,6.10947],"to":[3.23565,17.81576,7.39078],"rotation":{"angle":-22.5,"axis":"y","origin":[5.65125,17.38016,6.75013]},"faces":{"north":{"uv":[4,1,3,0],"texture":"#0"},"east":{"uv":[4,1,3,0],"texture":"#0"},"south":{"uv":[4,1,3,0],"texture":"#0"},"west":{"uv":[4,1,3,0],"texture":"#0"},"up":{"uv":[4,1,3,0],"texture":"#0"},"down":{"uv":[4,1,3,0],"texture":"#0"}}},{"name":"hexadecagon","from":[12.86815,16.35496,6.10947],"to":[13.67335,17.81576,8.04144],"rotation":{"angle":0,"axis":"y","origin":[2.90778,17.18,4.19729]},"faces":{"north":{"uv":[3,1,4,0],"texture":"#0"},"east":{"uv":[3,1,4,0],"texture":"#0"},"south":{"uv":[3,1,4,0],"texture":"#0"},"west":{"uv":[3,1,4,0],"texture":"#0"},"up":{"uv":[3,1,4,0],"texture":"#0"},"down":{"uv":[3,1,4,0],"texture":"#0"}}},{"name":"hexadecagon","from":[2.43045,16.35496,6.10947],"to":[3.23565,17.81576,8.04144],"rotation":{"angle":0,"axis":"y","origin":[13.19602,17.18,4.19729]},"faces":{"north":{"uv":[4,1,3,0],"texture":"#0"},"east":{"uv":[4,1,3,0],"texture":"#0"},"south":{"uv":[4,1,3,0],"texture":"#0"},"west":{"uv":[4,1,3,0],"texture":"#0"},"up":{"uv":[4,1,3,0],"texture":"#0"},"down":{"uv":[4,1,3,0],"texture":"#0"}}},{"name":"hexadecagon","from":[9.53252,15.29236,11.22047],"to":[10.66007,16.57787,11.92904],"rotation":{"angle":45,"axis":"y","origin":[10.09629,16.19454,9.09474]},"faces":{"north":{"uv":[3,1,4,0],"texture":"#0"},"east":{"uv":[3,1,4,0],"texture":"#0"},"south":{"uv":[3,1,4,0],"texture":"#0"},"west":{"uv":[3,1,4,0],"texture":"#0"},"up":{"uv":[3,1,4,0],"texture":"#0"},"down":{"uv":[3,1,4,0],"texture":"#0"}}},{"name":"hexadecagon","from":[5.30737,15.29236,11.22047],"to":[6.43492,16.57787,11.92904],"rotation":{"angle":-45,"axis":"y","origin":[5.87115,16.19454,9.09474]},"faces":{"north":{"uv":[4,1,3,0],"texture":"#0"},"east":{"uv":[4,1,3,0],"texture":"#0"},"south":{"uv":[4,1,3,0],"texture":"#0"},"west":{"uv":[4,1,3,0],"texture":"#0"},"up":{"uv":[4,1,3,0],"texture":"#0"},"down":{"uv":[4,1,3,0],"texture":"#0"}}},{"name":"hexadecagon","from":[9.53252,15.29236,11.22047],"to":[10.66007,16.57787,11.92904],"rotation":{"angle":22.5,"axis":"y","origin":[10.09629,16.19454,9.09474]},"faces":{"north":{"uv":[3,1,4,0],"texture":"#0"},"east":{"uv":[3,1,4,0],"texture":"#0"},"south":{"uv":[3,1,4,0],"texture":"#0"},"west":{"uv":[3,1,4,0],"texture":"#0"},"up":{"uv":[3,1,4,0],"texture":"#0"},"down":{"uv":[3,1,4,0],"texture":"#0"}}},{"name":"hexadecagon","from":[5.30737,15.29236,11.22047],"to":[6.43492,16.57787,11.92904],"rotation":{"angle":-22.5,"axis":"y","origin":[5.87115,16.19454,9.09474]},"faces":{"north":{"uv":[4,1,3,0],"texture":"#0"},"east":{"uv":[4,1,3,0],"texture":"#0"},"south":{"uv":[4,1,3,0],"texture":"#0"},"west":{"uv":[4,1,3,0],"texture":"#0"},"up":{"uv":[4,1,3,0],"texture":"#0"},"down":{"uv":[4,1,3,0],"texture":"#0"}}},{"name":"hexadecagon","from":[7.98372,15.29236,11.22047],"to":[10.66007,16.57787,11.92904],"rotation":{"angle":0,"axis":"y","origin":[3.4569,16.0184,4.61969]},"faces":{"north":{"uv":[3,1,4,0],"texture":"#0"},"east":{"uv":[3,1,4,0],"texture":"#0"},"south":{"uv":[3,1,4,0],"texture":"#0"},"west":{"uv":[3,1,4,0],"texture":"#0"},"up":{"uv":[3,1,4,0],"texture":"#0"},"down":{"uv":[3,1,4,0],"texture":"#0"}}},{"name":"hexadecagon","from":[5.30737,15.29236,11.22047],"to":[7.98372,16.57787,11.92904],"rotation":{"angle":0,"axis":"y","origin":[12.51055,16.0184,4.61969]},"faces":{"north":{"uv":[4,1,3,0],"texture":"#0"},"east":{"uv":[4,1,3,0],"texture":"#0"},"south":{"uv":[4,1,3,0],"texture":"#0"},"west":{"uv":[4,1,3,0],"texture":"#0"},"up":{"uv":[4,1,3,0],"texture":"#0"},"down":{"uv":[4,1,3,0],"texture":"#0"}}},{"name":"hexadecagon","from":[12.22202,15.29236,7.95838],"to":[12.9306,16.57787,9.65852],"rotation":{"angle":0,"axis":"y","origin":[3.4569,16.0184,4.61969]},"faces":{"north":{"uv":[3,1,4,0],"texture":"#0"},"east":{"uv":[3,1,4,0],"texture":"#0"},"south":{"uv":[3,1,4,0],"texture":"#0"},"west":{"uv":[3,1,4,0],"texture":"#0"},"up":{"uv":[3,1,4,0],"texture":"#0"},"down":{"uv":[3,1,4,0],"texture":"#0"}}},{"name":"hexadecagon","from":[3.72202,15.39236,5.05838],"to":[12.2306,15.39236,10.95852],"rotation":{"angle":0,"axis":"y","origin":[3.4569,16.0184,4.61969]},"faces":{"north":{"uv":[3,1,4,0],"texture":"#0"},"east":{"uv":[3,1,4,0],"texture":"#0"},"south":{"uv":[3,1,4,0],"texture":"#0"},"west":{"uv":[3,1,4,0],"texture":"#0"},"up":{"uv":[3,1,4,0],"texture":"#0"},"down":{"uv":[3,1,4,0],"texture":"#0"}}},{"name":"hexadecagon","from":[4.72202,15.39236,10.95852],"to":[11.3306,15.39236,11.25852],"rotation":{"angle":0,"axis":"y","origin":[3.4569,16.0184,4.61969]},"faces":{"north":{"uv":[3,1,4,0],"texture":"#0"},"east":{"uv":[3,1,4,0],"texture":"#0"},"south":{"uv":[3,1,4,0],"texture":"#0"},"west":{"uv":[3,1,4,0],"texture":"#0"},"up":{"uv":[3,1,4,0],"texture":"#0"},"down":{"uv":[3,1,4,0],"texture":"#0"}}},{"name":"hexadecagon","from":[4.72202,15.39236,4.77606],"to":[11.3306,15.39236,5.07606],"rotation":{"angle":0,"axis":"y","origin":[3.4569,16.0184,10.81489]},"faces":{"north":{"uv":[4,1,3,0],"texture":"#0"},"east":{"uv":[4,1,3,0],"texture":"#0"},"south":{"uv":[4,1,3,0],"texture":"#0"},"west":{"uv":[4,1,3,0],"texture":"#0"},"up":{"uv":[3,0,4,1],"texture":"#0"},"down":{"uv":[3,0,4,1],"texture":"#0"}}},{"name":"hexadecagon","from":[3.03685,15.29236,7.95838],"to":[3.74542,16.57787,9.65852],"rotation":{"angle":0,"axis":"y","origin":[12.51055,16.0184,4.61969]},"faces":{"north":{"uv":[4,1,3,0],"texture":"#0"},"east":{"uv":[4,1,3,0],"texture":"#0"},"south":{"uv":[4,1,3,0],"texture":"#0"},"west":{"uv":[4,1,3,0],"texture":"#0"},"up":{"uv":[4,1,3,0],"texture":"#0"},"down":{"uv":[4,1,3,0],"texture":"#0"}}},{"name":"hexadecagon","from":[12.22202,15.29236,8.53097],"to":[12.9306,16.57787,9.65852],"rotation":{"angle":-22.5,"axis":"y","origin":[10.09629,16.19454,9.09474]},"faces":{"north":{"uv":[3,1,4,0],"texture":"#0"},"east":{"uv":[3,1,4,0],"texture":"#0"},"south":{"uv":[3,1,4,0],"texture":"#0"},"west":{"uv":[3,1,4,0],"texture":"#0"},"up":{"uv":[3,1,4,0],"texture":"#0"},"down":{"uv":[3,1,4,0],"texture":"#0"}}},{"name":"hexadecagon","from":[3.03685,15.29236,8.53097],"to":[3.74542,16.57787,9.65852],"rotation":{"angle":22.5,"axis":"y","origin":[5.87115,16.19454,9.09474]},"faces":{"north":{"uv":[4,1,3,0],"texture":"#0"},"east":{"uv":[4,1,3,0],"texture":"#0"},"south":{"uv":[4,1,3,0],"texture":"#0"},"west":{"uv":[4,1,3,0],"texture":"#0"},"up":{"uv":[4,1,3,0],"texture":"#0"},"down":{"uv":[4,1,3,0],"texture":"#0"}}},{"name":"hexadecagon","from":[7.98372,15.29236,4.03189],"to":[10.66007,16.57787,4.74046],"rotation":{"angle":0,"axis":"y","origin":[5.0057,16.0184,4.61969]},"faces":{"north":{"uv":[3,1,4,0],"texture":"#0"},"east":{"uv":[3,1,4,0],"texture":"#0"},"south":{"uv":[3,1,4,0],"texture":"#0"},"west":{"uv":[3,1,4,0],"texture":"#0"},"up":{"uv":[3,1,4,0],"texture":"#0"},"down":{"uv":[3,1,4,0],"texture":"#0"}}},{"name":"hexadecagon","from":[5.30737,15.29236,4.03189],"to":[7.98372,16.57787,4.74046],"rotation":{"angle":0,"axis":"y","origin":[10.96175,16.0184,4.61969]},"faces":{"north":{"uv":[4,1,3,0],"texture":"#0"},"east":{"uv":[4,1,3,0],"texture":"#0"},"south":{"uv":[4,1,3,0],"texture":"#0"},"west":{"uv":[4,1,3,0],"texture":"#0"},"up":{"uv":[4,1,3,0],"texture":"#0"},"down":{"uv":[4,1,3,0],"texture":"#0"}}},{"name":"hexadecagon","from":[9.53252,15.29236,4.03189],"to":[10.66007,16.57787,4.74046],"rotation":{"angle":-22.5,"axis":"y","origin":[10.09629,16.19454,6.86619]},"faces":{"north":{"uv":[3,1,4,0],"texture":"#0"},"east":{"uv":[3,1,4,0],"texture":"#0"},"south":{"uv":[3,1,4,0],"texture":"#0"},"west":{"uv":[3,1,4,0],"texture":"#0"},"up":{"uv":[3,1,4,0],"texture":"#0"},"down":{"uv":[3,1,4,0],"texture":"#0"}}},{"name":"hexadecagon","from":[5.30737,15.29236,4.03189],"to":[6.43492,16.57787,4.74046],"rotation":{"angle":22.5,"axis":"y","origin":[5.87115,16.19454,6.86619]},"faces":{"north":{"uv":[4,1,3,0],"texture":"#0"},"east":{"uv":[4,1,3,0],"texture":"#0"},"south":{"uv":[4,1,3,0],"texture":"#0"},"west":{"uv":[4,1,3,0],"texture":"#0"},"up":{"uv":[4,1,3,0],"texture":"#0"},"down":{"uv":[4,1,3,0],"texture":"#0"}}},{"name":"hexadecagon","from":[9.53252,15.29236,4.03189],"to":[10.66007,16.57787,4.74046],"rotation":{"angle":-45,"axis":"y","origin":[10.09629,16.19454,6.86619]},"faces":{"north":{"uv":[3,1,4,0],"texture":"#0"},"east":{"uv":[3,1,4,0],"texture":"#0"},"south":{"uv":[3,1,4,0],"texture":"#0"},"west":{"uv":[3,1,4,0],"texture":"#0"},"up":{"uv":[3,1,4,0],"texture":"#0"},"down":{"uv":[3,1,4,0],"texture":"#0"}}},{"name":"hexadecagon","from":[5.30737,15.29236,4.03189],"to":[6.43492,16.57787,4.74046],"rotation":{"angle":45,"axis":"y","origin":[5.87115,16.19454,6.86619]},"faces":{"north":{"uv":[4,1,3,0],"texture":"#0"},"east":{"uv":[4,1,3,0],"texture":"#0"},"south":{"uv":[4,1,3,0],"texture":"#0"},"west":{"uv":[4,1,3,0],"texture":"#0"},"up":{"uv":[4,1,3,0],"texture":"#0"},"down":{"uv":[4,1,3,0],"texture":"#0"}}},{"name":"hexadecagon","from":[12.22202,15.29236,6.30241],"to":[12.9306,16.57787,7.42996],"rotation":{"angle":22.5,"axis":"y","origin":[10.09629,16.19454,6.86619]},"faces":{"north":{"uv":[3,1,4,0],"texture":"#0"},"east":{"uv":[3,1,4,0],"texture":"#0"},"south":{"uv":[3,1,4,0],"texture":"#0"},"west":{"uv":[3,1,4,0],"texture":"#0"},"up":{"uv":[3,1,4,0],"texture":"#0"},"down":{"uv":[3,1,4,0],"texture":"#0"}}},{"name":"hexadecagon","from":[3.03685,15.29236,6.30241],"to":[3.74542,16.57787,7.42996],"rotation":{"angle":-22.5,"axis":"y","origin":[5.87115,16.19454,6.86619]},"faces":{"north":{"uv":[4,1,3,0],"texture":"#0"},"east":{"uv":[4,1,3,0],"texture":"#0"},"south":{"uv":[4,1,3,0],"texture":"#0"},"west":{"uv":[4,1,3,0],"texture":"#0"},"up":{"uv":[4,1,3,0],"texture":"#0"},"down":{"uv":[4,1,3,0],"texture":"#0"}}},{"name":"hexadecagon","from":[12.22202,15.29236,6.30241],"to":[12.9306,16.57787,8.00254],"rotation":{"angle":0,"axis":"y","origin":[3.4569,16.0184,4.61969]},"faces":{"north":{"uv":[3,1,4,0],"texture":"#0"},"east":{"uv":[3,1,4,0],"texture":"#0"},"south":{"uv":[3,1,4,0],"texture":"#0"},"west":{"uv":[3,1,4,0],"texture":"#0"},"up":{"uv":[3,1,4,0],"texture":"#0"},"down":{"uv":[3,1,4,0],"texture":"#0"}}},{"name":"hexadecagon","from":[3.03685,15.29236,6.30241],"to":[3.74542,16.57787,8.00254],"rotation":{"angle":0,"axis":"y","origin":[12.51055,16.0184,4.61969]},"faces":{"north":{"uv":[4,1,3,0],"texture":"#0"},"east":{"uv":[4,1,3,0],"texture":"#0"},"south":{"uv":[4,1,3,0],"texture":"#0"},"west":{"uv":[4,1,3,0],"texture":"#0"},"up":{"uv":[4,1,3,0],"texture":"#0"},"down":{"uv":[4,1,3,0],"texture":"#0"}}},{"from":[7.75262,19.59978,3.13765],"to":[8.41493,19.78041,3.79996],"rotation":{"angle":0,"axis":"y","origin":[4.48915,19.03677,9.70929]},"faces":{"north":{"uv":[3,1,2,2],"texture":"#3"},"east":{"uv":[3,1,2,2],"texture":"#3"},"south":{"uv":[3,1,2,2],"texture":"#3"},"west":{"uv":[3,1,2,2],"texture":"#3"},"up":{"uv":[2,2,3,1],"texture":"#3"},"down":{"uv":[2,2,3,1],"texture":"#3"}}},{"from":[7.69241,19.35894,3.00936],"to":[8.47514,19.59978,3.79209],"rotation":{"angle":0,"axis":"y","origin":[4.48915,19.03677,9.70929]},"faces":{"north":{"uv":[3,1,2,2],"texture":"#3"},"east":{"uv":[3,1,2,2],"texture":"#3"},"south":{"uv":[3,1,2,2],"texture":"#3"},"west":{"uv":[3,1,2,2],"texture":"#3"},"up":{"uv":[2,2,3,1],"texture":"#3"},"down":{"uv":[2,2,3,1],"texture":"#3"}}},{"from":[7.6322,19.02778,2.94915],"to":[8.53535,19.35894,3.8523],"rotation":{"angle":0,"axis":"y","origin":[4.48915,19.03677,9.70929]},"faces":{"north":{"uv":[3,1,2,2],"texture":"#3"},"east":{"uv":[3,1,2,2],"texture":"#3"},"south":{"uv":[3,1,2,2],"texture":"#3"},"west":{"uv":[3,1,2,2],"texture":"#3"},"up":{"uv":[2,2,3,1],"texture":"#3"},"down":{"uv":[2,2,3,1],"texture":"#3"}}},{"from":[7.8207,19.78041,3.18174],"to":[8.37084,20.67366,3.73188],"rotation":{"angle":0,"axis":"y","origin":[3.99265,18.93997,10.6496]},"faces":{"north":{"uv":[3,1,2,2],"texture":"#3"},"east":{"uv":[3,1,2,2],"texture":"#3"},"south":{"uv":[3,1,2,2],"texture":"#3"},"west":{"uv":[3,1,2,2],"texture":"#3"},"up":{"uv":[2,2,3,1],"texture":"#3"},"down":{"uv":[2,2,3,1],"texture":"#3"}}},{"from":[7.82069,24.14377,3.67777],"to":[8.37083,24.86192,4.2279],"rotation":{"angle":22.5,"axis":"x","origin":[13.24371,23.65561,-5.29298]},"faces":{"north":{"uv":[3,1,2,2],"texture":"#3"},"east":{"uv":[3,1,2,2],"texture":"#3"},"south":{"uv":[3,1,2,2],"texture":"#3"},"west":{"uv":[3,1,2,2],"texture":"#3"},"up":{"uv":[2,2,3,1],"texture":"#3"},"down":{"uv":[2,2,3,1],"texture":"#3"}}},{"from":[7.82069,27.82342,5.73886],"to":[8.37083,28.54158,6.289],"rotation":{"angle":45,"axis":"x","origin":[13.24371,27.33526,-3.23189]},"faces":{"north":{"uv":[3,1,2,2],"texture":"#3"},"east":{"uv":[3,1,2,2],"texture":"#3"},"south":{"uv":[3,1,2,2],"texture":"#3"},"west":{"uv":[3,1,2,2],"texture":"#3"},"up":{"uv":[2,2,3,1],"texture":"#3"},"down":{"uv":[2,2,3,1],"texture":"#3"}}},{"from":[7.82069,21.63166,5.22827],"to":[8.37083,22.18181,5.94643],"rotation":{"angle":-22.5,"axis":"x","origin":[13.24544,18.83637,5.44301]},"faces":{"north":{"uv":[3,1,2,2],"rotation":180,"texture":"#3"},"east":{"uv":[3,1,2,2],"rotation":180,"texture":"#3"},"south":{"uv":[3,1,2,2],"rotation":180,"texture":"#3"},"west":{"uv":[3,1,2,2],"rotation":180,"texture":"#3"},"up":{"uv":[2,2,3,1],"rotation":180,"texture":"#3"},"down":{"uv":[2,2,3,1],"rotation":180,"texture":"#3"}}},{"from":[7.82068,21.56966,4.62786],"to":[8.37082,22.11979,5.34601],"rotation":{"angle":0,"axis":"y","origin":[3.99265,17.57837,10.6496]},"faces":{"north":{"uv":[3,1,2,2],"rotation":180,"texture":"#3"},"east":{"uv":[3,1,2,2],"rotation":180,"texture":"#3"},"south":{"uv":[3,1,2,2],"rotation":180,"texture":"#3"},"west":{"uv":[3,1,2,2],"rotation":180,"texture":"#3"},"up":{"uv":[2,2,3,1],"rotation":180,"texture":"#3"},"down":{"uv":[2,2,3,1],"rotation":180,"texture":"#3"}}},{"from":[7.82068,21.63166,4.02743],"to":[8.37082,22.18179,4.74558],"rotation":{"angle":22.5,"axis":"x","origin":[13.24543,18.83636,4.53085]},"faces":{"north":{"uv":[3,1,2,2],"texture":"#3"},"east":{"uv":[3,1,2,2],"texture":"#3"},"south":{"uv":[3,1,2,2],"texture":"#3"},"west":{"uv":[3,1,2,2],"texture":"#3"},"up":{"uv":[2,2,3,1],"texture":"#3"},"down":{"uv":[2,2,3,1],"texture":"#3"}}},{"from":[7.8192,27.82436,3.68539],"to":[8.36934,28.54251,4.23553],"rotation":{"angle":-45,"axis":"x","origin":[13.24222,27.3362,13.20628]},"faces":{"north":{"uv":[3,1,2,2],"texture":"#3"},"east":{"uv":[3,1,2,2],"texture":"#3"},"south":{"uv":[3,1,2,2],"texture":"#3"},"west":{"uv":[3,1,2,2],"texture":"#3"},"up":{"uv":[2,2,3,1],"texture":"#3"},"down":{"uv":[2,2,3,1],"texture":"#3"}}},{"from":[7.81918,24.40085,5.74643],"to":[8.36932,24.86288,6.29658],"rotation":{"angle":-22.5,"axis":"x","origin":[13.2422,23.65657,15.26733]},"faces":{"north":{"uv":[3,1,2,2],"texture":"#3"},"east":{"uv":[3,1,2,2],"texture":"#3"},"south":{"uv":[3,1,2,2],"texture":"#3"},"west":{"uv":[3,1,2,2],"texture":"#3"},"up":{"uv":[2,2,3,1],"texture":"#3"},"down":{"uv":[2,2,3,1],"texture":"#3"}}},{"from":[7.81918,20.4492,6.14447],"to":[8.36932,20.91123,6.69461],"rotation":{"angle":0,"axis":"y","origin":[13.2422,19.70492,15.66536]},"faces":{"north":{"uv":[3,1,2,2],"texture":"#3"},"east":{"uv":[3,1,2,2],"texture":"#3"},"south":{"uv":[3,1,2,2],"texture":"#3"},"west":{"uv":[3,1,2,2],"texture":"#3"},"up":{"uv":[2,2,3,1],"texture":"#3"},"down":{"uv":[2,2,3,1],"texture":"#3"}}},{"from":[7.78481,20.19205,6.1101],"to":[8.4374,20.4492,6.76269],"rotation":{"angle":0,"axis":"y","origin":[13.19098,19.7039,14.25254]},"faces":{"north":{"uv":[3,1,2,2],"texture":"#3"},"east":{"uv":[3,1,2,2],"texture":"#3"},"south":{"uv":[3,1,2,2],"texture":"#3"},"west":{"uv":[3,1,2,2],"texture":"#3"},"up":{"uv":[2,2,3,1],"texture":"#3"},"down":{"uv":[2,2,3,1],"texture":"#3"}}},{"from":[7.44441,15.20101,5.7697],"to":[8.7778,15.45816,7.10309],"rotation":{"angle":0,"axis":"y","origin":[13.19098,19.7039,14.25254]},"faces":{"north":{"uv":[3,1,2,2],"texture":"#3"},"east":{"uv":[3,1,2,2],"texture":"#3"},"south":{"uv":[3,1,2,2],"texture":"#3"},"west":{"uv":[3,1,2,2],"texture":"#3"},"up":{"uv":[2,2,3,1],"texture":"#3"},"down":{"uv":[2,2,3,1],"texture":"#3"}}},{"from":[9.54409,19.03677,3.0817],"to":[10.21809,19.2839,3.75569],"rotation":{"angle":0,"axis":"y","origin":[4.48915,19.03677,9.70929]},"faces":{"north":{"uv":[3,1,2,2],"texture":"#3"},"east":{"uv":[3,1,2,2],"texture":"#3"},"south":{"uv":[3,1,2,2],"texture":"#3"},"west":{"uv":[3,1,2,2],"texture":"#3"},"up":{"uv":[2,2,3,1],"texture":"#3"},"down":{"uv":[2,2,3,1],"texture":"#3"}}},{"from":[9.58903,19.2839,3.12663],"to":[10.17315,19.46363,3.71076],"rotation":{"angle":0,"axis":"y","origin":[4.48915,19.03677,9.70929]},"faces":{"north":{"uv":[3,1,2,2],"texture":"#3"},"east":{"uv":[3,1,2,2],"texture":"#3"},"south":{"uv":[3,1,2,2],"texture":"#3"},"west":{"uv":[3,1,2,2],"texture":"#3"},"up":{"uv":[2,2,3,1],"texture":"#3"},"down":{"uv":[2,2,3,1],"texture":"#3"}}},{"from":[9.63396,19.46363,3.17157],"to":[10.12822,19.59843,3.66583],"rotation":{"angle":0,"axis":"y","origin":[4.48915,19.03677,9.70929]},"faces":{"north":{"uv":[3,1,2,2],"texture":"#3"},"east":{"uv":[3,1,2,2],"texture":"#3"},"south":{"uv":[3,1,2,2],"texture":"#3"},"west":{"uv":[3,1,2,2],"texture":"#3"},"up":{"uv":[2,2,3,1],"texture":"#3"},"down":{"uv":[2,2,3,1],"texture":"#3"}}},{"from":[9.74629,19.59843,3.2839],"to":[10.01589,20.83408,3.5535],"rotation":{"angle":0,"axis":"y","origin":[4.48915,19.03677,9.70929]},"faces":{"north":{"uv":[3,1,2,2],"texture":"#3"},"east":{"uv":[3,1,2,2],"texture":"#3"},"south":{"uv":[3,1,2,2],"texture":"#3"},"west":{"uv":[3,1,2,2],"texture":"#3"},"up":{"uv":[2,2,3,1],"texture":"#3"},"down":{"uv":[2,2,3,1],"texture":"#3"}}},{"from":[9.63396,20.04776,3.17157],"to":[10.12822,20.72175,3.66583],"rotation":{"angle":0,"axis":"y","origin":[4.48915,19.03677,9.70929]},"faces":{"north":{"uv":[3,1,2,2],"texture":"#3"},"east":{"uv":[3,1,2,2],"texture":"#3"},"south":{"uv":[3,1,2,2],"texture":"#3"},"west":{"uv":[3,1,2,2],"texture":"#3"},"up":{"uv":[2,2,3,1],"texture":"#3"},"down":{"uv":[2,2,3,1],"texture":"#3"}}},{"from":[9.52163,20.16009,3.05924],"to":[10.24055,20.60942,3.77816],"rotation":{"angle":0,"axis":"y","origin":[4.48915,19.03677,9.70929]},"faces":{"north":{"uv":[3,1,2,2],"texture":"#3"},"east":{"uv":[3,1,2,2],"texture":"#3"},"south":{"uv":[3,1,2,2],"texture":"#3"},"west":{"uv":[3,1,2,2],"texture":"#3"},"up":{"uv":[2,2,3,1],"texture":"#3"},"down":{"uv":[2,2,3,1],"texture":"#3"}}},{"from":[9.99342,20.24995,3.2839],"to":[11.22907,20.51955,3.5535],"rotation":{"angle":0,"axis":"y","origin":[4.48915,19.03677,9.70929]},"faces":{"north":{"uv":[2,2,3,1],"rotation":90,"texture":"#3"},"east":{"uv":[2,2,3,1],"rotation":90,"texture":"#3"},"south":{"uv":[2,2,3,1],"rotation":90,"texture":"#3"},"west":{"uv":[2,2,3,1],"rotation":90,"texture":"#3"},"up":{"uv":[3,1,2,2],"rotation":90,"texture":"#3"},"down":{"uv":[3,1,2,2],"rotation":90,"texture":"#3"}}},{"from":[11.00441,20.20502,3.23897],"to":[11.34141,20.56448,3.59843],"rotation":{"angle":0,"axis":"y","origin":[4.48915,19.03677,9.70929]},"faces":{"north":{"uv":[2,2,3,1],"rotation":90,"texture":"#3"},"east":{"uv":[2,2,3,1],"rotation":90,"texture":"#3"},"south":{"uv":[2,2,3,1],"rotation":90,"texture":"#3"},"west":{"uv":[2,2,3,1],"rotation":90,"texture":"#3"},"up":{"uv":[3,1,2,2],"rotation":90,"texture":"#3"},"down":{"uv":[3,1,2,2],"rotation":90,"texture":"#3"}}},{"from":[5.94947,19.03677,3.0817],"to":[6.62346,19.2839,3.75569],"rotation":{"angle":0,"axis":"y","origin":[4.48915,19.03677,9.70929]},"faces":{"north":{"uv":[3,1,2,2],"texture":"#3"},"east":{"uv":[3,1,2,2],"texture":"#3"},"south":{"uv":[3,1,2,2],"texture":"#3"},"west":{"uv":[3,1,2,2],"texture":"#3"},"up":{"uv":[2,2,3,1],"texture":"#3"},"down":{"uv":[2,2,3,1],"texture":"#3"}}},{"from":[5.9944,19.2839,3.12663],"to":[6.57853,19.46363,3.71076],"rotation":{"angle":0,"axis":"y","origin":[4.48915,19.03677,9.70929]},"faces":{"north":{"uv":[3,1,2,2],"texture":"#3"},"east":{"uv":[3,1,2,2],"texture":"#3"},"south":{"uv":[3,1,2,2],"texture":"#3"},"west":{"uv":[3,1,2,2],"texture":"#3"},"up":{"uv":[2,2,3,1],"texture":"#3"},"down":{"uv":[2,2,3,1],"texture":"#3"}}},{"from":[6.03934,19.46363,3.17157],"to":[6.5336,19.59843,3.66583],"rotation":{"angle":0,"axis":"y","origin":[4.48915,19.03677,9.70929]},"faces":{"north":{"uv":[3,1,2,2],"texture":"#3"},"east":{"uv":[3,1,2,2],"texture":"#3"},"south":{"uv":[3,1,2,2],"texture":"#3"},"west":{"uv":[3,1,2,2],"texture":"#3"},"up":{"uv":[2,2,3,1],"texture":"#3"},"down":{"uv":[2,2,3,1],"texture":"#3"}}},{"from":[6.15167,19.59843,3.2839],"to":[6.42126,20.83408,3.5535],"rotation":{"angle":0,"axis":"y","origin":[4.48915,19.03677,9.70929]},"faces":{"north":{"uv":[3,1,2,2],"texture":"#3"},"east":{"uv":[3,1,2,2],"texture":"#3"},"south":{"uv":[3,1,2,2],"texture":"#3"},"west":{"uv":[3,1,2,2],"texture":"#3"},"up":{"uv":[2,2,3,1],"texture":"#3"},"down":{"uv":[2,2,3,1],"texture":"#3"}}},{"from":[6.03934,20.04776,3.17157],"to":[6.5336,20.72175,3.66583],"rotation":{"angle":0,"axis":"y","origin":[4.48915,19.03677,9.70929]},"faces":{"north":{"uv":[3,1,2,2],"texture":"#3"},"east":{"uv":[3,1,2,2],"texture":"#3"},"south":{"uv":[3,1,2,2],"texture":"#3"},"west":{"uv":[3,1,2,2],"texture":"#3"},"up":{"uv":[2,2,3,1],"texture":"#3"},"down":{"uv":[2,2,3,1],"texture":"#3"}}},{"from":[5.927,20.16009,3.05924],"to":[6.64593,20.60942,3.77816],"rotation":{"angle":0,"axis":"y","origin":[4.48915,19.03677,9.70929]},"faces":{"north":{"uv":[3,1,2,2],"texture":"#3"},"east":{"uv":[3,1,2,2],"texture":"#3"},"south":{"uv":[3,1,2,2],"texture":"#3"},"west":{"uv":[3,1,2,2],"texture":"#3"},"up":{"uv":[2,2,3,1],"texture":"#3"},"down":{"uv":[2,2,3,1],"texture":"#3"}}},{"from":[4.93848,20.24995,3.2839],"to":[6.17413,20.51955,3.5535],"rotation":{"angle":0,"axis":"y","origin":[4.48915,19.03677,9.70929]},"faces":{"north":{"uv":[2,2,3,1],"rotation":90,"texture":"#3"},"east":{"uv":[2,2,3,1],"rotation":90,"texture":"#3"},"south":{"uv":[2,2,3,1],"rotation":90,"texture":"#3"},"west":{"uv":[2,2,3,1],"rotation":90,"texture":"#3"},"up":{"uv":[3,1,2,2],"rotation":90,"texture":"#3"},"down":{"uv":[3,1,2,2],"rotation":90,"texture":"#3"}}},{"from":[4.82615,20.20502,3.23897],"to":[5.16315,20.56448,3.59843],"rotation":{"angle":0,"axis":"y","origin":[4.48915,19.03677,9.70929]},"faces":{"north":{"uv":[2,2,3,1],"rotation":90,"texture":"#3"},"east":{"uv":[2,2,3,1],"rotation":90,"texture":"#3"},"south":{"uv":[2,2,3,1],"rotation":90,"texture":"#3"},"west":{"uv":[2,2,3,1],"rotation":90,"texture":"#3"},"up":{"uv":[3,1,2,2],"rotation":90,"texture":"#3"},"down":{"uv":[3,1,2,2],"rotation":90,"texture":"#3"}}},{"name":"hexadecagon","from":[10.12937,17.56245,12.24102],"to":[11.5854,19.22245,13.15602],"rotation":{"angle":45,"axis":"y","origin":[10.85738,18.72745,9.49602]},"faces":{"north":{"uv":[3,1,4,0],"texture":"#0"},"east":{"uv":[3,1,4,0],"texture":"#0"},"south":{"uv":[3,1,4,0],"texture":"#0"},"west":{"uv":[3,1,4,0],"texture":"#0"},"up":{"uv":[3,1,4,0],"texture":"#0"},"down":{"uv":[3,1,4,0],"texture":"#0"}}},{"name":"hexadecagon","from":[4.67334,17.56245,12.24102],"to":[6.12937,19.22245,13.15602],"rotation":{"angle":-45,"axis":"y","origin":[5.40136,18.72745,9.49602]},"faces":{"north":{"uv":[4,1,3,0],"texture":"#0"},"east":{"uv":[4,1,3,0],"texture":"#0"},"south":{"uv":[4,1,3,0],"texture":"#0"},"west":{"uv":[4,1,3,0],"texture":"#0"},"up":{"uv":[4,1,3,0],"texture":"#0"},"down":{"uv":[4,1,3,0],"texture":"#0"}}},{"name":"hexadecagon","from":[10.12937,17.56245,12.24102],"to":[11.5854,19.22245,13.15602],"rotation":{"angle":22.5,"axis":"y","origin":[10.85738,18.72745,9.49602]},"faces":{"north":{"uv":[3,1,4,0],"texture":"#0"},"east":{"uv":[3,1,4,0],"texture":"#0"},"south":{"uv":[3,1,4,0],"texture":"#0"},"west":{"uv":[3,1,4,0],"texture":"#0"},"up":{"uv":[3,1,4,0],"texture":"#0"},"down":{"uv":[3,1,4,0],"texture":"#0"}}},{"name":"hexadecagon","from":[4.67334,17.56245,12.24102],"to":[6.12937,19.22245,13.15602],"rotation":{"angle":-22.5,"axis":"y","origin":[5.40136,18.72745,9.49602]},"faces":{"north":{"uv":[4,1,3,0],"texture":"#0"},"east":{"uv":[4,1,3,0],"texture":"#0"},"south":{"uv":[4,1,3,0],"texture":"#0"},"west":{"uv":[4,1,3,0],"texture":"#0"},"up":{"uv":[4,1,3,0],"texture":"#0"},"down":{"uv":[4,1,3,0],"texture":"#0"}}},{"name":"hexadecagon","from":[8.12937,17.56245,12.24102],"to":[11.5854,19.22245,13.15602],"rotation":{"angle":0,"axis":"y","origin":[2.28378,18.5,3.71729]},"faces":{"north":{"uv":[3,1,4,0],"texture":"#0"},"east":{"uv":[3,1,4,0],"texture":"#0"},"south":{"uv":[3,1,4,0],"texture":"#0"},"west":{"uv":[3,1,4,0],"texture":"#0"},"up":{"uv":[3,1,4,0],"texture":"#0"},"down":{"uv":[3,1,4,0],"texture":"#0"}}},{"name":"hexadecagon","from":[4.67334,17.56245,12.24102],"to":[8.12937,19.22245,13.15602],"rotation":{"angle":0,"axis":"y","origin":[13.97496,18.5,3.71729]},"faces":{"north":{"uv":[4,1,3,0],"texture":"#0"},"east":{"uv":[4,1,3,0],"texture":"#0"},"south":{"uv":[4,1,3,0],"texture":"#0"},"west":{"uv":[4,1,3,0],"texture":"#0"},"up":{"uv":[4,1,3,0],"texture":"#0"},"down":{"uv":[4,1,3,0],"texture":"#0"}}},{"name":"hexadecagon","from":[13.60238,17.56245,8.02862],"to":[14.51738,19.22245,10.22404],"rotation":{"angle":0,"axis":"y","origin":[2.28378,18.5,3.71729]},"faces":{"north":{"uv":[3,1,4,0],"texture":"#0"},"east":{"uv":[3,1,4,0],"texture":"#0"},"south":{"uv":[3,1,4,0],"texture":"#0"},"west":{"uv":[3,1,4,0],"texture":"#0"},"up":{"uv":[3,1,4,0],"texture":"#0"},"down":{"uv":[3,1,4,0],"texture":"#0"}}},{"name":"hexadecagon","from":[1.74136,17.56245,8.02862],"to":[2.65636,19.22245,10.22404],"rotation":{"angle":0,"axis":"y","origin":[13.97496,18.5,3.71729]},"faces":{"north":{"uv":[4,1,3,0],"texture":"#0"},"east":{"uv":[4,1,3,0],"texture":"#0"},"south":{"uv":[4,1,3,0],"texture":"#0"},"west":{"uv":[4,1,3,0],"texture":"#0"},"up":{"uv":[4,1,3,0],"texture":"#0"},"down":{"uv":[4,1,3,0],"texture":"#0"}}},{"name":"hexadecagon","from":[13.60238,17.56245,8.76801],"to":[14.51738,19.22245,10.22404],"rotation":{"angle":-22.5,"axis":"y","origin":[10.85738,18.72745,9.49602]},"faces":{"north":{"uv":[3,1,4,0],"texture":"#0"},"east":{"uv":[3,1,4,0],"texture":"#0"},"south":{"uv":[3,1,4,0],"texture":"#0"},"west":{"uv":[3,1,4,0],"texture":"#0"},"up":{"uv":[3,1,4,0],"texture":"#0"},"down":{"uv":[3,1,4,0],"texture":"#0"}}},{"name":"hexadecagon","from":[1.74136,17.56245,8.76801],"to":[2.65636,19.22245,10.22404],"rotation":{"angle":22.5,"axis":"y","origin":[5.40136,18.72745,9.49602]},"faces":{"north":{"uv":[4,1,3,0],"texture":"#0"},"east":{"uv":[4,1,3,0],"texture":"#0"},"south":{"uv":[4,1,3,0],"texture":"#0"},"west":{"uv":[4,1,3,0],"texture":"#0"},"up":{"uv":[4,1,3,0],"texture":"#0"},"down":{"uv":[4,1,3,0],"texture":"#0"}}},{"name":"hexadecagon","from":[8.12937,17.56245,2.95825],"to":[11.5854,19.22245,3.87324],"rotation":{"angle":0,"axis":"y","origin":[4.28378,18.5,3.71729]},"faces":{"north":{"uv":[3,1,4,0],"texture":"#0"},"east":{"uv":[3,1,4,0],"texture":"#0"},"south":{"uv":[3,1,4,0],"texture":"#0"},"west":{"uv":[3,1,4,0],"texture":"#0"},"up":{"uv":[3,1,4,0],"texture":"#0"},"down":{"uv":[3,1,4,0],"texture":"#0"}}},{"name":"hexadecagon","from":[4.67334,17.56245,2.95825],"to":[8.12937,19.22245,3.87324],"rotation":{"angle":0,"axis":"y","origin":[11.97496,18.5,3.71729]},"faces":{"north":{"uv":[4,1,3,0],"texture":"#0"},"east":{"uv":[4,1,3,0],"texture":"#0"},"south":{"uv":[4,1,3,0],"texture":"#0"},"west":{"uv":[4,1,3,0],"texture":"#0"},"up":{"uv":[4,1,3,0],"texture":"#0"},"down":{"uv":[4,1,3,0],"texture":"#0"}}},{"name":"hexadecagon","from":[10.12937,17.56245,2.95825],"to":[11.5854,19.22245,3.87324],"rotation":{"angle":-22.5,"axis":"y","origin":[10.85738,18.72745,6.61824]},"faces":{"north":{"uv":[3,1,4,0],"texture":"#0"},"east":{"uv":[3,1,4,0],"texture":"#0"},"south":{"uv":[3,1,4,0],"texture":"#0"},"west":{"uv":[3,1,4,0],"texture":"#0"},"up":{"uv":[3,1,4,0],"texture":"#0"},"down":{"uv":[3,1,4,0],"texture":"#0"}}},{"name":"hexadecagon","from":[4.67334,17.56245,2.95825],"to":[6.12937,19.22245,3.87324],"rotation":{"angle":22.5,"axis":"y","origin":[5.40136,18.72745,6.61824]},"faces":{"north":{"uv":[4,1,3,0],"texture":"#0"},"east":{"uv":[4,1,3,0],"texture":"#0"},"south":{"uv":[4,1,3,0],"texture":"#0"},"west":{"uv":[4,1,3,0],"texture":"#0"},"up":{"uv":[4,1,3,0],"texture":"#0"},"down":{"uv":[4,1,3,0],"texture":"#0"}}},{"name":"hexadecagon","from":[10.12937,17.56245,2.95825],"to":[11.5854,19.22245,3.87324],"rotation":{"angle":-45,"axis":"y","origin":[10.85738,18.72745,6.61824]},"faces":{"north":{"uv":[3,1,4,0],"texture":"#0"},"east":{"uv":[3,1,4,0],"texture":"#0"},"south":{"uv":[3,1,4,0],"texture":"#0"},"west":{"uv":[3,1,4,0],"texture":"#0"},"up":{"uv":[3,1,4,0],"texture":"#0"},"down":{"uv":[3,1,4,0],"texture":"#0"}}},{"name":"hexadecagon","from":[4.67334,17.56245,2.95825],"to":[6.12937,19.22245,3.87324],"rotation":{"angle":45,"axis":"y","origin":[5.40136,18.72745,6.61824]},"faces":{"north":{"uv":[4,1,3,0],"texture":"#0"},"east":{"uv":[4,1,3,0],"texture":"#0"},"south":{"uv":[4,1,3,0],"texture":"#0"},"west":{"uv":[4,1,3,0],"texture":"#0"},"up":{"uv":[4,1,3,0],"texture":"#0"},"down":{"uv":[4,1,3,0],"texture":"#0"}}},{"name":"hexadecagon","from":[13.60238,17.56245,5.89022],"to":[14.51738,19.22245,7.34626],"rotation":{"angle":22.5,"axis":"y","origin":[10.85738,18.72745,6.61824]},"faces":{"north":{"uv":[3,1,4,0],"texture":"#0"},"east":{"uv":[3,1,4,0],"texture":"#0"},"south":{"uv":[3,1,4,0],"texture":"#0"},"west":{"uv":[3,1,4,0],"texture":"#0"},"up":{"uv":[3,1,4,0],"texture":"#0"},"down":{"uv":[3,1,4,0],"texture":"#0"}}},{"name":"hexadecagon","from":[1.74136,17.56245,5.89022],"to":[2.65636,19.22245,7.34626],"rotation":{"angle":-22.5,"axis":"y","origin":[5.40136,18.72745,6.61824]},"faces":{"north":{"uv":[4,1,3,0],"texture":"#0"},"east":{"uv":[4,1,3,0],"texture":"#0"},"south":{"uv":[4,1,3,0],"texture":"#0"},"west":{"uv":[4,1,3,0],"texture":"#0"},"up":{"uv":[4,1,3,0],"texture":"#0"},"down":{"uv":[4,1,3,0],"texture":"#0"}}},{"name":"hexadecagon","from":[13.60238,17.56245,5.89022],"to":[14.51738,19.22245,8.08564],"rotation":{"angle":0,"axis":"y","origin":[2.28378,18.5,3.71729]},"faces":{"north":{"uv":[3,1,4,0],"texture":"#0"},"east":{"uv":[3,1,4,0],"texture":"#0"},"south":{"uv":[3,1,4,0],"texture":"#0"},"west":{"uv":[3,1,4,0],"texture":"#0"},"up":{"uv":[3,1,4,0],"texture":"#0"},"down":{"uv":[3,1,4,0],"texture":"#0"}}},{"name":"hexadecagon","from":[1.74136,17.56245,5.89022],"to":[2.65636,19.22245,8.08564],"rotation":{"angle":0,"axis":"y","origin":[13.97496,18.5,3.71729]},"faces":{"north":{"uv":[4,1,3,0],"texture":"#0"},"east":{"uv":[4,1,3,0],"texture":"#0"},"south":{"uv":[4,1,3,0],"texture":"#0"},"west":{"uv":[4,1,3,0],"texture":"#0"},"up":{"uv":[4,1,3,0],"texture":"#0"},"down":{"uv":[4,1,3,0],"texture":"#0"}}}],"display":{"thirdperson_righthand":{"rotation":[75,45,0],"translation":[0,2.5,0],"scale":[0.375,0.375,0.375]},"thirdperson_lefthand":{"rotation":[75,45,0],"translation":[0,2.5,0],"scale":[0.375,0.375,0.375]},"firstperson_righthand":{"rotation":[0,45,0],"scale":[0.4,0.4,0.4]},"firstperson_lefthand":{"rotation":[0,28,0],"scale":[0.4,0.4,0.4]},"ground":{"translation":[0,0.5,0],"scale":[0.5,0.5,0.5]},"gui":{"rotation":[30,225,0],"translation":[0,-1,0],"scale":[0.5,0.5,0.5]},"head":{"translation":[0,-15.5,-5],"scale":[2,2,2]},"fixed":{"rotation":[-90,0,0],"translation":[0,0,-15],"scale":[2,2,2]}},"groups":[{"name":"BathroomSink","origin":[8,8,8],"color":0,"children":[{"name":"Bottom","origin":[8,8,8],"color":0,"children":[{"name":"hexadecagon10","origin":[8,8,8],"color":0,"children":[0,1,2,3,4,5,6,7,8,9,10,11,12,13,14,15,16,17]},{"name":"hexadecagon6","origin":[8,8,8],"color":0,"children":[18,19,20,21,22,23,24,25,26,27,28,29,30,31,32,33,34,35,{"name":"hexadecagon7","origin":[8,8,8],"color":0,"children":[36,37,38,39,40,41,42,43,44,45,46,47,48,49,50,51,52,53]},{"name":"hexadecagon8","origin":[8,8,8],"color":0,"children":[54,55,56,57,58,59,60,61,62,63,64,65,66,67,68,69,70,71]},{"name":"hexadecagon9","origin":[8,8,8],"color":0,"children":[72,73,74,75,76,77,78,79,80,81,82,83,84,85,86,87,88,89]}]}]}]},{"name":"sink","origin":[8,8,8],"color":0,"children":[{"name":"hexadecagon10","origin":[8,8,8],"color":0,"children":[90,91,92,93,94,95,96,97,98,99,100,101,102,103,104,105,106,107,108,109]},{"name":"hexadecagon10","origin":[8,8,8],"color":0,"children":[110,111,112,113,114,115,116,117,118,119,120,121,122,123,124,125,126,127,128,129,130,131,132]},{"name":"Faucet","origin":[8,8,8],"color":0,"children":[133,134,135,136,137,138,139,140,141,142,143,144,145,146,{"name":"Handle Left","origin":[8,8,8],"color":0,"children":[147,148,149,150,151,152,153,154]},{"name":"Handle Right","origin":[8,8,8],"color":0,"children":[155,156,157,158,159,160,161,162]}]},{"name":"hexadecagon10","origin":[8,8,8],"color":0,"children":[163,164,165,166,167,168,169,170,171,172,173,174,175,176,177,178,179,180,181,182]}]}]}