{"credit":"magic_store_official","texture_size":[32,32],"textures":{"0":"food_pack_v1:plate","2":"food_pack_v1:potato","3":"food_pack_v1:fish","particle":"food_pack_v1:plate"},"elements":[{"from":[2.5,1,1.5],"to":[13.5,2,2.5],"faces":{"north":{"uv":[6.5,0.5,12,1],"texture":"#0"},"south":{"uv":[12,0.5,6.5,1],"texture":"#0"},"up":{"uv":[12,0.5,6.5,1],"texture":"#0"}}},{"from":[1.5,0,1.5],"to":[14.5,1,14.5],"faces":{"north":{"uv":[6.5,0,13,0.5],"texture":"#0"},"east":{"uv":[13,0,6.5,0.5],"texture":"#0"},"south":{"uv":[6.5,0,13,0.5],"texture":"#0"},"west":{"uv":[13,0,6.5,0.5],"texture":"#0"},"up":{"uv":[6.5,6.5,0,0],"texture":"#0"},"down":{"uv":[6.5,6.5,0,13],"texture":"#0"}}},{"from":[13.5,1,1.5],"to":[14.5,2,14.5],"faces":{"north":{"uv":[13,0,13.5,0.5],"texture":"#0"},"east":{"uv":[13,0.5,6.5,1],"texture":"#0"},"south":{"uv":[13,0,13.5,0.5],"texture":"#0"},"west":{"uv":[6.5,0.5,13,1],"texture":"#0"},"up":{"uv":[6.5,1,13,0.5],"rotation":90,"texture":"#0"}}},{"from":[1.5,1,1.5],"to":[2.5,2,14.5],"faces":{"north":{"uv":[13,0.5,13.5,1],"texture":"#0"},"east":{"uv":[6.5,0.5,13,1],"texture":"#0"},"south":{"uv":[13,0.5,13.5,1],"texture":"#0"},"west":{"uv":[13,0.5,6.5,1],"texture":"#0"},"up":{"uv":[13,1,6.5,0.5],"rotation":90,"texture":"#0"}}},{"from":[2.5,1,13.5],"to":[13.5,2,14.5],"faces":{"north":{"uv":[12,0.5,6.5,1],"texture":"#0"},"south":{"uv":[6.5,0.5,12,1],"texture":"#0"},"up":{"uv":[6.5,0.5,12,1],"texture":"#0"}}},{"from":[13,1,8],"to":[17,3,12],"rotation":{"angle":22.5,"axis":"y","origin":[6.75,2,6]},"faces":{"north":{"uv":[2,2,0,3],"texture":"#3"},"east":{"uv":[2,2,0,3],"texture":"#3"},"south":{"uv":[2,2,0,3],"texture":"#3"},"west":{"uv":[2,2,0,3],"texture":"#3"},"up":{"uv":[2,8,0,6],"texture":"#3"},"down":{"uv":[2,6,0,8],"texture":"#3"}}},{"from":[2,1,7],"to":[13,3,13],"rotation":{"angle":22.5,"axis":"y","origin":[6.75,2,6]},"faces":{"north":{"uv":[0,1,5.5,0],"texture":"#3"},"east":{"uv":[0,1,3,0],"texture":"#3"},"south":{"uv":[5.5,1,0,0],"texture":"#3"},"west":{"uv":[0,1,3,0],"texture":"#3"},"up":{"uv":[5.5,3,0,0],"texture":"#3"},"down":{"uv":[0,3,5.5,0],"texture":"#3"}}},{"from":[0,1,8],"to":[2,3,12],"rotation":{"angle":22.5,"axis":"y","origin":[6.75,2,6]},"faces":{"north":{"uv":[4,8,5,7],"texture":"#3"},"east":{"uv":[4.5,6,4,8],"rotation":270,"texture":"#3"},"south":{"uv":[5,7,4,6],"texture":"#3"},"west":{"uv":[4.5,8,5,6],"rotation":270,"texture":"#3"},"up":{"uv":[5,8,4,6],"texture":"#3"},"down":{"uv":[5,6,4,8],"texture":"#3"}}},{"from":[-3,1.5,7],"to":[0,2.5,13],"rotation":{"angle":22.5,"axis":"y","origin":[6.75,2,6]},"faces":{"north":{"uv":[5.5,5,7,4.5],"texture":"#3"},"east":{"uv":[5.5,5,6,2],"rotation":90,"texture":"#3"},"south":{"uv":[7,2.5,5.5,2],"texture":"#3"},"west":{"uv":[7,2,6.5,5],"rotation":90,"texture":"#3"},"up":{"uv":[7,5,5.5,2],"texture":"#3"},"down":{"uv":[7,2,5.5,5],"texture":"#3"}}},{"from":[3.5,1,3.25],"to":[5.5,3,5.25],"faces":{"north":{"uv":[2,7,4,9],"texture":"#2"},"east":{"uv":[2,7,4,9],"texture":"#2"},"south":{"uv":[2,7,4,9],"texture":"#2"},"west":{"uv":[2,7,4,9],"texture":"#2"},"up":{"uv":[0,7,2,9],"texture":"#2"},"down":{"uv":[4,7,6,9],"texture":"#2"}}},{"from":[4,1.1,3],"to":[13,1.1,13],"faces":{"north":{"uv":[0,0,9,0],"texture":"#missing"},"east":{"uv":[0,0,10,0],"texture":"#missing"},"south":{"uv":[0,0,9,0],"texture":"#missing"},"west":{"uv":[0,0,10,0],"texture":"#missing"},"up":{"uv":[11.5,11,16,16],"texture":"#0"},"down":{"uv":[0,0,9,10],"texture":"#missing"}}}],"display":{"thirdperson_righthand":{"rotation":[1.34,18.64,-8.05],"translation":[0.5,4.25,0.75],"scale":[0.5,0.5,0.5]},"thirdperson_lefthand":{"rotation":[1.34,18.64,-8.05],"translation":[0.5,4.25,0.75],"scale":[0.5,0.5,0.5]},"firstperson_righthand":{"rotation":[0,25,0],"translation":[1.25,4.75,0],"scale":[0.5,0.5,0.5]},"firstperson_lefthand":{"rotation":[0,25,0],"translation":[1.25,4.75,0],"scale":[0.5,0.5,0.5]},"ground":{"translation":[0,0.5,0],"scale":[0.4,0.4,0.4]},"gui":{"rotation":[30,135,0],"translation":[0,2.25,0],"scale":[0.85,0.85,0.85]},"head":{"translation":[0,-30.5,0],"scale":[1.6,1.6,1.6]},"fixed":{"rotation":[-90,0,0],"translation":[0,0,-16],"scale":[2,2,2]}}}