{"credit":"Made with Blockbench","textures":{"1":"balloon_entities:entity/ballon_dragon/cuern","2":"balloon_entities:entity/ballon_dragon/dragon"},"elements":[{"from":[8,2.6,7.6],"to":[12.4,6.6,12],"rotation":{"angle":0,"axis":"y","origin":[10,-0.6,10.8]},"faces":{"north":{"uv":[5.75,5.5,7.125,6.75],"texture":"#2","tintindex":0},"east":{"uv":[5.75,3,7.125,4.25],"texture":"#2","tintindex":0},"south":{"uv":[0,6.125,1.375,7.375],"texture":"#2","tintindex":0},"west":{"uv":[5.75,4.25,7.125,5.5],"texture":"#2","tintindex":0},"up":{"uv":[5.375,1.375,6.75,0],"texture":"#2","tintindex":0},"down":{"uv":[2.75,6.125,1.375,7.5],"texture":"#2","tintindex":0}}},{"from":[8.4,3.4,5.2],"to":[12,5,7.6],"rotation":{"angle":0,"axis":"y","origin":[10,-0.6,10.8]},"faces":{"north":{"uv":[7.125,6.25,8.25,6.75],"texture":"#2","tintindex":0},"east":{"uv":[7.25,4.625,8,5.125],"texture":"#2","tintindex":0},"south":{"uv":[7.25,2.875,8.375,3.375],"texture":"#2","tintindex":0},"west":{"uv":[7.25,6.75,8,7.25],"texture":"#2","tintindex":0},"up":{"uv":[7.875,2.875,6.75,2.125],"texture":"#2","tintindex":0},"down":{"uv":[8.25,5.5,7.125,6.25],"texture":"#2","tintindex":0}}},{"from":[8.84,2.04,5.6],"to":[11.56,2.84,7.6],"rotation":{"angle":-22.5,"axis":"x","origin":[10.2,3,6]},"faces":{"north":{"uv":[7.25,7.25,8.125,7.5],"texture":"#2","tintindex":0},"east":{"uv":[5.125,6.5,5.75,6.75],"texture":"#2","tintindex":0},"south":{"uv":[0,7.375,0.875,7.625],"texture":"#2","tintindex":0},"west":{"uv":[7.25,7.5,7.875,7.75],"texture":"#2","tintindex":0},"up":{"uv":[8.125,4,7.25,3.375],"texture":"#2","tintindex":0},"down":{"uv":[8.125,4,7.25,4.625],"texture":"#2","tintindex":0}}},{"from":[9.2,3.8,4.8],"to":[11.2,5,5.2],"rotation":{"angle":0,"axis":"y","origin":[10,-0.6,10.8]},"faces":{"north":{"uv":[5.125,6.125,5.75,6.5],"texture":"#2"},"east":{"uv":[4.75,7.125,4.875,7.5],"texture":"#2"},"south":{"uv":[7.25,5.125,7.875,5.5],"texture":"#2"},"west":{"uv":[4.875,7.125,5,7.5],"texture":"#2"},"up":{"uv":[0.625,7.75,0,7.625],"texture":"#2"},"down":{"uv":[1.25,7.625,0.625,7.75],"texture":"#2"}}},{"from":[8.4,5,7.24],"to":[9.6,6.2,7.6],"rotation":{"angle":0,"axis":"y","origin":[10,-0.6,10.8]},"faces":{"north":{"uv":[5.25,3,5.625,3.375],"texture":"#2"},"east":{"uv":[5.625,3,5.75,3.375],"texture":"#2"},"south":{"uv":[5.25,3.375,5.625,3.75],"texture":"#2"},"west":{"uv":[5.625,3.375,5.75,3.75],"texture":"#2"},"up":{"uv":[5.625,4.125,5.25,4],"texture":"#2"},"down":{"uv":[7.125,2.875,6.75,3],"texture":"#2"}}},{"from":[10.8,5,7.24],"to":[12,6.2,7.6],"rotation":{"angle":0,"axis":"y","origin":[10,-0.6,10.8]},"faces":{"north":{"uv":[5.25,3,5.625,3.375],"texture":"#2"},"east":{"uv":[5.625,3,5.7375,3.375],"texture":"#2"},"south":{"uv":[5.25,3.375,5.625,3.75],"texture":"#2"},"west":{"uv":[5.625,3.375,5.75,3.75],"texture":"#2"},"up":{"uv":[5.625,4.125,5.25,4],"texture":"#2"},"down":{"uv":[7.125,2.875,6.75,3],"texture":"#2"}}},{"from":[9.83766,5.67916,7.156],"to":[10.63766,6.47916,7.956],"rotation":{"angle":-45,"axis":"z","origin":[10.39766,6.19916,7.196]},"faces":{"north":{"uv":[4,6.5,5,7.5],"texture":"#1"},"east":{"uv":[5,6.5,6,7.5],"texture":"#1"},"south":{"uv":[0,7,1,8],"texture":"#1"},"west":{"uv":[1,7,2,8],"texture":"#1"},"up":{"uv":[8,5,7,4],"texture":"#1"},"down":{"uv":[8,5,7,6],"texture":"#1"}}},{"from":[12.444,6.68,7.196],"to":[13.244,7.48,7.996],"rotation":{"angle":0,"axis":"y","origin":[10,5.08,10]},"faces":{"north":{"uv":[6,5,7,6],"texture":"#1"},"east":{"uv":[6,6,7,7],"texture":"#1"},"south":{"uv":[2,6.5,3,7.5],"texture":"#1"},"west":{"uv":[6.5,2,7.5,3],"texture":"#1"},"up":{"uv":[4,7.5,3,6.5],"texture":"#1"},"down":{"uv":[7.5,3,6.5,4],"texture":"#1"}}},{"from":[7.2,5.56,7.2],"to":[10,6.36,8],"rotation":{"angle":-22.5,"axis":"z","origin":[10.4,5.08,10]},"faces":{"north":{"uv":[5.5,2,2,3],"texture":"#1"},"east":{"uv":[6.5,3,5.5,4],"texture":"#1"},"south":{"uv":[5.5,3,2,4],"texture":"#1"},"west":{"uv":[6.5,2,5.5,3],"texture":"#1"},"up":{"uv":[4,1,7.5,0],"texture":"#1"},"down":{"uv":[4,1,7.5,2],"texture":"#1"}}},{"from":[7.156,6.68,7.236],"to":[7.956,7.48,8.036],"rotation":{"angle":0,"axis":"y","origin":[10.4,5.08,10.04]},"faces":{"north":{"uv":[7,5,6,6],"texture":"#1"},"east":{"uv":[7.5,2,6.5,3],"texture":"#1"},"south":{"uv":[3,6.5,2,7.5],"texture":"#1"},"west":{"uv":[7,6,6,7],"texture":"#1"},"up":{"uv":[3,7.5,4,6.5],"texture":"#1"},"down":{"uv":[6.5,3,7.5,4],"texture":"#1"}}},{"from":[7.16,7.64,7.56],"to":[7.96,8.44,10.76],"rotation":{"angle":-22.5,"axis":"x","origin":[12,7.08,9.8]},"faces":{"north":{"uv":[6,5.5,5,6.5],"texture":"#1"},"east":{"uv":[4,1,0,2],"texture":"#1"},"south":{"uv":[1,6,0,7],"texture":"#1"},"west":{"uv":[4,0,0,1],"texture":"#1"},"up":{"uv":[0,6,1,2],"texture":"#1"},"down":{"uv":[1,2,2,6],"texture":"#1"}}},{"from":[7.2,7.88442,10.13123],"to":[7.92,8.68442,11.33123],"rotation":{"angle":-45,"axis":"x","origin":[7.6,8.28,10.2]},"faces":{"north":{"uv":[2,6,1,7],"texture":"#1"},"east":{"uv":[5,4,3.5,5],"texture":"#1"},"south":{"uv":[7,4,6,5],"texture":"#1"},"west":{"uv":[3.5,4,2,5],"texture":"#1"},"up":{"uv":[2,6.5,3,5],"texture":"#1"},"down":{"uv":[3,5,4,6.5],"texture":"#1"}}},{"from":[7.24,9.13123,10.27558],"to":[7.8,10.33123,10.91558],"rotation":{"angle":22.5,"axis":"x","origin":[7.6,8.28,10.2]},"faces":{"north":{"uv":[6.5,7,6,8.5],"texture":"#1"},"east":{"uv":[6,4,5,5.5],"texture":"#1"},"south":{"uv":[7.5,6,7,7.5],"texture":"#1"},"west":{"uv":[5,5,4,6.5],"texture":"#1"},"up":{"uv":[6.5,8,7,7],"texture":"#1"},"down":{"uv":[7.5,0,8,1],"texture":"#1"}}},{"from":[7.32,9.89123,11.15558],"to":[7.72,10.69123,11.55558],"rotation":{"angle":0,"axis":"y","origin":[7.6,8.28,10.2]},"faces":{"north":{"uv":[8,1,7.5,2],"texture":"#1"},"east":{"uv":[3,7.5,2.5,8.5],"texture":"#1"},"south":{"uv":[8,2,7.5,3],"texture":"#1"},"west":{"uv":[2.5,7.5,2,8.5],"texture":"#1"},"up":{"uv":[3,8,3.5,7.5],"texture":"#1"},"down":{"uv":[7.5,3,8,3.5],"texture":"#1"}}},{"from":[7.4,10.65123,11.27558],"to":[7.6,11.05123,11.47558],"rotation":{"angle":-22.5,"axis":"x","origin":[7.52,10.69123,11.39558]},"faces":{"north":{"uv":[4,7.5,3.5,8],"texture":"#1"},"east":{"uv":[5,7.5,4.5,8],"texture":"#1"},"south":{"uv":[4.5,7.5,4,8],"texture":"#1"},"west":{"uv":[8,3.5,7.5,4],"texture":"#1"},"up":{"uv":[5,8,5.5,7.5],"texture":"#1"},"down":{"uv":[5.5,7.5,6,8],"texture":"#1"}}},{"from":[10.4,5.56,7.2],"to":[13.2,6.36,8],"rotation":{"angle":22.5,"axis":"z","origin":[10,5.08,10]},"faces":{"north":{"uv":[2,2,5.5,3],"texture":"#1"},"east":{"uv":[5.5,2,6.5,3],"texture":"#1"},"south":{"uv":[2,3,5.5,4],"texture":"#1"},"west":{"uv":[5.5,3,6.5,4],"texture":"#1"},"up":{"uv":[7.5,1,4,0],"texture":"#1"},"down":{"uv":[7.5,1,4,2],"texture":"#1"}}},{"from":[12.44,7.64,7.56],"to":[13.24,8.44,10.76],"rotation":{"angle":-22.5,"axis":"x","origin":[8.4,7.08,9.8]},"faces":{"north":{"uv":[5,5.5,6,6.5],"texture":"#1"},"east":{"uv":[0,0,4,1],"texture":"#1"},"south":{"uv":[0,6,1,7],"texture":"#1"},"west":{"uv":[0,1,4,2],"texture":"#1"},"up":{"uv":[1,6,0,2],"texture":"#1"},"down":{"uv":[2,2,1,6],"texture":"#1"}}},{"from":[12.48,7.88442,10.13123],"to":[13.2,8.68442,11.33123],"rotation":{"angle":-45,"axis":"x","origin":[12.8,8.28,10.2]},"faces":{"north":{"uv":[1,6,2,7],"texture":"#1"},"east":{"uv":[2,4,3.5,5],"texture":"#1"},"south":{"uv":[6,4,7,5],"texture":"#1"},"west":{"uv":[3.5,4,5,5],"texture":"#1"},"up":{"uv":[3,6.5,2,5],"texture":"#1"},"down":{"uv":[4,5,3,6.5],"texture":"#1"}}},{"from":[12.6,9.13123,10.27558],"to":[13.16,10.33123,10.91558],"rotation":{"angle":22.5,"axis":"x","origin":[12.8,8.28,10.2]},"faces":{"north":{"uv":[6,7,6.5,8.5],"texture":"#1"},"east":{"uv":[4,5,5,6.5],"texture":"#1"},"south":{"uv":[7,6,7.5,7.5],"texture":"#1"},"west":{"uv":[5,4,6,5.5],"texture":"#1"},"up":{"uv":[7,8,6.5,7],"texture":"#1"},"down":{"uv":[8,0,7.5,1],"texture":"#1"}}},{"from":[12.68,9.89123,11.15558],"to":[13.08,10.69123,11.55558],"rotation":{"angle":0,"axis":"y","origin":[12.8,8.28,10.2]},"faces":{"north":{"uv":[7.5,1,8,2],"texture":"#1"},"east":{"uv":[2,7.5,2.5,8.5],"texture":"#1"},"south":{"uv":[7.5,2,8,3],"texture":"#1"},"west":{"uv":[2.5,7.5,3,8.5],"texture":"#1"},"up":{"uv":[3.5,8,3,7.5],"texture":"#1"},"down":{"uv":[8,3,7.5,3.5],"texture":"#1"}}},{"from":[12.8,10.65123,11.23558],"to":[13,11.05123,11.43558],"rotation":{"angle":-22.5,"axis":"x","origin":[12.88,10.69123,11.35558]},"faces":{"north":{"uv":[3.5,7.5,4,8],"texture":"#1"},"east":{"uv":[7.5,3.5,8,4],"texture":"#1"},"south":{"uv":[4,7.5,4.5,8],"texture":"#1"},"west":{"uv":[4.5,7.5,5,8],"texture":"#1"},"up":{"uv":[5.5,8,5,7.5],"texture":"#1"},"down":{"uv":[6,7.5,5.5,8],"texture":"#1"}}},{"from":[8.4,2.6,5.6],"to":[8.8,3.4,6.4],"rotation":{"angle":0,"axis":"y","origin":[10,5,10.4]},"faces":{"north":{"uv":[5.25,2.75,5.375,3],"texture":"#2"},"east":{"uv":[5.25,3.75,5.5,4],"texture":"#2"},"south":{"uv":[5,7.125,5.125,7.375],"texture":"#2"},"west":{"uv":[5.5,3.75,5.75,4],"texture":"#2"},"up":{"uv":[1,7.625,0.875,7.375],"texture":"#2"},"down":{"uv":[1.125,7.375,1,7.625],"texture":"#2"}}},{"from":[11.6,2.6,5.6],"to":[12,3.4,6.4],"rotation":{"angle":0,"axis":"y","origin":[10,5,10.4]},"faces":{"north":{"uv":[5.25,2.75,5.375,3],"texture":"#2"},"east":{"uv":[5.25,3.75,5.5,4],"texture":"#2"},"south":{"uv":[5,7.125,5.125,7.375],"texture":"#2"},"west":{"uv":[5.5,3.75,5.75,4],"texture":"#2"},"up":{"uv":[1,7.625,0.875,7.375],"texture":"#2"},"down":{"uv":[1.125,7.375,1,7.625],"texture":"#2"}}},{"from":[10.24,-1,6.4],"to":[10.24,2.6,9.6],"rotation":{"angle":-22.5,"axis":"x","origin":[10.24,1.4,7.2]},"faces":{"north":{"uv":[5.125,6.75,6.125,7.875],"texture":"#2"},"east":{"uv":[6.125,6.75,5.125,7.875],"texture":"#2"},"south":{"uv":[5.125,6.75,6.125,7.875],"texture":"#2"},"west":{"uv":[5.125,6.75,6.125,7.875],"texture":"#2"},"up":{"uv":[5.125,6.75,6.125,7.875],"texture":"#2"},"down":{"uv":[5.125,6.75,6.125,7.875],"texture":"#2"}}},{"from":[7.97615,4.12,8.31842],"to":[7.97615,7.32,17.51842],"rotation":{"angle":22.5,"axis":"x","origin":[8,5,8]},"faces":{"north":{"uv":[0,0,0,1],"texture":"#2"},"east":{"uv":[5.75,5.125,2.875,6.125],"texture":"#2"},"south":{"uv":[0,0,0,1],"texture":"#2"},"west":{"uv":[2.875,5.125,5.75,6.125],"texture":"#2"},"up":{"uv":[0,2.875,0,0],"texture":"#2"},"down":{"uv":[0,0,0,2.875],"texture":"#2"}}},{"from":[7.89615,1.72,8.31842],"to":[7.89615,6.12,17.51842],"rotation":{"angle":22.5,"axis":"x","origin":[8,5,8]},"faces":{"north":{"uv":[0,0,0,1.375],"texture":"#2"},"east":{"uv":[2.875,1.375,0,2.75],"texture":"#2"},"south":{"uv":[0,0,0,1.375],"texture":"#2"},"west":{"uv":[0,1.375,2.875,2.75],"texture":"#2"},"up":{"uv":[0,2.875,0,0],"texture":"#2"},"down":{"uv":[0,0,0,2.875],"texture":"#2"}}},{"from":[9.96,5.76,9.56],"to":[10.36,7.76,12.76],"rotation":{"angle":-45,"axis":"x","origin":[10,5,10.4]},"faces":{"north":{"uv":[9.125,1.875,9.25,2.875],"texture":"#2"},"east":{"uv":[10,1.875,9,2.5],"texture":"#2"},"south":{"uv":[9.875,1.875,10,2.5],"texture":"#2"},"west":{"uv":[9,1.875,10,2.5],"texture":"#2"},"up":{"uv":[9.875,2.875,10,1.875],"texture":"#2"},"down":{"uv":[9.875,2.875,10,1.875],"texture":"#2"}}},{"from":[7.94385,4.2,9.19842],"to":[7.94385,7.4,18.39842],"rotation":{"angle":0,"axis":"y","origin":[12.4,5,8]},"faces":{"north":{"uv":[0,0,0,1],"texture":"#2"},"east":{"uv":[5.75,4.125,2.875,5.125],"texture":"#2"},"south":{"uv":[0,0,0,1],"texture":"#2"},"west":{"uv":[2.875,4.125,5.75,5.125],"texture":"#2"},"up":{"uv":[0,2.875,0,0],"texture":"#2"},"down":{"uv":[0,0,0,2.875],"texture":"#2"}}},{"from":[12.42385,1,7.71842],"to":[12.42385,5.4,16.11842],"rotation":{"angle":22.5,"axis":"y","origin":[12.4,5,8]},"faces":{"north":{"uv":[0,0,0,1.375],"texture":"#2"},"east":{"uv":[5.25,2.75,2.625,4.125],"texture":"#2","tintindex":0},"south":{"uv":[0,0,0,1.375],"texture":"#2"},"west":{"uv":[2.625,2.75,5.25,4.125],"texture":"#2","tintindex":0},"up":{"uv":[0,2.625,0,0],"texture":"#2"},"down":{"uv":[0,0,0,2.625],"texture":"#2"}}},{"from":[12.45615,4.2,9.19842],"to":[12.45615,7.4,18.39842],"rotation":{"angle":0,"axis":"y","origin":[8,5,8]},"faces":{"north":{"uv":[0,0,0,1],"texture":"#2"},"east":{"uv":[5.75,4.125,2.875,5.125],"texture":"#2"},"south":{"uv":[0,0,0,1],"texture":"#2"},"west":{"uv":[2.875,4.125,5.75,5.125],"texture":"#2"},"up":{"uv":[0,2.875,0,0],"texture":"#2"},"down":{"uv":[0,0,0,2.875],"texture":"#2"}}},{"from":[12.50385,1.72,8.31842],"to":[12.50385,6.12,17.51842],"rotation":{"angle":22.5,"axis":"x","origin":[12.4,5,8]},"faces":{"north":{"uv":[0,0,0,1.375],"texture":"#2"},"east":{"uv":[2.875,1.375,0,2.75],"texture":"#2"},"south":{"uv":[0,0,0,1.375],"texture":"#2"},"west":{"uv":[0,1.375,2.875,2.75],"texture":"#2"},"up":{"uv":[0,2.875,0,0],"texture":"#2"},"down":{"uv":[0,0,0,2.875],"texture":"#2"}}},{"from":[12.42385,4.12,8.31842],"to":[12.42385,7.32,17.51842],"rotation":{"angle":22.5,"axis":"x","origin":[12.4,5,8]},"faces":{"north":{"uv":[0,0,0,1],"texture":"#2"},"east":{"uv":[5.75,5.125,2.875,6.125],"texture":"#2"},"south":{"uv":[0,0,0,1],"texture":"#2"},"west":{"uv":[2.875,5.125,5.75,6.125],"texture":"#2"},"up":{"uv":[0,2.875,0,0],"texture":"#2"},"down":{"uv":[0,0,0,2.875],"texture":"#2"}}},{"from":[7.97615,1,7.71842],"to":[7.97615,5.4,16.11842],"rotation":{"angle":-22.5,"axis":"y","origin":[8,5,8]},"faces":{"north":{"uv":[0,0,0,1.375],"texture":"#2"},"east":{"uv":[5.25,2.75,2.625,4.125],"texture":"#2","tintindex":0},"south":{"uv":[0,0,0,1.375],"texture":"#2"},"west":{"uv":[2.625,2.75,5.25,4.125],"texture":"#2","tintindex":0},"up":{"uv":[0,2.625,0,0],"texture":"#2"},"down":{"uv":[0,0,0,2.625],"texture":"#2"}}}],"gui_light":"front","display":{"gui":{"rotation":[-180,23.75,-180],"translation":[0,4.5,0],"scale":[1.60938,1.60938,1.60938]},"head":{"translation":[0,5.6,0],"scale":[4,4,4]}},"groups":[{"name":"group","origin":[10.2,3,6],"color":0,"boneType":"","children":[0,1,2]},3,4,5,6,7,8,9,10,11,12,13,14,15,16,17,18,19,20,21,22,23,24,25,26,27,28,29,30,31,32]}