{"credit":"Made with Blockbench","texture_size":[128,128],"textures":{"0":"elitecreatures:wukong_animated/wukong_texture_01","2":"elitecreatures:wukong_animated/wukong_animation_02","3":"elitecreatures:wukong_animated/wukong_animation_03","4":"elitecreatures:wukong_animated/wukong_animation_01","particle":"elitecreatures:wukong_animated/wukong_texture_01"},"elements":[{"from":[0.5,6.54541,0.56109],"to":[3.5,8.04541,2.06109],"rotation":{"angle":45,"axis":"x","origin":[9,8,2]},"faces":{"north":{"uv":[4.75,1.1875,4.9375,1.5625],"rotation":90,"texture":"#0"},"east":{"uv":[1.1875,2.125,1.375,2.3125],"texture":"#0"},"south":{"uv":[4.75,1.1875,4.9375,1.5625],"rotation":270,"texture":"#0"},"west":{"uv":[1.1875,2.125,1.375,2.3125],"texture":"#0"},"up":{"uv":[4.75,1.1875,4.9375,1.5625],"rotation":270,"texture":"#0"},"down":{"uv":[4.75,1.1875,4.9375,1.5625],"rotation":270,"texture":"#0"}}},{"from":[7,5.87175,14.97825],"to":[9,8.37175,17.47825],"rotation":{"angle":-22.5,"axis":"x","origin":[15.7,7.4,17]},"faces":{"north":{"uv":[7.1875,0.8125,7.5,1.0625],"rotation":270,"texture":"#0"},"east":{"uv":[7.5625,0.5,7.25,0.8125],"texture":"#0"},"south":{"uv":[7.1875,0.8125,7.5,1.0625],"rotation":270,"texture":"#0"},"west":{"uv":[7.25,0.5,7.5625,0.8125],"texture":"#0"},"up":{"uv":[6.9375,0.5,7.25,0.75],"rotation":270,"texture":"#0"},"down":{"uv":[6.9375,0.5,7.25,0.75],"rotation":270,"texture":"#0"}}},{"from":[3.5,6.07825,0.02825],"to":[6,8.57825,2.52825],"rotation":{"angle":45,"axis":"x","origin":[9,8,2]},"faces":{"north":{"uv":[1.875,1.625,2.1875,1.9375],"rotation":90,"texture":"#0"},"east":{"uv":[1.875,1.9375,2.1875,2.25],"rotation":270,"texture":"#0"},"south":{"uv":[1.875,1.625,2.1875,1.9375],"rotation":270,"texture":"#0"},"west":{"uv":[1.875,1.9375,2.1875,2.25],"rotation":270,"texture":"#0"},"up":{"uv":[1.875,1.625,2.1875,1.9375],"rotation":270,"texture":"#0"},"down":{"uv":[1.875,1.625,2.1875,1.9375],"rotation":270,"texture":"#0"}}},{"from":[1.2,3.79289,-2.20711],"to":[1.2,10.79289,4.79289],"rotation":{"angle":45,"axis":"x","origin":[9,8,2]},"faces":{"north":{"uv":[0,0,0.875,0],"rotation":90,"texture":"#missing"},"east":{"uv":[4.625,0,5.5,0.875],"rotation":270,"texture":"#0"},"south":{"uv":[0,0,0.875,0],"rotation":270,"texture":"#missing"},"west":{"uv":[4.625,0.875,5.5,0],"rotation":270,"texture":"#0"},"up":{"uv":[0,0,0.875,0],"rotation":270,"texture":"#missing"},"down":{"uv":[0,0,0.875,0],"rotation":270,"texture":"#missing"}}},{"from":[-2.26066,7,6.18148],"to":[-0.26066,9,11.18148],"rotation":{"angle":-22.5,"axis":"y","origin":[8.1,8,-4.9]},"faces":{"north":{"uv":[5.875,3.25,6.125,3],"rotation":270,"texture":"#0"},"east":{"uv":[6.625,3,6.875,2.375],"rotation":270,"texture":"#0"},"south":{"uv":[5.875,3.25,6.125,3],"rotation":270,"texture":"#0"},"west":{"uv":[6.375,3,6.625,2.375],"rotation":90,"texture":"#0"},"up":{"uv":[6.375,3,6.125,2.375],"rotation":180,"texture":"#0"},"down":{"uv":[6.125,3,6.375,2.375],"texture":"#0"}}},{"from":[-4.33823,6.5,11.01444],"to":[0.16177,9.5,13.51444],"rotation":{"angle":-22.5,"axis":"y","origin":[8.1,8,-4.9]},"faces":{"north":{"uv":[5.4375,4.25,5.8125,3.6875],"rotation":90,"texture":"#0"},"east":{"uv":[6.1875,3.6875,6.5625,4],"rotation":90,"texture":"#0"},"south":{"uv":[5.8125,4.25,6.1875,3.6875],"rotation":270,"texture":"#0"},"west":{"uv":[6.3125,3.6875,6.6875,3.375],"rotation":90,"texture":"#0"},"up":{"uv":[6.3125,3.6875,5.75,3.375],"rotation":180,"texture":"#0"},"down":{"uv":[6.3125,3.375,5.75,3.6875],"rotation":180,"texture":"#0"}}},{"from":[-5.14548,6.75,-4.24822],"to":[1.85452,9.25,-0.74822],"rotation":{"angle":22.5,"axis":"y","origin":[9,8,2]},"faces":{"north":{"uv":[5.625,0.1875,6.625,0.5],"rotation":180,"texture":"#0"},"east":{"uv":[5.4375,3.25,5.75,3.6875],"rotation":90,"texture":"#0"},"south":{"uv":[6.6875,0.1875,7.6875,0.5],"texture":"#0"},"west":{"uv":[5.4375,3.25,5.75,3.6875],"rotation":90,"texture":"#0"},"up":{"uv":[6.625,0.5,5.625,0.9375],"texture":"#0"},"down":{"uv":[6.625,0.9375,5.625,0.5],"texture":"#0"}}},{"from":[-7.5,7.75,6],"to":[8,8.25,6.5],"rotation":{"angle":0,"axis":"y","origin":[-3.75,8,6.25]},"faces":{"north":{"uv":[0,7.5625,0.0625,5.625],"rotation":270,"texture":"#0"},"east":{"uv":[0,5.5625,0.0625,5.625],"rotation":270,"texture":"#0"},"south":{"uv":[0,5.625,0.0625,7.5625],"rotation":270,"texture":"#0"},"west":{"uv":[0,5.5625,0.0625,5.625],"rotation":270,"texture":"#0"},"up":{"uv":[0,5.625,0.0625,7.5625],"rotation":270,"texture":"#0"},"down":{"uv":[0,5.625,0.0625,7.5625],"rotation":270,"texture":"#0"}}},{"from":[-7.5,7.75,7],"to":[8,8.25,7.5],"rotation":{"angle":0,"axis":"y","origin":[-3.75,8,7.25]},"faces":{"north":{"uv":[0,7.5625,0.0625,5.625],"rotation":270,"texture":"#0"},"east":{"uv":[0,5.5625,0.0625,5.625],"rotation":270,"texture":"#0"},"south":{"uv":[0,5.625,0.0625,7.5625],"rotation":270,"texture":"#0"},"west":{"uv":[0,5.5625,0.0625,5.625],"rotation":270,"texture":"#0"},"up":{"uv":[0,5.625,0.0625,7.5625],"rotation":270,"texture":"#0"},"down":{"uv":[0,5.625,0.0625,7.5625],"rotation":270,"texture":"#0"}}},{"from":[8,7.75,6],"to":[23.5,8.25,6.5],"rotation":{"angle":0,"axis":"y","origin":[19.75,8,6.25]},"faces":{"north":{"uv":[0,5.625,0.0625,7.5625],"rotation":270,"texture":"#0"},"east":{"uv":[0,5.625,0.0625,5.5625],"rotation":270,"texture":"#0"},"south":{"uv":[0,7.5625,0.0625,5.625],"rotation":270,"texture":"#0"},"west":{"uv":[0,5.625,0.0625,5.5625],"rotation":270,"texture":"#0"},"up":{"uv":[0,7.5625,0.0625,5.625],"rotation":270,"texture":"#0"},"down":{"uv":[0,7.5625,0.0625,5.625],"rotation":270,"texture":"#0"}}},{"from":[8,7.75,7],"to":[23.5,8.25,7.5],"rotation":{"angle":0,"axis":"y","origin":[19.75,8,7.25]},"faces":{"north":{"uv":[0,5.625,0.0625,7.5625],"rotation":270,"texture":"#0"},"east":{"uv":[0,5.625,0.0625,5.5625],"rotation":270,"texture":"#0"},"south":{"uv":[0,7.5625,0.0625,5.625],"rotation":270,"texture":"#0"},"west":{"uv":[0,5.625,0.0625,5.5625],"rotation":270,"texture":"#0"},"up":{"uv":[0,7.5625,0.0625,5.625],"rotation":270,"texture":"#0"},"down":{"uv":[0,7.5625,0.0625,5.625],"rotation":270,"texture":"#0"}}},{"from":[8,3.75,6],"to":[23.5,4.25,6.5],"rotation":{"angle":0,"axis":"y","origin":[19.75,8,6.25]},"faces":{"north":{"uv":[0,5.625,0.0625,7.5625],"rotation":270,"texture":"#0"},"east":{"uv":[0,5.625,0.0625,5.5625],"rotation":270,"texture":"#0"},"south":{"uv":[0,7.5625,0.0625,5.625],"rotation":270,"texture":"#0"},"west":{"uv":[0,5.625,0.0625,5.5625],"rotation":270,"texture":"#0"},"up":{"uv":[0,7.5625,0.0625,5.625],"rotation":270,"texture":"#0"},"down":{"uv":[0,7.5625,0.0625,5.625],"rotation":270,"texture":"#0"}}},{"from":[8,3.75,7],"to":[23.5,4.25,7.5],"rotation":{"angle":0,"axis":"y","origin":[19.75,8,7.25]},"faces":{"north":{"uv":[0,5.625,0.0625,7.5625],"rotation":270,"texture":"#0"},"east":{"uv":[0,5.625,0.0625,5.5625],"rotation":270,"texture":"#0"},"south":{"uv":[0,7.5625,0.0625,5.625],"rotation":270,"texture":"#0"},"west":{"uv":[0,5.625,0.0625,5.5625],"rotation":270,"texture":"#0"},"up":{"uv":[0,7.5625,0.0625,5.625],"rotation":270,"texture":"#0"},"down":{"uv":[0,7.5625,0.0625,5.625],"rotation":270,"texture":"#0"}}},{"from":[-7.5,3.75,6],"to":[8,4.25,6.5],"rotation":{"angle":0,"axis":"y","origin":[-3.75,8,6.25]},"faces":{"north":{"uv":[0,7.5625,0.0625,5.625],"rotation":270,"texture":"#0"},"east":{"uv":[0,5.5625,0.0625,5.625],"rotation":270,"texture":"#0"},"south":{"uv":[0,5.625,0.0625,7.5625],"rotation":270,"texture":"#0"},"west":{"uv":[0,5.5625,0.0625,5.625],"rotation":270,"texture":"#0"},"up":{"uv":[0,5.625,0.0625,7.5625],"rotation":270,"texture":"#0"},"down":{"uv":[0,5.625,0.0625,7.5625],"rotation":270,"texture":"#0"}}},{"from":[-7.5,3.75,7],"to":[8,4.25,7.5],"rotation":{"angle":0,"axis":"y","origin":[-3.75,8,7.25]},"faces":{"north":{"uv":[0,7.5625,0.0625,5.625],"rotation":270,"texture":"#0"},"east":{"uv":[0,5.5625,0.0625,5.625],"rotation":270,"texture":"#0"},"south":{"uv":[0,5.625,0.0625,7.5625],"rotation":270,"texture":"#0"},"west":{"uv":[0,5.5625,0.0625,5.625],"rotation":270,"texture":"#0"},"up":{"uv":[0,5.625,0.0625,7.5625],"rotation":270,"texture":"#0"},"down":{"uv":[0,5.625,0.0625,7.5625],"rotation":270,"texture":"#0"}}},{"from":[3.5,2.07825,0.02825],"to":[6,4.57825,2.52825],"rotation":{"angle":45,"axis":"x","origin":[9,4,2]},"faces":{"north":{"uv":[1.875,1.625,2.1875,1.9375],"rotation":90,"texture":"#0"},"east":{"uv":[1.875,1.9375,2.1875,2.25],"rotation":270,"texture":"#0"},"south":{"uv":[1.875,1.625,2.1875,1.9375],"rotation":270,"texture":"#0"},"west":{"uv":[1.875,1.9375,2.1875,2.25],"rotation":270,"texture":"#0"},"up":{"uv":[1.875,1.625,2.1875,1.9375],"rotation":270,"texture":"#0"},"down":{"uv":[1.875,1.625,2.1875,1.9375],"rotation":270,"texture":"#0"}}},{"from":[5,0,-4],"to":[6,2,2],"rotation":{"angle":-22.5,"axis":"x","origin":[8,1.5,-2.25]},"faces":{"north":{"uv":[5.375,10.9375,5.5,11.1875],"texture":"#0"},"east":{"uv":[5.75,10.5625,6.5,10.8125],"texture":"#0"},"south":{"uv":[5.375,10.9375,5.5,11.1875],"texture":"#0"},"west":{"uv":[5.75,10.5625,6.5,10.8125],"texture":"#0"},"up":{"uv":[5.25,10.9375,5.375,11.6875],"texture":"#0"},"down":{"uv":[5.25,11.6875,5.375,10.9375],"texture":"#0"}}},{"from":[10,0,-4],"to":[11,2,2],"rotation":{"angle":-22.5,"axis":"x","origin":[8,1.5,-2.25]},"faces":{"north":{"uv":[5.5,10.9375,5.375,11.1875],"texture":"#0"},"east":{"uv":[6.5,10.5625,5.75,10.8125],"texture":"#0"},"south":{"uv":[5.5,10.9375,5.375,11.1875],"texture":"#0"},"west":{"uv":[6.5,10.5625,5.75,10.8125],"texture":"#0"},"up":{"uv":[5.375,10.9375,5.25,11.6875],"texture":"#0"},"down":{"uv":[5.375,11.6875,5.25,10.9375],"texture":"#0"}}},{"from":[6,0,-4],"to":[10,2,-3],"rotation":{"angle":-22.5,"axis":"x","origin":[8,1.5,-2.25]},"faces":{"north":{"uv":[5.25,10.5625,5.75,10.8125],"texture":"#0"},"south":{"uv":[5.25,10.5625,5.75,10.8125],"texture":"#0"},"up":{"uv":[5.25,10.8125,5.75,10.9375],"texture":"#0"},"down":{"uv":[5.25,10.9375,5.75,10.8125],"texture":"#0"}}},{"from":[-4.33823,2.5,11.01444],"to":[0.16177,5.5,13.51444],"rotation":{"angle":-22.5,"axis":"y","origin":[8.1,4,-4.9]},"faces":{"north":{"uv":[5.4375,4.25,5.8125,3.6875],"rotation":90,"texture":"#0"},"east":{"uv":[6.1875,3.6875,6.5625,4],"rotation":90,"texture":"#0"},"south":{"uv":[5.8125,4.25,6.1875,3.6875],"rotation":270,"texture":"#0"},"west":{"uv":[6.3125,3.6875,6.6875,3.375],"rotation":90,"texture":"#0"},"up":{"uv":[6.3125,3.6875,5.75,3.375],"rotation":180,"texture":"#0"},"down":{"uv":[6.3125,3.375,5.75,3.6875],"rotation":180,"texture":"#0"}}},{"from":[-2.26066,3,6.18148],"to":[-0.26066,5,11.18148],"rotation":{"angle":-22.5,"axis":"y","origin":[8.1,4,-4.9]},"faces":{"north":{"uv":[5.875,3.25,6.125,3],"rotation":270,"texture":"#0"},"east":{"uv":[6.625,3,6.875,2.375],"rotation":270,"texture":"#0"},"south":{"uv":[5.875,3.25,6.125,3],"rotation":270,"texture":"#0"},"west":{"uv":[6.375,3,6.625,2.375],"rotation":90,"texture":"#0"},"up":{"uv":[6.375,3,6.125,2.375],"rotation":180,"texture":"#0"},"down":{"uv":[6.125,3,6.375,2.375],"texture":"#0"}}},{"from":[15.83823,6.5,11.01444],"to":[20.33823,9.5,13.51444],"rotation":{"angle":22.5,"axis":"y","origin":[7.9,8,-4.9]},"faces":{"north":{"uv":[5.4375,3.6875,5.8125,4.25],"rotation":90,"texture":"#0"},"east":{"uv":[6.3125,3.375,6.6875,3.6875],"rotation":90,"texture":"#0"},"south":{"uv":[5.8125,3.6875,6.1875,4.25],"rotation":270,"texture":"#0"},"west":{"uv":[6.1875,4,6.5625,3.6875],"rotation":90,"texture":"#0"},"up":{"uv":[5.75,3.6875,6.3125,3.375],"rotation":180,"texture":"#0"},"down":{"uv":[5.75,3.375,6.3125,3.6875],"rotation":180,"texture":"#0"}}},{"from":[16.26066,7,6.18148],"to":[18.26066,9,11.18148],"rotation":{"angle":22.5,"axis":"y","origin":[7.9,8,-4.9]},"faces":{"north":{"uv":[5.875,3,6.125,3.25],"rotation":270,"texture":"#0"},"east":{"uv":[6.375,2.375,6.625,3],"rotation":90,"texture":"#0"},"south":{"uv":[5.875,3,6.125,3.25],"rotation":270,"texture":"#0"},"west":{"uv":[6.625,2.375,6.875,3],"rotation":270,"texture":"#0"},"up":{"uv":[6.125,3,6.375,2.375],"rotation":180,"texture":"#0"},"down":{"uv":[6.375,3,6.125,2.375],"texture":"#0"}}},{"from":[16.26066,3,6.18148],"to":[18.26066,5,11.18148],"rotation":{"angle":22.5,"axis":"y","origin":[7.9,4,-4.9]},"faces":{"north":{"uv":[5.875,3,6.125,3.25],"rotation":270,"texture":"#0"},"east":{"uv":[6.375,2.375,6.625,3],"rotation":90,"texture":"#0"},"south":{"uv":[5.875,3,6.125,3.25],"rotation":270,"texture":"#0"},"west":{"uv":[6.625,2.375,6.875,3],"rotation":270,"texture":"#0"},"up":{"uv":[6.125,3,6.375,2.375],"rotation":180,"texture":"#0"},"down":{"uv":[6.375,3,6.125,2.375],"texture":"#0"}}},{"from":[15.83823,2.5,11.01444],"to":[20.33823,5.5,13.51444],"rotation":{"angle":22.5,"axis":"y","origin":[7.9,4,-4.9]},"faces":{"north":{"uv":[5.4375,3.6875,5.8125,4.25],"rotation":90,"texture":"#0"},"east":{"uv":[6.3125,3.375,6.6875,3.6875],"rotation":90,"texture":"#0"},"south":{"uv":[5.8125,3.6875,6.1875,4.25],"rotation":270,"texture":"#0"},"west":{"uv":[6.1875,4,6.5625,3.6875],"rotation":90,"texture":"#0"},"up":{"uv":[5.75,3.6875,6.3125,3.375],"rotation":180,"texture":"#0"},"down":{"uv":[5.75,3.375,6.3125,3.6875],"rotation":180,"texture":"#0"}}},{"from":[-5.14548,2.75,-4.24822],"to":[1.85452,5.25,-0.74822],"rotation":{"angle":22.5,"axis":"y","origin":[9,4,2]},"faces":{"north":{"uv":[5.625,0.1875,6.625,0.5],"rotation":180,"texture":"#0"},"east":{"uv":[5.4375,3.25,5.75,3.6875],"rotation":90,"texture":"#0"},"south":{"uv":[6.6875,0.1875,7.6875,0.5],"texture":"#0"},"west":{"uv":[5.4375,3.25,5.75,3.6875],"rotation":90,"texture":"#0"},"up":{"uv":[6.625,0.5,5.625,0.9375],"texture":"#0"},"down":{"uv":[6.625,0.9375,5.625,0.5],"texture":"#0"}}},{"from":[0.5,2.54541,0.56109],"to":[3.5,4.04541,2.06109],"rotation":{"angle":45,"axis":"x","origin":[9,4,2]},"faces":{"north":{"uv":[4.75,1.1875,4.9375,1.5625],"rotation":90,"texture":"#0"},"east":{"uv":[1.1875,2.125,1.375,2.3125],"texture":"#0"},"south":{"uv":[4.75,1.1875,4.9375,1.5625],"rotation":270,"texture":"#0"},"west":{"uv":[1.1875,2.125,1.375,2.3125],"texture":"#0"},"up":{"uv":[4.75,1.1875,4.9375,1.5625],"rotation":270,"texture":"#0"},"down":{"uv":[4.75,1.1875,4.9375,1.5625],"rotation":270,"texture":"#0"}}},{"from":[1.1,-0.20711,-2.20711],"to":[1.1,6.79289,4.79289],"rotation":{"angle":45,"axis":"x","origin":[9,4,2]},"faces":{"north":{"uv":[0,0,0.875,0],"rotation":90,"texture":"#missing"},"east":{"uv":[4.625,0,5.5,0.875],"rotation":270,"texture":"#0"},"south":{"uv":[0,0,0.875,0],"rotation":270,"texture":"#missing"},"west":{"uv":[4.625,0.875,5.5,0],"rotation":270,"texture":"#0"},"up":{"uv":[0,0,0.875,0],"rotation":270,"texture":"#missing"},"down":{"uv":[0,0,0.875,0],"rotation":270,"texture":"#missing"}}},{"from":[6.25,3.5,14.8],"to":[9.75,7.5,20.8],"rotation":{"angle":0,"axis":"y","origin":[8,21.56168,17.28682]},"faces":{"north":{"uv":[7.625,8.4375,8.0625,8.9375],"rotation":180,"texture":"#0"},"east":{"uv":[6.4375,9.0625,7.1875,8.5625],"rotation":180,"texture":"#0"},"south":{"uv":[7.1875,8.4375,7.625,8.9375],"rotation":180,"texture":"#0"},"west":{"uv":[6.4375,9.0625,7.1875,8.5625],"rotation":180,"texture":"#0"},"up":{"uv":[6.4375,9.0625,7.1875,9.5],"rotation":270,"texture":"#0"},"down":{"uv":[7.1875,8.9375,7.9375,9.375],"rotation":270,"texture":"#0"}}},{"from":[6.05,1,4.8],"to":[9.95,3.5,10.3],"rotation":{"angle":-22.5,"axis":"x","origin":[7.5,1,4.8]},"faces":{"north":{"uv":[5.9375,9.125,6.4375,9.4375],"texture":"#0"},"east":{"uv":[6.6875,10.3125,7.375,10],"rotation":180,"texture":"#0"},"south":{"uv":[5.9375,9.125,6.4375,9.4375],"texture":"#0"},"west":{"uv":[7.375,10.3125,6.6875,10],"rotation":180,"texture":"#0"},"up":{"uv":[6.6875,9.5,7.375,10],"rotation":90,"texture":"#0"},"down":{"uv":[6.6875,9.5,7.375,10],"rotation":90,"texture":"#0"}}},{"from":[6,1,-1.2],"to":[10,3.5,4.8],"rotation":{"angle":0,"axis":"y","origin":[7.5,20.06168,17.28682]},"faces":{"north":{"uv":[8.5,4.875,9,5.1875],"texture":"#0"},"east":{"uv":[7,6.625,7.75,6.3125],"rotation":180,"texture":"#0"},"south":{"uv":[8.5,4.875,9,5.1875],"texture":"#0"},"west":{"uv":[7.75,6.625,7,6.3125],"rotation":180,"texture":"#0"},"up":{"uv":[7.75,6,8.5,6.5],"rotation":270,"texture":"#0"},"down":{"uv":[7.75,6,8.5,6.5],"rotation":270,"texture":"#0"}}},{"from":[4.9,3,-1.2],"to":[11.1,7.5,4.8],"rotation":{"angle":0,"axis":"y","origin":[8,20.06168,17.28682]},"faces":{"north":{"uv":[7.75,5.4375,8.5,6],"texture":"#0"},"east":{"uv":[7.75,5.4375,8.5,4.875],"rotation":180,"texture":"#0"},"south":{"uv":[7.75,5.4375,8.5,6],"texture":"#0"},"west":{"uv":[8.5,5.4375,7.75,4.875],"rotation":180,"texture":"#0"},"up":{"uv":[7,4.8125,7.75,5.5625],"rotation":270,"texture":"#0"},"down":{"uv":[7,5.5625,7.75,6.3125],"rotation":270,"texture":"#0"}}},{"from":[5.5,3,4.8],"to":[10.5,7.5,14.8],"rotation":{"angle":0,"axis":"y","origin":[8,21.56168,17.28682]},"faces":{"north":{"uv":[5.8125,8.5625,6.4375,9.125],"rotation":180,"texture":"#0"},"east":{"uv":[8.25,7.1875,7,6.625],"rotation":180,"texture":"#0"},"south":{"uv":[5.8125,8.5625,6.4375,9.125],"rotation":180,"texture":"#0"},"west":{"uv":[8.25,7.1875,7,6.625],"rotation":180,"texture":"#0"},"up":{"uv":[7,7.1875,8.25,7.8125],"rotation":270,"texture":"#0"},"down":{"uv":[7,7.8125,8.25,8.4375],"rotation":270,"texture":"#0"}}},{"from":[3.8,5.7,-0.5],"to":[3.8,16.7,17.5],"rotation":{"angle":-22.5,"axis":"x","origin":[-3.2,16.2,9.5]},"faces":{"north":{"uv":[0,0,0,5],"rotation":180,"texture":"#2"},"east":{"uv":[6.5,0,0,11],"rotation":270,"texture":"#2"},"south":{"uv":[0,5,0,0],"texture":"#2"},"west":{"uv":[0,0,6.5,11],"rotation":90,"texture":"#2"},"up":{"uv":[0,0,0,10],"rotation":180,"texture":"#2"},"down":{"uv":[0,0,0,10],"texture":"#2"}}},{"from":[12.2,5.7,-0.5],"to":[12.2,16.7,17.5],"rotation":{"angle":-22.5,"axis":"x","origin":[19.2,16.2,9.5]},"faces":{"north":{"uv":[0,0,0,5],"rotation":180,"texture":"#2"},"east":{"uv":[0,11,6.5,0],"rotation":90,"texture":"#2"},"south":{"uv":[0,5,0,0],"texture":"#2"},"west":{"uv":[6.5,11,0,0],"rotation":270,"texture":"#2"},"up":{"uv":[0,0,0,10],"rotation":180,"texture":"#2"},"down":{"uv":[0,0,0,10],"texture":"#2"}}},{"from":[9,10.5,9.75],"to":[17,18.5,9.75],"rotation":{"angle":-22.5,"axis":"y","origin":[28,20.5,12.75]},"faces":{"north":{"uv":[0,0,16,16],"texture":"#3"},"east":{"uv":[0,0,0,16],"texture":"#3"},"south":{"uv":[16,0,0,16],"texture":"#3"},"west":{"uv":[0,0,0,16],"texture":"#3"},"up":{"uv":[0,16,0,0],"rotation":90,"texture":"#3"},"down":{"uv":[0,0,0,16],"rotation":270,"texture":"#3"}}},{"from":[-12,-0.5,-1.5],"to":[6,13.5,-1.5],"rotation":{"angle":22.5,"axis":"y","origin":[-2,6.5,-2.1]},"faces":{"north":{"uv":[0,0,9,7],"texture":"#4"},"east":{"uv":[0,0,0,4.5],"texture":"#missing"},"south":{"uv":[9,0,0,7],"texture":"#4"},"west":{"uv":[0,0,0,4.5],"texture":"#missing"},"up":{"uv":[0,8,0,0],"rotation":90,"texture":"#missing"},"down":{"uv":[0,0,0,8],"rotation":270,"texture":"#missing"}}},{"from":[10,-0.5,-1.5],"to":[28,13.5,-1.5],"rotation":{"angle":-22.5,"axis":"y","origin":[18,6.5,-2.1]},"faces":{"north":{"uv":[9,0,0,7],"texture":"#4"},"east":{"uv":[0,0,0,4.5],"texture":"#missing"},"south":{"uv":[0,0,9,7],"texture":"#4"},"west":{"uv":[0,0,0,4.5],"texture":"#missing"},"up":{"uv":[0,0,0,8],"rotation":90,"texture":"#missing"},"down":{"uv":[0,8,0,0],"rotation":270,"texture":"#missing"}}},{"from":[1.45,7,-0.8],"to":[3.55,9.1,1.3],"rotation":{"angle":-45,"axis":"x","origin":[1.5,8,0.3]},"faces":{"north":{"uv":[2.5,3.125,2.25,2.875],"rotation":90,"texture":"#0"},"east":{"uv":[2.25,2.625,2.5,2.875],"rotation":270,"texture":"#0"},"south":{"uv":[2.5,3.125,2.25,2.875],"rotation":270,"texture":"#0"},"west":{"uv":[2.25,2.875,2.5,2.625],"rotation":270,"texture":"#0"},"up":{"uv":[2.1875,3.1875,1.9375,2.9375],"rotation":270,"texture":"#0"},"down":{"uv":[1.9375,3.1875,2.1875,2.9375],"rotation":270,"texture":"#0"}}},{"from":[1.45,6.5,0.25],"to":[3.55,9.5,1.75],"rotation":{"angle":0,"axis":"y","origin":[-4.5,0,-16]},"faces":{"north":{"uv":[1.1875,3.2,1.5625,2.9375],"rotation":90,"texture":"#0"},"east":{"uv":[1.5625,3.125,1.9375,2.9375],"rotation":270,"texture":"#0"},"south":{"uv":[1.1875,3.2,1.5625,2.9375],"rotation":270,"texture":"#0"},"west":{"uv":[1.5625,3.125,1.9375,2.9375],"rotation":270,"texture":"#0"},"up":{"uv":[1,2.9375,1.1875,3.2],"rotation":270,"texture":"#0"},"down":{"uv":[1,2.9375,1.1875,3.2],"rotation":270,"texture":"#0"}}},{"from":[1.45,7,0.7],"to":[3.55,9.1,2.8],"rotation":{"angle":45,"axis":"x","origin":[1.5,8,1.7]},"faces":{"north":{"uv":[2.25,3.125,2.5,2.875],"rotation":90,"texture":"#0"},"east":{"uv":[2.25,2.875,2.5,2.625],"rotation":270,"texture":"#0"},"south":{"uv":[2.25,3.125,2.5,2.875],"rotation":270,"texture":"#0"},"west":{"uv":[2.25,2.625,2.5,2.875],"rotation":270,"texture":"#0"},"up":{"uv":[1.9375,3.1875,2.1875,2.9375],"rotation":270,"texture":"#0"},"down":{"uv":[2.1875,3.1875,1.9375,2.9375],"rotation":270,"texture":"#0"}}},{"from":[1.45,3,-0.8],"to":[3.55,5.1,1.3],"rotation":{"angle":-45,"axis":"x","origin":[1.5,4,0.3]},"faces":{"north":{"uv":[2.5,3.125,2.25,2.875],"rotation":90,"texture":"#0"},"east":{"uv":[2.25,2.625,2.5,2.875],"rotation":270,"texture":"#0"},"south":{"uv":[2.5,3.125,2.25,2.875],"rotation":270,"texture":"#0"},"west":{"uv":[2.25,2.875,2.5,2.625],"rotation":270,"texture":"#0"},"up":{"uv":[2.1875,3.1875,1.9375,2.9375],"rotation":270,"texture":"#0"},"down":{"uv":[1.9375,3.1875,2.1875,2.9375],"rotation":270,"texture":"#0"}}},{"from":[1.45,3,0.7],"to":[3.55,5.1,2.8],"rotation":{"angle":45,"axis":"x","origin":[1.5,4,1.7]},"faces":{"north":{"uv":[2.25,3.125,2.5,2.875],"rotation":90,"texture":"#0"},"east":{"uv":[2.25,2.875,2.5,2.625],"rotation":270,"texture":"#0"},"south":{"uv":[2.25,3.125,2.5,2.875],"rotation":270,"texture":"#0"},"west":{"uv":[2.25,2.625,2.5,2.875],"rotation":270,"texture":"#0"},"up":{"uv":[1.9375,3.1875,2.1875,2.9375],"rotation":270,"texture":"#0"},"down":{"uv":[2.1875,3.1875,1.9375,2.9375],"rotation":270,"texture":"#0"}}},{"from":[1.45,2.5,0.25],"to":[3.55,5.5,1.75],"rotation":{"angle":0,"axis":"y","origin":[-4.5,-4,-16]},"faces":{"north":{"uv":[1.1875,3.2,1.5625,2.9375],"rotation":90,"texture":"#0"},"east":{"uv":[1.5625,3.125,1.9375,2.9375],"rotation":270,"texture":"#0"},"south":{"uv":[1.1875,3.2,1.5625,2.9375],"rotation":270,"texture":"#0"},"west":{"uv":[1.5625,3.125,1.9375,2.9375],"rotation":270,"texture":"#0"},"up":{"uv":[1,2.9375,1.1875,3.2],"rotation":270,"texture":"#0"},"down":{"uv":[1,2.9375,1.1875,3.2],"rotation":270,"texture":"#0"}}},{"from":[10,6.07825,0.02825],"to":[12.5,8.57825,2.52825],"rotation":{"angle":45,"axis":"x","origin":[7,8,2]},"faces":{"north":{"uv":[1.875,1.9375,2.1875,1.625],"rotation":90,"texture":"#0"},"east":{"uv":[1.875,2.25,2.1875,1.9375],"rotation":270,"texture":"#0"},"south":{"uv":[1.875,1.9375,2.1875,1.625],"rotation":270,"texture":"#0"},"west":{"uv":[1.875,2.25,2.1875,1.9375],"rotation":270,"texture":"#0"},"up":{"uv":[1.875,1.9375,2.1875,1.625],"rotation":270,"texture":"#0"},"down":{"uv":[1.875,1.9375,2.1875,1.625],"rotation":270,"texture":"#0"}}},{"from":[10,2.07825,0.02825],"to":[12.5,4.57825,2.52825],"rotation":{"angle":45,"axis":"x","origin":[7,4,2]},"faces":{"north":{"uv":[1.875,1.9375,2.1875,1.625],"rotation":90,"texture":"#0"},"east":{"uv":[1.875,2.25,2.1875,1.9375],"rotation":270,"texture":"#0"},"south":{"uv":[1.875,1.9375,2.1875,1.625],"rotation":270,"texture":"#0"},"west":{"uv":[1.875,2.25,2.1875,1.9375],"rotation":270,"texture":"#0"},"up":{"uv":[1.875,1.9375,2.1875,1.625],"rotation":270,"texture":"#0"},"down":{"uv":[1.875,1.9375,2.1875,1.625],"rotation":270,"texture":"#0"}}},{"from":[12.45,3,-0.8],"to":[14.55,5.1,1.3],"rotation":{"angle":-45,"axis":"x","origin":[14.5,4,0.3]},"faces":{"north":{"uv":[2.5,2.875,2.25,3.125],"rotation":90,"texture":"#0"},"east":{"uv":[2.25,2.625,2.5,2.875],"rotation":270,"texture":"#0"},"south":{"uv":[2.5,2.875,2.25,3.125],"rotation":270,"texture":"#0"},"west":{"uv":[2.25,2.875,2.5,2.625],"rotation":270,"texture":"#0"},"up":{"uv":[2.1875,2.9375,1.9375,3.1875],"rotation":270,"texture":"#0"},"down":{"uv":[1.9375,2.9375,2.1875,3.1875],"rotation":270,"texture":"#0"}}},{"from":[12.45,2.5,0.25],"to":[14.55,5.5,1.75],"rotation":{"angle":0,"axis":"y","origin":[20.5,-4,-16]},"faces":{"north":{"uv":[1.1875,2.9375,1.5625,3.2],"rotation":90,"texture":"#0"},"east":{"uv":[1.5625,2.9375,1.9375,3.125],"rotation":270,"texture":"#0"},"south":{"uv":[1.1875,2.9375,1.5625,3.2],"rotation":270,"texture":"#0"},"west":{"uv":[1.5625,2.9375,1.9375,3.125],"rotation":270,"texture":"#0"},"up":{"uv":[1,3.2,1.1875,2.9375],"rotation":270,"texture":"#0"},"down":{"uv":[1,3.2,1.1875,2.9375],"rotation":270,"texture":"#0"}}},{"from":[12.45,7,-0.8],"to":[14.55,9.1,1.3],"rotation":{"angle":-45,"axis":"x","origin":[14.5,8,0.3]},"faces":{"north":{"uv":[2.5,2.875,2.25,3.125],"rotation":90,"texture":"#0"},"east":{"uv":[2.25,2.625,2.5,2.875],"rotation":270,"texture":"#0"},"south":{"uv":[2.5,2.875,2.25,3.125],"rotation":270,"texture":"#0"},"west":{"uv":[2.25,2.875,2.5,2.625],"rotation":270,"texture":"#0"},"up":{"uv":[2.1875,2.9375,1.9375,3.1875],"rotation":270,"texture":"#0"},"down":{"uv":[1.9375,2.9375,2.1875,3.1875],"rotation":270,"texture":"#0"}}},{"from":[12.45,6.5,0.25],"to":[14.55,9.5,1.75],"rotation":{"angle":0,"axis":"y","origin":[20.5,0,-16]},"faces":{"north":{"uv":[1.1875,2.9375,1.5625,3.2],"rotation":90,"texture":"#0"},"east":{"uv":[1.5625,2.9375,1.9375,3.125],"rotation":270,"texture":"#0"},"south":{"uv":[1.1875,2.9375,1.5625,3.2],"rotation":270,"texture":"#0"},"west":{"uv":[1.5625,2.9375,1.9375,3.125],"rotation":270,"texture":"#0"},"up":{"uv":[1,3.2,1.1875,2.9375],"rotation":270,"texture":"#0"},"down":{"uv":[1,3.2,1.1875,2.9375],"rotation":270,"texture":"#0"}}},{"from":[12.45,7,0.7],"to":[14.55,9.1,2.8],"rotation":{"angle":45,"axis":"x","origin":[14.5,8,1.7]},"faces":{"north":{"uv":[2.25,2.875,2.5,3.125],"rotation":90,"texture":"#0"},"east":{"uv":[2.25,2.875,2.5,2.625],"rotation":270,"texture":"#0"},"south":{"uv":[2.25,2.875,2.5,3.125],"rotation":270,"texture":"#0"},"west":{"uv":[2.25,2.625,2.5,2.875],"rotation":270,"texture":"#0"},"up":{"uv":[1.9375,2.9375,2.1875,3.1875],"rotation":270,"texture":"#0"},"down":{"uv":[2.1875,2.9375,1.9375,3.1875],"rotation":270,"texture":"#0"}}},{"from":[12.45,3,0.7],"to":[14.55,5.1,2.8],"rotation":{"angle":45,"axis":"x","origin":[14.5,4,1.7]},"faces":{"north":{"uv":[2.25,2.875,2.5,3.125],"rotation":90,"texture":"#0"},"east":{"uv":[2.25,2.875,2.5,2.625],"rotation":270,"texture":"#0"},"south":{"uv":[2.25,2.875,2.5,3.125],"rotation":270,"texture":"#0"},"west":{"uv":[2.25,2.625,2.5,2.875],"rotation":270,"texture":"#0"},"up":{"uv":[1.9375,2.9375,2.1875,3.1875],"rotation":270,"texture":"#0"},"down":{"uv":[2.1875,2.9375,1.9375,3.1875],"rotation":270,"texture":"#0"}}},{"from":[14.14548,6.75,-4.24822],"to":[21.14548,9.25,-0.74822],"rotation":{"angle":-22.5,"axis":"y","origin":[7,8,2]},"faces":{"north":{"uv":[6.625,0.1875,5.625,0.5],"rotation":180,"texture":"#0"},"east":{"uv":[5.4375,3.6875,5.75,3.25],"rotation":90,"texture":"#0"},"south":{"uv":[7.6875,0.1875,6.6875,0.5],"texture":"#0"},"west":{"uv":[5.4375,3.6875,5.75,3.25],"rotation":90,"texture":"#0"},"up":{"uv":[5.625,0.5,6.625,0.9375],"texture":"#0"},"down":{"uv":[5.625,0.9375,6.625,0.5],"texture":"#0"}}},{"from":[14.14548,2.75,-4.24822],"to":[21.14548,5.25,-0.74822],"rotation":{"angle":-22.5,"axis":"y","origin":[7,4,2]},"faces":{"north":{"uv":[6.625,0.1875,5.625,0.5],"rotation":180,"texture":"#0"},"east":{"uv":[5.4375,3.6875,5.75,3.25],"rotation":90,"texture":"#0"},"south":{"uv":[7.6875,0.1875,6.6875,0.5],"texture":"#0"},"west":{"uv":[5.4375,3.6875,5.75,3.25],"rotation":90,"texture":"#0"},"up":{"uv":[5.625,0.5,6.625,0.9375],"texture":"#0"},"down":{"uv":[5.625,0.9375,6.625,0.5],"texture":"#0"}}},{"from":[14.8,3.79289,-2.20711],"to":[14.8,10.79289,4.79289],"rotation":{"angle":45,"axis":"x","origin":[7,8,2]},"faces":{"north":{"uv":[0,0,0.875,0],"rotation":90,"texture":"#missing"},"east":{"uv":[4.625,0,5.5,0.875],"rotation":270,"texture":"#0"},"south":{"uv":[0,0,0.875,0],"rotation":270,"texture":"#missing"},"west":{"uv":[4.625,0.875,5.5,0],"rotation":270,"texture":"#0"},"up":{"uv":[0,0,0.875,0],"rotation":270,"texture":"#missing"},"down":{"uv":[0,0,0.875,0],"rotation":270,"texture":"#missing"}}},{"from":[14.9,-0.20711,-2.20711],"to":[14.9,6.79289,4.79289],"rotation":{"angle":45,"axis":"x","origin":[7,4,2]},"faces":{"north":{"uv":[0,0,0.875,0],"rotation":90,"texture":"#missing"},"east":{"uv":[4.625,0,5.5,0.875],"rotation":270,"texture":"#0"},"south":{"uv":[0,0,0.875,0],"rotation":270,"texture":"#missing"},"west":{"uv":[4.625,0.875,5.5,0],"rotation":270,"texture":"#0"},"up":{"uv":[0,0,0.875,0],"rotation":270,"texture":"#missing"},"down":{"uv":[0,0,0.875,0],"rotation":270,"texture":"#missing"}}},{"from":[8,2.9,-2.5],"to":[11.7,7.6,-1.5],"rotation":{"angle":-22.5,"axis":"y","origin":[8,5.75,-2.5]},"faces":{"north":{"uv":[1.625,3.1875,2.1875,3.625],"rotation":270,"texture":"#0"},"east":{"uv":[8.5,2.0625,8.625,2.625],"rotation":180,"texture":"#0"},"south":{"uv":[1.625,3.1875,2.1875,3.625],"rotation":270,"texture":"#0"},"west":{"uv":[8.5,2.0625,8.625,2.625],"rotation":180,"texture":"#0"},"up":{"uv":[5.1875,4.6875,5.0625,5.125],"rotation":90,"texture":"#0"},"down":{"uv":[5.1875,4.6875,5.0625,5.125],"rotation":90,"texture":"#0"}}},{"from":[4.3,2.9,-2.5],"to":[8,7.6,-1.5],"rotation":{"angle":22.5,"axis":"y","origin":[8,5.75,-2.5]},"faces":{"north":{"uv":[1.625,3.625,2.1875,3.1875],"rotation":270,"texture":"#0"},"east":{"uv":[8.625,2.0625,8.5,2.625],"rotation":180,"texture":"#0"},"south":{"uv":[1.625,3.625,2.1875,3.1875],"rotation":270,"texture":"#0"},"west":{"uv":[8.625,2.0625,8.5,2.625],"rotation":180,"texture":"#0"},"up":{"uv":[5.1875,5.125,5.0625,4.6875],"rotation":90,"texture":"#0"},"down":{"uv":[5.1875,5.125,5.0625,4.6875],"rotation":90,"texture":"#0"}}},{"from":[1.5,7,-2.6],"to":[7.5,11,-2.6],"rotation":{"angle":22.5,"axis":"y","origin":[8,5.85,-2.5]},"faces":{"north":{"uv":[9.875,0.75,10.375,0],"rotation":270,"texture":"#0"},"east":{"uv":[8.625,2.0625,8.5,2.625],"rotation":180,"texture":"#0"},"south":{"uv":[9.875,0,10.375,0.75],"rotation":270,"texture":"#0"},"west":{"uv":[8.625,2.0625,8.5,2.625],"rotation":180,"texture":"#0"},"up":{"uv":[5.1875,5.125,5.0625,4.6875],"rotation":90,"texture":"#0"},"down":{"uv":[5.1875,5.125,5.0625,4.6875],"rotation":90,"texture":"#0"}}},{"from":[8.5,7,-2.6],"to":[14.5,11,-2.6],"rotation":{"angle":-22.5,"axis":"y","origin":[8,5.85,-2.5]},"faces":{"north":{"uv":[9.875,0,10.375,0.75],"rotation":270,"texture":"#0"},"east":{"uv":[8.5,2.0625,8.625,2.625],"rotation":180,"texture":"#0"},"south":{"uv":[9.875,0.75,10.375,0],"rotation":270,"texture":"#0"},"west":{"uv":[8.5,2.0625,8.625,2.625],"rotation":180,"texture":"#0"},"up":{"uv":[5.1875,4.6875,5.0625,5.125],"rotation":90,"texture":"#0"},"down":{"uv":[5.1875,4.6875,5.0625,5.125],"rotation":90,"texture":"#0"}}},{"from":[5.5,1.2,-2.5],"to":[8,2.9,-1.5],"rotation":{"angle":22.5,"axis":"y","origin":[8,0.25,-2.5]},"faces":{"north":{"uv":[2.0875,3.625,1.875,3.3125],"rotation":270,"texture":"#0"},"east":{"uv":[8.625,2.275,8.5,2.0625],"rotation":180,"texture":"#0"},"south":{"uv":[2.0875,3.625,1.875,3.3125],"rotation":270,"texture":"#0"},"west":{"uv":[8.625,2.275,8.5,2.0625],"rotation":180,"texture":"#0"},"up":{"uv":[5.0625,5,5.1875,4.6875],"rotation":90,"texture":"#0"},"down":{"uv":[5.0625,5,5.1875,4.6875],"rotation":90,"texture":"#0"}}},{"from":[8,1.2,-2.5],"to":[10.5,2.9,-1.5],"rotation":{"angle":-22.5,"axis":"y","origin":[8,0.25,-2.5]},"faces":{"north":{"uv":[2.0875,3.3125,1.875,3.625],"rotation":270,"texture":"#0"},"east":{"uv":[8.5,2.275,8.625,2.0625],"rotation":180,"texture":"#0"},"south":{"uv":[2.0875,3.3125,1.875,3.625],"rotation":270,"texture":"#0"},"west":{"uv":[8.5,2.275,8.625,2.0625],"rotation":180,"texture":"#0"},"up":{"uv":[5.0625,4.6875,5.1875,5],"rotation":90,"texture":"#0"},"down":{"uv":[5.0625,4.6875,5.1875,5],"rotation":90,"texture":"#0"}}},{"from":[3.5,8,1.1],"to":[10,14.5,1.1],"rotation":{"angle":-45,"axis":"z","origin":[8,10,0]},"faces":{"north":{"uv":[9.75,0,8.9375,0.8125],"texture":"#0"},"east":{"uv":[0,0,0,0.75],"texture":"#missing"},"south":{"uv":[8.9375,0,9.75,0.8125],"texture":"#0"},"west":{"uv":[0,0,0,0.75],"texture":"#missing"},"up":{"uv":[0,0,0.75,0],"texture":"#missing"},"down":{"uv":[0,0,0.75,0],"texture":"#missing"}}},{"from":[3.5,8,0.9],"to":[10,14.5,0.9],"rotation":{"angle":-45,"axis":"z","origin":[8,10,0]},"faces":{"north":{"uv":[9.75,0,8.9375,0.8125],"texture":"#0"},"east":{"uv":[0,0,0,0.75],"texture":"#missing"},"south":{"uv":[8.9375,0,9.75,0.8125],"texture":"#0"},"west":{"uv":[0,0,0,0.75],"texture":"#missing"},"up":{"uv":[0,0,0.75,0],"texture":"#missing"},"down":{"uv":[0,0,0.75,0],"texture":"#missing"}}}],"gui_light":"front","display":{"thirdperson_righthand":{"translation":[0,2.75,1],"scale":[0.6,0.6,0.6]},"thirdperson_lefthand":{"translation":[0,2.75,1],"scale":[0.6,0.6,0.6]},"firstperson_righthand":{"translation":[2.5,2,-3.5],"scale":[0.6,0.6,0.6]},"firstperson_lefthand":{"translation":[0.5,2,-0.75],"scale":[0.6,0.6,0.6]},"ground":{"translation":[0,2.25,0],"scale":[0.6,0.6,0.6]},"gui":{"rotation":[37,142,0],"translation":[0.75,-0.25,0],"scale":[0.5,0.5,0.5]},"head":{"translation":[0,10,-4.75],"scale":[0.6,0.6,0.6]},"fixed":{"rotation":[-90,0,0],"translation":[0,-1.5,-7],"scale":[1.2,1.2,1.2]}},"groups":[0,1,2,3,4,5,6,7,8,9,10,11,12,13,14,15,16,17,18,19,20,21,22,23,24,25,26,27,28,29,30,31,32,{"name":"group","origin":[20,1,8],"color":0,"boneType":"","children":[33,34,35,36,37]},38,39,40,41,42,43,44,45,46,47,48,49,50,51,52,53,54,55,56,57,58,59,60,61,62,63]}