{"credit":"Made with Blockbench","texture_size":[64,64],"textures":{"1":"xmas_costume:item/nutcracker_costume/nutcracker_head"},"elements":[{"from":[3,0,3],"to":[13,7,13],"faces":{"north":{"uv":[9,4.5,11.5,6.25],"texture":"#1"},"east":{"uv":[7.25,10,4.75,11.75],"texture":"#1"},"south":{"uv":[7.25,10,9.75,11.75],"texture":"#1"},"west":{"uv":[4.75,10,7.25,11.75],"texture":"#1"},"up":{"uv":[9,2.5,6.5,0],"texture":"#1"},"down":{"uv":[9,2.5,6.5,5],"texture":"#1"}}},{"from":[2.75,-0.25,2.75],"to":[13.25,10.25,13.25],"faces":{"north":{"uv":[11.5,0,14,2.5],"texture":"#1"},"east":{"uv":[14,2.5,11.5,5],"texture":"#1"},"south":{"uv":[0,13.5,0,15.25],"texture":"#1"},"west":{"uv":[11.5,2.5,14,5],"texture":"#1"},"up":{"uv":[2.5,16,2.5,13.5],"texture":"#1"},"down":{"uv":[2.5,13.5,2.5,16],"texture":"#1"}}},{"from":[1,-1,5.75],"to":[15,7,14.75],"rotation":{"angle":22.5,"axis":"x","origin":[8,3.5,10.5]},"faces":{"north":{"uv":[3,4.5,6.5,6.5],"texture":"#1"},"east":{"uv":[9,2.5,11.25,4.5],"texture":"#1"},"south":{"uv":[0,6.5,3.5,8.5],"texture":"#1"},"west":{"uv":[9,2.5,11.25,4.5],"texture":"#1"},"up":{"uv":[6.5,2.25,3,0],"texture":"#1"},"down":{"uv":[6.5,2.25,3,4.5],"texture":"#1"}}},{"from":[2,7,2],"to":[14,10,14],"faces":{"north":{"uv":[9,6.25,12,7],"texture":"#1"},"east":{"uv":[9,6.25,12,7],"texture":"#1"},"south":{"uv":[9,6.25,12,7],"texture":"#1"},"west":{"uv":[9,6.25,12,7],"texture":"#1"},"up":{"uv":[3,3,0,0],"texture":"#1"},"down":{"uv":[3,3,0,6],"texture":"#1"}}},{"from":[3,10,3],"to":[13,20,13],"faces":{"north":{"uv":[3.5,6.5,6,9],"texture":"#1"},"east":{"uv":[0,8.5,2.5,11],"texture":"#1"},"south":{"uv":[0,8.5,2.5,11],"texture":"#1"},"west":{"uv":[0,8.5,2.5,11],"texture":"#1"},"up":{"uv":[11,10,8.5,7.5],"texture":"#1"},"down":{"uv":[11.5,0,9,2.5],"texture":"#1"}}}],"display":{"thirdperson_righthand":{"rotation":[65,135,0],"translation":[-0.5,3.5,1.75],"scale":[0.5,0.5,0.5]},"thirdperson_lefthand":{"rotation":[65,135,0],"translation":[-0.5,3.5,1.75],"scale":[0.5,0.5,0.5]},"firstperson_righthand":{"rotation":[0,135,0],"translation":[0.5,5,0],"scale":[0.5,0.5,0.5]},"firstperson_lefthand":{"rotation":[0,135,0],"translation":[0.5,5,0],"scale":[0.5,0.5,0.5]},"ground":{"translation":[0,3,0],"scale":[0.35,0.35,0.35]},"gui":{"rotation":[30,135,0],"translation":[-0.5,-1,0],"scale":[0.63086,0.63086,0.63086]},"head":{"translation":[0,6.5,0],"scale":[1.65,1.65,1.65]}}}