{"credit":"Made with Blockbench","texture_size":[32,32],"textures":{"0":"sakura_furniture_v1:sakuralantern1texture","1":"sakura_furniture_v1:sakuralantern1animation01","particle":"sakura_furniture_v1:sakuralantern1texture"},"elements":[{"from":[5.75,0,5.75],"to":[10.25,1,10.25],"faces":{"north":{"uv":[5.5,5.5,7.75,6],"texture":"#0"},"east":{"uv":[5.5,5.5,7.75,6],"texture":"#0"},"south":{"uv":[5.5,5.5,7.75,6],"texture":"#0"},"west":{"uv":[5.5,5.5,7.75,6],"texture":"#0"},"up":{"uv":[2.25,2.25,0,0],"texture":"#0"},"down":{"uv":[2.25,2.5,0,4.75],"texture":"#0"}}},{"from":[5.75,5.5,5.75],"to":[10.25,6.5,10.25],"faces":{"north":{"uv":[6,2.5,8.25,3],"texture":"#0"},"east":{"uv":[6,2.5,8.25,3],"texture":"#0"},"south":{"uv":[6,2.5,8.25,3],"texture":"#0"},"west":{"uv":[6,2.5,8.25,3],"texture":"#0"},"up":{"uv":[4.75,2.25,2.5,0],"texture":"#0"},"down":{"uv":[4.75,2.5,2.5,4.75],"texture":"#0"}}},{"from":[6.5,7,6.5],"to":[9.5,8,9.5],"faces":{"north":{"uv":[6.5,1,8,1.5],"texture":"#0"},"east":{"uv":[6.5,1,8,1.5],"texture":"#0"},"south":{"uv":[6.5,1,8,1.5],"texture":"#0"},"west":{"uv":[6.5,1,8,1.5],"texture":"#0"},"up":{"uv":[1.5,6.5,0,5],"texture":"#0"},"down":{"uv":[6.5,0,5,1.5],"texture":"#0"}}},{"from":[6.75,6.5,6.75],"to":[9.25,7,9.25],"faces":{"north":{"uv":[2.5,6.5,3.75,6.75],"texture":"#0"},"east":{"uv":[2.5,6.5,3.75,6.75],"texture":"#0"},"south":{"uv":[2.5,6.5,3.75,6.75],"texture":"#0"},"west":{"uv":[2.5,6.5,3.75,6.75],"texture":"#0"},"up":{"uv":[3.75,6.25,2.5,5],"texture":"#0"},"down":{"uv":[5.25,5,4,6.25],"texture":"#0"}}},{"from":[9,1,6],"to":[10,5.5,7],"rotation":{"angle":0,"axis":"y","origin":[16,0,0]},"faces":{"north":{"uv":[5.5,6,6,8.25],"texture":"#0"},"east":{"uv":[6,6,6.5,8.25],"texture":"#0"},"south":{"uv":[0,6.5,0.5,8.75],"texture":"#0"},"west":{"uv":[0.5,6.5,1,8.75],"texture":"#0"},"up":{"uv":[1.5,7,1,6.5],"texture":"#0"},"down":{"uv":[1.5,7,1,7.5],"texture":"#0"}}},{"from":[7,1,6.5],"to":[9,5.5,6.5],"rotation":{"angle":0,"axis":"y","origin":[16,0,0]},"faces":{"north":{"uv":[0,0,4,9],"texture":"#1"},"east":{"uv":[0,0,0,2.25],"texture":"#0"},"south":{"uv":[5,1.5,6,3.75],"texture":"#0"},"west":{"uv":[0,0,0,2.25],"texture":"#0"},"up":{"uv":[1,0,0,0],"texture":"#0"},"down":{"uv":[1,0,0,0],"texture":"#0"}}},{"from":[9,1,6],"to":[10,5.5,7],"rotation":{"angle":0,"axis":"y","origin":[8,8,8]},"faces":{"north":{"uv":[5.5,6,6,8.25],"texture":"#0"},"east":{"uv":[6,6,6.5,8.25],"texture":"#0"},"south":{"uv":[0,6.5,0.5,8.75],"texture":"#0"},"west":{"uv":[0.5,6.5,1,8.75],"texture":"#0"},"up":{"uv":[1.5,7,1,6.5],"texture":"#0"},"down":{"uv":[1.5,7,1,7.5],"texture":"#0"}}},{"from":[7,1,6.5],"to":[9,5.5,6.5],"rotation":{"angle":0,"axis":"y","origin":[8,8,8]},"faces":{"north":{"uv":[1.5,5,2.5,7.25],"texture":"#0"},"east":{"uv":[0,0,0,2.25],"texture":"#0"},"south":{"uv":[5,1.5,6,3.75],"texture":"#0"},"west":{"uv":[0,0,0,2.25],"texture":"#0"},"up":{"uv":[1,0,0,0],"texture":"#0"},"down":{"uv":[1,0,0,0],"texture":"#0"}}},{"from":[9,1,9],"to":[10,5.5,10],"rotation":{"angle":0,"axis":"y","origin":[8,8,8]},"faces":{"north":{"uv":[0.5,6.5,1,8.75],"texture":"#0"},"east":{"uv":[5.5,6,6,8.25],"texture":"#0"},"south":{"uv":[6,6,6.5,8.25],"texture":"#0"},"west":{"uv":[0,6.5,0.5,8.75],"texture":"#0"},"up":{"uv":[1.5,7,1,6.5],"rotation":90,"texture":"#0"},"down":{"uv":[1.5,7,1,7.5],"rotation":270,"texture":"#0"}}},{"from":[9.5,1,7],"to":[9.5,5.5,9],"rotation":{"angle":0,"axis":"y","origin":[8,8,8]},"faces":{"north":{"uv":[0,0,0,2.25],"texture":"#0"},"east":{"uv":[0,0,4,9],"texture":"#1"},"south":{"uv":[0,0,0,2.25],"texture":"#0"},"west":{"uv":[5,1.5,6,3.75],"texture":"#0"},"up":{"uv":[1,0,0,0],"rotation":90,"texture":"#0"},"down":{"uv":[1,0,0,0],"rotation":270,"texture":"#0"}}},{"from":[6,1,9],"to":[7,5.5,10],"rotation":{"angle":0,"axis":"y","origin":[8,8,8]},"faces":{"north":{"uv":[0,6.5,0.5,8.75],"texture":"#0"},"east":{"uv":[0.5,6.5,1,8.75],"texture":"#0"},"south":{"uv":[5.5,6,6,8.25],"texture":"#0"},"west":{"uv":[6,6,6.5,8.25],"texture":"#0"},"up":{"uv":[1.5,7,1,6.5],"rotation":180,"texture":"#0"},"down":{"uv":[1.5,7,1,7.5],"rotation":180,"texture":"#0"}}},{"from":[7,1,9.5],"to":[9,5.5,9.5],"rotation":{"angle":0,"axis":"y","origin":[8,8,8]},"faces":{"north":{"uv":[5,1.5,6,3.75],"texture":"#0"},"east":{"uv":[0,0,0,2.25],"texture":"#0"},"south":{"uv":[0,0,4,9],"texture":"#1"},"west":{"uv":[0,0,0,2.25],"texture":"#0"},"up":{"uv":[1,0,0,0],"rotation":180,"texture":"#0"},"down":{"uv":[1,0,0,0],"rotation":180,"texture":"#0"}}},{"from":[6,1,6],"to":[7,5.5,7],"rotation":{"angle":0,"axis":"y","origin":[8,8,8]},"faces":{"north":{"uv":[6,6,6.5,8.25],"texture":"#0"},"east":{"uv":[0,6.5,0.5,8.75],"texture":"#0"},"south":{"uv":[0.5,6.5,1,8.75],"texture":"#0"},"west":{"uv":[5.5,6,6,8.25],"texture":"#0"},"up":{"uv":[1.5,7,1,6.5],"rotation":270,"texture":"#0"},"down":{"uv":[1.5,7,1,7.5],"rotation":90,"texture":"#0"}}},{"from":[6.5,1,7],"to":[6.5,5.5,9],"rotation":{"angle":0,"axis":"y","origin":[8,8,8]},"faces":{"north":{"uv":[0,0,0,2.25],"texture":"#0"},"east":{"uv":[5,1.5,6,3.75],"texture":"#0"},"south":{"uv":[0,0,0,2.25],"texture":"#0"},"west":{"uv":[0,0,4,9],"texture":"#1"},"up":{"uv":[1,0,0,0],"rotation":270,"texture":"#0"},"down":{"uv":[1,0,0,0],"rotation":90,"texture":"#0"}}}],"gui_light":"front","display":{"thirdperson_righthand":{"rotation":[67.5,0,0],"translation":[0,1.75,2],"scale":[0.49805,0.49805,0.49805]},"thirdperson_lefthand":{"rotation":[67.5,0,0],"translation":[0,1.75,2],"scale":[0.49805,0.49805,0.49805]},"firstperson_righthand":{"translation":[3.75,5,0],"scale":[0.57617,0.57617,0.57617]},"firstperson_lefthand":{"translation":[3.75,5,0],"scale":[0.57617,0.57617,0.57617]},"ground":{"translation":[0,6,0],"scale":[0.8,0.8,0.8]},"gui":{"rotation":[30,135,0],"translation":[0,5.5,0],"scale":[1.48047,1.48047,1.48047]},"head":{"rotation":[0,180,0],"translation":[0,-30.4,0],"scale":[1.6,1.6,1.6]},"fixed":{"rotation":[-90,0,0],"translation":[0,0,-16],"scale":[2,2,2]}}}