{"credit":"Made with Blockbench","texture_size":[64,64],"textures":{"0":"sakura_furniture_v1:sakurabannertexture","1":"sakura_furniture_v1:sakurabanneranimation01","particle":"sakura_furniture_v1:sakurabannertexture"},"elements":[{"from":[0,14.4,14.5],"to":[16,15.9,16],"faces":{"north":{"uv":[0,6,4,6.375],"texture":"#0"},"east":{"uv":[6,1.5,6.375,1.875],"texture":"#0"},"south":{"uv":[4,6,0,6.375],"texture":"#0"},"west":{"uv":[6,2,6.375,2.375],"texture":"#0"},"up":{"uv":[10,0.875,6,0.5],"texture":"#0"},"down":{"uv":[10,1,6,1.375],"texture":"#0"}}},{"from":[2.25,-9.6,14.5],"to":[13.75,14.4,14.5],"faces":{"north":{"uv":[0,0,5.75,12],"texture":"#1"},"east":{"uv":[0,0,0,6],"texture":"#0"},"south":{"uv":[2.875,0,0,6],"texture":"#0"},"west":{"uv":[0,0,0,6],"texture":"#0"},"up":{"uv":[2.875,0,0,0],"texture":"#0"},"down":{"uv":[2.875,0,0,0],"texture":"#0"}}}],"gui_light":"front","display":{"thirdperson_righthand":{"rotation":[67.5,0,0],"translation":[0,1.75,0],"scale":[0.24609,0.24609,0.24609]},"thirdperson_lefthand":{"rotation":[67.5,0,0],"translation":[0,1.75,0],"scale":[0.24609,0.24609,0.24609]},"firstperson_righthand":{"translation":[1.75,6,0],"scale":[0.30859,0.30859,0.30859]},"firstperson_lefthand":{"translation":[1.75,6,0],"scale":[0.30859,0.30859,0.30859]},"ground":{"translation":[0,9,-3],"scale":[0.45,0.45,0.45]},"gui":{"rotation":[30,135,0],"translation":[-2.5,0.5,0],"scale":[0.5625,0.5625,0.5625]},"head":{"rotation":[0,180,0],"translation":[0,-30.4,0],"scale":[1.6,1.6,1.6]},"fixed":{"translation":[0,0,-16],"scale":[2,2,2]}}}