{"credit":"Made with Blockbench","texture_size":[64,64],"textures":{"0":"sakura_furniture_v1:sakurabenchtexture","particle":"sakura_furniture_v1:sakurabenchtexture"},"elements":[{"from":[14,0,2],"to":[16,8,14],"faces":{"north":{"uv":[8,3.5,8.5,5.5],"texture":"#0"},"east":{"uv":[0,6,3,8],"texture":"#0"},"south":{"uv":[8.5,3.5,8,5.5],"texture":"#0"},"west":{"uv":[3,6,6,8],"texture":"#0"},"up":{"uv":[7.5,6,7,3],"texture":"#0"},"down":{"uv":[8,3,7.5,6],"texture":"#0"}}},{"from":[-16,0,2],"to":[-14,8,14],"rotation":{"angle":0,"axis":"y","origin":[16,0,0]},"faces":{"north":{"uv":[8.5,3.5,8,5.5],"texture":"#0"},"east":{"uv":[6,6,3,8],"texture":"#0"},"south":{"uv":[8,3.5,8.5,5.5],"texture":"#0"},"west":{"uv":[3,6,0,8],"texture":"#0"},"up":{"uv":[7,6,7.5,3],"texture":"#0"},"down":{"uv":[7.5,3,8,6],"texture":"#0"}}},{"from":[-14,6.5,2],"to":[14,8,14],"faces":{"north":{"uv":[7,2,14,2.375],"texture":"#0"},"east":{"uv":[1,8,4,8.375],"texture":"#0"},"south":{"uv":[7,2,14,2.375],"texture":"#0"},"west":{"uv":[8,3,11,3.375],"texture":"#0"},"up":{"uv":[7,3,0,0],"texture":"#0"},"down":{"uv":[0,0,7,3],"texture":"#0"}}},{"from":[-13,8.05,6],"to":[-5,8.05,14],"rotation":{"angle":-22.5,"axis":"y","origin":[-10,8.05,10]},"faces":{"north":{"uv":[0,0,2,0],"texture":"#0"},"east":{"uv":[0,0,2,0],"texture":"#0"},"south":{"uv":[0,0,2,0],"texture":"#0"},"west":{"uv":[0,0,2,0],"texture":"#0"},"up":{"uv":[0,3,2,5],"texture":"#0"},"down":{"uv":[0,3,2,5],"texture":"#0"}}},{"from":[-13.25,8.025,5.75],"to":[-4.75,8.025,14.25],"rotation":{"angle":-22.5,"axis":"y","origin":[-10,8.025,10]},"faces":{"north":{"uv":[0,0,2.125,0],"texture":"#0"},"east":{"uv":[0,0,2.125,0],"texture":"#0"},"south":{"uv":[0,0,2.125,0],"texture":"#0"},"west":{"uv":[0,0,2.125,0],"texture":"#0"},"up":{"uv":[2,3,4.125,5.125],"texture":"#0"},"down":{"uv":[2,3,4.125,5.125],"texture":"#0"}}},{"from":[4.75,8.025,1.75],"to":[13.25,8.025,10.25],"rotation":{"angle":-22.5,"axis":"y","origin":[10,8.025,6]},"faces":{"north":{"uv":[0,0,2.125,0],"texture":"#0"},"east":{"uv":[0,0,2.125,0],"texture":"#0"},"south":{"uv":[0,0,2.125,0],"texture":"#0"},"west":{"uv":[0,0,2.125,0],"texture":"#0"},"up":{"uv":[4.125,5.125,2,3],"texture":"#0"},"down":{"uv":[4.125,5.125,2,3],"texture":"#0"}}},{"from":[5,8.05,2],"to":[13,8.05,10],"rotation":{"angle":-22.5,"axis":"y","origin":[10,8.05,6]},"faces":{"north":{"uv":[0,0,2,0],"texture":"#0"},"east":{"uv":[0,0,2,0],"texture":"#0"},"south":{"uv":[0,0,2,0],"texture":"#0"},"west":{"uv":[0,0,2,0],"texture":"#0"},"up":{"uv":[2,5,0,3],"texture":"#0"},"down":{"uv":[2,5,0,3],"texture":"#0"}}}],"gui_light":"front","display":{"thirdperson_righthand":{"rotation":[67.5,0,0],"translation":[1.75,1.75,0.5],"scale":[0.23047,0.23047,0.23047]},"thirdperson_lefthand":{"rotation":[67.5,0,0],"translation":[-1.75,1.75,0.5],"scale":[0.23047,0.23047,0.23047]},"firstperson_righthand":{"translation":[4.75,3,0],"scale":[0.28711,0.28711,0.28711]},"firstperson_lefthand":{"translation":[-0.25,3,0],"scale":[0.28711,0.28711,0.28711]},"ground":{"translation":[3.25,6,0],"scale":[0.4,0.4,0.4]},"gui":{"rotation":[30,135,0],"translation":[-2.75,2.75,0],"scale":[0.48242,0.48242,0.48242]},"head":{"rotation":[0,180,0],"translation":[0,-30.4,0],"scale":[1.6,1.6,1.6]},"fixed":{"rotation":[-90,0,0],"translation":[0,0,-16],"scale":[2,2,2]}}}