{"credit":"Made with Blockbench","texture_size":[32,32],"textures":{"0":"sakura_furniture_v1:sakurapathtexture","particle":"sakura_furniture_v1:sakurapathtexture"},"elements":[{"from":[1,0.05,1],"to":[15,0.55,15],"faces":{"north":{"uv":[7,1,14,1.25],"texture":"#0"},"east":{"uv":[7,1,14,1.25],"texture":"#0"},"south":{"uv":[7,1,14,1.25],"texture":"#0"},"west":{"uv":[7,1,14,1.25],"texture":"#0"},"up":{"uv":[7,7,0,0],"texture":"#0"},"down":{"uv":[7,7,0,14],"texture":"#0"}}}],"gui_light":"front","display":{"thirdperson_righthand":{"rotation":[67.5,0,0],"translation":[0,3,2.5],"scale":[0.38281,0.38281,0.38281]},"thirdperson_lefthand":{"rotation":[67.5,0,0],"translation":[0,3,2.5],"scale":[0.38281,0.38281,0.38281]},"firstperson_righthand":{"translation":[1.25,5.5,0],"scale":[0.44531,0.44531,0.44531]},"firstperson_lefthand":{"translation":[1.25,5.5,0],"scale":[0.44531,0.44531,0.44531]},"ground":{"translation":[0,6,0],"scale":[0.6,0.6,0.6]},"gui":{"rotation":[30,135,0],"translation":[0,4.5,0],"scale":[0.75,0.75,0.75]},"head":{"rotation":[0,180,0],"translation":[0,-30.4,0],"scale":[1.6,1.6,1.6]},"fixed":{"rotation":[-90,0,0],"translation":[0,0,-16],"scale":[2,2,2]}}}