{"credit":"MadewithBlockbench","textures":{"0":"merchant_pack:potions","1":"merchant_pack:fruit_basket","particle":"merchant_pack:potions"},"elements":[{"from":[6.1,0.2,6.1],"to":[9.9,5,9.9],"faces":{"north":{"uv":[1.5,6.5,4.5,10],"texture":"#0","tintindex":0},"east":{"uv":[1.5,6.5,4.5,10],"texture":"#0","tintindex":0},"south":{"uv":[1.5,6.5,4.5,10],"texture":"#0","tintindex":0},"west":{"uv":[1.5,6.5,4.5,10],"texture":"#0","tintindex":0},"up":{"uv":[2.5,6.5,4.5,8.5],"texture":"#0","tintindex":0},"down":{"uv":[2,8,4,10],"texture":"#0","tintindex":0}}},{"from":[6,0.1,6],"to":[10,6.1,10],"faces":{"north":{"uv":[5,1.5,9,6.5],"texture":"#0"},"east":{"uv":[5,1.5,9,6.5],"texture":"#0"},"south":{"uv":[5,1.5,9,6.5],"texture":"#0"},"west":{"uv":[5,1.5,9,6.5],"texture":"#0"},"up":{"uv":[8.5,6,12.5,10],"texture":"#0"},"down":{"uv":[5,6,9,10],"texture":"#0"}}},{"from":[7,7.1,7],"to":[9,8.1,9],"faces":{"north":{"uv":[9.5,2.5,12.5,3.5],"texture":"#0"},"east":{"uv":[9.5,2.5,12.5,3.5],"texture":"#0"},"south":{"uv":[9.5,2.5,12.5,3.5],"texture":"#0"},"west":{"uv":[9.5,2.5,12.5,3.5],"texture":"#0"},"up":{"uv":[9.5,4,11.5,5.5],"texture":"#0"},"down":{"uv":[9.5,4,11.5,5.5],"texture":"#0"}}},{"from":[7.5,6.2,7.5],"to":[8.5,8.4,8.5],"faces":{"north":{"uv":[2,1,3.5,2.5],"texture":"#0"},"east":{"uv":[2,1,3.5,2.5],"texture":"#0"},"south":{"uv":[2,1,3.5,2.5],"texture":"#0"},"west":{"uv":[2,1,3.5,2.5],"texture":"#0"},"up":{"uv":[2,1,3.45,2.5],"texture":"#0"},"down":{"uv":[2,1,3.45,2.5],"texture":"#0"}}},{"from":[7.4,6.1,7.4],"to":[8.6,7.1,8.6],"rotation":{"angle":0,"axis":"y","origin":[0,2,0]},"faces":{"north":{"uv":[9.5,4,11.5,5.5],"texture":"#0"},"east":{"uv":[9.5,4,11.5,5.5],"texture":"#0"},"south":{"uv":[9.5,4,11.5,5.5],"texture":"#0"},"west":{"uv":[9.5,4,11.5,5.5],"texture":"#0"},"up":{"uv":[9.5,4,11.5,5.5],"texture":"#0"},"down":{"uv":[0,0,1.2,0.7],"texture":"#0"}}},{"from":[7,6.1,7],"to":[9,6.2,9],"rotation":{"angle":0,"axis":"y","origin":[0,2,0]},"faces":{"north":{"uv":[9.5,4,11.5,4.5],"texture":"#0"},"east":{"uv":[9.5,4,11.5,4.5],"texture":"#0"},"south":{"uv":[9.5,4,11.5,4.5],"texture":"#0"},"west":{"uv":[9.5,4,11.5,4.5],"texture":"#0"},"up":{"uv":[9.5,4,11.5,5.5],"texture":"#0"},"down":{"uv":[9.5,4,11.5,5.5],"texture":"#0"}}},{"name":"cubeinverted","from":[10,6.1,10],"to":[6,0.1,6],"faces":{"north":{"uv":[5,6.5,9,1.5],"texture":"#0"},"east":{"uv":[5,6.5,9,1.5],"texture":"#0"},"south":{"uv":[5,6.5,9,1.5],"texture":"#0"},"west":{"uv":[5,6.5,9,1.5],"texture":"#0"},"up":{"uv":[9,6,5,10],"texture":"#0"},"down":{"uv":[12.5,6,8.5,10],"texture":"#0"}}},{"from":[6.1,0.2,11.1],"to":[9.9,5,14.9],"faces":{"north":{"uv":[1.5,6.5,4.5,10],"texture":"#0","tintindex":0},"east":{"uv":[1.5,6.5,4.5,10],"texture":"#0","tintindex":0},"south":{"uv":[1.5,6.5,4.5,10],"texture":"#0","tintindex":0},"west":{"uv":[1.5,6.5,4.5,10],"texture":"#0","tintindex":0},"up":{"uv":[2.5,6.5,4.5,8.5],"texture":"#0","tintindex":0},"down":{"uv":[2,8,4,10],"texture":"#0","tintindex":0}}},{"from":[6,0.1,11],"to":[10,6.1,15],"faces":{"north":{"uv":[5,1.5,9,6.5],"texture":"#0"},"east":{"uv":[5,1.5,9,6.5],"texture":"#0"},"south":{"uv":[5,1.5,9,6.5],"texture":"#0"},"west":{"uv":[5,1.5,9,6.5],"texture":"#0"},"up":{"uv":[8.5,6,12.5,10],"texture":"#0"},"down":{"uv":[5,6,9,10],"texture":"#0"}}},{"from":[7,7.1,12],"to":[9,8.1,14],"faces":{"north":{"uv":[9.5,2.5,12.5,3.5],"texture":"#0"},"east":{"uv":[9.5,2.5,12.5,3.5],"texture":"#0"},"south":{"uv":[9.5,2.5,12.5,3.5],"texture":"#0"},"west":{"uv":[9.5,2.5,12.5,3.5],"texture":"#0"},"up":{"uv":[9.5,4,11.5,5.5],"texture":"#0"},"down":{"uv":[9.5,4,11.5,5.5],"texture":"#0"}}},{"from":[7.5,6.2,12.5],"to":[8.5,8.4,13.5],"faces":{"north":{"uv":[2,1,3.5,2.5],"texture":"#0"},"east":{"uv":[2,1,3.5,2.5],"texture":"#0"},"south":{"uv":[2,1,3.5,2.5],"texture":"#0"},"west":{"uv":[2,1,3.5,2.5],"texture":"#0"},"up":{"uv":[2,1,3.45,2.5],"texture":"#0"},"down":{"uv":[2,1,3.45,2.5],"texture":"#0"}}},{"from":[7.4,6.1,12.4],"to":[8.6,7.1,13.6],"rotation":{"angle":0,"axis":"y","origin":[0,2,0]},"faces":{"north":{"uv":[9.5,4,11.5,5.5],"texture":"#0"},"east":{"uv":[9.5,4,11.5,5.5],"texture":"#0"},"south":{"uv":[9.5,4,11.5,5.5],"texture":"#0"},"west":{"uv":[9.5,4,11.5,5.5],"texture":"#0"},"up":{"uv":[9.5,4,11.5,5.5],"texture":"#0"},"down":{"uv":[0,0,1.2,0.7],"texture":"#0"}}},{"from":[7,6.1,12],"to":[9,6.2,14],"rotation":{"angle":0,"axis":"y","origin":[0,2,0]},"faces":{"north":{"uv":[9.5,4,11.5,4.5],"texture":"#0"},"east":{"uv":[9.5,4,11.5,4.5],"texture":"#0"},"south":{"uv":[9.5,4,11.5,4.5],"texture":"#0"},"west":{"uv":[9.5,4,11.5,4.5],"texture":"#0"},"up":{"uv":[9.5,4,11.5,5.5],"texture":"#0"},"down":{"uv":[9.5,4,11.5,5.5],"texture":"#0"}}},{"name":"cubeinverted","from":[10,6.1,15],"to":[6,0.1,11],"faces":{"north":{"uv":[5,6.5,9,1.5],"texture":"#0"},"east":{"uv":[5,6.5,9,1.5],"texture":"#0"},"south":{"uv":[5,6.5,9,1.5],"texture":"#0"},"west":{"uv":[5,6.5,9,1.5],"texture":"#0"},"up":{"uv":[9,6,5,10],"texture":"#0"},"down":{"uv":[12.5,6,8.5,10],"texture":"#0"}}},{"from":[1.1,0.2,6.1],"to":[4.9,5,9.9],"faces":{"north":{"uv":[1.5,6.5,4.5,10],"texture":"#0","tintindex":0},"east":{"uv":[1.5,6.5,4.5,10],"texture":"#0","tintindex":0},"south":{"uv":[1.5,6.5,4.5,10],"texture":"#0","tintindex":0},"west":{"uv":[1.5,6.5,4.5,10],"texture":"#0","tintindex":0},"up":{"uv":[2.5,6.5,4.5,8.5],"texture":"#0","tintindex":0},"down":{"uv":[2,8,4,10],"texture":"#0","tintindex":0}}},{"from":[1,0.1,6],"to":[5,6.1,10],"faces":{"north":{"uv":[5,1.5,9,6.5],"texture":"#0"},"east":{"uv":[5,1.5,9,6.5],"texture":"#0"},"south":{"uv":[5,1.5,9,6.5],"texture":"#0"},"west":{"uv":[5,1.5,9,6.5],"texture":"#0"},"up":{"uv":[8.5,6,12.5,10],"texture":"#0"},"down":{"uv":[5,6,9,10],"texture":"#0"}}},{"from":[2,7.1,7],"to":[4,8.1,9],"faces":{"north":{"uv":[9.5,2.5,12.5,3.5],"texture":"#0"},"east":{"uv":[9.5,2.5,12.5,3.5],"texture":"#0"},"south":{"uv":[9.5,2.5,12.5,3.5],"texture":"#0"},"west":{"uv":[9.5,2.5,12.5,3.5],"texture":"#0"},"up":{"uv":[9.5,4,11.5,5.5],"texture":"#0"},"down":{"uv":[9.5,4,11.5,5.5],"texture":"#0"}}},{"from":[2.5,6.2,7.5],"to":[3.5,8.4,8.5],"faces":{"north":{"uv":[2,1,3.5,2.5],"texture":"#0"},"east":{"uv":[2,1,3.5,2.5],"texture":"#0"},"south":{"uv":[2,1,3.5,2.5],"texture":"#0"},"west":{"uv":[2,1,3.5,2.5],"texture":"#0"},"up":{"uv":[2,1,3.45,2.5],"texture":"#0"},"down":{"uv":[2,1,3.45,2.5],"texture":"#0"}}},{"from":[2.4,6.1,7.4],"to":[3.6,7.1,8.6],"rotation":{"angle":0,"axis":"y","origin":[0,2,0]},"faces":{"north":{"uv":[9.5,4,11.5,5.5],"texture":"#0"},"east":{"uv":[9.5,4,11.5,5.5],"texture":"#0"},"south":{"uv":[9.5,4,11.5,5.5],"texture":"#0"},"west":{"uv":[9.5,4,11.5,5.5],"texture":"#0"},"up":{"uv":[9.5,4,11.5,5.5],"texture":"#0"},"down":{"uv":[0,0,1.2,0.7],"texture":"#0"}}},{"from":[2,6.1,7],"to":[4,6.2,9],"rotation":{"angle":0,"axis":"y","origin":[0,2,0]},"faces":{"north":{"uv":[9.5,4,11.5,4.5],"texture":"#0"},"east":{"uv":[9.5,4,11.5,4.5],"texture":"#0"},"south":{"uv":[9.5,4,11.5,4.5],"texture":"#0"},"west":{"uv":[9.5,4,11.5,4.5],"texture":"#0"},"up":{"uv":[9.5,4,11.5,5.5],"texture":"#0"},"down":{"uv":[9.5,4,11.5,5.5],"texture":"#0"}}},{"name":"cubeinverted","from":[5,6.1,10],"to":[1,0.1,6],"faces":{"north":{"uv":[5,6.5,9,1.5],"texture":"#0"},"east":{"uv":[5,6.5,9,1.5],"texture":"#0"},"south":{"uv":[5,6.5,9,1.5],"texture":"#0"},"west":{"uv":[5,6.5,9,1.5],"texture":"#0"},"up":{"uv":[9,6,5,10],"texture":"#0"},"down":{"uv":[12.5,6,8.5,10],"texture":"#0"}}},{"from":[1.1,0.2,11.1],"to":[4.9,5,14.9],"faces":{"north":{"uv":[1.5,6.5,4.5,10],"texture":"#0","tintindex":0},"east":{"uv":[1.5,6.5,4.5,10],"texture":"#0","tintindex":0},"south":{"uv":[1.5,6.5,4.5,10],"texture":"#0","tintindex":0},"west":{"uv":[1.5,6.5,4.5,10],"texture":"#0","tintindex":0},"up":{"uv":[2.5,6.5,4.5,8.5],"texture":"#0","tintindex":0},"down":{"uv":[2,8,4,10],"texture":"#0","tintindex":0}}},{"from":[1,0.1,11],"to":[5,6.1,15],"faces":{"north":{"uv":[5,1.5,9,6.5],"texture":"#0"},"east":{"uv":[5,1.5,9,6.5],"texture":"#0"},"south":{"uv":[5,1.5,9,6.5],"texture":"#0"},"west":{"uv":[5,1.5,9,6.5],"texture":"#0"},"up":{"uv":[8.5,6,12.5,10],"texture":"#0"},"down":{"uv":[5,6,9,10],"texture":"#0"}}},{"from":[2,7.1,12],"to":[4,8.1,14],"faces":{"north":{"uv":[9.5,2.5,12.5,3.5],"texture":"#0"},"east":{"uv":[9.5,2.5,12.5,3.5],"texture":"#0"},"south":{"uv":[9.5,2.5,12.5,3.5],"texture":"#0"},"west":{"uv":[9.5,2.5,12.5,3.5],"texture":"#0"},"up":{"uv":[9.5,4,11.5,5.5],"texture":"#0"},"down":{"uv":[9.5,4,11.5,5.5],"texture":"#0"}}},{"from":[2.5,6.2,12.5],"to":[3.5,8.4,13.5],"faces":{"north":{"uv":[2,1,3.5,2.5],"texture":"#0"},"east":{"uv":[2,1,3.5,2.5],"texture":"#0"},"south":{"uv":[2,1,3.5,2.5],"texture":"#0"},"west":{"uv":[2,1,3.5,2.5],"texture":"#0"},"up":{"uv":[2,1,3.45,2.5],"texture":"#0"},"down":{"uv":[2,1,3.45,2.5],"texture":"#0"}}},{"from":[2.4,6.1,12.4],"to":[3.6,7.1,13.6],"rotation":{"angle":0,"axis":"y","origin":[0,2,0]},"faces":{"north":{"uv":[9.5,4,11.5,5.5],"texture":"#0"},"east":{"uv":[9.5,4,11.5,5.5],"texture":"#0"},"south":{"uv":[9.5,4,11.5,5.5],"texture":"#0"},"west":{"uv":[9.5,4,11.5,5.5],"texture":"#0"},"up":{"uv":[9.5,4,11.5,5.5],"texture":"#0"},"down":{"uv":[0,0,1.2,0.7],"texture":"#0"}}},{"from":[2,6.1,12],"to":[4,6.2,14],"rotation":{"angle":0,"axis":"y","origin":[0,2,0]},"faces":{"north":{"uv":[9.5,4,11.5,4.5],"texture":"#0"},"east":{"uv":[9.5,4,11.5,4.5],"texture":"#0"},"south":{"uv":[9.5,4,11.5,4.5],"texture":"#0"},"west":{"uv":[9.5,4,11.5,4.5],"texture":"#0"},"up":{"uv":[9.5,4,11.5,5.5],"texture":"#0"},"down":{"uv":[9.5,4,11.5,5.5],"texture":"#0"}}},{"name":"cubeinverted","from":[5,6.1,15],"to":[1,0.1,11],"faces":{"north":{"uv":[5,6.5,9,1.5],"texture":"#0"},"east":{"uv":[5,6.5,9,1.5],"texture":"#0"},"south":{"uv":[5,6.5,9,1.5],"texture":"#0"},"west":{"uv":[5,6.5,9,1.5],"texture":"#0"},"up":{"uv":[9,6,5,10],"texture":"#0"},"down":{"uv":[12.5,6,8.5,10],"texture":"#0"}}},{"name":"cubeinverted","from":[15,6.1,9],"to":[11,2.1,3],"rotation":{"angle":-45,"axis":"x","origin":[13,5.1,7]},"faces":{"north":{"uv":[12.5,6,8.5,10],"rotation":180,"texture":"#0"},"east":{"uv":[5,6.5,9,1.5],"rotation":270,"texture":"#0"},"south":{"uv":[9,6,5,10],"texture":"#0"},"west":{"uv":[5,6.5,9,1.5],"rotation":90,"texture":"#0"},"up":{"uv":[5,6.5,9,1.5],"rotation":180,"texture":"#0"},"down":{"uv":[5,6.5,9,1.5],"texture":"#0"}}},{"from":[12,3.1,9],"to":[14,5.1,9.1],"rotation":{"angle":-45,"axis":"x","origin":[13,5.1,7]},"faces":{"north":{"uv":[9.5,4,11.5,5.5],"rotation":180,"texture":"#0"},"east":{"uv":[9.5,4,11.5,4.5],"rotation":270,"texture":"#0"},"south":{"uv":[9.5,4,11.5,5.5],"texture":"#0"},"west":{"uv":[9.5,4,11.5,4.5],"rotation":90,"texture":"#0"},"up":{"uv":[9.5,4,11.5,4.5],"rotation":180,"texture":"#0"},"down":{"uv":[9.5,4,11.5,4.5],"texture":"#0"}}},{"from":[12.4,3.5,9],"to":[13.6,4.7,10],"rotation":{"angle":-45,"axis":"x","origin":[13,5.1,7]},"faces":{"north":{"uv":[0,0,1.2,0.7],"rotation":180,"texture":"#0"},"east":{"uv":[9.5,4,11.5,5.5],"rotation":270,"texture":"#0"},"south":{"uv":[9.5,4,11.5,5.5],"texture":"#0"},"west":{"uv":[9.5,4,11.5,5.5],"rotation":90,"texture":"#0"},"up":{"uv":[9.5,4,11.5,5.5],"rotation":180,"texture":"#0"},"down":{"uv":[9.5,4,11.5,5.5],"texture":"#0"}}},{"from":[12.5,3.6,9.1],"to":[13.5,4.6,11.3],"rotation":{"angle":-45,"axis":"x","origin":[13,5.1,7]},"faces":{"north":{"uv":[2,1,3.45,2.5],"rotation":180,"texture":"#0"},"east":{"uv":[2,1,3.5,2.5],"rotation":270,"texture":"#0"},"south":{"uv":[2,1,3.45,2.5],"texture":"#0"},"west":{"uv":[2,1,3.5,2.5],"rotation":90,"texture":"#0"},"up":{"uv":[2,1,3.5,2.5],"rotation":180,"texture":"#0"},"down":{"uv":[2,1,3.5,2.5],"texture":"#0"}}},{"from":[12,3.1,10],"to":[14,5.1,11],"rotation":{"angle":-45,"axis":"x","origin":[13,5.1,7]},"faces":{"north":{"uv":[9.5,4,11.5,5.5],"rotation":180,"texture":"#0"},"east":{"uv":[9.5,2.5,12.5,3.5],"rotation":270,"texture":"#0"},"south":{"uv":[9.5,4,11.5,5.5],"texture":"#0"},"west":{"uv":[9.5,2.5,12.5,3.5],"rotation":90,"texture":"#0"},"up":{"uv":[9.5,2.5,12.5,3.5],"rotation":180,"texture":"#0"},"down":{"uv":[9.5,2.5,12.5,3.5],"texture":"#0"}}},{"from":[11,2.1,3],"to":[15,6.1,9],"rotation":{"angle":-45,"axis":"x","origin":[13,5.1,7]},"faces":{"north":{"uv":[5,6,9,10],"rotation":180,"texture":"#0"},"east":{"uv":[5,1.5,9,6.5],"rotation":270,"texture":"#0"},"south":{"uv":[8.5,6,12.5,10],"texture":"#0"},"west":{"uv":[5,1.5,9,6.5],"rotation":90,"texture":"#0"},"up":{"uv":[5,1.5,9,6.5],"rotation":180,"texture":"#0"},"down":{"uv":[5,1.5,9,6.5],"texture":"#0"}}},{"from":[11.1,2.2,3.1],"to":[14.9,6,7.9],"rotation":{"angle":-45,"axis":"x","origin":[13,5.1,7]},"faces":{"north":{"uv":[2,8,4,10],"rotation":180,"texture":"#0","tintindex":0},"east":{"uv":[1.5,6.5,4.5,10],"rotation":270,"texture":"#0","tintindex":0},"south":{"uv":[2.5,6.5,4.5,8.5],"texture":"#0","tintindex":0},"west":{"uv":[1.5,6.5,4.5,10],"rotation":90,"texture":"#0","tintindex":0},"up":{"uv":[1.5,6.5,4.5,10],"rotation":180,"texture":"#0","tintindex":0},"down":{"uv":[1.5,6.5,4.5,10],"texture":"#0","tintindex":0}}},{"from":[11.1,0.2,11.1],"to":[14.9,5,14.9],"faces":{"north":{"uv":[1.5,6.5,4.5,10],"texture":"#0","tintindex":0},"east":{"uv":[1.5,6.5,4.5,10],"texture":"#0","tintindex":0},"south":{"uv":[1.5,6.5,4.5,10],"texture":"#0","tintindex":0},"west":{"uv":[1.5,6.5,4.5,10],"texture":"#0","tintindex":0},"up":{"uv":[2.5,6.5,4.5,8.5],"texture":"#0","tintindex":0},"down":{"uv":[2,8,4,10],"texture":"#0","tintindex":0}}},{"from":[11,0.1,11],"to":[15,6.1,15],"faces":{"north":{"uv":[5,1.5,9,6.5],"texture":"#0"},"east":{"uv":[5,1.5,9,6.5],"texture":"#0"},"south":{"uv":[5,1.5,9,6.5],"texture":"#0"},"west":{"uv":[5,1.5,9,6.5],"texture":"#0"},"up":{"uv":[8.5,6,12.5,10],"texture":"#0"},"down":{"uv":[5,6,9,10],"texture":"#0"}}},{"from":[12,7.1,12],"to":[14,8.1,14],"faces":{"north":{"uv":[9.5,2.5,12.5,3.5],"texture":"#0"},"east":{"uv":[9.5,2.5,12.5,3.5],"texture":"#0"},"south":{"uv":[9.5,2.5,12.5,3.5],"texture":"#0"},"west":{"uv":[9.5,2.5,12.5,3.5],"texture":"#0"},"up":{"uv":[9.5,4,11.5,5.5],"texture":"#0"},"down":{"uv":[9.5,4,11.5,5.5],"texture":"#0"}}},{"from":[12.5,6.2,12.5],"to":[13.5,8.4,13.5],"faces":{"north":{"uv":[2,1,3.5,2.5],"texture":"#0"},"east":{"uv":[2,1,3.5,2.5],"texture":"#0"},"south":{"uv":[2,1,3.5,2.5],"texture":"#0"},"west":{"uv":[2,1,3.5,2.5],"texture":"#0"},"up":{"uv":[2,1,3.45,2.5],"texture":"#0"},"down":{"uv":[2,1,3.45,2.5],"texture":"#0"}}},{"from":[12.4,6.1,12.4],"to":[13.6,7.1,13.6],"rotation":{"angle":0,"axis":"y","origin":[0,2,0]},"faces":{"north":{"uv":[9.5,4,11.5,5.5],"texture":"#0"},"east":{"uv":[9.5,4,11.5,5.5],"texture":"#0"},"south":{"uv":[9.5,4,11.5,5.5],"texture":"#0"},"west":{"uv":[9.5,4,11.5,5.5],"texture":"#0"},"up":{"uv":[9.5,4,11.5,5.5],"texture":"#0"},"down":{"uv":[0,0,1.2,0.7],"texture":"#0"}}},{"from":[12,6.1,12],"to":[14,6.2,14],"rotation":{"angle":0,"axis":"y","origin":[0,2,0]},"faces":{"north":{"uv":[9.5,4,11.5,4.5],"texture":"#0"},"east":{"uv":[9.5,4,11.5,4.5],"texture":"#0"},"south":{"uv":[9.5,4,11.5,4.5],"texture":"#0"},"west":{"uv":[9.5,4,11.5,4.5],"texture":"#0"},"up":{"uv":[9.5,4,11.5,5.5],"texture":"#0"},"down":{"uv":[9.5,4,11.5,5.5],"texture":"#0"}}},{"name":"cubeinverted","from":[15,6.1,15],"to":[11,0.1,11],"faces":{"north":{"uv":[5,6.5,9,1.5],"texture":"#0"},"east":{"uv":[5,6.5,9,1.5],"texture":"#0"},"south":{"uv":[5,6.5,9,1.5],"texture":"#0"},"west":{"uv":[5,6.5,9,1.5],"texture":"#0"},"up":{"uv":[9,6,5,10],"texture":"#0"},"down":{"uv":[12.5,6,8.5,10],"texture":"#0"}}},{"from":[1.1,0.2,1.1],"to":[4.9,5,4.9],"rotation":{"angle":0,"axis":"y","origin":[5.5,5.1,3]},"faces":{"north":{"uv":[1.5,6.5,4.5,10],"texture":"#0","tintindex":0},"east":{"uv":[1.5,6.5,4.5,10],"texture":"#0","tintindex":0},"south":{"uv":[1.5,6.5,4.5,10],"texture":"#0","tintindex":0},"west":{"uv":[1.5,6.5,4.5,10],"texture":"#0","tintindex":0},"up":{"uv":[2.5,6.5,4.5,8.5],"texture":"#0","tintindex":0},"down":{"uv":[2,8,4,10],"texture":"#0","tintindex":0}}},{"from":[1,0.1,1],"to":[5,6.1,5],"rotation":{"angle":0,"axis":"y","origin":[5.5,5.1,3]},"faces":{"north":{"uv":[5,1.5,9,6.5],"texture":"#0"},"east":{"uv":[5,1.5,9,6.5],"texture":"#0"},"south":{"uv":[5,1.5,9,6.5],"texture":"#0"},"west":{"uv":[5,1.5,9,6.5],"texture":"#0"},"up":{"uv":[8.5,6,12.5,10],"texture":"#0"},"down":{"uv":[5,6,9,10],"texture":"#0"}}},{"from":[2,7.1,2],"to":[4,8.1,4],"rotation":{"angle":0,"axis":"y","origin":[5.5,5.1,3]},"faces":{"north":{"uv":[9.5,2.5,12.5,3.5],"texture":"#0"},"east":{"uv":[9.5,2.5,12.5,3.5],"texture":"#0"},"south":{"uv":[9.5,2.5,12.5,3.5],"texture":"#0"},"west":{"uv":[9.5,2.5,12.5,3.5],"texture":"#0"},"up":{"uv":[9.5,4,11.5,5.5],"texture":"#0"},"down":{"uv":[9.5,4,11.5,5.5],"texture":"#0"}}},{"from":[2.5,6.2,2.5],"to":[3.5,8.4,3.5],"rotation":{"angle":0,"axis":"y","origin":[5.5,5.1,3]},"faces":{"north":{"uv":[2,1,3.5,2.5],"texture":"#0"},"east":{"uv":[2,1,3.5,2.5],"texture":"#0"},"south":{"uv":[2,1,3.5,2.5],"texture":"#0"},"west":{"uv":[2,1,3.5,2.5],"texture":"#0"},"up":{"uv":[2,1,3.45,2.5],"texture":"#0"},"down":{"uv":[2,1,3.45,2.5],"texture":"#0"}}},{"from":[2.4,6.1,2.4],"to":[3.6,7.1,3.6],"rotation":{"angle":0,"axis":"y","origin":[5.5,5.1,3]},"faces":{"north":{"uv":[9.5,4,11.5,5.5],"texture":"#0"},"east":{"uv":[9.5,4,11.5,5.5],"texture":"#0"},"south":{"uv":[9.5,4,11.5,5.5],"texture":"#0"},"west":{"uv":[9.5,4,11.5,5.5],"texture":"#0"},"up":{"uv":[9.5,4,11.5,5.5],"texture":"#0"},"down":{"uv":[0,0,1.2,0.7],"texture":"#0"}}},{"from":[2,6.1,2],"to":[4,6.2,4],"rotation":{"angle":0,"axis":"y","origin":[5.5,5.1,3]},"faces":{"north":{"uv":[9.5,4,11.5,4.5],"texture":"#0"},"east":{"uv":[9.5,4,11.5,4.5],"texture":"#0"},"south":{"uv":[9.5,4,11.5,4.5],"texture":"#0"},"west":{"uv":[9.5,4,11.5,4.5],"texture":"#0"},"up":{"uv":[9.5,4,11.5,5.5],"texture":"#0"},"down":{"uv":[9.5,4,11.5,5.5],"texture":"#0"}}},{"name":"cubeinverted","from":[5,6.1,5],"to":[1,0.1,1],"rotation":{"angle":0,"axis":"y","origin":[5.5,5.1,3]},"faces":{"north":{"uv":[5,6.5,9,1.5],"texture":"#0"},"east":{"uv":[5,6.5,9,1.5],"texture":"#0"},"south":{"uv":[5,6.5,9,1.5],"texture":"#0"},"west":{"uv":[5,6.5,9,1.5],"texture":"#0"},"up":{"uv":[9,6,5,10],"texture":"#0"},"down":{"uv":[12.5,6,8.5,10],"texture":"#0"}}},{"from":[6.1,0.2,1.1],"to":[9.9,5,4.9],"rotation":{"angle":0,"axis":"y","origin":[5.5,5.1,3]},"faces":{"north":{"uv":[1.5,6.5,4.5,10],"texture":"#0","tintindex":0},"east":{"uv":[1.5,6.5,4.5,10],"texture":"#0","tintindex":0},"south":{"uv":[1.5,6.5,4.5,10],"texture":"#0","tintindex":0},"west":{"uv":[1.5,6.5,4.5,10],"texture":"#0","tintindex":0},"up":{"uv":[2.5,6.5,4.5,8.5],"texture":"#0","tintindex":0},"down":{"uv":[2,8,4,10],"texture":"#0","tintindex":0}}},{"from":[6,0.1,1],"to":[10,6.1,5],"rotation":{"angle":0,"axis":"y","origin":[5.5,5.1,3]},"faces":{"north":{"uv":[5,1.5,9,6.5],"texture":"#0"},"east":{"uv":[5,1.5,9,6.5],"texture":"#0"},"south":{"uv":[5,1.5,9,6.5],"texture":"#0"},"west":{"uv":[5,1.5,9,6.5],"texture":"#0"},"up":{"uv":[8.5,6,12.5,10],"texture":"#0"},"down":{"uv":[5,6,9,10],"texture":"#0"}}},{"from":[7,7.1,2],"to":[9,8.1,4],"rotation":{"angle":0,"axis":"y","origin":[5.5,5.1,3]},"faces":{"north":{"uv":[9.5,2.5,12.5,3.5],"texture":"#0"},"east":{"uv":[9.5,2.5,12.5,3.5],"texture":"#0"},"south":{"uv":[9.5,2.5,12.5,3.5],"texture":"#0"},"west":{"uv":[9.5,2.5,12.5,3.5],"texture":"#0"},"up":{"uv":[9.5,4,11.5,5.5],"texture":"#0"},"down":{"uv":[9.5,4,11.5,5.5],"texture":"#0"}}},{"from":[7.5,6.2,2.5],"to":[8.5,8.4,3.5],"rotation":{"angle":0,"axis":"y","origin":[5.5,5.1,3]},"faces":{"north":{"uv":[2,1,3.5,2.5],"texture":"#0"},"east":{"uv":[2,1,3.5,2.5],"texture":"#0"},"south":{"uv":[2,1,3.5,2.5],"texture":"#0"},"west":{"uv":[2,1,3.5,2.5],"texture":"#0"},"up":{"uv":[2,1,3.5,2.5],"texture":"#0"},"down":{"uv":[2,1,3.45,2.5],"texture":"#0"}}},{"from":[7.4,6.1,2.4],"to":[8.6,7.1,3.6],"rotation":{"angle":0,"axis":"y","origin":[5.5,5.1,3]},"faces":{"north":{"uv":[9.5,4,11.5,5.5],"texture":"#0"},"east":{"uv":[9.5,4,11.5,5.5],"texture":"#0"},"south":{"uv":[9.5,4,11.5,5.5],"texture":"#0"},"west":{"uv":[9.5,4,11.5,5.5],"texture":"#0"},"up":{"uv":[9.5,4,11.5,5.5],"texture":"#0"},"down":{"uv":[0,0,1.2,0.7],"texture":"#0"}}},{"from":[7,6.1,2],"to":[9,6.2,4],"rotation":{"angle":0,"axis":"y","origin":[5.5,5.1,3]},"faces":{"north":{"uv":[9.5,4,11.5,4.5],"texture":"#0"},"east":{"uv":[9.5,4,11.5,4.5],"texture":"#0"},"south":{"uv":[9.5,4,11.5,4.5],"texture":"#0"},"west":{"uv":[9.5,4,11.5,4.5],"texture":"#0"},"up":{"uv":[9.5,4,11.5,5.5],"texture":"#0"},"down":{"uv":[9.5,4,11.5,5.5],"texture":"#0"}}},{"name":"cubeinverted","from":[10,6.1,5],"to":[6,0.1,1],"rotation":{"angle":0,"axis":"y","origin":[5.5,5.1,3]},"faces":{"north":{"uv":[5,6.5,9,1.5],"texture":"#0"},"east":{"uv":[5,6.5,9,1.5],"texture":"#0"},"south":{"uv":[5,6.5,9,1.5],"texture":"#0"},"west":{"uv":[5,6.5,9,1.5],"texture":"#0"},"up":{"uv":[9,6,5,10],"texture":"#0"},"down":{"uv":[12.5,6,8.5,10],"texture":"#0"}}},{"from":[0,0,0],"to":[16,6,16],"faces":{"north":{"uv":[0.5,1,4.5,3.5],"texture":"#1"},"east":{"uv":[0.5,1,4.5,3.5],"texture":"#1"},"south":{"uv":[0.5,1,4.5,3.5],"texture":"#1"},"west":{"uv":[0.5,1,4.5,3.5],"texture":"#1"},"up":{"uv":[4.75,0,8.75,3.475],"texture":"#1"},"down":{"uv":[0.25,4,4.25,7.5],"texture":"#1"}}},{"name":"cubeinverted","from":[16,6,16],"to":[0,0,0],"faces":{"north":{"uv":[0.5,3.5,4.5,1],"texture":"#1"},"east":{"uv":[0.5,3.5,4.5,1],"texture":"#1"},"south":{"uv":[0.5,3.5,4.5,1],"texture":"#1"},"west":{"uv":[0.5,3.5,4.5,1],"texture":"#1"},"up":{"uv":[8,4,4,7.5],"texture":"#1"},"down":{"uv":[8.75,0,4.75,3.475],"texture":"#1"}}}],"display":{"thirdperson_righthand":{"rotation":[90,0,0],"scale":[0.5,0.5,0.5]},"thirdperson_lefthand":{"rotation":[90,0,0],"translation":[0,-0.25,0],"scale":[0.5,0.5,0.5]},"firstperson_righthand":{"translation":[6.5,0,0],"scale":[0.5,0.5,0.5]},"firstperson_lefthand":{"translation":[4.75,0,0],"scale":[0.5,0.5,0.5]},"ground":{"scale":[0.5,0.5,0.5]},"gui":{"rotation":[31,-24,0],"translation":[0,3.25,0],"scale":[0.68359,0.76758,0.86914]},"fixed":{"rotation":[-90,0,0],"translation":[0,0,-16],"scale":[2,2,2]}},"groups":[{"name":"PusangGala_studio","origin":[0,0,0],"color":0,"children":[0,1,2,3,4,5,6,7,8,9,10,11,12,13]},{"name":"PusangGala_studio","origin":[0,0,0],"color":0,"children":[14,15,16,17,18,19,20,21,22,23,24,25,26,27]},{"name":"PusangGala_studio","origin":[0,0,0],"color":0,"children":[28,29,30,31,32,33,34,35,36,37,38,39,40,41]},{"name":"PusangGala_studio","origin":[0,0,0],"color":0,"children":[42,43,44,45,46,47,48,49,50,51,52,53,54,55]},{"name":"basket","origin":[0,0,0],"color":0,"children":[56,57]},{"name":"hitbox","origin":[0,0,0],"color":0,"children":[58]}]}