{"credit":"Made with Blockbench","textures":{"1":"balloon_entities:entity/piglin_balloon/piglin"},"elements":[{"from":[7.2,2.2,6.4],"to":[12,5.4,9.6],"rotation":{"angle":0,"axis":"y","origin":[9.6,-2.2,6.8]},"faces":{"north":{"uv":[2.75,2.25,4.25,3.25],"texture":"#1"},"east":{"uv":[4.25,4.625,5.25,5.625],"texture":"#1"},"south":{"uv":[3.125,0,4.625,1],"texture":"#1"},"west":{"uv":[2.5,5.125,3.5,6.125],"texture":"#1"},"up":{"uv":[4.625,2,3.125,1],"texture":"#1"},"down":{"uv":[4.25,3.25,2.75,4.25],"texture":"#1"}}},{"from":[8,2.6,5.6],"to":[8.4,3.8,6],"rotation":{"angle":0,"axis":"y","origin":[9.6,-2.2,6.8]},"faces":{"north":{"uv":[6.625,1.5,6.75,1.875],"texture":"#1"},"east":{"uv":[7.625,6.25,7.75,6.625],"texture":"#1"},"south":{"uv":[6.375,7.625,6.5,8],"texture":"#1"},"west":{"uv":[7.625,6.625,7.75,7],"texture":"#1"},"up":{"uv":[5.375,2,5.25,1.875],"texture":"#1"},"down":{"uv":[5.5,1.875,5.375,2],"texture":"#1"}}},{"from":[8.4,2.6,5.6],"to":[10.8,4.2,6.4],"rotation":{"angle":0,"axis":"y","origin":[9.6,-2.2,6.8]},"faces":{"north":{"uv":[0.625,7,1.375,7.5],"texture":"#1"},"east":{"uv":[1.25,2.5,1.5,3],"texture":"#1"},"south":{"uv":[3.75,7,4.5,7.5],"texture":"#1"},"west":{"uv":[1.25,3,1.5,3.5],"texture":"#1"},"up":{"uv":[8.125,4.25,7.375,4],"texture":"#1"},"down":{"uv":[0.75,7.5,0,7.75],"texture":"#1"}}},{"from":[0.8,7.4,7.2],"to":[18.4,7.4,11.6],"rotation":{"angle":0,"axis":"y","origin":[9.6,-2.2,6.8]},"faces":{"north":{"uv":[0,0,5.5,0.125],"texture":"#missing"},"east":{"uv":[0,0,1.375,0.125],"texture":"#missing"},"south":{"uv":[0,0,5.5,0.125],"texture":"#missing"},"west":{"uv":[0,0,1.375,0.125],"texture":"#missing"},"up":{"uv":[0,8.25,5.5,9.625],"texture":"#1"},"down":{"uv":[0,9.625,5.5,8.25],"texture":"#1"}}},{"from":[7.36,2.52,7.2],"to":[7.76,4.52,8.8],"rotation":{"angle":-22.5,"axis":"z","origin":[8,5,8]},"faces":{"north":{"uv":[3.5,1.125,3.625,1.75],"texture":"#1"},"east":{"uv":[3.5,1.125,4,1.75],"texture":"#1"},"south":{"uv":[3.5,1.125,3.625,1.75],"texture":"#1"},"west":{"uv":[3.5,1.125,4,1.75],"texture":"#1"},"up":{"uv":[3.5,1.125,4,1.75],"texture":"#1"},"down":{"uv":[3.5,1.125,3.625,1.625],"texture":"#1"}}},{"from":[11.04,1.72,7.6],"to":[12.24,2.92,8],"rotation":{"angle":22.5,"axis":"z","origin":[11.2,5,8]},"faces":{"north":{"uv":[8.375,1.625,8,2],"texture":"#1"},"east":{"uv":[8.125,1.625,8,2],"texture":"#1"},"south":{"uv":[8.375,1.625,8,2],"texture":"#1"},"west":{"uv":[8.125,1.625,8,2],"texture":"#1"},"up":{"uv":[8.375,1.625,8,1.75],"texture":"#1"},"down":{"uv":[8.75,1.625,8.375,1.75],"texture":"#1"}}},{"from":[11.44,2.52,7.2],"to":[11.84,4.52,8.8],"rotation":{"angle":22.5,"axis":"z","origin":[11.2,5,8]},"faces":{"north":{"uv":[3.625,1.125,3.5,1.75],"texture":"#1"},"east":{"uv":[4,1.125,3.5,1.75],"texture":"#1"},"south":{"uv":[3.625,1.125,3.5,1.75],"texture":"#1"},"west":{"uv":[4,1.125,3.5,1.75],"texture":"#1"},"up":{"uv":[4,1.125,3.5,1.75],"texture":"#1"},"down":{"uv":[3.625,1.125,3.5,1.625],"texture":"#1"}}},{"from":[7.64,1.4,11.6],"to":[11.56,5.4,14],"rotation":{"angle":-22.5,"axis":"x","origin":[9.8,1.8,10.4]},"faces":{"north":{"uv":[1.5,2.25,2.75,3.5],"texture":"#1","tintindex":0},"east":{"uv":[0.75,5.25,0,6.5],"texture":"#1","tintindex":0},"south":{"uv":[0,2.5,1.25,3.75],"texture":"#1","tintindex":0},"west":{"uv":[0,5.25,0.75,6.5],"texture":"#1","tintindex":0},"up":{"uv":[1.25,4.5,0,3.75],"texture":"#1","tintindex":0},"down":{"uv":[5.875,1.125,4.625,1.875],"texture":"#1","tintindex":0}}},{"from":[7.2,4.6,6],"to":[9.2,6.2,6.4],"rotation":{"angle":0,"axis":"y","origin":[9.6,-2.2,6.8]},"faces":{"north":{"uv":[7,5.25,7.625,5.75],"texture":"#1"},"east":{"uv":[2.375,6.5,2.5,7],"texture":"#1"},"south":{"uv":[7,5.75,7.625,6.25],"texture":"#1"},"west":{"uv":[6.25,7.625,6.375,8.125],"texture":"#1"},"up":{"uv":[5.25,2,4.625,1.875],"texture":"#1"},"down":{"uv":[8.25,4.875,7.625,5],"texture":"#1"}}},{"from":[7.16,0.2,6.36],"to":[7.16,3,9.56],"rotation":{"angle":0,"axis":"y","origin":[9.6,-2.2,6.8]},"faces":{"north":{"uv":[0,0,0,0.875],"texture":"#1"},"east":{"uv":[5.625,0,6.625,0.875],"texture":"#1"},"south":{"uv":[0,0,0,0.875],"texture":"#1"},"west":{"uv":[1.5,5.625,2.5,6.5],"texture":"#1"},"up":{"uv":[0,1,0,0],"texture":"#1"},"down":{"uv":[0,0,0,1],"texture":"#1"}}},{"from":[9.2,3.8,9.6],"to":[10,7.4,10.4],"rotation":{"angle":0,"axis":"y","origin":[9.6,-2.2,6.8]},"faces":{"north":{"uv":[2.375,7.125,2.625,8.25],"texture":"#1"},"east":{"uv":[2.625,7.125,2.875,8.25],"texture":"#1"},"south":{"uv":[2.875,7.125,3.125,8.25],"texture":"#1"},"west":{"uv":[7,7.25,7.25,8.375],"texture":"#1"},"up":{"uv":[2.75,5.125,2.5,4.875],"texture":"#1"},"down":{"uv":[5.875,0.875,5.625,1.125],"texture":"#1"}}},{"from":[9.2,7.4,9.6],"to":[10,8.6,10.4],"rotation":{"angle":0,"axis":"y","origin":[9.6,-2.2,6.8]},"faces":{"north":{"uv":[2.375,7.125,2.625,7.5],"texture":"#1"},"east":{"uv":[2.375,7.125,2.625,7.5],"texture":"#1"},"south":{"uv":[2.375,7.125,2.625,7.5],"texture":"#1"},"west":{"uv":[2.375,7.125,2.625,7.5],"texture":"#1"},"up":{"uv":[2.375,7.125,2.625,7.375],"texture":"#1"},"down":{"uv":[2.375,7.125,2.625,7.5],"texture":"#1"}}},{"from":[7.24,-0.08,9.2],"to":[11.96,3.92,11.6],"rotation":{"angle":-22.5,"axis":"x","origin":[9.8,1.8,10.4]},"faces":{"north":{"uv":[0,0,1.5,1.25],"texture":"#1"},"east":{"uv":[0.75,5.25,1.5,6.5],"texture":"#1"},"south":{"uv":[0,1.25,1.5,2.5],"texture":"#1"},"west":{"uv":[5.25,4.625,6,5.875],"texture":"#1"},"up":{"uv":[5.75,4.625,4.25,3.875],"texture":"#1"},"down":{"uv":[1.5,4.5,0,5.25],"texture":"#1"}}},{"from":[8.04,2.6,13.2],"to":[11.16,6.2,14.8],"rotation":{"angle":-22.5,"axis":"x","origin":[9.8,1.8,10.4]},"faces":{"north":{"uv":[1.5,4.5,2.5,5.625],"texture":"#1","tintindex":0},"east":{"uv":[6,6.5,6.5,7.625],"texture":"#1","tintindex":0},"south":{"uv":[4.625,0,5.625,1.125],"texture":"#1","tintindex":0},"west":{"uv":[6.5,6.625,7,7.75],"texture":"#1","tintindex":0},"up":{"uv":[7.625,0.5,6.625,0],"texture":"#1","tintindex":0},"down":{"uv":[7.625,4.5,6.625,5],"texture":"#1","tintindex":0}}},{"from":[7.64,-0.2,12.4],"to":[8.76,1.4,13.6],"rotation":{"angle":-22.5,"axis":"x","origin":[19,1.8,10.4]},"faces":{"north":{"uv":[0.75,7.5,1.125,8],"texture":"#1"},"east":{"uv":[3.5,7.5,3.875,8],"texture":"#1"},"south":{"uv":[3.875,7.5,4.25,8],"texture":"#1"},"west":{"uv":[7.625,0,8,0.5],"texture":"#1"},"up":{"uv":[8,5.625,7.625,5.25],"texture":"#1"},"down":{"uv":[8,5.625,7.625,6],"texture":"#1"}}},{"from":[10.44,-0.2,12.4],"to":[11.56,1.4,13.6],"rotation":{"angle":-22.5,"axis":"x","origin":[19,1.8,10.4]},"faces":{"north":{"uv":[0.75,7.5,1.125,8],"texture":"#1"},"east":{"uv":[3.5,7.5,3.875,8],"texture":"#1"},"south":{"uv":[3.875,7.5,4.25,8],"texture":"#1"},"west":{"uv":[7.625,0,8,0.5],"texture":"#1"},"up":{"uv":[8,5.625,7.625,5.25],"texture":"#1"},"down":{"uv":[8,5.625,7.625,6],"texture":"#1"}}},{"from":[7.64,-1.15253,10.0019],"to":[11.64,0.44747,12.0019],"rotation":{"angle":0,"axis":"y","origin":[9.6,-0.23253,11.2419]},"faces":{"north":{"uv":[0.625,6.5,1.875,7],"texture":"#1"},"east":{"uv":[7,6.25,7.625,6.75],"texture":"#1"},"south":{"uv":[3.75,6.5,5,7],"texture":"#1"},"west":{"uv":[7,6.75,7.625,7.25],"texture":"#1"},"up":{"uv":[7.125,1.5,5.875,0.875],"texture":"#1"},"down":{"uv":[6.5,5.875,5.25,6.5],"texture":"#1"}}},{"from":[10.8,2.6,5.6],"to":[11.2,3.8,6],"rotation":{"angle":0,"axis":"y","origin":[9.6,-2.2,6.8]},"faces":{"north":{"uv":[0,7.75,0.125,8.125],"texture":"#1"},"east":{"uv":[0.125,7.75,0.25,8.125],"texture":"#1"},"south":{"uv":[0.25,7.75,0.375,8.125],"texture":"#1"},"west":{"uv":[0.375,7.75,0.5,8.125],"texture":"#1"},"up":{"uv":[5.625,2,5.5,1.875],"texture":"#1"},"down":{"uv":[5.75,1.875,5.625,2],"texture":"#1"}}},{"from":[7.16,3,6.36],"to":[12.04,5.8,9.64],"rotation":{"angle":0,"axis":"y","origin":[9.6,-2.2,6.8]},"faces":{"north":{"uv":[2.75,4.25,4.25,5.125],"texture":"#1"},"east":{"uv":[4.25,5.625,5.25,6.5],"texture":"#1"},"south":{"uv":[4.25,3,5.75,3.875],"texture":"#1"},"west":{"uv":[5.75,1.875,6.75,2.75],"texture":"#1"},"up":{"uv":[2.75,4.5,1.25,3.5],"texture":"#1"},"down":{"uv":[5.75,2,4.25,3],"texture":"#1"}}},{"from":[12.04,0.2,6.36],"to":[12.04,3,9.56],"rotation":{"angle":0,"axis":"y","origin":[9.6,-2.2,6.8]},"faces":{"north":{"uv":[0,0,0,0.875],"texture":"#1"},"east":{"uv":[5.75,2.75,6.75,3.625],"texture":"#1"},"south":{"uv":[0,0,0,0.875],"texture":"#1"},"west":{"uv":[5.75,3.625,6.75,4.5],"texture":"#1"},"up":{"uv":[0,1,0,0],"texture":"#1"},"down":{"uv":[0,0,0,1],"texture":"#1"}}},{"from":[7.08,5.04,6.2],"to":[12.16,5.76,9.64],"rotation":{"angle":0,"axis":"y","origin":[9.6,-2.2,6.8]},"faces":{"north":{"uv":[6.625,0.5,8.25,0.75],"texture":"#1"},"east":{"uv":[3.125,2,4.25,2.25],"texture":"#1"},"south":{"uv":[6.625,5,8.25,5.25],"texture":"#1"},"west":{"uv":[6.75,4.25,7.875,4.5],"texture":"#1"},"up":{"uv":[3.125,1.125,1.5,0],"texture":"#1"},"down":{"uv":[3.125,1.125,1.5,2.25],"texture":"#1"}}},{"from":[10,4.6,6],"to":[12,6.2,6.4],"rotation":{"angle":0,"axis":"y","origin":[9.6,-2.2,6.8]},"faces":{"north":{"uv":[7,5.25,7.625,5.75],"texture":"#1"},"east":{"uv":[2.375,6.5,2.5,7],"texture":"#1"},"south":{"uv":[7,5.75,7.625,6.25],"texture":"#1"},"west":{"uv":[6.25,7.625,6.375,8.125],"texture":"#1"},"up":{"uv":[5.25,2,4.625,1.875],"texture":"#1"},"down":{"uv":[8.25,4.875,7.625,5],"texture":"#1"}}},{"from":[6.96,1.72,8],"to":[8.16,2.92,8.4],"rotation":{"angle":-22.5,"axis":"z","origin":[8,5,8]},"faces":{"north":{"uv":[8,1.625,8.375,2],"texture":"#1"},"east":{"uv":[8,1.625,8.125,2],"texture":"#1"},"south":{"uv":[8,1.625,8.375,2],"texture":"#1"},"west":{"uv":[8,1.625,8.125,2],"texture":"#1"},"up":{"uv":[8,1.625,8.375,1.75],"texture":"#1"},"down":{"uv":[8.375,1.625,8.75,1.75],"texture":"#1"}}}],"gui_light":"front","display":{"gui":{"rotation":[-180,25.25,-180],"translation":[0.5,8,0],"scale":[1.7168,1.7168,1.7168]},"head":{"translation":[0,5.6,0],"scale":[4,4,4]}}}