{"credit":"Made with Blockbench by ShizuArt","textures":{"0":"shizuart_furnitures:sdb_medievale/baquet","1":"shizuart_furnitures:sdb_medievale/selle_laver","particle":"shizuart_furnitures:sdb_medievale/baquet"},"elements":[{"from":[-7.5,0,-8],"to":[24.5,16,24],"rotation":{"angle":0,"axis":"y","origin":[0,0,-2]},"faces":{"north":{"uv":[0,12,8,16],"texture":"#0"},"east":{"uv":[8,12,0,16],"texture":"#0"},"south":{"uv":[0,12,8,16],"texture":"#0"},"west":{"uv":[0,12,8,16],"texture":"#0"},"up":{"uv":[0,3.75,8,11.75],"texture":"#0"},"down":{"uv":[8,8,16,16],"texture":"#0"}}},{"from":[22.5,1,-6],"to":[-5.5,16,22],"rotation":{"angle":0,"axis":"y","origin":[0,0,-2]},"faces":{"north":{"uv":[0.5,12,7.5,15.75],"texture":"#0"},"east":{"uv":[7.5,12,0.5,15.75],"texture":"#0"},"south":{"uv":[0.5,12,7.5,15.75],"texture":"#0"},"west":{"uv":[0.5,12,7.5,15.75],"texture":"#0"},"down":{"uv":[8.5,8.5,15.5,15.5],"texture":"#0"}}},{"from":[-7.5,11,-8],"to":[24.5,11,24],"rotation":{"angle":0,"axis":"y","origin":[0,0,-2]},"faces":{"up":{"uv":[8,0,16,8],"texture":"#0"}}},{"from":[-7.65,6.85,-8.15],"to":[24.65,9.15,24.15],"rotation":{"angle":0,"axis":"y","origin":[0,0,-2]},"faces":{"north":{"uv":[0,3,8,3.5],"texture":"#0"},"east":{"uv":[8,3,0,3.5],"texture":"#0"},"south":{"uv":[0,3,8,3.5],"texture":"#0"},"west":{"uv":[0,3,8,3.5],"texture":"#0"}}},{"from":[16.69763,9.54747,2],"to":[18.69763,30.54747,14],"rotation":{"angle":-22.5,"axis":"z","origin":[-3.30237,11.04747,8]},"faces":{"north":{"uv":[6,0,5.5,10.5],"texture":"#1"},"east":{"uv":[0,0,6,10.5],"texture":"#1"},"south":{"uv":[0.5,0,0,10.5],"texture":"#1"},"west":{"uv":[10,0,16,10.5],"texture":"#1"},"up":{"uv":[6,0.5,0,0],"rotation":90,"texture":"#1"},"down":{"uv":[6,10.5,0,10],"rotation":90,"texture":"#1"}}},{"from":[17.69763,11.54747,4],"to":[17.69763,28.54747,12],"rotation":{"angle":-22.5,"axis":"z","origin":[-3.30237,11.04747,8]},"faces":{"east":{"uv":[0,12,8.5,16],"rotation":90,"texture":"#1"},"west":{"uv":[0,12,8.5,16],"rotation":90,"texture":"#1"}}},{"from":[16.69763,11.54747,12],"to":[18.69763,28.54747,4],"rotation":{"angle":-22.5,"axis":"z","origin":[-3.30237,11.04747,8]},"faces":{"north":{"uv":[5,1,6,9.5],"texture":"#1"},"south":{"uv":[0,1,1,9.5],"texture":"#1"},"up":{"uv":[5,0.5,1,1],"rotation":90,"texture":"#1"},"down":{"uv":[5,9.5,1,10],"rotation":90,"texture":"#1"}}}],"gui_light":"front","display":{"thirdperson_righthand":{"rotation":[75,45,0],"translation":[0,4,2],"scale":[0.19922,0.19922,0.19922]},"thirdperson_lefthand":{"rotation":[75,45,0],"translation":[0,4,2],"scale":[0.19922,0.19922,0.19922]},"firstperson_righthand":{"rotation":[-180,75.5,-180],"translation":[8,1,0.5],"scale":[0.4,0.4,0.4]},"firstperson_lefthand":{"rotation":[-180,75.5,-180],"translation":[8,1,0.5],"scale":[0.4,0.4,0.4]},"ground":{"translation":[0,3,0],"scale":[0.19727,0.19727,0.19727]},"gui":{"rotation":[30,225,0],"translation":[0,0.25,0],"scale":[0.30859,0.30859,0.30859]},"head":{"translation":[12,-30.5,-12.75],"scale":[1.59961,1.59961,1.59961]},"fixed":{"rotation":[-90,0,0],"translation":[0,0,-16],"scale":[2.00195,2.00195,2.00195]}},"groups":[{"name":"group","origin":[8,8,8],"color":0,"children":[{"name":"group","origin":[8,8,8],"color":0,"children":[0,1]},{"name":"group","origin":[8,8,8],"color":0,"children":[2]},{"name":"group","origin":[8,8,8],"color":0,"children":[3]},{"name":"group","origin":[0,0,0],"color":0,"children":[4,5,6]}]}]}