{"credit":"Made by LZLeon with Blockbench, Contact - Discord: LZBlocks#0261 - E-Mail: lzblocks@outlook.com","texture_size":[128,128],"textures":{"1":"kitchen:furniture/kitchen/kitchen_sink"},"elements":[{"from":[0,0,0],"to":[16,11,16],"faces":{"north":{"uv":[2,2,4,3.375],"texture":"#1"},"east":{"uv":[0,2,2,3.375],"texture":"#1"},"south":{"uv":[6,2,8,3.375],"texture":"#1"},"west":{"uv":[4,2,6,3.375],"texture":"#1"},"up":{"uv":[4,2,2,0],"texture":"#1"},"down":{"uv":[6,0,4,2],"texture":"#1"}}},{"from":[0,11,12],"to":[16,14,16],"faces":{"north":{"uv":[5.5,3.875,7.5,4.25],"texture":"#1"},"east":{"uv":[5,3.875,5.5,4.25],"texture":"#1"},"south":{"uv":[8,3.875,10,4.25],"texture":"#1"},"west":{"uv":[7.5,3.875,8,4.25],"texture":"#1"},"up":{"uv":[7.5,3.875,5.5,3.375],"texture":"#1"},"down":{"uv":[9.5,3.375,7.5,3.875],"texture":"#1"}}},{"from":[0,11,0],"to":[16,14,1],"faces":{"north":{"uv":[6.125,0.125,8.125,0.5],"texture":"#1"},"east":{"uv":[6,0.125,6.125,0.5],"texture":"#1"},"south":{"uv":[8.25,0.125,10.25,0.5],"texture":"#1"},"west":{"uv":[8.125,0.125,8.25,0.5],"texture":"#1"},"up":{"uv":[8.125,0.125,6.125,0],"texture":"#1"},"down":{"uv":[10.125,0,8.125,0.125],"texture":"#1"}}},{"from":[0,11,1],"to":[2,14,12],"faces":{"north":{"uv":[7,5.875,7.25,6.25],"texture":"#1"},"east":{"uv":[5.625,5.875,7,6.25],"texture":"#1"},"south":{"uv":[8.625,5.875,8.875,6.25],"texture":"#1"},"west":{"uv":[7.25,5.875,8.625,6.25],"texture":"#1"},"up":{"uv":[7.25,5.875,7,4.5],"texture":"#1"},"down":{"uv":[7.5,4.5,7.25,5.875],"texture":"#1"}}},{"from":[14,11,1],"to":[16,14,12],"faces":{"north":{"uv":[1.375,7,1.625,7.375],"texture":"#1"},"east":{"uv":[0,7,1.375,7.375],"texture":"#1"},"south":{"uv":[3,7,3.25,7.375],"texture":"#1"},"west":{"uv":[1.625,7,3,7.375],"texture":"#1"},"up":{"uv":[1.625,7,1.375,5.625],"texture":"#1"},"down":{"uv":[1.875,5.625,1.625,7],"texture":"#1"}}},{"from":[14,14,0],"to":[16,16,16],"faces":{"north":{"uv":[4.5,5.625,4.75,5.875],"texture":"#1"},"east":{"uv":[2.5,5.625,4.5,5.875],"texture":"#1"},"south":{"uv":[6.75,5.625,7,5.875],"texture":"#1"},"west":{"uv":[4.75,5.625,6.75,5.875],"texture":"#1"},"up":{"uv":[4.75,5.625,4.5,3.625],"texture":"#1"},"down":{"uv":[5,3.625,4.75,5.625],"texture":"#1"}}},{"from":[0,14,0],"to":[2,16,16],"faces":{"north":{"uv":[2,5.375,2.25,5.625],"texture":"#1"},"east":{"uv":[0,5.375,2,5.625],"texture":"#1"},"south":{"uv":[4.25,5.375,4.5,5.625],"texture":"#1"},"west":{"uv":[2.25,5.375,4.25,5.625],"texture":"#1"},"up":{"uv":[2.25,5.375,2,3.375],"texture":"#1"},"down":{"uv":[2.5,3.375,2.25,5.375],"texture":"#1"}}},{"from":[2,14,12],"to":[14,16,16],"faces":{"north":{"uv":[2.375,6.375,3.875,6.625],"texture":"#1"},"east":{"uv":[1.875,6.375,2.375,6.625],"texture":"#1"},"south":{"uv":[4.375,6.375,5.875,6.625],"texture":"#1"},"west":{"uv":[3.875,6.375,4.375,6.625],"texture":"#1"},"up":{"uv":[3.875,6.375,2.375,5.875],"texture":"#1"},"down":{"uv":[5.375,5.875,3.875,6.375],"texture":"#1"}}},{"from":[2,14,0],"to":[14,16,2],"faces":{"north":{"uv":[6.25,0.75,7.75,1],"texture":"#1"},"east":{"uv":[6,0.75,6.25,1],"texture":"#1"},"south":{"uv":[8,0.75,9.5,1],"texture":"#1"},"west":{"uv":[7.75,0.75,8,1],"texture":"#1"},"up":{"uv":[7.75,0.75,6.25,0.5],"texture":"#1"},"down":{"uv":[9.25,0.5,7.75,0.75],"texture":"#1"}}},{"from":[7,16,12],"to":[9,22,13],"faces":{"north":{"uv":[0.125,0.875,0.375,1.625],"texture":"#1"},"east":{"uv":[0,0.875,0.125,1.625],"texture":"#1"},"south":{"uv":[0.5,0.875,0.75,1.625],"texture":"#1"},"west":{"uv":[0.375,0.875,0.5,1.625],"texture":"#1"},"up":{"uv":[0.375,0.875,0.125,0.75],"texture":"#1"},"down":{"uv":[0.625,0.75,0.375,0.875],"texture":"#1"}}},{"from":[4,16,12],"to":[6,17,14],"faces":{"north":{"uv":[1,1.375,1.25,1.5],"texture":"#1"},"east":{"uv":[0.75,1.375,1,1.5],"texture":"#1"},"south":{"uv":[1.5,1.375,1.75,1.5],"texture":"#1"},"west":{"uv":[1.25,1.375,1.5,1.5],"texture":"#1"},"up":{"uv":[1.25,1.375,1,1.125],"texture":"#1"},"down":{"uv":[1.5,1.125,1.25,1.375],"texture":"#1"}}},{"from":[10,16,12],"to":[12,17,14],"faces":{"north":{"uv":[1,1,1.25,1.125],"texture":"#1"},"east":{"uv":[0.75,1,1,1.125],"texture":"#1"},"south":{"uv":[1.5,1,1.75,1.125],"texture":"#1"},"west":{"uv":[1.25,1,1.5,1.125],"texture":"#1"},"up":{"uv":[1.25,1,1,0.75],"texture":"#1"},"down":{"uv":[1.5,0.75,1.25,1],"texture":"#1"}}},{"from":[7,21,7],"to":[9,22,12],"faces":{"north":{"uv":[0.625,0.625,0.875,0.75],"texture":"#1"},"east":{"uv":[0,0.625,0.625,0.75],"texture":"#1"},"south":{"uv":[1.5,0.625,1.75,0.75],"texture":"#1"},"west":{"uv":[0.875,0.625,1.5,0.75],"texture":"#1"},"up":{"uv":[0.875,0.625,0.625,0],"texture":"#1"},"down":{"uv":[1.125,0,0.875,0.625],"texture":"#1"}}}],"display":{"thirdperson_righthand":{"rotation":[60,-160,0],"translation":[0,3.25,0],"scale":[-0.6,0.6,-0.6]},"thirdperson_lefthand":{"rotation":[60,-160,0],"translation":[0,3.25,0],"scale":[-0.6,0.6,-0.6]},"firstperson_righthand":{"rotation":[0,-73,6],"translation":[0,1.5,0],"scale":[-0.4,0.4,-0.4]},"firstperson_lefthand":{"rotation":[0,-73,6],"translation":[0,1.5,0],"scale":[-0.4,0.4,-0.4]},"ground":{"translation":[0,1.5,0],"scale":[0.35,0.35,0.35]},"gui":{"rotation":[30,-40,0],"scale":[-0.55,0.55,-0.55]},"head":{"rotation":[0,-180,0],"translation":[0,-30.4,0],"scale":[1.6,1.6,1.6]},"fixed":{"rotation":[90,-180,-180],"translation":[0,0,-15],"scale":[2,2,2]}}}