{"credit":"Made with Blockbench","texture_size":[128,128],"textures":{"0":"elitecreatures:sakura/sakura_texture","1":"elitecreatures:sakura/sakura_animation_01","2":"elitecreatures:sakura/sakura_animation_02-export","particle":"elitecreatures:sakura/sakura_texture"},"elements":[{"from":[7.25,-8,7.5],"to":[8.75,1,8.5],"rotation":{"angle":0,"axis":"y","origin":[0,-14,-9]},"faces":{"north":{"uv":[0.5,0.5625,0.6875,1.6875],"texture":"#0"},"east":{"uv":[0.375,0.5625,0.5,1.6875],"texture":"#0"},"south":{"uv":[0.5,0.5625,0.6875,1.6875],"texture":"#0"},"west":{"uv":[0.375,0.5625,0.5,1.6875],"texture":"#0"},"up":{"uv":[0.5,0.5625,0.6875,0.6875],"texture":"#0"},"down":{"uv":[0.5,0.5625,0.6875,1.6875],"texture":"#0"}}},{"from":[7.25,-10.5,7],"to":[8.75,-9,9],"rotation":{"angle":0,"axis":"y","origin":[8,-9.75,8]},"faces":{"north":{"uv":[1.0625,1.1875,1.25,1.375],"texture":"#0"},"east":{"uv":[1.0625,1,1.3125,1.1875],"texture":"#0"},"south":{"uv":[1.0625,1.1875,1.25,1.375],"texture":"#0"},"west":{"uv":[1.0625,1,1.3125,1.1875],"texture":"#0"},"up":{"uv":[1.0625,1.1875,1.25,1.375],"texture":"#0"},"down":{"uv":[1.0625,1.1875,1.25,1.375],"texture":"#0"}}},{"from":[7.75,-8,8.05],"to":[8.75,1,9.05],"rotation":{"angle":45,"axis":"y","origin":[8,-3.5,8.8]},"faces":{"north":{"uv":[0.8125,0.5625,0.6875,1.6875],"texture":"#0"},"east":{"uv":[0.8125,0.5625,0.6875,1.6875],"texture":"#0"},"south":{"uv":[0.6875,0.5625,0.8125,1.6875],"texture":"#0"},"west":{"uv":[0.8125,0.5625,0.6875,1.6875],"texture":"#0"},"up":{"uv":[0.8125,0.5625,0.6875,0.6875],"texture":"#0"},"down":{"uv":[0.8125,0.5625,0.6875,0.6875],"texture":"#0"}}},{"from":[7.75,-8,6.95],"to":[8.75,1,7.95],"rotation":{"angle":-45,"axis":"y","origin":[8,-3.5,7.2]},"faces":{"north":{"uv":[0.8125,0.5625,0.6875,1.6875],"texture":"#0"},"east":{"uv":[0.6875,0.5625,0.8125,1.6875],"texture":"#0"},"south":{"uv":[0.6875,0.5625,0.8125,1.6875],"texture":"#0"},"west":{"uv":[0.6875,0.5625,0.8125,1.6875],"texture":"#0"},"up":{"uv":[0.8125,0.6875,0.6875,0.5625],"texture":"#0"},"down":{"uv":[0.8125,0.6875,0.6875,0.5625],"texture":"#0"}}},{"from":[7.25,1,7.5],"to":[8.75,10,8.5],"rotation":{"angle":0,"axis":"y","origin":[0,-5,-9]},"faces":{"north":{"uv":[0.5,0.5625,0.6875,1.6875],"texture":"#0"},"east":{"uv":[0.375,0.5625,0.5,1.6875],"texture":"#0"},"south":{"uv":[0.5,0.5625,0.6875,1.6875],"texture":"#0"},"west":{"uv":[0.375,0.5625,0.5,1.6875],"texture":"#0"},"up":{"uv":[0.5,0.5625,0.6875,0.6875],"texture":"#0"},"down":{"uv":[0.5,0.5625,0.6875,1.6875],"texture":"#0"}}},{"from":[7.75,1,6.95],"to":[8.75,10,7.95],"rotation":{"angle":-45,"axis":"y","origin":[8,5.5,7.2]},"faces":{"north":{"uv":[0.8125,0.5625,0.6875,1.6875],"texture":"#0"},"east":{"uv":[0.6875,0.5625,0.8125,1.6875],"texture":"#0"},"south":{"uv":[0.6875,0.5625,0.8125,1.6875],"texture":"#0"},"west":{"uv":[0.6875,0.5625,0.8125,1.6875],"texture":"#0"},"up":{"uv":[0.8125,0.6875,0.6875,0.5625],"texture":"#0"},"down":{"uv":[0.8125,0.6875,0.6875,0.5625],"texture":"#0"}}},{"from":[7.75,1,8.05],"to":[8.75,10,9.05],"rotation":{"angle":45,"axis":"y","origin":[8,5.5,8.8]},"faces":{"north":{"uv":[0.8125,0.5625,0.6875,1.6875],"texture":"#0"},"east":{"uv":[0.8125,0.5625,0.6875,1.6875],"texture":"#0"},"south":{"uv":[0.6875,0.5625,0.8125,1.6875],"texture":"#0"},"west":{"uv":[0.8125,0.5625,0.6875,1.6875],"texture":"#0"},"up":{"uv":[0.8125,0.5625,0.6875,0.6875],"texture":"#0"},"down":{"uv":[0.8125,0.5625,0.6875,0.6875],"texture":"#0"}}},{"from":[7,-9,6.25],"to":[9,-8,9.75],"rotation":{"angle":0,"axis":"y","origin":[0,-2,0]},"faces":{"north":{"uv":[0.5,0.25,0.75,0.375],"texture":"#0"},"east":{"uv":[0.4375,0.4375,0.875,0.5625],"texture":"#0"},"south":{"uv":[0.5,0.25,0.75,0.375],"texture":"#0"},"west":{"uv":[0.4375,0.4375,0.875,0.5625],"texture":"#0"},"up":{"uv":[0.75,0,1,0.4375],"texture":"#0"},"down":{"uv":[0.75,0,1,0.4375],"texture":"#0"}}},{"from":[7,0,6.75],"to":[9,1,9.25],"rotation":{"angle":0,"axis":"y","origin":[0,7,0.5]},"faces":{"north":{"uv":[0.5,0.25,0.75,0.375],"texture":"#0"},"east":{"uv":[0.4375,0.4375,0.75,0.5625],"texture":"#0"},"south":{"uv":[0.5,0.25,0.75,0.375],"texture":"#0"},"west":{"uv":[0.4375,0.4375,0.75,0.5625],"texture":"#0"},"up":{"uv":[0.75,0,1,0.3125],"texture":"#0"},"down":{"uv":[0.75,0,1,0.3125],"texture":"#0"}}},{"from":[6,10,6],"to":[10,14,10],"rotation":{"angle":45,"axis":"x","origin":[8,12,8]},"faces":{"north":{"uv":[1.5625,0.5,2.0625,1],"texture":"#0"},"east":{"uv":[1.5625,0,2.0625,0.5],"texture":"#0"},"south":{"uv":[1.5625,0.5,2.0625,1],"texture":"#0"},"west":{"uv":[2.0625,0,1.5625,0.5],"texture":"#0"},"up":{"uv":[1.5625,0.5,2.0625,1],"texture":"#0"},"down":{"uv":[1.5625,0.5,2.0625,1],"texture":"#0"}}},{"from":[7,10,6.25],"to":[9,11,9.75],"rotation":{"angle":0,"axis":"y","origin":[0,7,0]},"faces":{"north":{"uv":[0.5,0.25,0.75,0.375],"texture":"#0"},"east":{"uv":[0.4375,0.4375,0.875,0.5625],"texture":"#0"},"south":{"uv":[0.5,0.25,0.75,0.375],"texture":"#0"},"west":{"uv":[0.4375,0.4375,0.875,0.5625],"texture":"#0"},"up":{"uv":[0.75,0,1,0.4375],"texture":"#0"},"down":{"uv":[0.75,0,1,0.4375],"texture":"#0"}}},{"from":[7,14,6.25],"to":[9,15,9.75],"rotation":{"angle":0,"axis":"y","origin":[0,7,0]},"faces":{"north":{"uv":[0.8125,0.625,1.0625,0.75],"texture":"#0"},"east":{"uv":[0.375,1.6875,0.8125,1.8125],"texture":"#0"},"south":{"uv":[0.8125,0.625,1.0625,0.75],"texture":"#0"},"west":{"uv":[0.375,1.6875,0.8125,1.8125],"texture":"#0"},"up":{"uv":[0.8125,1,1.0625,1.4375],"texture":"#0"},"down":{"uv":[0.8125,1,1.0625,1.4375],"texture":"#0"}}},{"from":[6.75,11.5,4],"to":[9.25,15,7],"rotation":{"angle":-22.5,"axis":"x","origin":[8,14.25,4]},"faces":{"north":{"uv":[2,1,1.6875,1.4375],"texture":"#0"},"east":{"uv":[1.3125,1,1.6875,1.4375],"texture":"#0"},"south":{"uv":[2,1,1.6875,1.4375],"texture":"#0"},"west":{"uv":[1.6875,1,1.3125,1.4375],"texture":"#0"},"up":{"uv":[1.6875,1.8125,2,1.4375],"texture":"#0"},"down":{"uv":[1.6875,1.8125,2,1.4375],"texture":"#0"}}},{"from":[5.5,11,7],"to":[10.5,13,9],"rotation":{"angle":45,"axis":"x","origin":[8,12,8]},"faces":{"north":{"uv":[1.0625,1.4375,1.6875,1.6875],"texture":"#0"},"east":{"uv":[0.8125,1.4375,1.0625,1.6875],"texture":"#0"},"south":{"uv":[1.0625,1.4375,1.6875,1.6875],"texture":"#0"},"west":{"uv":[0.8125,1.4375,1.0625,1.6875],"texture":"#0"},"up":{"uv":[1.0625,1.4375,1.6875,1.6875],"texture":"#0"},"down":{"uv":[1.0625,1.4375,1.6875,1.6875],"texture":"#0"}}},{"from":[7.25,10.5,3.2],"to":[8.75,14,5.2],"rotation":{"angle":-22.5,"axis":"x","origin":[8,12.5,4]},"faces":{"north":{"uv":[1.4375,2.4375,1.625,2],"rotation":180,"texture":"#0"},"east":{"uv":[0.375,1.9375,0.8125,2.1875],"rotation":90,"texture":"#0"},"south":{"uv":[1.4375,2.4375,1.625,2],"texture":"#0"},"west":{"uv":[0.8125,1.9375,0.375,2.1875],"rotation":270,"texture":"#0"},"up":{"uv":[1.3125,2.1875,1.125,2.4375],"texture":"#0"},"down":{"uv":[1.3125,2.1875,1.125,2.4375],"rotation":180,"texture":"#0"}}},{"from":[8,3.5,-5],"to":[8,21,6],"rotation":{"angle":0,"axis":"y","origin":[8,12.5,4]},"faces":{"north":{"uv":[1.4375,2.4375,1.625,2],"rotation":180,"texture":"#0"},"east":{"uv":[12.9375,2.1875,11.5625,0],"texture":"#0"},"south":{"uv":[1.4375,2.4375,1.625,2],"texture":"#0"},"west":{"uv":[11.5625,2.1875,12.9375,0],"texture":"#0"},"up":{"uv":[1.3125,2.1875,1.125,2.4375],"texture":"#0"},"down":{"uv":[1.3125,2.1875,1.125,2.4375],"rotation":180,"texture":"#0"}}},{"from":[8,3.5,10],"to":[8,21,21],"rotation":{"angle":0,"axis":"y","origin":[8,12.5,12]},"faces":{"north":{"uv":[1.625,2.4375,1.4375,2],"texture":"#0"},"east":{"uv":[11.5625,2.1875,12.9375,0],"texture":"#0"},"south":{"uv":[1.625,2.4375,1.4375,2],"rotation":180,"texture":"#0"},"west":{"uv":[12.9375,2.1875,11.5625,0],"texture":"#0"},"up":{"uv":[1.3125,2.4375,1.125,2.1875],"texture":"#0"},"down":{"uv":[1.3125,2.4375,1.125,2.1875],"rotation":180,"texture":"#0"}}},{"from":[6.75,11.5,9],"to":[9.25,15,12],"rotation":{"angle":22.5,"axis":"x","origin":[8,14.25,12]},"faces":{"north":{"uv":[1.6875,1,2,1.4375],"texture":"#0"},"east":{"uv":[1.6875,1,1.3125,1.4375],"texture":"#0"},"south":{"uv":[1.6875,1,2,1.4375],"texture":"#0"},"west":{"uv":[1.3125,1,1.6875,1.4375],"texture":"#0"},"up":{"uv":[1.6875,1.4375,2,1.8125],"texture":"#0"},"down":{"uv":[1.6875,1.4375,2,1.8125],"texture":"#0"}}},{"from":[7.25,10.5,10.8],"to":[8.75,14,12.8],"rotation":{"angle":22.5,"axis":"x","origin":[8,12.5,12]},"faces":{"north":{"uv":[1.625,2.4375,1.4375,2],"texture":"#0"},"east":{"uv":[0.375,2.1875,0.8125,1.9375],"rotation":90,"texture":"#0"},"south":{"uv":[1.625,2.4375,1.4375,2],"rotation":180,"texture":"#0"},"west":{"uv":[0.8125,2.1875,0.375,1.9375],"rotation":270,"texture":"#0"},"up":{"uv":[1.3125,2.4375,1.125,2.1875],"texture":"#0"},"down":{"uv":[1.3125,2.4375,1.125,2.1875],"rotation":180,"texture":"#0"}}},{"from":[5,3,5.25],"to":[5,15,10.75],"rotation":{"angle":0,"axis":"y","origin":[0,9,0]},"faces":{"north":{"uv":[0,0,0,12],"texture":"#1"},"east":{"uv":[5.5,0,0,12],"texture":"#1"},"south":{"uv":[0,0,0,12],"texture":"#1"},"west":{"uv":[0,0,5.5,12],"texture":"#1"},"up":{"uv":[0,6,0,0],"texture":"#1"},"down":{"uv":[0,0,0,6],"texture":"#1"}}},{"from":[11,3,5.25],"to":[11,15,10.75],"rotation":{"angle":0,"axis":"y","origin":[16,9,0]},"faces":{"north":{"uv":[0,0,0,12],"texture":"#1"},"east":{"uv":[5.5,0,0,12],"texture":"#1"},"south":{"uv":[0,0,0,12],"texture":"#1"},"west":{"uv":[0,0,5.5,12],"texture":"#1"},"up":{"uv":[0,6,0,0],"texture":"#1"},"down":{"uv":[0,0,0,6],"texture":"#1"}}},{"from":[8,-16,7.3],"to":[8,-10,9.3],"rotation":{"angle":0,"axis":"y","origin":[8,-9.75,8]},"faces":{"north":{"uv":[1.0625,1.1875,1.25,1.375],"texture":"#0"},"east":{"uv":[2.3125,0.375,2.0625,1.125],"texture":"#0"},"south":{"uv":[1.0625,1.1875,1.25,1.375],"texture":"#0"},"west":{"uv":[2.0625,0.375,2.3125,1.125],"texture":"#0"},"up":{"uv":[1.0625,1.1875,1.25,1.375],"texture":"#0"},"down":{"uv":[1.0625,1.1875,1.25,1.375],"texture":"#0"}}},{"from":[7.5,-12.5,8],"to":[8.5,-11.5,9],"rotation":{"angle":0,"axis":"y","origin":[0,-2,0]},"faces":{"north":{"uv":[0.6875,0.4375,0.8125,0.5625],"texture":"#0"},"east":{"uv":[0.6875,0.4375,0.8125,0.5625],"texture":"#0"},"south":{"uv":[0.6875,0.4375,0.8125,0.5625],"texture":"#0"},"west":{"uv":[0.6875,0.4375,0.8125,0.5625],"texture":"#0"},"up":{"uv":[0.75,0,0.875,0.125],"texture":"#0"},"down":{"uv":[0.75,0,0.875,0.125],"texture":"#0"}}},{"from":[7.5,-13.9,8],"to":[8.5,-13.4,9],"rotation":{"angle":0,"axis":"y","origin":[0,-2,0]},"faces":{"north":{"uv":[0.5625,0.5,0.6875,0.5625],"texture":"#0"},"east":{"uv":[0.5625,0.5,0.6875,0.5625],"texture":"#0"},"south":{"uv":[0.5625,0.5,0.6875,0.5625],"texture":"#0"},"west":{"uv":[0.5625,0.5,0.6875,0.5625],"texture":"#0"},"up":{"uv":[0.75,0,0.875,0.125],"texture":"#0"},"down":{"uv":[0.75,0,0.875,0.125],"texture":"#0"}}},{"from":[5.25,13.78249,2.11203],"to":[10.75,16.28249,3.61203],"rotation":{"angle":22.5,"axis":"x","origin":[8,15.03249,2.86203]},"faces":{"north":{"uv":[0.8125,2,1.4375,1.6875],"texture":"#0"},"east":{"uv":[1.4375,2,1.625,1.6875],"texture":"#0"},"south":{"uv":[0.8125,1.6875,1.4375,2],"rotation":180,"texture":"#0"},"west":{"uv":[1.4375,2,1.625,1.6875],"rotation":180,"texture":"#0"},"up":{"uv":[1.4375,2,0.8125,2.1875],"texture":"#0"},"down":{"uv":[1.4375,2,0.8125,2.1875],"rotation":180,"texture":"#0"}}},{"from":[5.5,11.78249,2.11203],"to":[10.5,14.28249,3.61203],"rotation":{"angle":0,"axis":"y","origin":[8,12.10347,3.2834]},"faces":{"north":{"uv":[0.8125,2,1.4375,1.6875],"texture":"#0"},"east":{"uv":[1.4375,2,1.625,1.6875],"texture":"#0"},"south":{"uv":[0.8125,1.6875,1.4375,2],"rotation":180,"texture":"#0"},"west":{"uv":[1.4375,2,1.625,1.6875],"rotation":180,"texture":"#0"},"up":{"uv":[1.4375,2,0.8125,2.1875],"texture":"#0"},"down":{"uv":[1.4375,2,0.8125,2.1875],"rotation":180,"texture":"#0"}}},{"from":[5.75,9.83392,2.56718],"to":[10.25,12.33392,4.06718],"rotation":{"angle":-22.5,"axis":"x","origin":[8,12.10347,3.2834]},"faces":{"north":{"uv":[0.375,2.5,0.9375,2.1875],"texture":"#0"},"east":{"uv":[0.9375,2.5,1.125,2.1875],"texture":"#0"},"south":{"uv":[0.375,2.1875,0.9375,2.5],"rotation":180,"texture":"#0"},"west":{"uv":[0.9375,2.5,1.125,2.1875],"rotation":180,"texture":"#0"},"up":{"uv":[0.9375,2.5,0.375,2.6875],"texture":"#0"},"down":{"uv":[0.9375,2.5,0.375,2.6875],"rotation":180,"texture":"#0"}}},{"from":[5.25,13.78249,12.38797],"to":[10.75,16.28249,13.88797],"rotation":{"angle":-22.5,"axis":"x","origin":[8,15.03249,13.13797]},"faces":{"north":{"uv":[1.4375,1.6875,0.8125,2],"rotation":180,"texture":"#0"},"east":{"uv":[1.625,2,1.4375,1.6875],"texture":"#0"},"south":{"uv":[1.4375,2,0.8125,1.6875],"texture":"#0"},"west":{"uv":[1.625,2,1.4375,1.6875],"rotation":180,"texture":"#0"},"up":{"uv":[1.4375,2.1875,0.8125,2],"texture":"#0"},"down":{"uv":[1.4375,2.1875,0.8125,2],"rotation":180,"texture":"#0"}}},{"from":[8.1,16.5,9],"to":[8.1,24.5,19],"rotation":{"angle":-22.5,"axis":"x","origin":[8,8,14.5]},"faces":{"north":{"uv":[0,0,0,1],"texture":"#missing"},"east":{"uv":[4.6875,0,3.4375,1],"texture":"#0"},"south":{"uv":[0,0,0,1],"texture":"#missing"},"west":{"uv":[3.4375,0,4.6875,1],"texture":"#0"},"up":{"uv":[0,0,0,1],"texture":"#missing"},"down":{"uv":[0,0,0,1],"texture":"#missing"}}},{"from":[7.9,16.5,9],"to":[7.9,24.5,19],"rotation":{"angle":-22.5,"axis":"x","origin":[8,8,14.5]},"faces":{"north":{"uv":[0,0,0,1],"texture":"#missing"},"east":{"uv":[4.6875,0,3.4375,1],"texture":"#0"},"south":{"uv":[0,0,0,1],"texture":"#missing"},"west":{"uv":[3.4375,0,4.6875,1],"texture":"#0"},"up":{"uv":[0,0,0,1],"texture":"#missing"},"down":{"uv":[0,0,0,1],"texture":"#missing"}}},{"from":[8.1,8,-7],"to":[8.1,18,1],"rotation":{"angle":0,"axis":"y","origin":[16,0,16]},"faces":{"north":{"uv":[0,0,0,10],"texture":"#2"},"east":{"uv":[0,10,8,0],"texture":"#2"},"south":{"uv":[0,0,0,10],"texture":"#2"},"west":{"uv":[8,10,0,0],"texture":"#2"},"up":{"uv":[0,0,0,8],"texture":"#2"},"down":{"uv":[0,8,0,0],"texture":"#2"}}},{"from":[7.9,8,-7],"to":[7.9,18,1],"rotation":{"angle":0,"axis":"y","origin":[0,0,16]},"faces":{"north":{"uv":[0,0,0,10],"texture":"#2"},"east":{"uv":[0,10,8,0],"texture":"#2"},"south":{"uv":[0,0,0,10],"texture":"#2"},"west":{"uv":[8,10,0,0],"texture":"#2"},"up":{"uv":[0,0,0,8],"texture":"#2"},"down":{"uv":[0,8,0,0],"texture":"#2"}}},{"from":[7.9,8,15],"to":[7.9,18,23],"faces":{"north":{"uv":[0,0,0,10],"texture":"#2"},"east":{"uv":[8,10,0,0],"texture":"#2"},"south":{"uv":[0,0,0,10],"texture":"#2"},"west":{"uv":[0,10,8,0],"texture":"#2"},"up":{"uv":[0,8,0,0],"texture":"#2"},"down":{"uv":[0,0,0,8],"texture":"#2"}}},{"from":[8.1,8,15],"to":[8.1,18,23],"rotation":{"angle":0,"axis":"y","origin":[16,0,0]},"faces":{"north":{"uv":[0,0,0,10],"texture":"#2"},"east":{"uv":[8,10,0,0],"texture":"#2"},"south":{"uv":[0,0,0,10],"texture":"#2"},"west":{"uv":[0,10,8,0],"texture":"#2"},"up":{"uv":[0,8,0,0],"texture":"#2"},"down":{"uv":[0,0,0,8],"texture":"#2"}}},{"from":[5.5,11.78249,12.38797],"to":[10.5,14.28249,13.88797],"rotation":{"angle":0,"axis":"y","origin":[8,12.10347,12.7166]},"faces":{"north":{"uv":[1.4375,1.6875,0.8125,2],"rotation":180,"texture":"#0"},"east":{"uv":[1.625,2,1.4375,1.6875],"texture":"#0"},"south":{"uv":[1.4375,2,0.8125,1.6875],"texture":"#0"},"west":{"uv":[1.625,2,1.4375,1.6875],"rotation":180,"texture":"#0"},"up":{"uv":[1.4375,2.1875,0.8125,2],"texture":"#0"},"down":{"uv":[1.4375,2.1875,0.8125,2],"rotation":180,"texture":"#0"}}},{"from":[5.75,9.83392,11.93282],"to":[10.25,12.33392,13.43282],"rotation":{"angle":22.5,"axis":"x","origin":[8,12.10347,12.7166]},"faces":{"north":{"uv":[0.9375,2.1875,0.375,2.5],"rotation":180,"texture":"#0"},"east":{"uv":[1.125,2.5,0.9375,2.1875],"texture":"#0"},"south":{"uv":[0.9375,2.5,0.375,2.1875],"texture":"#0"},"west":{"uv":[1.125,2.5,0.9375,2.1875],"rotation":180,"texture":"#0"},"up":{"uv":[0.9375,2.6875,0.375,2.5],"texture":"#0"},"down":{"uv":[0.9375,2.6875,0.375,2.5],"rotation":180,"texture":"#0"}}}],"gui_light":"front","display":{"thirdperson_righthand":{"translation":[0,6.25,1.25],"scale":[0.7,0.7,0.7]},"thirdperson_lefthand":{"translation":[0,5.5,1.25],"scale":[0.7,0.7,0.7]},"firstperson_righthand":{"rotation":[-10,0,0],"translation":[-1.75,5.5,0],"scale":[0.51992,0.51992,0.51992]},"firstperson_lefthand":{"rotation":[-10,0,0],"translation":[-1.75,5.5,0],"scale":[0.51992,0.51992,0.51992]},"ground":{"rotation":[-20.48,-16.05,38.43],"translation":[0,8,0],"scale":[0.6,0.6,0.6]},"gui":{"rotation":[-90,-45,-90],"translation":[0.5,0.75,-1.5],"scale":[0.5,0.5,0.5]},"head":{"rotation":[-91.38,44.22,-89.07],"translation":[2.75,-16.5,5.5],"scale":[0.84805,0.84805,0.84805]},"fixed":{"rotation":[-90,-45,-90],"translation":[4,4,-5.5],"scale":[1.33047,1.33047,1.33047]}},"groups":[0,1,2,3,4,5,6,7,8,{"name":"group","origin":[16,9,0],"color":0,"children":[9,10,11,12,13,14,15,16,17,18,19,20]},21,22,23,24,25,26,27,28,29,30,31,32,33,34,35]}