{"credit":"Made with Blockbench","texture_size":[128,128],"textures":{"0":"elitecreatures:sakura/sakura_texture","1":"elitecreatures:sakura/sakura_animation_02-export","2":"elitecreatures:sakura/sakura_animation_01","particle":"elitecreatures:sakura/sakura_texture"},"elements":[{"from":[7.25,-8,7.5],"to":[8.75,1,8.5],"rotation":{"angle":0,"axis":"y","origin":[0,-14,-9]},"faces":{"north":{"uv":[0.5,0.5625,0.6875,1.6875],"texture":"#0"},"east":{"uv":[0.375,0.5625,0.5,1.6875],"texture":"#0"},"south":{"uv":[0.5,0.5625,0.6875,1.6875],"texture":"#0"},"west":{"uv":[0.375,0.5625,0.5,1.6875],"texture":"#0"},"up":{"uv":[0.5,0.5625,0.6875,0.6875],"texture":"#0"},"down":{"uv":[0.5,0.5625,0.6875,1.6875],"texture":"#0"}}},{"from":[7.25,-10.5,7],"to":[8.75,-9,9],"rotation":{"angle":0,"axis":"y","origin":[8,-9.75,8]},"faces":{"north":{"uv":[1.0625,1.1875,1.25,1.375],"texture":"#0"},"east":{"uv":[1.0625,1,1.3125,1.1875],"texture":"#0"},"south":{"uv":[1.0625,1.1875,1.25,1.375],"texture":"#0"},"west":{"uv":[1.0625,1,1.3125,1.1875],"texture":"#0"},"up":{"uv":[1.0625,1.1875,1.25,1.375],"texture":"#0"},"down":{"uv":[1.0625,1.1875,1.25,1.375],"texture":"#0"}}},{"from":[8,-16,7.3],"to":[8,-10,9.3],"rotation":{"angle":0,"axis":"y","origin":[8,-9.75,8]},"faces":{"north":{"uv":[1.0625,1.1875,1.25,1.375],"texture":"#0"},"east":{"uv":[2.3125,0.375,2.0625,1.125],"texture":"#0"},"south":{"uv":[1.0625,1.1875,1.25,1.375],"texture":"#0"},"west":{"uv":[2.0625,0.375,2.3125,1.125],"texture":"#0"},"up":{"uv":[1.0625,1.1875,1.25,1.375],"texture":"#0"},"down":{"uv":[1.0625,1.1875,1.25,1.375],"texture":"#0"}}},{"from":[5.5,3.5,2.25],"to":[10.5,5,4.75],"rotation":{"angle":-22.5,"axis":"x","origin":[8,4,4.5]},"faces":{"north":{"uv":[1.4375,2,0.8125,2.1875],"texture":"#0"},"east":{"uv":[1.4375,2,1.625,1.6875],"rotation":270,"texture":"#0"},"south":{"uv":[1.4375,2,0.8125,2.1875],"texture":"#0"},"west":{"uv":[1.4375,2,1.625,1.6875],"rotation":270,"texture":"#0"},"up":{"uv":[0.8125,2,1.4375,1.6875],"rotation":180,"texture":"#0"},"down":{"uv":[0.8125,2,1.4375,1.6875],"rotation":180,"texture":"#0"}}},{"from":[5.75,1.5,0.57403],"to":[10.25,3,3.07403],"rotation":{"angle":-45,"axis":"x","origin":[8,2.62098,1.82403]},"faces":{"north":{"uv":[0.9375,2.5,0.375,2.6875],"texture":"#0"},"east":{"uv":[0.9375,2.5,1.125,2.1875],"rotation":270,"texture":"#0"},"south":{"uv":[0.9375,2.5,0.375,2.6875],"texture":"#0"},"west":{"uv":[0.9375,2.5,1.125,2.1875],"rotation":270,"texture":"#0"},"up":{"uv":[0.375,2.5,0.9375,2.1875],"rotation":180,"texture":"#0"},"down":{"uv":[0.375,2.5,0.9375,2.1875],"rotation":180,"texture":"#0"}}},{"from":[6.75,2.5,4],"to":[9.25,6,7],"rotation":{"angle":-22.5,"axis":"x","origin":[8,5.25,4]},"faces":{"north":{"uv":[2,1,1.6875,1.4375],"texture":"#0"},"east":{"uv":[1.3125,1,1.6875,1.4375],"texture":"#0"},"south":{"uv":[2,1,1.6875,1.4375],"texture":"#0"},"west":{"uv":[1.6875,1,1.3125,1.4375],"texture":"#0"},"up":{"uv":[1.6875,1.8125,2,1.4375],"texture":"#0"},"down":{"uv":[1.6875,1.8125,2,1.4375],"texture":"#0"}}},{"from":[6.75,2.5,9],"to":[9.25,6,12],"rotation":{"angle":22.5,"axis":"x","origin":[8,5.25,12]},"faces":{"north":{"uv":[1.6875,1,2,1.4375],"texture":"#0"},"east":{"uv":[1.6875,1,1.3125,1.4375],"texture":"#0"},"south":{"uv":[1.6875,1,2,1.4375],"texture":"#0"},"west":{"uv":[1.3125,1,1.6875,1.4375],"texture":"#0"},"up":{"uv":[1.6875,1.4375,2,1.8125],"texture":"#0"},"down":{"uv":[1.6875,1.4375,2,1.8125],"texture":"#0"}}},{"from":[5.5,3.5,11.25],"to":[10.5,5,13.75],"rotation":{"angle":22.5,"axis":"x","origin":[8,4,11.5]},"faces":{"north":{"uv":[0.8125,2,1.4375,2.1875],"texture":"#0"},"east":{"uv":[1.4375,1.6875,1.625,2],"rotation":270,"texture":"#0"},"south":{"uv":[0.8125,2,1.4375,2.1875],"texture":"#0"},"west":{"uv":[1.4375,1.6875,1.625,2],"rotation":270,"texture":"#0"},"up":{"uv":[0.8125,1.6875,1.4375,2],"rotation":180,"texture":"#0"},"down":{"uv":[0.8125,1.6875,1.4375,2],"rotation":180,"texture":"#0"}}},{"from":[5.75,1.5,12.92597],"to":[10.25,3,15.42597],"rotation":{"angle":45,"axis":"x","origin":[8,2.62098,14.17597]},"faces":{"north":{"uv":[0.375,2.5,0.9375,2.6875],"texture":"#0"},"east":{"uv":[0.9375,2.1875,1.125,2.5],"rotation":270,"texture":"#0"},"south":{"uv":[0.375,2.5,0.9375,2.6875],"texture":"#0"},"west":{"uv":[0.9375,2.1875,1.125,2.5],"rotation":270,"texture":"#0"},"up":{"uv":[0.375,2.1875,0.9375,2.5],"rotation":180,"texture":"#0"},"down":{"uv":[0.375,2.1875,0.9375,2.5],"rotation":180,"texture":"#0"}}},{"from":[7.75,-8,8.05],"to":[8.75,1,9.05],"rotation":{"angle":45,"axis":"y","origin":[8,-3.5,8.8]},"faces":{"north":{"uv":[0.8125,0.5625,0.6875,1.6875],"texture":"#0"},"east":{"uv":[0.8125,0.5625,0.6875,1.6875],"texture":"#0"},"south":{"uv":[0.6875,0.5625,0.8125,1.6875],"texture":"#0"},"west":{"uv":[0.8125,0.5625,0.6875,1.6875],"texture":"#0"},"up":{"uv":[0.8125,0.5625,0.6875,0.6875],"texture":"#0"},"down":{"uv":[0.8125,0.5625,0.6875,0.6875],"texture":"#0"}}},{"from":[7.75,-8,6.95],"to":[8.75,1,7.95],"rotation":{"angle":-45,"axis":"y","origin":[8,-3.5,7.2]},"faces":{"north":{"uv":[0.8125,0.5625,0.6875,1.6875],"texture":"#0"},"east":{"uv":[0.6875,0.5625,0.8125,1.6875],"texture":"#0"},"south":{"uv":[0.6875,0.5625,0.8125,1.6875],"texture":"#0"},"west":{"uv":[0.6875,0.5625,0.8125,1.6875],"texture":"#0"},"up":{"uv":[0.8125,0.6875,0.6875,0.5625],"texture":"#0"},"down":{"uv":[0.8125,0.6875,0.6875,0.5625],"texture":"#0"}}},{"from":[6,1,6],"to":[10,5,10],"rotation":{"angle":45,"axis":"x","origin":[8,3,8]},"faces":{"north":{"uv":[1.5625,0.5,2.0625,1],"texture":"#0"},"east":{"uv":[1.5625,0,2.0625,0.5],"texture":"#0"},"south":{"uv":[1.5625,0.5,2.0625,1],"texture":"#0"},"west":{"uv":[2.0625,0,1.5625,0.5],"texture":"#0"},"up":{"uv":[1.5625,0.5,2.0625,1],"texture":"#0"},"down":{"uv":[1.5625,0.5,2.0625,1],"texture":"#0"}}},{"from":[5.5,2,7],"to":[10.5,4,9],"rotation":{"angle":45,"axis":"x","origin":[8,3,8]},"faces":{"north":{"uv":[1.0625,1.4375,1.6875,1.6875],"texture":"#0"},"east":{"uv":[0.8125,1.4375,1.0625,1.6875],"texture":"#0"},"south":{"uv":[1.0625,1.4375,1.6875,1.6875],"texture":"#0"},"west":{"uv":[0.8125,1.4375,1.0625,1.6875],"texture":"#0"},"up":{"uv":[1.0625,1.4375,1.6875,1.6875],"texture":"#0"},"down":{"uv":[1.0625,1.4375,1.6875,1.6875],"texture":"#0"}}},{"from":[7,5,6.25],"to":[9,6,9.75],"rotation":{"angle":0,"axis":"y","origin":[0,-2,0]},"faces":{"north":{"uv":[0.8125,0.625,1.0625,0.75],"texture":"#0"},"east":{"uv":[0.375,1.6875,0.8125,1.8125],"texture":"#0"},"south":{"uv":[0.8125,0.625,1.0625,0.75],"texture":"#0"},"west":{"uv":[0.375,1.6875,0.8125,1.8125],"texture":"#0"},"up":{"uv":[0.8125,1,1.0625,1.4375],"texture":"#0"},"down":{"uv":[0.8125,1,1.0625,1.4375],"texture":"#0"}}},{"from":[7.25,2,2.25],"to":[8.75,4,5.75],"rotation":{"angle":-22.5,"axis":"x","origin":[8,3.5,4.5]},"faces":{"north":{"uv":[1.3125,2.1875,1.125,2.4375],"texture":"#0"},"east":{"uv":[0.8125,1.9375,0.375,2.1875],"texture":"#0"},"south":{"uv":[1.3125,2.1875,1.125,2.4375],"texture":"#0"},"west":{"uv":[0.8125,1.9375,0.375,2.1875],"texture":"#0"},"up":{"uv":[1.4375,2.4375,1.625,2],"texture":"#0"},"down":{"uv":[1.4375,2.4375,1.625,2],"texture":"#0"}}},{"from":[7.25,2,10.25],"to":[8.75,4,13.75],"rotation":{"angle":22.5,"axis":"x","origin":[8,3.5,11.5]},"faces":{"north":{"uv":[1.125,2.1875,1.3125,2.4375],"texture":"#0"},"east":{"uv":[0.375,1.9375,0.8125,2.1875],"texture":"#0"},"south":{"uv":[1.125,2.1875,1.3125,2.4375],"texture":"#0"},"west":{"uv":[0.375,1.9375,0.8125,2.1875],"texture":"#0"},"up":{"uv":[1.4375,2,1.625,2.4375],"texture":"#0"},"down":{"uv":[1.4375,2,1.625,2.4375],"texture":"#0"}}},{"from":[7.75,5,7],"to":[8.25,28,9],"rotation":{"angle":0,"axis":"y","origin":[0,-2,0]},"faces":{"north":{"uv":[0.75,2.875,0.8125,5.75],"texture":"#0"},"east":{"uv":[0.75,2.875,0.5,5.75],"texture":"#0"},"south":{"uv":[0.75,2.875,0.8125,5.75],"texture":"#0"},"west":{"uv":[0.75,2.875,0.5,5.75],"texture":"#0"},"up":{"uv":[0.8125,2.875,0.75,3.125],"texture":"#0"},"down":{"uv":[0.8125,2.875,0.75,3.125],"texture":"#0"}}},{"from":[5,-6,5.25],"to":[5,6,10.75],"faces":{"north":{"uv":[0,0,0,6],"texture":"#missing"},"east":{"uv":[5.5,0,0,12],"texture":"#2"},"south":{"uv":[0,0,0,6],"texture":"#missing"},"west":{"uv":[0,0,5.5,12],"texture":"#2"},"up":{"uv":[0,3,0,0],"texture":"#missing"},"down":{"uv":[0,0,0,3],"texture":"#missing"}}},{"from":[8,-4,1.25],"to":[8,3,6.75],"faces":{"north":{"uv":[0,0,0,6],"texture":"#missing"},"east":{"uv":[5.5,5,0,12],"texture":"#2"},"south":{"uv":[0,0,0,6],"texture":"#missing"},"west":{"uv":[0,5,5.5,12],"texture":"#2"},"up":{"uv":[0,3,0,0],"texture":"#missing"},"down":{"uv":[0,0,0,3],"texture":"#missing"}}},{"from":[8,-4,9.25],"to":[8,3,14.75],"rotation":{"angle":0,"axis":"y","origin":[0,0,16]},"faces":{"north":{"uv":[0,0,0,6],"texture":"#missing"},"east":{"uv":[0,5,5.5,12],"texture":"#2"},"south":{"uv":[0,0,0,6],"texture":"#missing"},"west":{"uv":[5.5,5,0,12],"texture":"#2"},"up":{"uv":[0,0,0,3],"texture":"#missing"},"down":{"uv":[0,3,0,0],"texture":"#missing"}}},{"from":[7,19,5.25],"to":[7,31,10.75],"faces":{"north":{"uv":[0,0,0,6],"texture":"#missing"},"east":{"uv":[5.5,0,0,12],"texture":"#2"},"south":{"uv":[0,0,0,6],"texture":"#missing"},"west":{"uv":[0,0,5.5,12],"texture":"#2"},"up":{"uv":[0,3,0,0],"texture":"#missing"},"down":{"uv":[0,0,0,3],"texture":"#missing"}}},{"from":[9,19,5.25],"to":[9,31,10.75],"rotation":{"angle":0,"axis":"y","origin":[16,0,0]},"faces":{"north":{"uv":[0,0,0,6],"texture":"#missing"},"east":{"uv":[5.5,0,0,12],"texture":"#2"},"south":{"uv":[0,0,0,6],"texture":"#missing"},"west":{"uv":[0,0,5.5,12],"texture":"#2"},"up":{"uv":[0,3,0,0],"texture":"#missing"},"down":{"uv":[0,0,0,3],"texture":"#missing"}}},{"from":[11,-6,5.25],"to":[11,6,10.75],"rotation":{"angle":0,"axis":"y","origin":[16,0,0]},"faces":{"north":{"uv":[0,0,0,6],"texture":"#missing"},"east":{"uv":[5.5,0,0,12],"texture":"#2"},"south":{"uv":[0,0,0,6],"texture":"#missing"},"west":{"uv":[0,0,5.5,12],"texture":"#2"},"up":{"uv":[0,3,0,0],"texture":"#missing"},"down":{"uv":[0,0,0,3],"texture":"#missing"}}},{"from":[8,-12,12],"to":[8,-2,20],"rotation":{"angle":-45,"axis":"x","origin":[0,0,0]},"faces":{"north":{"uv":[0,0,0,5],"texture":"#missing"},"east":{"uv":[8,0,0,10],"texture":"#1"},"south":{"uv":[0,0,0,5],"texture":"#missing"},"west":{"uv":[0,0,8,10],"texture":"#1"},"up":{"uv":[0,4,0,0],"texture":"#missing"},"down":{"uv":[0,0,0,4],"texture":"#missing"}}},{"from":[8,-12,-4],"to":[8,-2,4],"rotation":{"angle":45,"axis":"x","origin":[0,0,16]},"faces":{"north":{"uv":[0,0,0,5],"texture":"#missing"},"east":{"uv":[0,0,8,10],"texture":"#1"},"south":{"uv":[0,0,0,5],"texture":"#missing"},"west":{"uv":[8,0,0,10],"texture":"#1"},"up":{"uv":[0,0,0,4],"texture":"#missing"},"down":{"uv":[0,4,0,0],"texture":"#missing"}}},{"from":[7,-9,6.25],"to":[9,-8,9.75],"rotation":{"angle":0,"axis":"y","origin":[0,-2,0]},"faces":{"north":{"uv":[0.5,0.25,0.75,0.375],"texture":"#0"},"east":{"uv":[0.4375,0.4375,0.875,0.5625],"texture":"#0"},"south":{"uv":[0.5,0.25,0.75,0.375],"texture":"#0"},"west":{"uv":[0.4375,0.4375,0.875,0.5625],"texture":"#0"},"up":{"uv":[0.75,0,1,0.4375],"texture":"#0"},"down":{"uv":[0.75,0,1,0.4375],"texture":"#0"}}},{"from":[7.5,-13.9,8],"to":[8.5,-13.4,9],"rotation":{"angle":0,"axis":"y","origin":[0,-2,0]},"faces":{"north":{"uv":[0.5625,0.5,0.6875,0.5625],"texture":"#0"},"east":{"uv":[0.5625,0.5,0.6875,0.5625],"texture":"#0"},"south":{"uv":[0.5625,0.5,0.6875,0.5625],"texture":"#0"},"west":{"uv":[0.5625,0.5,0.6875,0.5625],"texture":"#0"},"up":{"uv":[0.75,0,0.875,0.125],"texture":"#0"},"down":{"uv":[0.75,0,0.875,0.125],"texture":"#0"}}},{"from":[7.5,-12.5,8],"to":[8.5,-11.5,9],"rotation":{"angle":0,"axis":"y","origin":[0,-2,0]},"faces":{"north":{"uv":[0.6875,0.4375,0.8125,0.5625],"texture":"#0"},"east":{"uv":[0.6875,0.4375,0.8125,0.5625],"texture":"#0"},"south":{"uv":[0.6875,0.4375,0.8125,0.5625],"texture":"#0"},"west":{"uv":[0.6875,0.4375,0.8125,0.5625],"texture":"#0"},"up":{"uv":[0.75,0,0.875,0.125],"texture":"#0"},"down":{"uv":[0.75,0,0.875,0.125],"texture":"#0"}}},{"from":[7,1,6.25],"to":[9,2,9.75],"rotation":{"angle":0,"axis":"y","origin":[0,-2,0]},"faces":{"north":{"uv":[0.5,0.25,0.75,0.375],"texture":"#0"},"east":{"uv":[0.4375,0.4375,0.875,0.5625],"texture":"#0"},"south":{"uv":[0.5,0.25,0.75,0.375],"texture":"#0"},"west":{"uv":[0.4375,0.4375,0.875,0.5625],"texture":"#0"},"up":{"uv":[0.75,0,1,0.4375],"texture":"#0"},"down":{"uv":[0.75,0,1,0.4375],"texture":"#0"}}},{"from":[8,6,2.5],"to":[8,32,13.5],"rotation":{"angle":0,"axis":"y","origin":[0,2,16]},"faces":{"north":{"uv":[0,0,0,3.875],"texture":"#0"},"east":{"uv":[13.0625,0,14.4375,3.25],"texture":"#0"},"south":{"uv":[0,0,0,3.875],"texture":"#0"},"west":{"uv":[13.0625,0,14.4375,3.25],"texture":"#0"},"up":{"uv":[0,0.625,0,0],"texture":"#0"},"down":{"uv":[0,0.625,0,0],"texture":"#0"}}},{"from":[7.5,27,6],"to":[8.5,30,9],"rotation":{"angle":45,"axis":"x","origin":[8,28,8]},"faces":{"north":{"uv":[2.4375,0,2.5625,0.375],"texture":"#0"},"east":{"uv":[2.4375,0,2.0625,0.375],"texture":"#0"},"south":{"uv":[2.4375,0,2.5625,0.375],"texture":"#0"},"west":{"uv":[2.4375,0,2.0625,0.375],"texture":"#0"},"up":{"uv":[2.4375,0,2.5625,0.375],"texture":"#0"},"down":{"uv":[2.4375,0,2.5625,0.375],"texture":"#0"}}},{"from":[7.9,4,8],"to":[7.9,12,18],"rotation":{"angle":-22.5,"axis":"x","origin":[8,8,13.5]},"faces":{"north":{"uv":[0,0,0,1],"texture":"#missing"},"east":{"uv":[4.6875,0,3.4375,1],"texture":"#0"},"south":{"uv":[0,0,0,1],"texture":"#missing"},"west":{"uv":[3.4375,0,4.6875,1],"texture":"#0"},"up":{"uv":[0,0,0,1],"texture":"#missing"},"down":{"uv":[0,0,0,1],"texture":"#missing"}}},{"from":[8.1,4,8],"to":[8.1,12,18],"rotation":{"angle":-22.5,"axis":"x","origin":[8,8,13.5]},"faces":{"north":{"uv":[0,0,0,1],"texture":"#missing"},"east":{"uv":[4.6875,0,3.4375,1],"texture":"#0"},"south":{"uv":[0,0,0,1],"texture":"#missing"},"west":{"uv":[3.4375,0,4.6875,1],"texture":"#0"},"up":{"uv":[0,0,0,1],"texture":"#missing"},"down":{"uv":[0,0,0,1],"texture":"#missing"}}},{"from":[7.9,4,-2],"to":[7.9,12,8],"rotation":{"angle":22.5,"axis":"x","origin":[8,8,2.5]},"faces":{"north":{"uv":[0,0,0,1],"texture":"#missing"},"east":{"uv":[3.4375,0,4.6875,1],"texture":"#0"},"south":{"uv":[0,0,0,1],"texture":"#missing"},"west":{"uv":[4.6875,0,3.4375,1],"texture":"#0"},"up":{"uv":[0,1,0,0],"texture":"#missing"},"down":{"uv":[0,1,0,0],"texture":"#missing"}}},{"from":[8.1,4,-2],"to":[8.1,12,8],"rotation":{"angle":22.5,"axis":"x","origin":[8,8,2.5]},"faces":{"north":{"uv":[0,0,0,1],"texture":"#missing"},"east":{"uv":[3.4375,0,4.6875,1],"texture":"#0"},"south":{"uv":[0,0,0,1],"texture":"#missing"},"west":{"uv":[4.6875,0,3.4375,1],"texture":"#0"},"up":{"uv":[0,1,0,0],"texture":"#missing"},"down":{"uv":[0,1,0,0],"texture":"#missing"}}}],"gui_light":"front","display":{"thirdperson_righthand":{"translation":[0,6.25,1.25],"scale":[0.7,0.7,0.7]},"thirdperson_lefthand":{"translation":[0,5.5,1.25],"scale":[0.7,0.7,0.7]},"firstperson_righthand":{"rotation":[-10,0,0],"translation":[-1.75,5.5,0],"scale":[0.51992,0.51992,0.51992]},"firstperson_lefthand":{"rotation":[-10,0,0],"translation":[-1.75,5.5,0],"scale":[0.51992,0.51992,0.51992]},"ground":{"rotation":[-20.48,-16.05,38.43],"translation":[0,8,0],"scale":[0.6,0.6,0.6]},"gui":{"rotation":[-90,-45,-90],"translation":[0.5,0.75,-1.5],"scale":[0.5,0.5,0.5]},"head":{"rotation":[-91.38,44.22,-89.07],"translation":[2.75,-16.5,5.5],"scale":[0.84805,0.84805,0.84805]},"fixed":{"rotation":[-90,-45,-90],"translation":[4,4,-5.5],"scale":[1.33047,1.33047,1.33047]}}}