{"credit":"Made with Blockbench","texture_size":[128,128],"textures":{"0":"elitecreatures:sakura/sakura_texture","1":"elitecreatures:sakura/sakura_animation_01","particle":"elitecreatures:sakura/sakura_texture"},"elements":[{"from":[1.1,2.2,-0.7],"to":[8.1,8.2,-0.7],"rotation":{"angle":0,"axis":"y","origin":[1.1,14.2,15.3]},"faces":{"north":{"uv":[4.6875,0,3.4375,1],"texture":"#0"},"east":{"uv":[0,0,0,1],"rotation":180,"texture":"#missing"},"south":{"uv":[3.4375,0,4.6875,1],"texture":"#0"},"west":{"uv":[0,0,0,1],"rotation":180,"texture":"#missing"},"up":{"uv":[0,1,0,0],"rotation":270,"texture":"#missing"},"down":{"uv":[0,1,0,0],"rotation":90,"texture":"#missing"}}},{"from":[1.1,2.3,-0.2],"to":[1.1,12.3,7.8],"rotation":{"angle":0,"axis":"y","origin":[1,-4,22]},"faces":{"north":{"uv":[0,1,0,0],"rotation":180,"texture":"#missing"},"east":{"uv":[4.6875,0,3.4375,1],"rotation":90,"texture":"#0"},"south":{"uv":[0,1,0,0],"texture":"#missing"},"west":{"uv":[3.4375,0,4.6875,1],"rotation":270,"texture":"#0"},"up":{"uv":[0,0,0,1],"rotation":180,"texture":"#missing"},"down":{"uv":[0,0,0,1],"texture":"#missing"}}},{"from":[0,1.72226,3.89841],"to":[2,9.72226,6.39841],"rotation":{"angle":22.5,"axis":"x","origin":[1,2.28341,3.99969]},"faces":{"north":{"uv":[4.1875,3.5,3.9375,4.5],"texture":"#0"},"east":{"uv":[3.625,3.5,3.9375,4.5],"texture":"#0"},"south":{"uv":[4.1875,3.5,3.9375,4.5],"texture":"#0"},"west":{"uv":[3.625,3.5,3.9375,4.5],"texture":"#0"},"up":{"uv":[3.375,3.1875,3.125,3.5],"texture":"#0"},"down":{"uv":[3.375,3.1875,3.125,3.5],"texture":"#0"}}},{"from":[0.2,2.08213,-0.93917],"to":[2.2,4.08213,5.06083],"rotation":{"angle":-22.5,"axis":"y","origin":[1,2.28341,3.99969]},"faces":{"north":{"uv":[3.375,3.1875,3.125,3.4375],"rotation":180,"texture":"#0"},"east":{"uv":[3.625,3.5,3.875,4.25],"rotation":90,"texture":"#0"},"south":{"uv":[3.375,3.1875,3.125,3.4375],"texture":"#0"},"west":{"uv":[3.625,3.5,3.875,4.25],"rotation":270,"texture":"#0"},"up":{"uv":[4.1875,3.5,3.9375,4.25],"texture":"#0"},"down":{"uv":[4.1875,3.5,3.9375,4.25],"rotation":180,"texture":"#0"}}},{"from":[1.3,-13.2,12.3],"to":[1.3,-5.2,22.3],"rotation":{"angle":-45,"axis":"x","origin":[1,-4,-8]},"faces":{"north":{"uv":[0,0,0,1],"texture":"#missing"},"east":{"uv":[4.6875,1,3.4375,0],"texture":"#0"},"south":{"uv":[0,0,0,1],"texture":"#missing"},"west":{"uv":[3.4375,1,4.6875,0],"texture":"#0"},"up":{"uv":[0,0,0,1],"texture":"#missing"},"down":{"uv":[0,0,0,1],"texture":"#missing"}}},{"from":[0.7,-13.2,12.3],"to":[0.7,-5.2,22.3],"rotation":{"angle":-45,"axis":"x","origin":[1,-4,-8]},"faces":{"north":{"uv":[0,0,0,1],"texture":"#missing"},"east":{"uv":[4.6875,1,3.4375,0],"texture":"#0"},"south":{"uv":[0,0,0,1],"texture":"#missing"},"west":{"uv":[3.4375,1,4.6875,0],"texture":"#0"},"up":{"uv":[0,0,0,1],"texture":"#missing"},"down":{"uv":[0,0,0,1],"texture":"#missing"}}},{"from":[0.75,8.72226,2.29841],"to":[1.25,14.72226,3.79841],"rotation":{"angle":45,"axis":"x","origin":[1,2.28341,3.99969]},"faces":{"north":{"uv":[4,3.5,3.9375,4.25],"texture":"#0"},"east":{"uv":[3.625,3.5,3.8125,4.25],"texture":"#0"},"south":{"uv":[4,3.5,3.9375,4.25],"texture":"#0"},"west":{"uv":[3.625,3.5,3.8125,4.25],"texture":"#0"},"up":{"uv":[3.1875,3.1875,3.125,3.375],"texture":"#0"},"down":{"uv":[3.1875,3.1875,3.125,3.375],"texture":"#0"}}},{"from":[0.85,7.08468,14.83855],"to":[1.15,8.58468,17.83855],"rotation":{"angle":-22.5,"axis":"x","origin":[1,2.28341,3.99969]},"faces":{"north":{"uv":[3.1875,3.1875,3.125,3.375],"rotation":180,"texture":"#0"},"east":{"uv":[3.8125,3.875,3.625,3.5],"rotation":90,"texture":"#0"},"south":{"uv":[3.1875,3.1875,3.125,3.375],"texture":"#0"},"west":{"uv":[3.8125,3.875,3.625,3.5],"rotation":270,"texture":"#0"},"up":{"uv":[4,3.5,3.9375,3.875],"rotation":180,"texture":"#0"},"down":{"uv":[4,3.5,3.9375,3.875],"texture":"#0"}}},{"from":[6,0,9],"to":[6,13,30],"rotation":{"angle":-22.5,"axis":"y","origin":[9,-5,-7]},"faces":{"north":{"uv":[0,0,0,1.5],"texture":"#missing"},"east":{"uv":[12.625,3.4375,15.25,5.0625],"texture":"#0"},"south":{"uv":[0,0,0,1.5],"texture":"#missing"},"west":{"uv":[15.25,3.4375,12.625,5.0625],"texture":"#0"},"up":{"uv":[0,2.5,0,0],"texture":"#missing"},"down":{"uv":[0,2.5,0,0],"texture":"#missing"}}},{"from":[14.9,2.3,-0.2],"to":[14.9,12.3,7.8],"rotation":{"angle":0,"axis":"y","origin":[15,-4,22]},"faces":{"north":{"uv":[0,1,0,0],"rotation":180,"texture":"#missing"},"east":{"uv":[3.4375,1,4.6875,0],"rotation":270,"texture":"#0"},"south":{"uv":[0,1,0,0],"texture":"#missing"},"west":{"uv":[4.6875,1,3.4375,0],"rotation":90,"texture":"#0"},"up":{"uv":[0,0,0,1],"rotation":180,"texture":"#missing"},"down":{"uv":[0,0,0,1],"texture":"#missing"}}},{"from":[10,0,9],"to":[10,13,30],"rotation":{"angle":22.5,"axis":"y","origin":[7,-5,-7]},"faces":{"north":{"uv":[0,0,0,1.5],"texture":"#missing"},"east":{"uv":[12.625,3.4375,15.25,5.0625],"texture":"#0"},"south":{"uv":[0,0,0,1.5],"texture":"#missing"},"west":{"uv":[15.25,3.4375,12.625,5.0625],"texture":"#0"},"up":{"uv":[0,2.5,0,0],"texture":"#missing"},"down":{"uv":[0,2.5,0,0],"texture":"#missing"}}},{"from":[14.85,7.08468,14.83855],"to":[15.15,8.58468,17.83855],"rotation":{"angle":-22.5,"axis":"x","origin":[15,2.28341,3.99969]},"faces":{"north":{"uv":[3.125,3.1875,3.1875,3.375],"rotation":180,"texture":"#0"},"east":{"uv":[3.8125,3.5,3.625,3.875],"rotation":270,"texture":"#0"},"south":{"uv":[3.125,3.1875,3.1875,3.375],"texture":"#0"},"west":{"uv":[3.8125,3.5,3.625,3.875],"rotation":90,"texture":"#0"},"up":{"uv":[3.9375,3.5,4,3.875],"rotation":180,"texture":"#0"},"down":{"uv":[3.9375,3.5,4,3.875],"texture":"#0"}}},{"from":[14.75,8.72226,2.29841],"to":[15.25,14.72226,3.79841],"rotation":{"angle":45,"axis":"x","origin":[15,2.28341,3.99969]},"faces":{"north":{"uv":[3.9375,3.5,4,4.25],"texture":"#0"},"east":{"uv":[3.8125,3.5,3.625,4.25],"texture":"#0"},"south":{"uv":[3.9375,3.5,4,4.25],"texture":"#0"},"west":{"uv":[3.8125,3.5,3.625,4.25],"texture":"#0"},"up":{"uv":[3.125,3.1875,3.1875,3.375],"texture":"#0"},"down":{"uv":[3.125,3.1875,3.1875,3.375],"texture":"#0"}}},{"from":[14.7,-13.2,12.3],"to":[14.7,-5.2,22.3],"rotation":{"angle":-45,"axis":"x","origin":[15,-4,-8]},"faces":{"north":{"uv":[0,0,0,1],"texture":"#missing"},"east":{"uv":[4.6875,1,3.4375,0],"texture":"#0"},"south":{"uv":[0,0,0,1],"texture":"#missing"},"west":{"uv":[3.4375,1,4.6875,0],"texture":"#0"},"up":{"uv":[0,0,0,1],"texture":"#missing"},"down":{"uv":[0,0,0,1],"texture":"#missing"}}},{"from":[14,1.72226,3.89841],"to":[16,9.72226,6.39841],"rotation":{"angle":22.5,"axis":"x","origin":[15,2.28341,3.99969]},"faces":{"north":{"uv":[3.9375,3.5,4.1875,4.5],"texture":"#0"},"east":{"uv":[3.9375,3.5,3.625,4.5],"texture":"#0"},"south":{"uv":[3.9375,3.5,4.1875,4.5],"texture":"#0"},"west":{"uv":[3.9375,3.5,3.625,4.5],"texture":"#0"},"up":{"uv":[3.125,3.1875,3.375,3.5],"texture":"#0"},"down":{"uv":[3.125,3.1875,3.375,3.5],"texture":"#0"}}},{"from":[7.9,2.2,-0.7],"to":[14.9,8.2,-0.7],"rotation":{"angle":0,"axis":"y","origin":[14.9,14.2,15.3]},"faces":{"north":{"uv":[3.4375,0,4.6875,1],"texture":"#0"},"east":{"uv":[0,0,0,1],"rotation":180,"texture":"#missing"},"south":{"uv":[4.6875,0,3.4375,1],"texture":"#0"},"west":{"uv":[0,0,0,1],"rotation":180,"texture":"#missing"},"up":{"uv":[0,0,0,1],"rotation":270,"texture":"#missing"},"down":{"uv":[0,0,0,1],"rotation":90,"texture":"#missing"}}},{"from":[15.3,-13.2,12.3],"to":[15.3,-5.2,22.3],"rotation":{"angle":-45,"axis":"x","origin":[15,-4,-8]},"faces":{"north":{"uv":[0,0,0,1],"texture":"#missing"},"east":{"uv":[4.6875,1,3.4375,0],"texture":"#0"},"south":{"uv":[0,0,0,1],"texture":"#missing"},"west":{"uv":[3.4375,1,4.6875,0],"texture":"#0"},"up":{"uv":[0,0,0,1],"texture":"#missing"},"down":{"uv":[0,0,0,1],"texture":"#missing"}}},{"from":[13.8,2.08213,-0.93917],"to":[15.8,4.08213,5.06083],"rotation":{"angle":22.5,"axis":"y","origin":[15,2.28341,3.99969]},"faces":{"north":{"uv":[3.125,3.1875,3.375,3.4375],"rotation":180,"texture":"#0"},"east":{"uv":[3.625,4.25,3.875,3.5],"rotation":270,"texture":"#0"},"south":{"uv":[3.125,3.1875,3.375,3.4375],"texture":"#0"},"west":{"uv":[3.625,4.25,3.875,3.5],"rotation":90,"texture":"#0"},"up":{"uv":[3.9375,3.5,4.1875,4.25],"texture":"#0"},"down":{"uv":[3.9375,3.5,4.1875,4.25],"rotation":180,"texture":"#0"}}},{"from":[16,-4,16.25],"to":[16,8,21.75],"rotation":{"angle":22.5,"axis":"y","origin":[11,9,7]},"faces":{"north":{"uv":[0,0,0,12],"texture":"#1"},"east":{"uv":[5.5,0,0,12],"texture":"#1"},"south":{"uv":[0,0,0,12],"texture":"#1"},"west":{"uv":[0,0,5.5,12],"texture":"#1"},"up":{"uv":[0,6,0,0],"texture":"#1"},"down":{"uv":[0,0,0,6],"texture":"#1"}}},{"from":[0,-4,16.25],"to":[0,8,21.75],"rotation":{"angle":-22.5,"axis":"y","origin":[5,9,7]},"faces":{"north":{"uv":[0,0,0,12],"texture":"#1"},"east":{"uv":[5.5,0,0,12],"texture":"#1"},"south":{"uv":[0,0,0,12],"texture":"#1"},"west":{"uv":[0,0,5.5,12],"texture":"#1"},"up":{"uv":[0,6,0,0],"texture":"#1"},"down":{"uv":[0,0,0,6],"texture":"#1"}}}],"gui_light":"front","display":{"thirdperson_righthand":{"translation":[0,1.5,3.25],"scale":[0.4,0.4,0.4]},"thirdperson_lefthand":{"translation":[0,1.5,3.25],"scale":[0.4,0.4,0.4]},"firstperson_righthand":{"rotation":[-10,0,0],"translation":[0.5,5.5,2.25],"scale":[0.5,0.5,0.5]},"firstperson_lefthand":{"rotation":[-10,180,0],"translation":[0.5,5.5,2.25],"scale":[0.5,0.5,0.5]},"ground":{"translation":[0,11.25,0],"scale":[0.6,0.6,0.6]},"gui":{"rotation":[-122.23,-42.18,-138.45],"translation":[1.25,0.75,-1.5],"scale":[0.5,0.5,0.5]},"head":{"translation":[0,8.75,1]},"fixed":{"rotation":[-45.08,-3.18,-3.25],"translation":[0.5,4,-11.5],"scale":[1.33047,1.33047,1.33047]}},"groups":[{"name":"group","origin":[16,9,0],"color":0,"children":[]},0,1,2,3,4,5,6,7,8,9,10,11,12,13,14,15,16,17,18,19]}