{"credit":"Made with Blockbench","texture_size":[128,128],"textures":{"0":"elitecreatures:sakura/sakura_texture","1":"elitecreatures:sakura/sakura_animation_02-export","particle":"elitecreatures:sakura/sakura_texture"},"elements":[{"from":[7.25,-8,7.5],"to":[8.75,1,8.5],"rotation":{"angle":0,"axis":"y","origin":[0,-14,-9]},"faces":{"north":{"uv":[0.5,0.5625,0.6875,1.6875],"texture":"#0"},"east":{"uv":[0.375,0.5625,0.5,1.6875],"texture":"#0"},"south":{"uv":[0.5,0.5625,0.6875,1.6875],"texture":"#0"},"west":{"uv":[0.375,0.5625,0.5,1.6875],"texture":"#0"},"up":{"uv":[0.5,0.5625,0.6875,0.6875],"texture":"#0"},"down":{"uv":[0.5,0.5625,0.6875,1.6875],"texture":"#0"}}},{"from":[7.25,-10.5,7],"to":[8.75,-9,9],"rotation":{"angle":0,"axis":"y","origin":[0,-14,-9]},"faces":{"north":{"uv":[1.0625,1.1875,1.25,1.375],"texture":"#0"},"east":{"uv":[1.0625,1,1.3125,1.1875],"texture":"#0"},"south":{"uv":[1.0625,1.1875,1.25,1.375],"texture":"#0"},"west":{"uv":[1.0625,1,1.3125,1.1875],"texture":"#0"},"up":{"uv":[1.0625,1.1875,1.25,1.375],"texture":"#0"},"down":{"uv":[1.0625,1.1875,1.25,1.375],"texture":"#0"}}},{"from":[7.75,-8,8.05],"to":[8.75,1,9.05],"rotation":{"angle":45,"axis":"y","origin":[8,-3.5,8.8]},"faces":{"north":{"uv":[0.8125,0.5625,0.6875,1.6875],"texture":"#0"},"east":{"uv":[0.8125,0.5625,0.6875,1.6875],"texture":"#0"},"south":{"uv":[0.6875,0.5625,0.8125,1.6875],"texture":"#0"},"west":{"uv":[0.8125,0.5625,0.6875,1.6875],"texture":"#0"},"up":{"uv":[0.8125,0.5625,0.6875,0.6875],"texture":"#0"},"down":{"uv":[0.8125,0.5625,0.6875,0.6875],"texture":"#0"}}},{"from":[7.75,-8,6.95],"to":[8.75,1,7.95],"rotation":{"angle":-45,"axis":"y","origin":[8,-3.5,7.2]},"faces":{"north":{"uv":[0.8125,0.5625,0.6875,1.6875],"texture":"#0"},"east":{"uv":[0.6875,0.5625,0.8125,1.6875],"texture":"#0"},"south":{"uv":[0.6875,0.5625,0.8125,1.6875],"texture":"#0"},"west":{"uv":[0.6875,0.5625,0.8125,1.6875],"texture":"#0"},"up":{"uv":[0.8125,0.6875,0.6875,0.5625],"texture":"#0"},"down":{"uv":[0.8125,0.6875,0.6875,0.5625],"texture":"#0"}}},{"from":[6,2,5],"to":[10,3,11],"rotation":{"angle":0,"axis":"y","origin":[0,-2,0]},"faces":{"north":{"uv":[0.8125,0.875,1.3125,1],"texture":"#0"},"east":{"uv":[0.8125,0.75,1.5625,0.875],"texture":"#0"},"south":{"uv":[0.8125,0.875,1.3125,1],"texture":"#0"},"west":{"uv":[0.8125,0.75,1.5625,0.875],"texture":"#0"},"up":{"uv":[1.0625,0,1.5625,0.75],"texture":"#0"},"down":{"uv":[1.0625,0,1.5625,0.75],"texture":"#0"}}},{"from":[7,2.5,6.25],"to":[9,3.5,9.75],"rotation":{"angle":0,"axis":"y","origin":[0,-2,0]},"faces":{"north":{"uv":[0.8125,0.625,1.0625,0.75],"texture":"#0"},"east":{"uv":[0.375,1.6875,0.8125,1.8125],"texture":"#0"},"south":{"uv":[0.8125,0.625,1.0625,0.75],"texture":"#0"},"west":{"uv":[0.375,1.6875,0.8125,1.8125],"texture":"#0"},"up":{"uv":[0.8125,1,1.0625,1.4375],"texture":"#0"},"down":{"uv":[0.8125,1,1.0625,1.4375],"texture":"#0"}}},{"from":[7.75,3.5,7.25],"to":[8.25,26.5,9.75],"rotation":{"angle":0,"axis":"y","origin":[0,-2,0]},"faces":{"north":{"uv":[0,2.875,0.0625,5.75],"texture":"#0"},"east":{"uv":[0.3125,0,0,2.875],"texture":"#0"},"south":{"uv":[0.3125,0,0.375,2.875],"texture":"#0"},"west":{"uv":[0,0,0.3125,2.875],"texture":"#0"},"up":{"uv":[0.3125,0,0.375,0.3125],"texture":"#0"},"down":{"uv":[0.3125,0,0.375,0.3125],"texture":"#0"}}},{"from":[7.85,26.5,7.25],"to":[8.15,28.5,8.75],"rotation":{"angle":45,"axis":"x","origin":[8,26.5,7.25]},"faces":{"north":{"uv":[0.375,0.3125,0.4375,0.5625],"texture":"#0"},"east":{"uv":[0.75,0,0.5625,0.25],"texture":"#0"},"south":{"uv":[0.375,0.3125,0.4375,0.5625],"texture":"#0"},"west":{"uv":[0.5625,0,0.75,0.25],"texture":"#0"},"up":{"uv":[0.4375,0.1875,0.5,0.375],"texture":"#0"},"down":{"uv":[0.4375,0.1875,0.5,0.375],"texture":"#0"}}},{"from":[7.75,26.5,8.65],"to":[8.25,28,9.75],"rotation":{"angle":0,"axis":"y","origin":[0,-2,0]},"faces":{"north":{"uv":[0.5,0,0.5625,0.1875],"texture":"#0"},"east":{"uv":[0.375,0,0.5,0.1875],"texture":"#0"},"south":{"uv":[0.5,0,0.5625,0.1875],"texture":"#0"},"west":{"uv":[0.375,0,0.5,0.1875],"texture":"#0"},"up":{"uv":[0.375,0.1875,0.4375,0.3125],"texture":"#0"},"down":{"uv":[0.375,0.1875,0.4375,0.3125],"texture":"#0"}}},{"from":[7,-9,6.25],"to":[9,-8,9.75],"rotation":{"angle":0,"axis":"y","origin":[0,-2,0]},"faces":{"north":{"uv":[0.5,0.25,0.75,0.375],"texture":"#0"},"east":{"uv":[0.4375,0.4375,0.875,0.5625],"texture":"#0"},"south":{"uv":[0.5,0.25,0.75,0.375],"texture":"#0"},"west":{"uv":[0.4375,0.4375,0.875,0.5625],"texture":"#0"},"up":{"uv":[0.75,0,1,0.4375],"texture":"#0"},"down":{"uv":[0.75,0,1,0.4375],"texture":"#0"}}},{"from":[7,1,6.25],"to":[9,2,9.75],"rotation":{"angle":0,"axis":"y","origin":[0,-2,0]},"faces":{"north":{"uv":[0.5,0.25,0.75,0.375],"texture":"#0"},"east":{"uv":[0.4375,0.4375,0.875,0.5625],"texture":"#0"},"south":{"uv":[0.5,0.25,0.75,0.375],"texture":"#0"},"west":{"uv":[0.4375,0.4375,0.875,0.5625],"texture":"#0"},"up":{"uv":[0.75,0,1,0.4375],"texture":"#0"},"down":{"uv":[0.75,0,1,0.4375],"texture":"#0"}}},{"from":[8,3,5.75],"to":[8,32,10.75],"rotation":{"angle":0,"axis":"y","origin":[0,2,0]},"faces":{"north":{"uv":[0,0,0,3.875],"texture":"#0"},"east":{"uv":[16,0,15.375,3.625],"texture":"#0"},"south":{"uv":[0,0,0,3.875],"texture":"#0"},"west":{"uv":[15.375,0,16,3.625],"texture":"#0"},"up":{"uv":[0,0,0,0.625],"texture":"#0"},"down":{"uv":[0,0,0,0.625],"texture":"#0"}}},{"from":[8,3,8],"to":[8,13,16],"faces":{"north":{"uv":[0,0,0,10],"texture":"#missing"},"east":{"uv":[8,10,0,0],"texture":"#1"},"south":{"uv":[0,0,0,10],"texture":"#missing"},"west":{"uv":[0,10,8,0],"texture":"#1"},"up":{"uv":[0,8,0,0],"texture":"#missing"},"down":{"uv":[0,0,0,8],"texture":"#missing"}}},{"from":[7.5,-13.9,8],"to":[8.5,-13.4,9],"rotation":{"angle":0,"axis":"y","origin":[0,-2,0]},"faces":{"north":{"uv":[0.5625,0.5,0.6875,0.5625],"texture":"#0"},"east":{"uv":[0.5625,0.5,0.6875,0.5625],"texture":"#0"},"south":{"uv":[0.5625,0.5,0.6875,0.5625],"texture":"#0"},"west":{"uv":[0.5625,0.5,0.6875,0.5625],"texture":"#0"},"up":{"uv":[0.75,0,0.875,0.125],"texture":"#0"},"down":{"uv":[0.75,0,0.875,0.125],"texture":"#0"}}},{"from":[7.5,-12.5,8],"to":[8.5,-11.5,9],"rotation":{"angle":0,"axis":"y","origin":[0,-2,0]},"faces":{"north":{"uv":[0.6875,0.4375,0.8125,0.5625],"texture":"#0"},"east":{"uv":[0.6875,0.4375,0.8125,0.5625],"texture":"#0"},"south":{"uv":[0.6875,0.4375,0.8125,0.5625],"texture":"#0"},"west":{"uv":[0.6875,0.4375,0.8125,0.5625],"texture":"#0"},"up":{"uv":[0.75,0,0.875,0.125],"texture":"#0"},"down":{"uv":[0.75,0,0.875,0.125],"texture":"#0"}}},{"from":[8,-16,7.3],"to":[8,-10,9.3],"rotation":{"angle":0,"axis":"y","origin":[8,-9.75,8]},"faces":{"north":{"uv":[1.0625,1.1875,1.25,1.375],"texture":"#0"},"east":{"uv":[2.3125,0.375,2.0625,1.125],"texture":"#0"},"south":{"uv":[1.0625,1.1875,1.25,1.375],"texture":"#0"},"west":{"uv":[2.0625,0.375,2.3125,1.125],"texture":"#0"},"up":{"uv":[1.0625,1.1875,1.25,1.375],"texture":"#0"},"down":{"uv":[1.0625,1.1875,1.25,1.375],"texture":"#0"}}},{"from":[8,12,9.5],"to":[8,22,17.5],"faces":{"north":{"uv":[0,0,0,10],"texture":"#missing"},"east":{"uv":[8,0,0,10],"texture":"#1"},"south":{"uv":[0,0,0,10],"texture":"#missing"},"west":{"uv":[0,0,8,10],"texture":"#1"},"up":{"uv":[0,8,0,0],"texture":"#missing"},"down":{"uv":[0,0,0,8],"texture":"#missing"}}},{"from":[8,21,11],"to":[8,31,19],"faces":{"north":{"uv":[0,0,0,10],"texture":"#missing"},"east":{"uv":[8,10,0,0],"texture":"#1"},"south":{"uv":[0,0,0,10],"texture":"#missing"},"west":{"uv":[0,10,8,0],"texture":"#1"},"up":{"uv":[0,8,0,0],"texture":"#missing"},"down":{"uv":[0,0,0,8],"texture":"#missing"}}}],"gui_light":"front","display":{"thirdperson_righthand":{"translation":[0,6.25,1.25],"scale":[0.7,0.7,0.7]},"thirdperson_lefthand":{"translation":[0,5.5,1.25],"scale":[0.7,0.7,0.7]},"firstperson_righthand":{"rotation":[-15.25,0,0],"translation":[-1.75,5.25,0],"scale":[0.51992,0.51992,0.51992]},"firstperson_lefthand":{"rotation":[-16.5,0,0],"translation":[-1.75,5.5,0],"scale":[0.51992,0.51992,0.51992]},"ground":{"rotation":[-20.48,-16.05,38.43],"translation":[0,8,0],"scale":[0.6,0.6,0.6]},"gui":{"rotation":[-90,-45,-90],"translation":[0.5,0.75,-1.5],"scale":[0.5,0.5,0.5]},"head":{"rotation":[-91.38,44.22,-89.07],"translation":[2.75,-16.5,5.5],"scale":[0.84805,0.84805,0.84805]},"fixed":{"rotation":[-90,-45,-90],"translation":[4,4,-5.5],"scale":[1.33047,1.33047,1.33047]}}}