{"credit":"Made by LZLeon with Blockbench, Contact - Discord: LZBlocks#0261 - E-Mail: lzblocks@outlook.com","texture_size":[32,32],"textures":{"0":"lzfurniture:furniture/outdoor/outdoor_rocks_big","particle":"lzfurniture:furniture/outdoor/outdoor_rocks_big"},"elements":[{"from":[5,0,3],"to":[11,4,12],"rotation":{"angle":0,"axis":"y","origin":[-1,0,0]},"faces":{"north":{"uv":[4.5,4.5,7.5,6.5],"texture":"#0"},"east":{"uv":[0,4.5,4.5,6.5],"texture":"#0"},"south":{"uv":[12,4.5,15,6.5],"texture":"#0"},"west":{"uv":[7.5,4.5,12,6.5],"texture":"#0"},"up":{"uv":[7.5,4.5,4.5,0],"texture":"#0"},"down":{"uv":[10.5,0,7.5,4.5],"texture":"#0"}}},{"from":[3,0,-1],"to":[7,2,4],"rotation":{"angle":-22.5,"axis":"y","origin":[-1,0,0]},"faces":{"north":{"uv":[2.5,9.5,4.5,10.5],"texture":"#0"},"east":{"uv":[0,9.5,2.5,10.5],"texture":"#0"},"south":{"uv":[7,9.5,9,10.5],"texture":"#0"},"west":{"uv":[4.5,9.5,7,10.5],"texture":"#0"},"up":{"uv":[4.5,9.5,2.5,7],"texture":"#0"},"down":{"uv":[6.5,7,4.5,9.5],"texture":"#0"}}},{"from":[12,0,1],"to":[14,1,4],"rotation":{"angle":0,"axis":"y","origin":[-1,0,0]},"faces":{"north":{"uv":[12.5,1.5,13.5,2],"texture":"#0"},"east":{"uv":[11,1.5,12.5,2],"texture":"#0"},"south":{"uv":[15,1.5,16,2],"texture":"#0"},"west":{"uv":[13.5,1.5,15,2],"texture":"#0"},"up":{"uv":[13.5,1.5,12.5,0],"texture":"#0"},"down":{"uv":[14.5,0,13.5,1.5],"texture":"#0"}}},{"from":[5,0,7],"to":[8,1,10],"rotation":{"angle":-22.5,"axis":"y","origin":[-1,0,0]},"faces":{"north":{"uv":[1.5,12.5,3,13],"texture":"#0"},"east":{"uv":[0,12.5,1.5,13],"texture":"#0"},"south":{"uv":[4.5,12.5,6,13],"texture":"#0"},"west":{"uv":[3,12.5,4.5,13],"texture":"#0"},"up":{"uv":[3,12.5,1.5,11],"texture":"#0"},"down":{"uv":[4.5,11,3,12.5],"texture":"#0"}}},{"from":[14,0,5],"to":[17,2,9],"rotation":{"angle":-22.5,"axis":"y","origin":[-1,0,0]},"faces":{"north":{"uv":[9.5,11,11,12],"texture":"#0"},"east":{"uv":[7.5,11,9.5,12],"texture":"#0"},"south":{"uv":[13,11,14.5,12],"texture":"#0"},"west":{"uv":[11,11,13,12],"texture":"#0"},"up":{"uv":[11,11,9.5,9],"texture":"#0"},"down":{"uv":[12.5,9,11,11],"texture":"#0"}}}],"display":{"thirdperson_righthand":{"rotation":[60,-160,0],"translation":[0,5,3.25],"scale":[-0.6,0.6,-0.6]},"thirdperson_lefthand":{"rotation":[60,-160,0],"translation":[0,5,3.25],"scale":[-0.6,0.6,-0.6]},"firstperson_righthand":{"rotation":[0,-73,6],"translation":[-0.5,5.75,0],"scale":[-0.6,0.6,-0.6]},"firstperson_lefthand":{"rotation":[0,-73,6],"translation":[-0.5,5.75,0],"scale":[-0.6,0.6,-0.6]},"ground":{"translation":[0,1.5,0],"scale":[0.35,0.35,0.35]},"gui":{"rotation":[30,-40,0],"translation":[0.5,4.5,0],"scale":[-0.8,0.8,-0.8]},"head":{"translation":[0,-30.4,0],"scale":[1.6,1.6,1.6]},"fixed":{"rotation":[90,0,-180],"translation":[0,0,-15],"scale":[2,2,2]}}}