{"credit":"Made with Blockbench","texture_size":[64,64],"textures":{"1":"cat_theme_furniture_v1:11_lamp_texture"},"elements":[{"from":[5.01245,0.69735,5.60665],"to":[11.01245,5.69735,12.60665],"rotation":{"angle":-22.5,"axis":"x","origin":[8.01245,3.56843,8]},"faces":{"north":{"uv":[3.5,1.5,5,2.75],"texture":"#1"},"east":{"uv":[1.5,3.25,3.25,4.5],"texture":"#1"},"south":{"uv":[4.5,0,6,1.25],"texture":"#1"},"west":{"uv":[3.25,3.25,5,4.5],"texture":"#1"},"up":{"uv":[1.5,1.75,0,0],"texture":"#1"},"down":{"uv":[3,0,1.5,1.75],"texture":"#1"}}},{"from":[7.91,7,13],"to":[8.89,15,14],"rotation":{"angle":0,"axis":"y","origin":[8.01245,3.56843,8]},"faces":{"north":{"uv":[0.75,6.25,1,8.25],"texture":"#1"},"east":{"uv":[0.75,6.25,1,8.25],"texture":"#1"},"south":{"uv":[0.75,6.25,1,8.25],"texture":"#1"},"west":{"uv":[0.75,6.25,1,8.25],"texture":"#1"},"up":{"uv":[8,2.75,7.75,2.5],"texture":"#1"},"down":{"uv":[8,2.75,7.75,3],"texture":"#1"}}},{"from":[7.9,13.47487,10.31802],"to":[8.9,17.47487,11.31802],"rotation":{"angle":-45,"axis":"x","origin":[8.4,17.47487,10.81802]},"faces":{"north":{"uv":[6,7,6.25,8],"texture":"#1"},"east":{"uv":[6,7,6.25,8],"texture":"#1"},"south":{"uv":[6,7,6.25,8],"texture":"#1"},"west":{"uv":[6,7,6.25,8],"texture":"#1"},"up":{"uv":[8,3.75,7.75,3.5],"texture":"#1"},"down":{"uv":[8,3.75,7.75,4],"texture":"#1"}}},{"from":[7.91,16.82843,5.17157],"to":[8.89,17.82843,11.17157],"rotation":{"angle":0,"axis":"y","origin":[8.4,17.32843,9.17157]},"faces":{"north":{"uv":[4,7.75,4.25,8],"texture":"#1"},"east":{"uv":[5,3,3.5,3.25],"texture":"#1"},"south":{"uv":[7.75,4,8,4.25],"texture":"#1"},"west":{"uv":[3.5,3,5,3.25],"texture":"#1"},"up":{"uv":[5.5,8,5.75,6.5],"texture":"#1"},"down":{"uv":[5.5,6.5,5.75,8],"texture":"#1"}}},{"from":[6.4,11.82843,3.67157],"to":[10.4,15.82843,7.67157],"rotation":{"angle":0,"axis":"y","origin":[8.4,17.32843,9.17157]},"faces":{"north":{"uv":[3,5.5,4,6.5],"texture":"#1"},"east":{"uv":[3,5.5,4,6.5],"texture":"#1"},"south":{"uv":[3,5.5,4,6.5],"texture":"#1"},"west":{"uv":[3,5.5,4,6.5],"texture":"#1"},"up":{"uv":[3,5.5,4,6.5],"texture":"#1"},"down":{"uv":[3,5.5,4,6.5],"texture":"#1"}}},{"from":[5.4,14.82943,2.67157],"to":[5.4,16.82943,8.67157],"rotation":{"angle":0,"axis":"y","origin":[8.4,12.82943,5.67157]},"faces":{"north":{"uv":[0,0,1.5,0],"rotation":270,"texture":"#1"},"east":{"uv":[3,0.5,4.5,0],"rotation":180,"texture":"#1"},"south":{"uv":[0,0,1.5,0],"rotation":90,"texture":"#1"},"west":{"uv":[4.5,0.5,3,0],"rotation":180,"texture":"#1"},"up":{"uv":[0,0,1.5,0],"rotation":90,"texture":"#1"},"down":{"uv":[0,0,1.5,0],"rotation":90,"texture":"#1"}}},{"from":[11.4,14.82943,2.67157],"to":[11.4,16.82943,8.67157],"rotation":{"angle":0,"axis":"y","origin":[8.4,12.82943,5.67157]},"faces":{"north":{"uv":[0,0,1.5,0],"rotation":270,"texture":"#1"},"east":{"uv":[3,0.5,4.5,0],"rotation":180,"texture":"#1"},"south":{"uv":[0,0,1.5,0],"rotation":90,"texture":"#1"},"west":{"uv":[4.5,0.5,3,0],"rotation":180,"texture":"#1"},"up":{"uv":[0,0,1.5,0],"rotation":90,"texture":"#1"},"down":{"uv":[0,0,1.5,0],"rotation":90,"texture":"#1"}}},{"from":[5.4,14.82943,2.67157],"to":[11.4,16.82943,2.67157],"rotation":{"angle":0,"axis":"y","origin":[8.4,15.82943,5.67157]},"faces":{"north":{"uv":[3,0.5,4.5,0],"rotation":180,"texture":"#1"},"east":{"uv":[0,0,1.5,0],"rotation":90,"texture":"#1"},"south":{"uv":[4.5,0.5,3,0],"rotation":180,"texture":"#1"},"west":{"uv":[0,0,1.5,0],"rotation":270,"texture":"#1"},"up":{"uv":[0,0,1.5,0],"texture":"#1"},"down":{"uv":[0,0,1.5,0],"rotation":180,"texture":"#1"}}},{"from":[5.4,14.82943,8.67157],"to":[11.4,16.82943,8.67157],"rotation":{"angle":0,"axis":"y","origin":[8.4,15.82943,5.67157]},"faces":{"north":{"uv":[3,0.5,4.5,0],"rotation":180,"texture":"#1"},"east":{"uv":[0,0,1.5,0],"rotation":90,"texture":"#1"},"south":{"uv":[4.5,0.5,3,0],"rotation":180,"texture":"#1"},"west":{"uv":[0,0,1.5,0],"rotation":270,"texture":"#1"},"up":{"uv":[0,0,1.5,0],"texture":"#1"},"down":{"uv":[0,0,1.5,0],"rotation":180,"texture":"#1"}}},{"from":[5.4,16.82843,2.67157],"to":[11.4,16.82843,8.67157],"rotation":{"angle":0,"axis":"y","origin":[8.4,17.32843,9.17157]},"faces":{"north":{"uv":[0,0,1.5,0],"texture":"#1"},"east":{"uv":[0,0,1.5,0],"texture":"#1"},"south":{"uv":[0,0,1.5,0],"texture":"#1"},"west":{"uv":[0,0,1.5,0],"texture":"#1"},"up":{"uv":[4.5,1.5,3,0],"texture":"#1"},"down":{"uv":[4.5,0,3,1.5],"texture":"#1"}}},{"from":[7.9,5.81802,9.61091],"to":[8.9,8.81802,10.61091],"rotation":{"angle":45,"axis":"x","origin":[8.4,3.81802,10.11091]},"faces":{"north":{"uv":[1.25,7.5,1.5,8.25],"texture":"#1"},"east":{"uv":[1.25,7.5,1.5,8.25],"texture":"#1"},"south":{"uv":[1.25,7.5,1.5,8.25],"texture":"#1"},"west":{"uv":[1.25,7.5,1.5,8.25],"texture":"#1"},"up":{"uv":[8,3.25,7.75,3],"texture":"#1"},"down":{"uv":[8,3.25,7.75,3.5],"texture":"#1"}}},{"from":[11.01245,2.68336,10.59302],"to":[13.01245,6.18336,13.59302],"rotation":{"angle":22.5,"axis":"x","origin":[8.01245,3.56843,8]},"faces":{"north":{"uv":[2,6.5,2.5,7.375],"texture":"#1"},"east":{"uv":[6,3,6.75,3.875],"texture":"#1"},"south":{"uv":[2,6.5,2.5,7.375],"texture":"#1"},"west":{"uv":[6,4,6.75,4.875],"texture":"#1"},"up":{"uv":[1.5,5.5,1,4.75],"texture":"#1"},"down":{"uv":[4.5,6.5,4,7.25],"texture":"#1"}}},{"from":[11.11245,-0.58953,7.21144],"to":[12.61245,0.91047,9.21144],"rotation":{"angle":-45,"axis":"x","origin":[8.01245,3.56843,8]},"faces":{"north":{"uv":[1.5,7.5,1.875,7.875],"texture":"#1"},"east":{"uv":[6.25,7,6.75,7.375],"texture":"#1"},"south":{"uv":[2,7.5,2.375,7.875],"texture":"#1"},"west":{"uv":[7.25,0,7.75,0.375],"texture":"#1"},"up":{"uv":[7.625,1,7.25,0.5],"texture":"#1"},"down":{"uv":[7.625,1,7.25,1.5],"texture":"#1"}}},{"from":[11.01245,0,8.18755],"to":[13.01245,0.5,10.68755],"rotation":{"angle":0,"axis":"y","origin":[8.01245,3.56843,8]},"faces":{"north":{"uv":[3,1.5,3.5,1.625],"texture":"#1"},"east":{"uv":[6.75,7.5,7.375,7.625],"texture":"#1"},"south":{"uv":[4.5,1.25,5,1.375],"texture":"#1"},"west":{"uv":[7.5,7,8.125,7.125],"texture":"#1"},"up":{"uv":[1.5,7.375,1,6.75],"texture":"#1"},"down":{"uv":[2,6.75,1.5,7.375],"texture":"#1"}}},{"from":[2.98755,2.68336,10.59302],"to":[4.98755,6.18336,13.59302],"rotation":{"angle":22.5,"axis":"x","origin":[7.98755,3.56843,8]},"faces":{"north":{"uv":[2.5,6.5,2,7.375],"texture":"#1"},"east":{"uv":[6.75,4,6,4.875],"texture":"#1"},"south":{"uv":[2.5,6.5,2,7.375],"texture":"#1"},"west":{"uv":[6.75,3,6,3.875],"texture":"#1"},"up":{"uv":[1,5.5,1.5,4.75],"texture":"#1"},"down":{"uv":[4,6.5,4.5,7.25],"texture":"#1"}}},{"from":[2.98755,0,8.18755],"to":[4.98755,0.5,10.68755],"rotation":{"angle":0,"axis":"y","origin":[7.98755,3.56843,8]},"faces":{"north":{"uv":[3.5,1.5,3,1.625],"texture":"#1"},"east":{"uv":[8.125,7,7.5,7.125],"texture":"#1"},"south":{"uv":[5,1.25,4.5,1.375],"texture":"#1"},"west":{"uv":[7.375,7.5,6.75,7.625],"texture":"#1"},"up":{"uv":[1,7.375,1.5,6.75],"texture":"#1"},"down":{"uv":[1.5,6.75,2,7.375],"texture":"#1"}}},{"from":[3.38755,-0.58953,7.21144],"to":[4.88755,0.91047,9.21144],"rotation":{"angle":-45,"axis":"x","origin":[7.98755,3.56843,8]},"faces":{"north":{"uv":[1.875,7.5,1.5,7.875],"texture":"#1"},"east":{"uv":[7.75,0,7.25,0.375],"texture":"#1"},"south":{"uv":[2.375,7.5,2,7.875],"texture":"#1"},"west":{"uv":[6.75,7,6.25,7.375],"texture":"#1"},"up":{"uv":[7.25,1,7.625,0.5],"texture":"#1"},"down":{"uv":[7.25,1,7.625,1.5],"texture":"#1"}}},{"from":[11.01245,0,5.1593],"to":[12.51245,1.5,7.1593],"rotation":{"angle":0,"axis":"y","origin":[8.01245,3.56843,8]},"faces":{"north":{"uv":[3.5,7.5,3.875,7.875],"texture":"#1"},"east":{"uv":[7.25,3.5,7.75,3.875],"texture":"#1"},"south":{"uv":[7.5,6,7.875,6.375],"texture":"#1"},"west":{"uv":[4,7.25,4.5,7.625],"texture":"#1"},"up":{"uv":[7.625,4.5,7.25,4],"texture":"#1"},"down":{"uv":[4.875,7.25,4.5,7.75],"texture":"#1"}}},{"from":[9.38295,0,2.02038],"to":[11.38295,0.5,4.52038],"rotation":{"angle":-22.5,"axis":"y","origin":[8.01245,3.56843,8]},"faces":{"north":{"uv":[7.75,1.5,8.25,1.625],"texture":"#1"},"east":{"uv":[7.75,0,8.375,0.125],"texture":"#1"},"south":{"uv":[7.75,1.75,8.25,1.875],"texture":"#1"},"west":{"uv":[7.75,0.25,8.375,0.375],"texture":"#1"},"up":{"uv":[7.25,5.125,6.75,4.5],"texture":"#1"},"down":{"uv":[7.25,5.25,6.75,5.875],"texture":"#1"}}},{"from":[5.41705,0,2.02038],"to":[7.41705,0.5,4.52038],"rotation":{"angle":22.5,"axis":"y","origin":[8.78755,3.56843,8]},"faces":{"north":{"uv":[8.25,1.5,7.75,1.625],"texture":"#1"},"east":{"uv":[8.375,0.25,7.75,0.375],"texture":"#1"},"south":{"uv":[8.25,1.75,7.75,1.875],"texture":"#1"},"west":{"uv":[8.375,0,7.75,0.125],"texture":"#1"},"up":{"uv":[6.75,5.125,7.25,4.5],"texture":"#1"},"down":{"uv":[6.75,5.25,7.25,5.875],"texture":"#1"}}},{"from":[4.28755,0,5.1593],"to":[5.78755,1.5,7.1593],"rotation":{"angle":0,"axis":"y","origin":[8.78755,3.56843,8]},"faces":{"north":{"uv":[3.875,7.5,3.5,7.875],"texture":"#1"},"east":{"uv":[4.5,7.25,4,7.625],"texture":"#1"},"south":{"uv":[7.875,6,7.5,6.375],"texture":"#1"},"west":{"uv":[7.75,3.5,7.25,3.875],"texture":"#1"},"up":{"uv":[7.25,4.5,7.625,4],"texture":"#1"},"down":{"uv":[4.5,7.25,4.875,7.75],"texture":"#1"}}},{"from":[4.76245,0,2.88755],"to":[11.26245,6,6.88755],"rotation":{"angle":0,"axis":"y","origin":[8.01245,3.56843,8]},"faces":{"north":{"uv":[0,1.75,1.625,3.25],"texture":"#1"},"east":{"uv":[0,4.75,1,6.25],"texture":"#1"},"south":{"uv":[1.75,1.75,3.375,3.25],"texture":"#1"},"west":{"uv":[5,1.25,6,2.75],"texture":"#1"},"up":{"uv":[3.125,5.5,1.5,4.5],"texture":"#1"},"down":{"uv":[4.875,4.5,3.25,5.5],"texture":"#1"}}},{"from":[5.15911,5.11729,3.88755],"to":[8.65911,10.11729,3.88755],"rotation":{"angle":22.5,"axis":"z","origin":[8.01245,3.56843,8]},"faces":{"north":{"uv":[5,2.75,5.875,4],"texture":"#1"},"east":{"uv":[0,0,0,1.25],"texture":"#1"},"south":{"uv":[5,4,5.875,5.25],"texture":"#1"},"west":{"uv":[0,0,0,1.25],"texture":"#1"},"up":{"uv":[0.875,0,0,0],"texture":"#1"},"down":{"uv":[0.875,0,0,0],"texture":"#1"}}},{"from":[7.3658,5.11729,3.88755],"to":[10.8658,10.11729,3.88755],"rotation":{"angle":-22.5,"axis":"z","origin":[8.01245,3.56843,8]},"faces":{"north":{"uv":[5,5.25,5.875,6.5],"texture":"#1"},"east":{"uv":[0,0,0,1.25],"texture":"#1"},"south":{"uv":[1,5.5,1.875,6.75],"texture":"#1"},"west":{"uv":[0,0,0,1.25],"texture":"#1"},"up":{"uv":[0.875,0,0,0],"texture":"#1"},"down":{"uv":[0.875,0,0,0],"texture":"#1"}}}],"gui_light":"front","display":{"thirdperson_righthand":{"rotation":[67.5,0,0],"translation":[0,1.75,0.5],"scale":[0.34117,0.34117,0.34117]},"thirdperson_lefthand":{"rotation":[67.5,0,0],"translation":[0,1.75,0.5],"scale":[0.34117,0.34117,0.34117]},"firstperson_righthand":{"translation":[1.5,4,1.75],"scale":[0.29484,0.29484,0.29484]},"firstperson_lefthand":{"translation":[1.5,4,1.75],"scale":[0.29484,0.29484,0.29484]},"ground":{"translation":[0,6,0],"scale":[0.55,0.55,0.55]},"gui":{"rotation":[30,135,0],"translation":[-0.25,0,0],"scale":[0.73102,0.73102,0.73102]},"head":{"rotation":[0,180,0],"translation":[0,-30.4,0],"scale":[1.6,1.6,1.6]},"fixed":{"rotation":[-90,0,0],"translation":[0,0,-16],"scale":[2,2,2]}},"groups":[0,1,2,3,4,{"name":"group","origin":[8.4,12.82943,2.67157],"color":0,"children":[5,6,7,8,9]},10,11,12,13,14,15,16,17,18,19,20,21,22,23]}