{"credit":"MadewithBlockbench","texture_size":[64,64],"textures":{"0":"20th_century_furniture_v1:02_carpet_texture","particle":"20th_century_furniture_v1:02_carpet_texture"},"elements":[{"from":[-16,0,-16],"to":[32,0.1,16],"rotation":{"angle":0,"axis":"y","origin":[16,0.05,8]},"faces":{"up":{"uv":[12,8,0,0],"texture":"#0"},"down":{"uv":[12,8,0,16],"texture":"#0"}}}],"gui_light":"front","display":{"thirdperson_righthand":{"rotation":[67.5,0,0],"translation":[0,1.25,1.25],"scale":[0.13344,0.13344,0.13344]},"thirdperson_lefthand":{"rotation":[67.5,0,0],"translation":[0,1.25,1.25],"scale":[0.13344,0.13344,0.13344]},"firstperson_righthand":{"translation":[2.75,3.75,0],"scale":[0.26883,0.26883,0.26883]},"firstperson_lefthand":{"translation":[2.75,3.75,0],"scale":[0.26883,0.26883,0.26883]},"ground":{"translation":[0,6,0],"scale":[0.3,0.3,0.3]},"gui":{"rotation":[30,135,0],"translation":[1.5,2,0],"scale":[0.26758,0.26758,0.26758]},"head":{"rotation":[0,-180,0],"translation":[0,-30.4,-12.75],"scale":[1.6,1.6,1.6]},"fixed":{"rotation":[-90,0,0],"translation":[0,16,-16],"scale":[2,2,2]}}}