{"credit":"MadewithBlockbench","texture_size":[64,64],"textures":{"2":"elitecreatures:medieval_tavern_furniture_v1/12_barrel_stack_texture","particle":"elitecreatures:medieval_tavern_furniture_v1/12_barrel_stack_texture"},"elements":[{"from":[0,-16,2],"to":[16,0,4],"rotation":{"angle":0,"axis":"y","origin":[0,2,0]},"faces":{"north":{"uv":[0,0,4,4],"texture":"#2"},"east":{"uv":[11,11,11.5,15],"texture":"#2"},"south":{"uv":[0,4,4,8],"texture":"#2"},"west":{"uv":[0,11.5,0.5,15.5],"texture":"#2"},"up":{"uv":[15.5,4,11.5,3.5],"texture":"#2"},"down":{"uv":[15.5,4,11.5,4.5],"texture":"#2"}}},{"from":[0,-16,12],"to":[16,0,14],"rotation":{"angle":0,"axis":"y","origin":[0,2,16]},"faces":{"north":{"uv":[4,0,8,4],"texture":"#2"},"east":{"uv":[0.5,11.5,1,15.5],"texture":"#2"},"south":{"uv":[4,4,8,8],"texture":"#2"},"west":{"uv":[1,11.5,1.5,15.5],"texture":"#2"},"up":{"uv":[15.5,5,11.5,4.5],"texture":"#2"},"down":{"uv":[15.5,5,11.5,5.5],"texture":"#2"}}},{"from":[1,-15,0],"to":[15,-1,16],"rotation":{"angle":0,"axis":"y","origin":[0,2,0]},"faces":{"north":{"uv":[7.5,8,11,11.5],"texture":"#2"},"east":{"uv":[0,8,4,11.5],"texture":"#2"},"south":{"uv":[11,7.5,14.5,11],"texture":"#2"},"west":{"uv":[8,0,12,3.5],"texture":"#2"},"up":{"uv":[11.5,7.5,8,3.5],"texture":"#2"},"down":{"uv":[7.5,8,4,12],"texture":"#2"}}},{"from":[0,16,2],"to":[16,32,4],"rotation":{"angle":0,"axis":"y","origin":[8,24,8]},"faces":{"north":{"uv":[0,0,4,4],"texture":"#2"},"east":{"uv":[11,11,11.5,15],"texture":"#2"},"south":{"uv":[0,4,4,8],"texture":"#2"},"west":{"uv":[0,11.5,0.5,15.5],"texture":"#2"},"up":{"uv":[15.5,4,11.5,3.5],"texture":"#2"},"down":{"uv":[15.5,4,11.5,4.5],"texture":"#2"}}},{"from":[0,16,12],"to":[16,32,14],"rotation":{"angle":0,"axis":"y","origin":[8,24,8]},"faces":{"north":{"uv":[4,0,8,4],"texture":"#2"},"east":{"uv":[0.5,11.5,1,15.5],"texture":"#2"},"south":{"uv":[4,4,8,8],"texture":"#2"},"west":{"uv":[1,11.5,1.5,15.5],"texture":"#2"},"up":{"uv":[15.5,5,11.5,4.5],"texture":"#2"},"down":{"uv":[15.5,5,11.5,5.5],"texture":"#2"}}},{"from":[1,17,0],"to":[15,31,16],"rotation":{"angle":0,"axis":"y","origin":[8,24,8]},"faces":{"north":{"uv":[7.5,8,11,11.5],"texture":"#2"},"east":{"uv":[0,8,4,11.5],"texture":"#2"},"south":{"uv":[11,7.5,14.5,11],"texture":"#2"},"west":{"uv":[8,0,12,3.5],"texture":"#2"},"up":{"uv":[11.5,7.5,8,3.5],"texture":"#2"},"down":{"uv":[7.5,8,4,12],"texture":"#2"}}},{"from":[-16,-16,2],"to":[0,0,4],"rotation":{"angle":0,"axis":"y","origin":[0,2,0]},"faces":{"north":{"uv":[0,0,4,4],"texture":"#2"},"east":{"uv":[11,11,11.5,15],"texture":"#2"},"south":{"uv":[0,4,4,8],"texture":"#2"},"west":{"uv":[0,11.5,0.5,15.5],"texture":"#2"},"up":{"uv":[15.5,4,11.5,3.5],"texture":"#2"},"down":{"uv":[15.5,4,11.5,4.5],"texture":"#2"}}},{"from":[-16,-16,12],"to":[0,0,14],"rotation":{"angle":0,"axis":"y","origin":[0,2,16]},"faces":{"north":{"uv":[4,0,8,4],"texture":"#2"},"east":{"uv":[0.5,11.5,1,15.5],"texture":"#2"},"south":{"uv":[4,4,8,8],"texture":"#2"},"west":{"uv":[1,11.5,1.5,15.5],"texture":"#2"},"up":{"uv":[15.5,5,11.5,4.5],"texture":"#2"},"down":{"uv":[15.5,5,11.5,5.5],"texture":"#2"}}},{"from":[-15,-15,0],"to":[-1,-1,16],"rotation":{"angle":0,"axis":"y","origin":[0,2,0]},"faces":{"north":{"uv":[7.5,8,11,11.5],"texture":"#2"},"east":{"uv":[0,8,4,11.5],"texture":"#2"},"south":{"uv":[11,7.5,14.5,11],"texture":"#2"},"west":{"uv":[8,0,12,3.5],"texture":"#2"},"up":{"uv":[11.5,7.5,8,3.5],"texture":"#2"},"down":{"uv":[7.5,8,4,12],"texture":"#2"}}},{"from":[16,-16,2],"to":[32,0,4],"rotation":{"angle":0,"axis":"y","origin":[0,2,0]},"faces":{"north":{"uv":[0,0,4,4],"texture":"#2"},"east":{"uv":[11,11,11.5,15],"texture":"#2"},"south":{"uv":[0,4,4,8],"texture":"#2"},"west":{"uv":[0,11.5,0.5,15.5],"texture":"#2"},"up":{"uv":[15.5,4,11.5,3.5],"texture":"#2"},"down":{"uv":[15.5,4,11.5,4.5],"texture":"#2"}}},{"from":[16,-16,12],"to":[32,0,14],"rotation":{"angle":0,"axis":"y","origin":[0,2,16]},"faces":{"north":{"uv":[4,0,8,4],"texture":"#2"},"east":{"uv":[0.5,11.5,1,15.5],"texture":"#2"},"south":{"uv":[4,4,8,8],"texture":"#2"},"west":{"uv":[1,11.5,1.5,15.5],"texture":"#2"},"up":{"uv":[15.5,5,11.5,4.5],"texture":"#2"},"down":{"uv":[15.5,5,11.5,5.5],"texture":"#2"}}},{"from":[17,-15,0],"to":[31,-1,16],"rotation":{"angle":0,"axis":"y","origin":[0,2,0]},"faces":{"north":{"uv":[7.5,8,11,11.5],"texture":"#2"},"east":{"uv":[0,8,4,11.5],"texture":"#2"},"south":{"uv":[11,7.5,14.5,11],"texture":"#2"},"west":{"uv":[8,0,12,3.5],"texture":"#2"},"up":{"uv":[11.5,7.5,8,3.5],"texture":"#2"},"down":{"uv":[7.5,8,4,12],"texture":"#2"}}},{"from":[8,0,2],"to":[24,16,4],"rotation":{"angle":0,"axis":"y","origin":[0,2,0]},"faces":{"north":{"uv":[0,0,4,4],"texture":"#2"},"east":{"uv":[11,11,11.5,15],"texture":"#2"},"south":{"uv":[0,4,4,8],"texture":"#2"},"west":{"uv":[0,11.5,0.5,15.5],"texture":"#2"},"up":{"uv":[15.5,4,11.5,3.5],"texture":"#2"},"down":{"uv":[15.5,4,11.5,4.5],"texture":"#2"}}},{"from":[8,0,12],"to":[24,16,14],"rotation":{"angle":0,"axis":"y","origin":[0,2,16]},"faces":{"north":{"uv":[4,0,8,4],"texture":"#2"},"east":{"uv":[0.5,11.5,1,15.5],"texture":"#2"},"south":{"uv":[4,4,8,8],"texture":"#2"},"west":{"uv":[1,11.5,1.5,15.5],"texture":"#2"},"up":{"uv":[15.5,5,11.5,4.5],"texture":"#2"},"down":{"uv":[15.5,5,11.5,5.5],"texture":"#2"}}},{"from":[9,1,0],"to":[23,15,16],"rotation":{"angle":0,"axis":"y","origin":[0,2,0]},"faces":{"north":{"uv":[7.5,8,11,11.5],"texture":"#2"},"east":{"uv":[0,8,4,11.5],"texture":"#2"},"south":{"uv":[11,7.5,14.5,11],"texture":"#2"},"west":{"uv":[8,0,12,3.5],"texture":"#2"},"up":{"uv":[11.5,7.5,8,3.5],"texture":"#2"},"down":{"uv":[7.5,8,4,12],"texture":"#2"}}},{"from":[-8,0,2],"to":[8,16,4],"rotation":{"angle":0,"axis":"y","origin":[16,2,0]},"faces":{"north":{"uv":[4,0,0,4],"texture":"#2"},"east":{"uv":[0.5,11.5,0,15.5],"texture":"#2"},"south":{"uv":[4,4,0,8],"texture":"#2"},"west":{"uv":[11.5,11,11,15],"texture":"#2"},"up":{"uv":[11.5,4,15.5,3.5],"texture":"#2"},"down":{"uv":[11.5,4,15.5,4.5],"texture":"#2"}}},{"from":[-8,0,12],"to":[8,16,14],"rotation":{"angle":0,"axis":"y","origin":[16,2,16]},"faces":{"north":{"uv":[8,0,4,4],"texture":"#2"},"east":{"uv":[1.5,11.5,1,15.5],"texture":"#2"},"south":{"uv":[8,4,4,8],"texture":"#2"},"west":{"uv":[1,11.5,0.5,15.5],"texture":"#2"},"up":{"uv":[11.5,5,15.5,4.5],"texture":"#2"},"down":{"uv":[11.5,5,15.5,5.5],"texture":"#2"}}},{"from":[-7,1,0],"to":[7,15,16],"rotation":{"angle":0,"axis":"y","origin":[16,2,0]},"faces":{"north":{"uv":[11,8,7.5,11.5],"texture":"#2"},"east":{"uv":[12,0,8,3.5],"texture":"#2"},"south":{"uv":[14.5,7.5,11,11],"texture":"#2"},"west":{"uv":[4,8,0,11.5],"texture":"#2"},"up":{"uv":[8,7.5,11.5,3.5],"texture":"#2"},"down":{"uv":[4,8,7.5,12],"texture":"#2"}}}],"gui_light":"front","display":{"thirdperson_righthand":{"rotation":[67.5,0,0],"translation":[0,1,0.25],"scale":[0.10563,0.10563,0.10563]},"thirdperson_lefthand":{"rotation":[67.5,0,0],"translation":[0,1,0.25],"scale":[0.10563,0.10563,0.10563]},"firstperson_righthand":{"rotation":[0,180,0],"translation":[2,4.25,0],"scale":[0.16688,0.16688,0.16688]},"firstperson_lefthand":{"rotation":[0,180,0],"translation":[2,4.25,0],"scale":[0.16688,0.16688,0.16688]},"ground":{"translation":[0,6,0],"scale":[0.25,0.25,0.25]},"gui":{"rotation":[30,135,0],"translation":[0,0.75,0],"scale":[0.26758,0.26758,0.26758]},"head":{"rotation":[0,180,0],"translation":[0,-4.8,0],"scale":[1.6,1.6,1.6]},"fixed":{"rotation":[-90,0,0],"translation":[0,0,-48],"scale":[2,2,2]}},"groups":[{"name":"group","origin":[0,2,0],"color":0,"children":[0,1,2]},{"name":"group","origin":[0,2,0],"color":0,"children":[3,4,5]},{"name":"group","origin":[0,2,0],"color":0,"children":[6,7,8]},{"name":"group","origin":[0,2,0],"color":0,"children":[9,10,11]},{"name":"group","origin":[0,2,0],"color":0,"children":[12,13,14]},{"name":"group","origin":[0,2,0],"color":0,"children":[15,16,17]}]}