{"credit":"MadewithBlockbench","texture_size":[64,64],"textures":{"0":"elitecreatures:medieval_tavern_furniture_v1/10_chair_texture","particle":"elitecreatures:medieval_tavern_furniture_v1/10_chair_texture"},"elements":[{"from":[2,9,2],"to":[14,11,14],"faces":{"north":{"uv":[3,0,6,0.5],"texture":"#0"},"east":{"uv":[6,1.5,3,2],"texture":"#0"},"south":{"uv":[6,0,3,0.5],"texture":"#0"},"west":{"uv":[3,1.5,6,2],"texture":"#0"},"up":{"uv":[3,3,0,0],"texture":"#0"},"down":{"uv":[3,3,0,6],"texture":"#0"}}},{"from":[2,0,2],"to":[4,9,4],"faces":{"north":{"uv":[6.5,1.5,7,3.75],"texture":"#0"},"east":{"uv":[7,1.5,6.5,3.75],"texture":"#0"},"south":{"uv":[6.5,1.5,7,3.75],"texture":"#0"},"west":{"uv":[7,1.5,6.5,3.75],"texture":"#0"},"up":{"uv":[5,7.75,4.5,7.25],"texture":"#0"},"down":{"uv":[5.5,7.25,5,7.75],"texture":"#0"}}},{"from":[12,0,2],"to":[14,9,4],"rotation":{"angle":0,"axis":"y","origin":[16,0,0]},"faces":{"north":{"uv":[7,1.5,6.5,3.75],"texture":"#0"},"east":{"uv":[6.5,1.5,7,3.75],"texture":"#0"},"south":{"uv":[7,1.5,6.5,3.75],"texture":"#0"},"west":{"uv":[6.5,1.5,7,3.75],"texture":"#0"},"up":{"uv":[4.5,7.75,5,7.25],"texture":"#0"},"down":{"uv":[5,7.25,5.5,7.75],"texture":"#0"}}},{"from":[12,0,12],"to":[14,9,14],"rotation":{"angle":0,"axis":"y","origin":[16,0,16]},"faces":{"north":{"uv":[6.5,1.5,7,3.75],"texture":"#0"},"east":{"uv":[7,1.5,6.5,3.75],"texture":"#0"},"south":{"uv":[6.5,1.5,7,3.75],"texture":"#0"},"west":{"uv":[7,1.5,6.5,3.75],"texture":"#0"},"up":{"uv":[4.5,7.25,5,7.75],"texture":"#0"},"down":{"uv":[5,7.75,5.5,7.25],"texture":"#0"}}},{"from":[2,0,12],"to":[4,9,14],"rotation":{"angle":0,"axis":"y","origin":[0,0,16]},"faces":{"north":{"uv":[7,1.5,6.5,3.75],"texture":"#0"},"east":{"uv":[6.5,1.5,7,3.75],"texture":"#0"},"south":{"uv":[7,1.5,6.5,3.75],"texture":"#0"},"west":{"uv":[6.5,1.5,7,3.75],"texture":"#0"},"up":{"uv":[5,7.25,4.5,7.75],"texture":"#0"},"down":{"uv":[5.5,7.75,5,7.25],"texture":"#0"}}},{"from":[2,11,12],"to":[4,23,14],"rotation":{"angle":0,"axis":"y","origin":[0,0,16]},"faces":{"north":{"uv":[5.5,2,6,5],"texture":"#0"},"east":{"uv":[5.5,5,6,8],"texture":"#0"},"south":{"uv":[6,1.5,6.5,4.5],"texture":"#0"},"west":{"uv":[2.25,6,2.75,9],"texture":"#0"},"up":{"uv":[3.5,1,3,0.5],"texture":"#0"},"down":{"uv":[3.5,1,3,1.5],"texture":"#0"}}},{"from":[12,11,12],"to":[14,23,14],"rotation":{"angle":0,"axis":"y","origin":[16,0,16]},"faces":{"north":{"uv":[6,2,5.5,5],"texture":"#0"},"east":{"uv":[2.75,6,2.25,9],"texture":"#0"},"south":{"uv":[6.5,1.5,6,4.5],"texture":"#0"},"west":{"uv":[6,5,5.5,8],"texture":"#0"},"up":{"uv":[3,1,3.5,0.5],"texture":"#0"},"down":{"uv":[3,1,3.5,1.5],"texture":"#0"}}},{"from":[3.5,14,12.5],"to":[12.5,16,13.5],"rotation":{"angle":0,"axis":"y","origin":[0,0,16]},"faces":{"north":{"uv":[6,0.5,8.25,1],"texture":"#0"},"east":{"uv":[2.75,6.5,3,7],"texture":"#0"},"south":{"uv":[6,0.5,8.25,1],"texture":"#0"},"west":{"uv":[2,7,2.25,7.5],"texture":"#0"},"up":{"uv":[9.25,2.25,7,2],"texture":"#0"},"down":{"uv":[9.25,2.25,7,2.5],"texture":"#0"}}},{"from":[3.5,20,12.5],"to":[12.5,22,13.5],"rotation":{"angle":0,"axis":"y","origin":[0,0,16]},"faces":{"north":{"uv":[6,0.5,8.25,1],"texture":"#0"},"east":{"uv":[2.75,6.5,3,7],"texture":"#0"},"south":{"uv":[6,0.5,8.25,1],"texture":"#0"},"west":{"uv":[2,7,2.25,7.5],"texture":"#0"},"up":{"uv":[9.25,2.25,7,2],"texture":"#0"},"down":{"uv":[9.25,2.25,7,2.5],"texture":"#0"}}}],"gui_light":"front","display":{"thirdperson_righthand":{"rotation":[67.5,0,0],"translation":[0,1.25,-1],"scale":[0.25555,0.25555,0.25555]},"thirdperson_lefthand":{"rotation":[67.5,0,0],"translation":[0,1.25,-1],"scale":[0.25555,0.25555,0.25555]},"firstperson_righthand":{"translation":[2,3.5,0],"scale":[0.32172,0.32172,0.32172]},"firstperson_lefthand":{"translation":[2,3.5,0],"scale":[0.32172,0.32172,0.32172]},"ground":{"translation":[0,6,0],"scale":[0.45,0.45,0.45]},"gui":{"rotation":[30,135,0],"translation":[0,-1.75,0],"scale":[0.54344,0.54344,0.54344]},"head":{"rotation":[0,180,0],"translation":[0,-30.4,0],"scale":[1.6,1.6,1.6]},"fixed":{"rotation":[-90,0,0],"translation":[0,0,-16],"scale":[2,2,2]}}}