{"credit":"MadewithBlockbench","texture_size":[64,64],"textures":{"1":"elitecreatures:medieval_tavern_furniture_v1/02_beer_tank_texture"},"elements":[{"from":[-1,1,1],"to":[17,6,5],"rotation":{"angle":0,"axis":"y","origin":[0,2,0]},"faces":{"north":{"uv":[11,11,15.5,12.25],"texture":"#1"},"east":{"uv":[3,11.5,4,12.75],"texture":"#1"},"south":{"uv":[15.5,11,11,12.25],"texture":"#1"},"west":{"uv":[3,11.5,4,12.75],"texture":"#1"},"up":{"uv":[16,5.75,11.5,4.75],"texture":"#1"},"down":{"uv":[16,5.75,11.5,6.75],"texture":"#1"}}},{"from":[-1,0,1],"to":[3,1,5],"rotation":{"angle":0,"axis":"y","origin":[0,2,0]},"faces":{"north":{"uv":[8,7.5,9,7.75],"texture":"#1"},"east":{"uv":[9,7.75,10,8],"texture":"#1"},"south":{"uv":[9,7.5,10,7.75],"texture":"#1"},"west":{"uv":[9,7.75,10,8],"texture":"#1"},"up":{"uv":[8.5,12.5,7.5,11.5],"texture":"#1"},"down":{"uv":[9.5,11.5,8.5,12.5],"texture":"#1"}}},{"from":[13,0,1],"to":[17,1,5],"rotation":{"angle":0,"axis":"y","origin":[16,2,0]},"faces":{"north":{"uv":[9,7.5,8,7.75],"texture":"#1"},"east":{"uv":[10,7.75,9,8],"texture":"#1"},"south":{"uv":[10,7.5,9,7.75],"texture":"#1"},"west":{"uv":[10,7.75,9,8],"texture":"#1"},"up":{"uv":[7.5,12.5,8.5,11.5],"texture":"#1"},"down":{"uv":[8.5,11.5,9.5,12.5],"texture":"#1"}}},{"from":[0,2,2],"to":[16,18,4],"rotation":{"angle":0,"axis":"y","origin":[0,2,0]},"faces":{"north":{"uv":[4,0,8,4],"texture":"#1"},"east":{"uv":[1,11.5,1.5,15.5],"texture":"#1"},"south":{"uv":[4,4,8,8],"texture":"#1"},"west":{"uv":[1.5,11.5,1,15.5],"texture":"#1"},"up":{"uv":[16,1,12,0.5],"texture":"#1"},"down":{"uv":[16,1,12,1.5],"texture":"#1"}}},{"from":[-1,1,11],"to":[17,6,15],"rotation":{"angle":0,"axis":"y","origin":[0,2,16]},"faces":{"north":{"uv":[11,11,15.5,12.25],"texture":"#1"},"east":{"uv":[4,11.5,3,12.75],"texture":"#1"},"south":{"uv":[15.5,11,11,12.25],"texture":"#1"},"west":{"uv":[4,11.5,3,12.75],"texture":"#1"},"up":{"uv":[16,4.75,11.5,5.75],"texture":"#1"},"down":{"uv":[16,6.75,11.5,5.75],"texture":"#1"}}},{"from":[-1,0,11],"to":[3,1,15],"rotation":{"angle":0,"axis":"y","origin":[0,2,16]},"faces":{"north":{"uv":[10,7.5,9,7.75],"texture":"#1"},"east":{"uv":[10,7.75,9,8],"texture":"#1"},"south":{"uv":[9,7.5,8,7.75],"texture":"#1"},"west":{"uv":[10,7.75,9,8],"texture":"#1"},"up":{"uv":[8.5,11.5,7.5,12.5],"texture":"#1"},"down":{"uv":[9.5,12.5,8.5,11.5],"texture":"#1"}}},{"from":[13,0,11],"to":[17,1,15],"rotation":{"angle":0,"axis":"y","origin":[16,2,16]},"faces":{"north":{"uv":[9,7.5,10,7.75],"texture":"#1"},"east":{"uv":[9,7.75,10,8],"texture":"#1"},"south":{"uv":[8,7.5,9,7.75],"texture":"#1"},"west":{"uv":[9,7.75,10,8],"texture":"#1"},"up":{"uv":[7.5,11.5,8.5,12.5],"texture":"#1"},"down":{"uv":[8.5,12.5,9.5,11.5],"texture":"#1"}}},{"from":[0,2,12],"to":[16,18,14],"rotation":{"angle":0,"axis":"y","origin":[0,2,16]},"faces":{"north":{"uv":[8,4,4,8],"texture":"#1"},"east":{"uv":[1.5,11.5,1,15.5],"texture":"#1"},"south":{"uv":[8,0,4,4],"texture":"#1"},"west":{"uv":[1,11.5,1.5,15.5],"texture":"#1"},"up":{"uv":[16,0.5,12,1],"texture":"#1"},"down":{"uv":[16,1.5,12,1],"texture":"#1"}}},{"from":[7.25,7,-3],"to":[8.75,8.5,0],"rotation":{"angle":0,"axis":"y","origin":[0,2,0]},"faces":{"north":{"uv":[0,1,0.375,1.375],"texture":"#1"},"east":{"uv":[0,0,0.75,0.375],"texture":"#1"},"south":{"uv":[1.25,0,1.625,0.375],"texture":"#1"},"west":{"uv":[0,0.5,0.75,0.875],"texture":"#1"},"up":{"uv":[1.125,0.75,0.75,0],"texture":"#1"},"down":{"uv":[1.125,0.75,0.75,1.5],"texture":"#1"}}},{"from":[7.5,5,-2.5],"to":[8.5,7,-1.5],"rotation":{"angle":0,"axis":"y","origin":[0,2,0]},"faces":{"north":{"uv":[0.5,1,0.75,1.5],"texture":"#1"},"east":{"uv":[1.25,0.5,1.5,1],"texture":"#1"},"south":{"uv":[1.25,1,1.5,1.5],"texture":"#1"},"west":{"uv":[1.5,0.5,1.25,1],"texture":"#1"},"up":{"uv":[0.5,1.75,0.25,1.5],"texture":"#1"},"down":{"uv":[0.75,1.5,0.5,1.75],"texture":"#1"}}},{"from":[1,3,0],"to":[15,17,16],"rotation":{"angle":0,"axis":"y","origin":[0,2,0]},"faces":{"north":{"uv":[7.5,8,11,11.5],"texture":"#1"},"east":{"uv":[8,3.5,12,0],"texture":"#1"},"south":{"uv":[11,8,7.5,11.5],"texture":"#1"},"west":{"uv":[8,3.5,12,0],"texture":"#1"},"up":{"uv":[11.5,7.5,8,3.5],"texture":"#1"},"down":{"uv":[11.5,3.5,8,7.5],"texture":"#1"}}}],"gui_light":"front","display":{"thirdperson_righthand":{"rotation":[67.5,0,0],"translation":[0,1.75,-0.5],"scale":[0.22414,0.22414,0.22414]},"thirdperson_lefthand":{"rotation":[67.5,0,0],"translation":[0,1.75,-0.5],"scale":[0.22414,0.22414,0.22414]},"firstperson_righthand":{"rotation":[0,180,0],"translation":[2.25,3.25,0],"scale":[0.27297,0.27297,0.27297]},"firstperson_lefthand":{"rotation":[0,180,0],"translation":[2.25,3.25,0],"scale":[0.27297,0.27297,0.27297]},"ground":{"translation":[0,6,0],"scale":[0.45,0.45,0.45]},"gui":{"rotation":[30,135,0],"translation":[0,-0.25,0],"scale":[0.58664,0.58664,0.58664]},"head":{"rotation":[0,180,0],"translation":[0,-30.4,0],"scale":[1.6,1.6,1.6]},"fixed":{"rotation":[-90,0,0],"translation":[0,0,-16],"scale":[2,2,2]}},"groups":[{"name":"group","origin":[0,2,0],"color":0,"children":[0,1,2,3]},{"name":"group","origin":[0,2,0],"color":0,"children":[4,5,6,7]},8,9,10]}