{"credit":"MadewithBlockbench","texture_size":[64,64],"textures":{"0":"elitecreatures:chinese_furniture_v2/09_china_gong_texture","particle":"elitecreatures:chinese_furniture_v2/09_china_gong_texture"},"elements":[{"from":[2,3,7.5],"to":[14,15,8.5],"faces":{"north":{"uv":[0,3,3,6],"texture":"#0"},"east":{"uv":[4.25,0,4,3],"texture":"#0"},"south":{"uv":[0,3,3,6],"texture":"#0"},"west":{"uv":[4,0,4.25,3],"texture":"#0"},"up":{"uv":[7,3.25,4,3],"texture":"#0"},"down":{"uv":[7,3,4,3.25],"texture":"#0"}}},{"from":[4,14.75,7.75],"to":[4.5,16.75,8.23],"rotation":{"angle":0,"axis":"y","origin":[5.5,17.25,8]},"faces":{"north":{"uv":[3.5,7.75,3.625,8.25],"texture":"#0"},"east":{"uv":[3.75,7.75,3.875,8.25],"texture":"#0"},"south":{"uv":[4,7.75,4.125,8.25],"texture":"#0"},"west":{"uv":[4.25,7.75,4.375,8.25],"texture":"#0"},"up":{"uv":[4.875,7.875,4.75,7.75],"texture":"#0"},"down":{"uv":[5.125,7.75,5,7.875],"texture":"#0"}}},{"from":[11.5,14.75,7.75],"to":[12,16.75,8.23],"rotation":{"angle":0,"axis":"y","origin":[10.5,17.25,8]},"faces":{"north":{"uv":[3.625,7.75,3.5,8.25],"texture":"#0"},"east":{"uv":[4.375,7.75,4.25,8.25],"texture":"#0"},"south":{"uv":[4.125,7.75,4,8.25],"texture":"#0"},"west":{"uv":[3.875,7.75,3.75,8.25],"texture":"#0"},"up":{"uv":[4.75,7.875,4.875,7.75],"texture":"#0"},"down":{"uv":[5,7.75,5.125,7.875],"texture":"#0"}}},{"from":[-0.69448,17.28596,7.51],"to":[3.30552,18.28596,8.49],"rotation":{"angle":-22.5,"axis":"z","origin":[1.80552,17.78596,8]},"faces":{"north":{"uv":[6.75,1,7.75,1.25],"texture":"#0"},"east":{"uv":[7.75,1,8,1.25],"texture":"#0"},"south":{"uv":[7.75,1,6.75,1.25],"texture":"#0"},"west":{"uv":[7.75,1.25,8,1.5],"texture":"#0"},"up":{"uv":[7.75,1.75,6.75,1.5],"texture":"#0"},"down":{"uv":[6.75,1.75,7.75,1.5],"texture":"#0"}}},{"from":[0.03179,18.62432,7.5],"to":[1.03179,20.62432,8.5],"rotation":{"angle":22.5,"axis":"z","origin":[0.53179,16.62432,8]},"faces":{"north":{"uv":[7.5,0.25,7.75,0.75],"texture":"#0"},"east":{"uv":[0.5,7.5,0.75,8],"texture":"#0"},"south":{"uv":[7.75,0.25,7.5,0.75],"texture":"#0"},"west":{"uv":[0.5,8,0.75,7.5],"texture":"#0"},"up":{"uv":[8,1.75,7.75,1.5],"texture":"#0"},"down":{"uv":[8,1.75,7.75,2],"texture":"#0"}}},{"from":[3,16.75,7.5],"to":[13,17.75,8.48],"rotation":{"angle":0,"axis":"y","origin":[10.5,17.25,8]},"faces":{"north":{"uv":[4,3.25,6.5,3.5],"texture":"#0"},"east":{"uv":[2.5,7.75,2.75,8],"texture":"#0"},"south":{"uv":[6.5,3.25,4,3.5],"texture":"#0"},"west":{"uv":[7.75,2.5,8,2.75],"texture":"#0"},"up":{"uv":[6.5,4,4,3.75],"texture":"#0"},"down":{"uv":[6.5,4,4,3.75],"texture":"#0"}}},{"from":[12.69448,17.28596,7.51],"to":[16.69448,18.28596,8.49],"rotation":{"angle":22.5,"axis":"z","origin":[14.19448,17.78596,8]},"faces":{"north":{"uv":[6.5,6.75,7.5,7],"texture":"#0"},"east":{"uv":[2.25,7.75,2.5,8],"texture":"#0"},"south":{"uv":[7.5,6.75,6.5,7],"texture":"#0"},"west":{"uv":[7.75,2.25,8,2.5],"texture":"#0"},"up":{"uv":[8,4,7,3.75],"texture":"#0"},"down":{"uv":[8,4,7,3.75],"texture":"#0"}}},{"from":[14.96821,18.62432,7.5],"to":[15.96821,20.62432,8.5],"rotation":{"angle":-22.5,"axis":"z","origin":[15.46821,16.62432,8]},"faces":{"north":{"uv":[1.25,7.5,1.5,8],"texture":"#0"},"east":{"uv":[7.5,1.75,7.75,2.25],"texture":"#0"},"south":{"uv":[1.5,7.5,1.25,8],"texture":"#0"},"west":{"uv":[7.5,1.75,7.75,2.25],"texture":"#0"},"up":{"uv":[2.25,8,2,7.75],"texture":"#0"},"down":{"uv":[8,2,7.75,2.25],"texture":"#0"}}},{"from":[11.11464,17.8277,4.7],"to":[15.41464,18.8077,5.7],"rotation":{"angle":45,"axis":"y","origin":[15.41464,17.8177,5.5]},"faces":{"north":{"uv":[6.25,2.25,7.375,2.5],"texture":"#0"},"east":{"uv":[6.25,7.5,6.5,7.75],"texture":"#0"},"south":{"uv":[7.375,2.25,6.25,2.5],"texture":"#0"},"west":{"uv":[7.5,6.25,7.75,6.5],"texture":"#0"},"up":{"uv":[7.625,3.5,6.5,3.25],"texture":"#0"},"down":{"uv":[7.625,3.25,6.5,3.5],"texture":"#0"}}},{"from":[12.08535,17.8277,10.32046],"to":[15.48535,18.8077,11.32046],"rotation":{"angle":-45,"axis":"y","origin":[15.48535,17.8177,10.52046]},"faces":{"north":{"uv":[7.875,5.5,7,5.75],"texture":"#0"},"east":{"uv":[6.5,7.5,6.75,7.75],"texture":"#0"},"south":{"uv":[7,5.5,7.875,5.75],"texture":"#0"},"west":{"uv":[7.5,6.5,7.75,6.75],"texture":"#0"},"up":{"uv":[7.875,6,7,5.75],"texture":"#0"},"down":{"uv":[7.875,5.75,7,6],"texture":"#0"}}},{"from":[0.58536,17.8277,4.7],"to":[4.88536,18.8077,5.7],"rotation":{"angle":-45,"axis":"y","origin":[0.58536,17.8177,5.5]},"faces":{"north":{"uv":[7.375,2.25,6.25,2.5],"texture":"#0"},"east":{"uv":[7.75,6.25,7.5,6.5],"texture":"#0"},"south":{"uv":[6.25,2.25,7.375,2.5],"texture":"#0"},"west":{"uv":[6.5,7.5,6.25,7.75],"texture":"#0"},"up":{"uv":[6.5,3.5,7.625,3.25],"texture":"#0"},"down":{"uv":[6.5,3.25,7.625,3.5],"texture":"#0"}}},{"from":[0.51465,17.8277,10.32046],"to":[3.91465,18.8077,11.32046],"rotation":{"angle":45,"axis":"y","origin":[0.51465,17.8177,10.52046]},"faces":{"north":{"uv":[7,5.5,7.875,5.75],"texture":"#0"},"east":{"uv":[7.75,6.5,7.5,6.75],"texture":"#0"},"south":{"uv":[7.875,5.5,7,5.75],"texture":"#0"},"west":{"uv":[6.75,7.5,6.5,7.75],"texture":"#0"},"up":{"uv":[7,6,7.875,5.75],"texture":"#0"},"down":{"uv":[7,5.75,7.875,6],"texture":"#0"}}},{"from":[16.8061,12.78556,5],"to":[17.8061,18.78556,6],"rotation":{"angle":22.5,"axis":"z","origin":[16.7961,12.78556,5.5]},"faces":{"north":{"uv":[5.75,5.75,6,7.25],"texture":"#0"},"east":{"uv":[5.75,5.75,6,7.25],"texture":"#0"},"south":{"uv":[5.75,5.75,6,7.25],"texture":"#0"},"west":{"uv":[5.75,5.75,6,7.25],"texture":"#0"},"up":{"uv":[7.25,7.75,7,7.5],"texture":"#0"},"down":{"uv":[7.75,7,7.5,7.25],"texture":"#0"}}},{"from":[16.73074,7.16442,5.01],"to":[17.73074,13.16442,5.99],"rotation":{"angle":0,"axis":"y","origin":[17.22074,10.16442,5.5]},"faces":{"north":{"uv":[0.75,6,1,7.5],"texture":"#0"},"east":{"uv":[0.75,6,1,7.5],"texture":"#0"},"south":{"uv":[0.75,6,1,7.5],"texture":"#0"},"west":{"uv":[0.75,6,1,7.5],"texture":"#0"},"up":{"uv":[7.5,7.75,7.25,7.5],"texture":"#0"},"down":{"uv":[7.75,7.25,7.5,7.5],"texture":"#0"}}},{"from":[14.51,2,5],"to":[15.51,8,6],"rotation":{"angle":-22.5,"axis":"z","origin":[14.5,2,5.5]},"faces":{"north":{"uv":[1.5,6,1.75,7.5],"texture":"#0"},"east":{"uv":[1.5,6,1.75,7.5],"texture":"#0"},"south":{"uv":[1.5,6,1.75,7.5],"texture":"#0"},"west":{"uv":[1.5,6,1.75,7.5],"texture":"#0"},"up":{"uv":[7.75,7.75,7.5,7.5],"texture":"#0"},"down":{"uv":[0.25,7.75,0,8],"texture":"#0"}}},{"from":[14.51,2,10],"to":[15.51,8,11],"rotation":{"angle":-22.5,"axis":"z","origin":[14.5,2,10.5]},"faces":{"north":{"uv":[1.75,6,1.5,7.5],"texture":"#0"},"east":{"uv":[1.75,6,1.5,7.5],"texture":"#0"},"south":{"uv":[1.75,6,1.5,7.5],"texture":"#0"},"west":{"uv":[1.75,6,1.5,7.5],"texture":"#0"},"up":{"uv":[7.75,7.5,7.5,7.75],"texture":"#0"},"down":{"uv":[0.25,8,0,7.75],"texture":"#0"}}},{"from":[16.73074,7.16442,10.01],"to":[17.73074,13.16442,10.99],"rotation":{"angle":0,"axis":"y","origin":[17.22074,10.16442,10.5]},"faces":{"north":{"uv":[1,6,0.75,7.5],"texture":"#0"},"east":{"uv":[1,6,0.75,7.5],"texture":"#0"},"south":{"uv":[1,6,0.75,7.5],"texture":"#0"},"west":{"uv":[1,6,0.75,7.5],"texture":"#0"},"up":{"uv":[7.5,7.5,7.25,7.75],"texture":"#0"},"down":{"uv":[7.75,7.5,7.5,7.25],"texture":"#0"}}},{"from":[16.8061,12.78556,10],"to":[17.8061,18.78556,11],"rotation":{"angle":22.5,"axis":"z","origin":[16.7961,12.78556,10.5]},"faces":{"north":{"uv":[6,5.75,5.75,7.25],"texture":"#0"},"east":{"uv":[6,5.75,5.75,7.25],"texture":"#0"},"south":{"uv":[6,5.75,5.75,7.25],"texture":"#0"},"west":{"uv":[6,5.75,5.75,7.25],"texture":"#0"},"up":{"uv":[7.25,7.5,7,7.75],"texture":"#0"},"down":{"uv":[7.75,7.25,7.5,7],"texture":"#0"}}},{"from":[0.49,2,10],"to":[1.49,8,11],"rotation":{"angle":22.5,"axis":"z","origin":[1.5,2,10.5]},"faces":{"north":{"uv":[1.5,6,1.75,7.5],"texture":"#0"},"east":{"uv":[1.5,6,1.75,7.5],"texture":"#0"},"south":{"uv":[1.5,6,1.75,7.5],"texture":"#0"},"west":{"uv":[1.5,6,1.75,7.5],"texture":"#0"},"up":{"uv":[7.5,7.5,7.75,7.75],"texture":"#0"},"down":{"uv":[0,8,0.25,7.75],"texture":"#0"}}},{"from":[-1.73074,7.16442,10.01],"to":[-0.73074,13.16442,10.99],"rotation":{"angle":0,"axis":"y","origin":[-1.22074,10.16442,10.5]},"faces":{"north":{"uv":[0.75,6,1,7.5],"texture":"#0"},"east":{"uv":[0.75,6,1,7.5],"texture":"#0"},"south":{"uv":[0.75,6,1,7.5],"texture":"#0"},"west":{"uv":[0.75,6,1,7.5],"texture":"#0"},"up":{"uv":[7.25,7.5,7.5,7.75],"texture":"#0"},"down":{"uv":[7.5,7.5,7.75,7.25],"texture":"#0"}}},{"from":[-1.8061,12.78556,10],"to":[-0.8061,18.78556,11],"rotation":{"angle":-22.5,"axis":"z","origin":[-0.7961,12.78556,10.5]},"faces":{"north":{"uv":[5.75,5.75,6,7.25],"texture":"#0"},"east":{"uv":[5.75,5.75,6,7.25],"texture":"#0"},"south":{"uv":[5.75,5.75,6,7.25],"texture":"#0"},"west":{"uv":[5.75,5.75,6,7.25],"texture":"#0"},"up":{"uv":[7,7.5,7.25,7.75],"texture":"#0"},"down":{"uv":[7.5,7.25,7.75,7],"texture":"#0"}}},{"from":[-1.8061,12.78556,5],"to":[-0.8061,18.78556,6],"rotation":{"angle":-22.5,"axis":"z","origin":[-0.7961,12.78556,5.5]},"faces":{"north":{"uv":[6,5.75,5.75,7.25],"texture":"#0"},"east":{"uv":[6,5.75,5.75,7.25],"texture":"#0"},"south":{"uv":[6,5.75,5.75,7.25],"texture":"#0"},"west":{"uv":[6,5.75,5.75,7.25],"texture":"#0"},"up":{"uv":[7,7.75,7.25,7.5],"texture":"#0"},"down":{"uv":[7.5,7,7.75,7.25],"texture":"#0"}}},{"from":[-1.73074,7.16442,5.01],"to":[-0.73074,13.16442,5.99],"rotation":{"angle":0,"axis":"y","origin":[-1.22074,10.16442,5.5]},"faces":{"north":{"uv":[1,6,0.75,7.5],"texture":"#0"},"east":{"uv":[1,6,0.75,7.5],"texture":"#0"},"south":{"uv":[1,6,0.75,7.5],"texture":"#0"},"west":{"uv":[1,6,0.75,7.5],"texture":"#0"},"up":{"uv":[7.25,7.75,7.5,7.5],"texture":"#0"},"down":{"uv":[7.5,7.25,7.75,7.5],"texture":"#0"}}},{"from":[0.49,2,5],"to":[1.49,8,6],"rotation":{"angle":22.5,"axis":"z","origin":[1.5,2,5.5]},"faces":{"north":{"uv":[1.75,6,1.5,7.5],"texture":"#0"},"east":{"uv":[1.75,6,1.5,7.5],"texture":"#0"},"south":{"uv":[1.75,6,1.5,7.5],"texture":"#0"},"west":{"uv":[1.75,6,1.5,7.5],"texture":"#0"},"up":{"uv":[7.5,7.75,7.75,7.5],"texture":"#0"},"down":{"uv":[0,7.75,0.25,8],"texture":"#0"}}},{"from":[14.01,1,4],"to":[15.99,2,12],"rotation":{"angle":0,"axis":"y","origin":[16,0,0]},"faces":{"north":{"uv":[0,7.5,0.5,7.75],"texture":"#0"},"east":{"uv":[4.25,0.75,6.25,1],"texture":"#0"},"south":{"uv":[7.5,0,8,0.25],"texture":"#0"},"west":{"uv":[6.25,0.75,4.25,1],"texture":"#0"},"up":{"uv":[4,2,3.5,0],"texture":"#0"},"down":{"uv":[4,2,3.5,0],"texture":"#0"}}},{"from":[14,-0.28553,1.29289],"to":[16,1.46447,2.29289],"rotation":{"angle":45,"axis":"x","origin":[16,-1.53553,3.29289]},"faces":{"north":{"uv":[6.75,0,7.25,0.5],"texture":"#0"},"east":{"uv":[5.75,7.25,6,7.75],"texture":"#0"},"south":{"uv":[7.25,0,6.75,0.5],"texture":"#0"},"west":{"uv":[6,7.25,5.75,7.75],"texture":"#0"},"up":{"uv":[6.75,7.5,6.25,7.25],"texture":"#0"},"down":{"uv":[7.5,7.25,7,7.5],"texture":"#0"}}},{"from":[14,-0.28553,13.70711],"to":[16,1.46447,14.70711],"rotation":{"angle":-45,"axis":"x","origin":[16,-1.53553,12.70711]},"faces":{"north":{"uv":[7,6.25,6.5,6.75],"texture":"#0"},"east":{"uv":[4.25,7.25,4.5,7.75],"texture":"#0"},"south":{"uv":[6.5,6.25,7,6.75],"texture":"#0"},"west":{"uv":[4.5,7.25,4.25,7.75],"texture":"#0"},"up":{"uv":[5.25,7.5,4.75,7.25],"texture":"#0"},"down":{"uv":[7.5,7.25,7,7.5],"texture":"#0"}}},{"from":[0,-0.28553,13.70711],"to":[2,1.46447,14.70711],"rotation":{"angle":-45,"axis":"x","origin":[0,-1.53553,12.70711]},"faces":{"north":{"uv":[6.5,6.25,7,6.75],"texture":"#0"},"east":{"uv":[4.25,7.25,4.5,7.75],"texture":"#0"},"south":{"uv":[7,6.25,6.5,6.75],"texture":"#0"},"west":{"uv":[4.5,7.25,4.25,7.75],"texture":"#0"},"up":{"uv":[4.75,7.5,5.25,7.25],"texture":"#0"},"down":{"uv":[7,7.25,7.5,7.5],"texture":"#0"}}},{"from":[0.01,1,4],"to":[1.99,2,12],"faces":{"north":{"uv":[0.5,7.5,0,7.75],"texture":"#0"},"east":{"uv":[4.25,0.75,6.25,1],"texture":"#0"},"south":{"uv":[8,0,7.5,0.25],"texture":"#0"},"west":{"uv":[6.25,0.75,4.25,1],"texture":"#0"},"up":{"uv":[3.5,2,4,0],"texture":"#0"},"down":{"uv":[3.5,2,4,0],"texture":"#0"}}},{"from":[0,-0.28553,1.29289],"to":[2,1.46447,2.29289],"rotation":{"angle":45,"axis":"x","origin":[0,-1.53553,3.29289]},"faces":{"north":{"uv":[7.25,0,6.75,0.5],"texture":"#0"},"east":{"uv":[5.75,7.25,6,7.75],"texture":"#0"},"south":{"uv":[6.75,0,7.25,0.5],"texture":"#0"},"west":{"uv":[6,7.25,5.75,7.75],"texture":"#0"},"up":{"uv":[6.25,7.5,6.75,7.25],"texture":"#0"},"down":{"uv":[7,7.25,7.5,7.5],"texture":"#0"}}}],"gui_light":"front","display":{"thirdperson_righthand":{"rotation":[67.5,0,0],"translation":[0,0.75,0],"scale":[0.22898,0.22898,0.22898]},"thirdperson_lefthand":{"rotation":[67.5,0,0],"translation":[0,0.75,0],"scale":[0.22898,0.22898,0.22898]},"firstperson_righthand":{"translation":[2.25,2.75,0],"scale":[0.29531,0.29531,0.29531]},"firstperson_lefthand":{"translation":[2.25,2.75,0],"scale":[0.29531,0.29531,0.29531]},"ground":{"translation":[0,6,0],"scale":[0.45,0.45,0.45]},"gui":{"rotation":[30,135,0],"translation":[0,-0.75,0],"scale":[0.60641,0.60641,0.60641]},"head":{"rotation":[0,180,0],"translation":[0,-30.4,0],"scale":[1.6,1.6,1.6]},"fixed":{"rotation":[-90,0,0],"translation":[0,0,-16],"scale":[2,2,2]}}}