{"credit":"MadewithBlockbench","texture_size":[64,64],"textures":{"0":"elitecreatures:chinese_furniture_v2/06_drum_texture","particle":"elitecreatures:chinese_furniture_v2/06_drum_texture"},"elements":[{"from":[0,13,3],"to":[16,23,13],"rotation":{"angle":0,"axis":"y","origin":[0,-1,0]},"faces":{"north":{"uv":[0,0,4,2.5],"texture":"#0"},"east":{"uv":[2.5,5,5,7.5],"texture":"#0"},"south":{"uv":[4,0,0,2.5],"texture":"#0"},"west":{"uv":[2.5,5,5,7.5],"texture":"#0"},"up":{"uv":[4,0,0,2.5],"texture":"#0"},"down":{"uv":[4,0,0,2.5],"texture":"#0"}}},{"from":[2,1,1],"to":[4,2,15],"rotation":{"angle":0,"axis":"y","origin":[1,0,0]},"faces":{"north":{"uv":[10.25,5,10.75,5.25],"texture":"#0"},"east":{"uv":[8,2.25,11.5,2.5],"texture":"#0"},"south":{"uv":[10.25,5,10.75,5.25],"texture":"#0"},"west":{"uv":[8,2.25,11.5,2.5],"texture":"#0"},"up":{"uv":[0.5,11,0,7.5],"texture":"#0"},"down":{"uv":[1,7.5,0.5,11],"texture":"#0"}}},{"from":[1,0,0],"to":[5,1,4],"rotation":{"angle":0,"axis":"y","origin":[1,0,0]},"faces":{"north":{"uv":[5,10,6,10.25],"texture":"#0"},"east":{"uv":[5,10,6,10.25],"texture":"#0"},"south":{"uv":[5,10,6,10.25],"texture":"#0"},"west":{"uv":[5,10,6,10.25],"texture":"#0"},"up":{"uv":[3,8.5,2,7.5],"texture":"#0"},"down":{"uv":[4,7.5,3,8.5],"texture":"#0"}}},{"from":[2.51,2,3.1],"to":[3.49,5,5.6],"rotation":{"angle":0,"axis":"y","origin":[1,0,0.1]},"faces":{"north":{"uv":[10,8.5,10.25,9.25],"texture":"#0"},"east":{"uv":[9.875,3,9.25,3.75],"texture":"#0"},"south":{"uv":[9,10,9.25,10.75],"texture":"#0"},"west":{"uv":[9.25,3,9.875,3.75],"texture":"#0"},"up":{"uv":[9.75,11.375,9.5,10.75],"texture":"#0"},"down":{"uv":[10,10.75,9.75,11.375],"texture":"#0"}}},{"from":[2.51,2,10.4],"to":[3.49,5,12.9],"rotation":{"angle":0,"axis":"y","origin":[1,0,15.9]},"faces":{"north":{"uv":[9.25,10,9.5,10.75],"texture":"#0"},"east":{"uv":[9.875,3.75,9.25,4.5],"texture":"#0"},"south":{"uv":[9.5,10,9.75,10.75],"texture":"#0"},"west":{"uv":[9.25,3.75,9.875,4.5],"texture":"#0"},"up":{"uv":[10.25,11.375,10,10.75],"texture":"#0"},"down":{"uv":[11,10,10.75,10.625],"texture":"#0"}}},{"from":[2.5,3.5,9.27868],"to":[3.5,6.5,12.27868],"rotation":{"angle":-45,"axis":"x","origin":[3,5,10.77868]},"faces":{"north":{"uv":[9.75,10,10,10.75],"texture":"#0"},"east":{"uv":[4.25,8.5,3.5,9.25],"texture":"#0"},"south":{"uv":[10,10,10.25,10.75],"texture":"#0"},"west":{"uv":[3.5,8.5,4.25,9.25],"texture":"#0"},"up":{"uv":[10.5,0.75,10.25,0],"texture":"#0"},"down":{"uv":[10.5,0.75,10.25,1.5],"texture":"#0"}}},{"from":[2.5,3.5,3.72132],"to":[3.5,6.5,6.72132],"rotation":{"angle":45,"axis":"x","origin":[3,5,5.22132]},"faces":{"north":{"uv":[3.5,10.25,3.75,11],"texture":"#0"},"east":{"uv":[5,8.5,4.25,9.25],"texture":"#0"},"south":{"uv":[3.75,10.25,4,11],"texture":"#0"},"west":{"uv":[4.25,8.5,5,9.25],"texture":"#0"},"up":{"uv":[4.25,11,4,10.25],"texture":"#0"},"down":{"uv":[10.5,4,10.25,4.75],"texture":"#0"}}},{"from":[2.51,4.87132,5.12132],"to":[3.49,9.02132,10.87132],"rotation":{"angle":0,"axis":"y","origin":[3,5.62132,6.62132]},"faces":{"north":{"uv":[2.5,2.5,2.75,3.5],"texture":"#0"},"east":{"uv":[1,3,2.5,4],"texture":"#0"},"south":{"uv":[2.75,2.5,3,3.5],"texture":"#0"},"west":{"uv":[2.5,3.5,4,4.5],"texture":"#0"},"up":{"uv":[0.25,5,0,3.5],"texture":"#0"},"down":{"uv":[0.5,3.5,0.25,5],"texture":"#0"}}},{"from":[2.51,8.9,10.4],"to":[3.49,11.9,12.9],"rotation":{"angle":0,"axis":"y","origin":[1,13.9,15.9]},"faces":{"north":{"uv":[4.25,10.25,4.5,11],"texture":"#0"},"east":{"uv":[9.875,4.5,9.25,5.25],"texture":"#0"},"south":{"uv":[4.5,10.25,4.75,11],"texture":"#0"},"west":{"uv":[9.25,4.5,9.875,5.25],"texture":"#0"},"up":{"uv":[11,11.375,10.75,10.75],"texture":"#0"},"down":{"uv":[0.25,11,0,11.625],"texture":"#0"}}},{"from":[2.5,7.4,9.27868],"to":[3.5,10.4,12.27868],"rotation":{"angle":45,"axis":"x","origin":[3,8.9,10.77868]},"faces":{"north":{"uv":[5,10.25,5.25,11],"texture":"#0"},"east":{"uv":[5.75,8.5,5,9.25],"texture":"#0"},"south":{"uv":[5.25,10.25,5.5,11],"texture":"#0"},"west":{"uv":[5,8.5,5.75,9.25],"texture":"#0"},"up":{"uv":[5.75,11,5.5,10.25],"texture":"#0"},"down":{"uv":[6,10.25,5.75,11],"texture":"#0"}}},{"from":[2.5,7.4,3.72132],"to":[3.5,10.4,6.72132],"rotation":{"angle":-45,"axis":"x","origin":[3,8.9,5.22132]},"faces":{"north":{"uv":[6,10.25,6.25,11],"texture":"#0"},"east":{"uv":[6.5,8.5,5.75,9.25],"texture":"#0"},"south":{"uv":[6.25,10.25,6.5,11],"texture":"#0"},"west":{"uv":[5.75,8.5,6.5,9.25],"texture":"#0"},"up":{"uv":[6.75,11,6.5,10.25],"texture":"#0"},"down":{"uv":[7,10.25,6.75,11],"texture":"#0"}}},{"from":[2.51,8.9,3.1],"to":[3.49,11.9,5.6],"rotation":{"angle":0,"axis":"y","origin":[1,13.9,0.1]},"faces":{"north":{"uv":[7,10.25,7.25,11],"texture":"#0"},"east":{"uv":[9.875,5.25,9.25,6],"texture":"#0"},"south":{"uv":[7.25,10.25,7.5,11],"texture":"#0"},"west":{"uv":[9.25,5.25,9.875,6],"texture":"#0"},"up":{"uv":[11.25,0.625,11,0],"texture":"#0"},"down":{"uv":[0.5,11,0.25,11.625],"texture":"#0"}}},{"from":[2.01,11.5,2],"to":[3.99,12.5,7],"rotation":{"angle":22.5,"axis":"x","origin":[3,12.5,4.5]},"faces":{"north":{"uv":[11,1.5,11.5,1.75],"texture":"#0"},"east":{"uv":[10.25,1.75,9,2],"texture":"#0"},"south":{"uv":[11,1.75,11.5,2],"texture":"#0"},"west":{"uv":[9,1.75,10.25,2],"texture":"#0"},"up":{"uv":[8.5,4.25,8,3],"texture":"#0"},"down":{"uv":[8.5,3,8,4.25],"texture":"#0"}}},{"from":[2.01,11.5,9],"to":[3.99,12.5,14],"rotation":{"angle":-22.5,"axis":"x","origin":[3,12.5,11.5]},"faces":{"north":{"uv":[3.75,11,4.25,11.25],"texture":"#0"},"east":{"uv":[11.25,3,10,3.25],"texture":"#0"},"south":{"uv":[11,4,11.5,4.25],"texture":"#0"},"west":{"uv":[10,3,11.25,3.25],"texture":"#0"},"up":{"uv":[8.5,6.75,8,5.5],"texture":"#0"},"down":{"uv":[8.5,5.5,8,6.75],"texture":"#0"}}},{"from":[2,10.61941,6.42298],"to":[4,11.61941,9.57298],"rotation":{"angle":0,"axis":"y","origin":[3,11.11941,7.07298]},"faces":{"north":{"uv":[4.25,11,4.75,11.25],"texture":"#0"},"east":{"uv":[10,9.5,10.75,9.75],"texture":"#0"},"south":{"uv":[11,4.25,11.5,4.5],"texture":"#0"},"west":{"uv":[10,9.5,10.75,9.75],"texture":"#0"},"up":{"uv":[10.25,0.75,9.75,0],"texture":"#0"},"down":{"uv":[10.25,0,9.75,0.75],"texture":"#0"}}},{"from":[2,5.9,7],"to":[3,7.9,9],"rotation":{"angle":-45,"axis":"x","origin":[2.5,6.9,8]},"faces":{"north":{"uv":[5.5,5,5.75,5.5],"texture":"#0"},"east":{"uv":[5,5,5.5,5.5],"texture":"#0"},"south":{"uv":[5.5,5.5,5.75,6],"texture":"#0"},"west":{"uv":[5,5.5,5.5,6],"texture":"#0"},"up":{"uv":[6,5.5,5.75,5],"texture":"#0"},"down":{"uv":[6,5.5,5.75,6],"texture":"#0"}}},{"from":[1,0,12],"to":[5,1,16],"rotation":{"angle":0,"axis":"y","origin":[1,0,16]},"faces":{"north":{"uv":[6,10,5,10.25],"texture":"#0"},"east":{"uv":[6,10,5,10.25],"texture":"#0"},"south":{"uv":[6,10,5,10.25],"texture":"#0"},"west":{"uv":[6,10,5,10.25],"texture":"#0"},"up":{"uv":[3,7.5,2,8.5],"texture":"#0"},"down":{"uv":[4,8.5,3,7.5],"texture":"#0"}}},{"from":[12,1,1],"to":[14,2,15],"rotation":{"angle":0,"axis":"y","origin":[15,0,0]},"faces":{"north":{"uv":[10.75,5,10.25,5.25],"texture":"#0"},"east":{"uv":[11.5,2.25,8,2.5],"texture":"#0"},"south":{"uv":[10.75,5,10.25,5.25],"texture":"#0"},"west":{"uv":[11.5,2.25,8,2.5],"texture":"#0"},"up":{"uv":[0,11,0.5,7.5],"texture":"#0"},"down":{"uv":[0.5,7.5,1,11],"texture":"#0"}}},{"from":[11,0,0],"to":[15,1,4],"rotation":{"angle":0,"axis":"y","origin":[15,0,0]},"faces":{"north":{"uv":[6,10,5,10.25],"texture":"#0"},"east":{"uv":[6,10,5,10.25],"texture":"#0"},"south":{"uv":[6,10,5,10.25],"texture":"#0"},"west":{"uv":[6,10,5,10.25],"texture":"#0"},"up":{"uv":[2,8.5,3,7.5],"texture":"#0"},"down":{"uv":[3,7.5,4,8.5],"texture":"#0"}}},{"from":[12.51,2,3.1],"to":[13.49,5,5.6],"rotation":{"angle":0,"axis":"y","origin":[15,0,0.1]},"faces":{"north":{"uv":[10.25,8.5,10,9.25],"texture":"#0"},"east":{"uv":[9.875,3,9.25,3.75],"texture":"#0"},"south":{"uv":[9.25,10,9,10.75],"texture":"#0"},"west":{"uv":[9.25,3,9.875,3.75],"texture":"#0"},"up":{"uv":[9.5,11.375,9.75,10.75],"texture":"#0"},"down":{"uv":[9.75,10.75,10,11.375],"texture":"#0"}}},{"from":[12.51,2,10.4],"to":[13.49,5,12.9],"rotation":{"angle":0,"axis":"y","origin":[15,0,15.9]},"faces":{"north":{"uv":[9.5,10,9.25,10.75],"texture":"#0"},"east":{"uv":[9.875,3.75,9.25,4.5],"texture":"#0"},"south":{"uv":[9.75,10,9.5,10.75],"texture":"#0"},"west":{"uv":[9.25,3.75,9.875,4.5],"texture":"#0"},"up":{"uv":[10,11.375,10.25,10.75],"texture":"#0"},"down":{"uv":[10.75,10,11,10.625],"texture":"#0"}}},{"from":[12.5,3.5,9.27868],"to":[13.5,6.5,12.27868],"rotation":{"angle":-45,"axis":"x","origin":[13,5,10.77868]},"faces":{"north":{"uv":[10,10,9.75,10.75],"texture":"#0"},"east":{"uv":[4.25,8.5,3.5,9.25],"texture":"#0"},"south":{"uv":[10.25,10,10,10.75],"texture":"#0"},"west":{"uv":[3.5,8.5,4.25,9.25],"texture":"#0"},"up":{"uv":[10.25,0.75,10.5,0],"texture":"#0"},"down":{"uv":[10.25,0.75,10.5,1.5],"texture":"#0"}}},{"from":[12.5,3.5,3.72132],"to":[13.5,6.5,6.72132],"rotation":{"angle":45,"axis":"x","origin":[13,5,5.22132]},"faces":{"north":{"uv":[3.75,10.25,3.5,11],"texture":"#0"},"east":{"uv":[5,8.5,4.25,9.25],"texture":"#0"},"south":{"uv":[4,10.25,3.75,11],"texture":"#0"},"west":{"uv":[4.25,8.5,5,9.25],"texture":"#0"},"up":{"uv":[4,11,4.25,10.25],"texture":"#0"},"down":{"uv":[10.25,4,10.5,4.75],"texture":"#0"}}},{"from":[12.51,4.87132,5.12132],"to":[13.49,9.02132,10.87132],"rotation":{"angle":0,"axis":"y","origin":[13,5.62132,6.62132]},"faces":{"north":{"uv":[2.75,2.5,2.5,3.5],"texture":"#0"},"east":{"uv":[4,3.5,2.5,4.5],"texture":"#0"},"south":{"uv":[3,2.5,2.75,3.5],"texture":"#0"},"west":{"uv":[2.5,3,1,4],"texture":"#0"},"up":{"uv":[0,5,0.25,3.5],"texture":"#0"},"down":{"uv":[0.25,3.5,0.5,5],"texture":"#0"}}},{"from":[12.51,8.9,10.4],"to":[13.49,11.9,12.9],"rotation":{"angle":0,"axis":"y","origin":[15,13.9,15.9]},"faces":{"north":{"uv":[4.5,10.25,4.25,11],"texture":"#0"},"east":{"uv":[9.875,4.5,9.25,5.25],"texture":"#0"},"south":{"uv":[4.75,10.25,4.5,11],"texture":"#0"},"west":{"uv":[9.25,4.5,9.875,5.25],"texture":"#0"},"up":{"uv":[10.75,11.375,11,10.75],"texture":"#0"},"down":{"uv":[0,11,0.25,11.625],"texture":"#0"}}},{"from":[12.5,7.4,9.27868],"to":[13.5,10.4,12.27868],"rotation":{"angle":45,"axis":"x","origin":[13,8.9,10.77868]},"faces":{"north":{"uv":[5.25,10.25,5,11],"texture":"#0"},"east":{"uv":[5.75,8.5,5,9.25],"texture":"#0"},"south":{"uv":[5.5,10.25,5.25,11],"texture":"#0"},"west":{"uv":[5,8.5,5.75,9.25],"texture":"#0"},"up":{"uv":[5.5,11,5.75,10.25],"texture":"#0"},"down":{"uv":[5.75,10.25,6,11],"texture":"#0"}}},{"from":[12.5,7.4,3.72132],"to":[13.5,10.4,6.72132],"rotation":{"angle":-45,"axis":"x","origin":[13,8.9,5.22132]},"faces":{"north":{"uv":[6.25,10.25,6,11],"texture":"#0"},"east":{"uv":[6.5,8.5,5.75,9.25],"texture":"#0"},"south":{"uv":[6.5,10.25,6.25,11],"texture":"#0"},"west":{"uv":[5.75,8.5,6.5,9.25],"texture":"#0"},"up":{"uv":[6.5,11,6.75,10.25],"texture":"#0"},"down":{"uv":[6.75,10.25,7,11],"texture":"#0"}}},{"from":[12.51,8.9,3.1],"to":[13.49,11.9,5.6],"rotation":{"angle":0,"axis":"y","origin":[15,13.9,0.1]},"faces":{"north":{"uv":[7.25,10.25,7,11],"texture":"#0"},"east":{"uv":[9.875,5.25,9.25,6],"texture":"#0"},"south":{"uv":[7.5,10.25,7.25,11],"texture":"#0"},"west":{"uv":[9.25,5.25,9.875,6],"texture":"#0"},"up":{"uv":[11,0.625,11.25,0],"texture":"#0"},"down":{"uv":[0.25,11,0.5,11.625],"texture":"#0"}}},{"from":[12.01,11.5,2],"to":[13.99,12.5,7],"rotation":{"angle":22.5,"axis":"x","origin":[13,12.5,4.5]},"faces":{"north":{"uv":[11.5,1.5,11,1.75],"texture":"#0"},"east":{"uv":[10.25,1.75,9,2],"texture":"#0"},"south":{"uv":[11.5,1.75,11,2],"texture":"#0"},"west":{"uv":[9,1.75,10.25,2],"texture":"#0"},"up":{"uv":[8,4.25,8.5,3],"texture":"#0"},"down":{"uv":[8,3,8.5,4.25],"texture":"#0"}}},{"from":[12.01,11.5,9],"to":[13.99,12.5,14],"rotation":{"angle":-22.5,"axis":"x","origin":[13,12.5,11.5]},"faces":{"north":{"uv":[4.25,11,3.75,11.25],"texture":"#0"},"east":{"uv":[11.25,3,10,3.25],"texture":"#0"},"south":{"uv":[11.5,4,11,4.25],"texture":"#0"},"west":{"uv":[10,3,11.25,3.25],"texture":"#0"},"up":{"uv":[8,6.75,8.5,5.5],"texture":"#0"},"down":{"uv":[8,5.5,8.5,6.75],"texture":"#0"}}},{"from":[12,10.61941,6.42298],"to":[14,11.61941,9.57298],"rotation":{"angle":0,"axis":"y","origin":[13,11.11941,7.07298]},"faces":{"north":{"uv":[4.75,11,4.25,11.25],"texture":"#0"},"east":{"uv":[10.75,9.5,10,9.75],"texture":"#0"},"south":{"uv":[11.5,4.25,11,4.5],"texture":"#0"},"west":{"uv":[10.75,9.5,10,9.75],"texture":"#0"},"up":{"uv":[9.75,0.75,10.25,0],"texture":"#0"},"down":{"uv":[9.75,0,10.25,0.75],"texture":"#0"}}},{"from":[13,5.9,7],"to":[14,7.9,9],"rotation":{"angle":-45,"axis":"x","origin":[13.5,6.9,8]},"faces":{"north":{"uv":[5.75,5,5.5,5.5],"texture":"#0"},"east":{"uv":[5.5,5.5,5,6],"texture":"#0"},"south":{"uv":[5.75,5.5,5.5,6],"texture":"#0"},"west":{"uv":[5.5,5,5,5.5],"texture":"#0"},"up":{"uv":[5.75,5.5,6,5],"texture":"#0"},"down":{"uv":[5.75,5.5,6,6],"texture":"#0"}}},{"from":[11,0,12],"to":[15,1,16],"rotation":{"angle":0,"axis":"y","origin":[15,0,16]},"faces":{"north":{"uv":[5,10,6,10.25],"texture":"#0"},"east":{"uv":[5,10,6,10.25],"texture":"#0"},"south":{"uv":[5,10,6,10.25],"texture":"#0"},"west":{"uv":[5,10,6,10.25],"texture":"#0"},"up":{"uv":[2,7.5,3,8.5],"texture":"#0"},"down":{"uv":[3,8.5,4,7.5],"texture":"#0"}}},{"from":[7,23,7],"to":[9,25,9],"rotation":{"angle":0,"axis":"y","origin":[0,-1,0]},"faces":{"north":{"uv":[2,2.5,2.5,3],"texture":"#0"},"east":{"uv":[2,2.5,2.5,3],"texture":"#0"},"south":{"uv":[2,2.5,2.5,3],"texture":"#0"},"west":{"uv":[2,2.5,2.5,3],"texture":"#0"},"up":{"uv":[2,2.5,2.5,3],"texture":"#0"},"down":{"uv":[3.5,3,3,3.5],"texture":"#0"}}},{"from":[6,24,8],"to":[10,28,8],"rotation":{"angle":45,"axis":"x","origin":[8,24.25,8]},"faces":{"north":{"uv":[0,2.5,1,3.5],"texture":"#0"},"east":{"uv":[0,0,0,1],"texture":"#0"},"south":{"uv":[0,2.5,1,3.5],"texture":"#0"},"west":{"uv":[0,0,0,1],"texture":"#0"},"up":{"uv":[1,0,0,0],"texture":"#0"},"down":{"uv":[1,0,0,0],"texture":"#0"}}},{"from":[8,25.48744,8.98744],"to":[8,28.48744,14.98744],"rotation":{"angle":45,"axis":"x","origin":[8,25.98744,9.23744]},"faces":{"north":{"uv":[0,0,0,0.75],"texture":"#0"},"east":{"uv":[5.5,1.5,4,2.25],"texture":"#0"},"south":{"uv":[0,0,0,0.75],"texture":"#0"},"west":{"uv":[4,1.5,5.5,2.25],"texture":"#0"},"up":{"uv":[0,1.5,0,0],"texture":"#0"},"down":{"uv":[0,0,0,1.5],"texture":"#0"}}},{"from":[8,17.68934,12.07107],"to":[8,23.68934,15.07107],"rotation":{"angle":0,"axis":"y","origin":[8,20.68934,13.57107]},"faces":{"north":{"uv":[0,0,0,1.5],"texture":"#0"},"east":{"uv":[1.25,4,0.5,5.5],"texture":"#0"},"south":{"uv":[0,0,0,1.5],"texture":"#0"},"west":{"uv":[0.5,4,1.25,5.5],"texture":"#0"},"up":{"uv":[0,0.75,0,0],"texture":"#0"},"down":{"uv":[0,0,0,0.75],"texture":"#0"}}},{"from":[8.45,11.68934,13.57107],"to":[9.45,18.68934,14.57107],"rotation":{"angle":-22.5,"axis":"z","origin":[8,20.68934,13.07107]},"faces":{"north":{"uv":[4.25,2.25,4.5,4],"texture":"#0"},"east":{"uv":[4.25,2.25,4.5,4],"texture":"#0"},"south":{"uv":[4.25,2.25,4.5,4],"texture":"#0"},"west":{"uv":[4.25,2.25,4.5,4],"texture":"#0"},"up":{"uv":[1.5,2.5,1.25,2.75],"texture":"#0"},"down":{"uv":[2,2.5,1.75,2.75],"texture":"#0"}}},{"from":[7.76427,11.70639,13.07107],"to":[8.76427,18.70639,14.07107],"rotation":{"angle":0,"axis":"y","origin":[6.96427,15.70639,14.07107]},"faces":{"north":{"uv":[4.25,2.25,4.5,4],"texture":"#0"},"east":{"uv":[4.25,2.25,4.5,4],"texture":"#0"},"south":{"uv":[4.25,2.25,4.5,4],"texture":"#0"},"west":{"uv":[4.25,2.25,4.5,4],"texture":"#0"},"up":{"uv":[1.5,2.5,1.25,2.75],"texture":"#0"},"down":{"uv":[1.5,2.5,1.25,2.75],"texture":"#0"}}}],"gui_light":"front","display":{"thirdperson_righthand":{"rotation":[67.5,0,0],"translation":[0,1.25,0.5],"scale":[0.22266,0.22266,0.22266]},"thirdperson_lefthand":{"rotation":[67.5,0,0],"translation":[0,1.25,0.5],"scale":[0.22266,0.22266,0.22266]},"firstperson_righthand":{"translation":[2.25,3,0],"scale":[0.2668,0.2668,0.2668]},"firstperson_lefthand":{"translation":[2.25,3,0],"scale":[0.2668,0.2668,0.2668]},"ground":{"translation":[0,6,0],"scale":[0.35,0.35,0.35]},"gui":{"rotation":[30,135,0],"translation":[0,-1.5,0],"scale":[0.5,0.5,0.5]},"head":{"rotation":[0,180,0],"translation":[0,-30.4,0],"scale":[1.6,1.6,1.6]},"fixed":{"rotation":[-90,0,0],"translation":[0,0,-16],"scale":[2,2,2]}}}