{"credit":"Made with Blockbench","texture_size":[32,32],"textures":{"3":"magic_store_pack:magic_store_wand_box"},"elements":[{"from":[6,0.1,0.3],"to":[10,0.1,15.3],"faces":{"north":{"uv":[0,0,2,0],"texture":"#3","tintindex":0},"east":{"uv":[0,0,7.5,0],"texture":"#3","tintindex":0},"south":{"uv":[0,0,2,0],"texture":"#3","tintindex":0},"west":{"uv":[0,0,7.5,0],"texture":"#3","tintindex":0},"up":{"uv":[2,7.5,0,0],"texture":"#3","tintindex":0},"down":{"uv":[4,0,2,7.5],"texture":"#3","tintindex":0}}},{"from":[6,0.1,0.3],"to":[10,3.1,0.3],"faces":{"north":{"uv":[8,5,10,6.5],"texture":"#3","tintindex":0},"east":{"uv":[0,0,0,1.5],"texture":"#3","tintindex":0},"south":{"uv":[0,9,2,10.5],"texture":"#3","tintindex":0},"west":{"uv":[0,0,0,1.5],"texture":"#3","tintindex":0},"up":{"uv":[2,0,0,0],"texture":"#3","tintindex":0},"down":{"uv":[2,0,0,0],"texture":"#3","tintindex":0}}},{"from":[6,0.1,15.3],"to":[10,3.1,15.3],"faces":{"north":{"uv":[2,9,4,10.5],"texture":"#3","tintindex":0},"east":{"uv":[0,0,0,1.5],"texture":"#3","tintindex":0},"south":{"uv":[4,9,6,10.5],"texture":"#3","tintindex":0},"west":{"uv":[0,0,0,1.5],"texture":"#3","tintindex":0},"up":{"uv":[2,0,0,0],"texture":"#3","tintindex":0},"down":{"uv":[2,0,0,0],"texture":"#3","tintindex":0}}},{"from":[10,0.1,0.3],"to":[10,3.1,15.3],"faces":{"north":{"uv":[0,0,0,1.5],"texture":"#3","tintindex":0},"east":{"uv":[0,7.5,7.5,9],"texture":"#3","tintindex":0},"south":{"uv":[0,0,0,1.5],"texture":"#3","tintindex":0},"west":{"uv":[7.5,7.5,15,9],"texture":"#3","tintindex":0},"up":{"uv":[0,7.5,0,0],"texture":"#3","tintindex":0},"down":{"uv":[0,0,0,7.5],"texture":"#3","tintindex":0}}},{"from":[6,0.1,0.3],"to":[6,3.1,15.3],"faces":{"north":{"uv":[0,0,0,1.5],"texture":"#3","tintindex":0},"east":{"uv":[8,0,15.5,1.5],"texture":"#3","tintindex":0},"south":{"uv":[0,0,0,1.5],"texture":"#3","tintindex":0},"west":{"uv":[8,1.5,15.5,3],"texture":"#3","tintindex":0},"up":{"uv":[0,7.5,0,0],"texture":"#3","tintindex":0},"down":{"uv":[0,0,0,7.5],"texture":"#3","tintindex":0}}},{"from":[5.8,2.3,0.1],"to":[10.2,3.3,0.1],"faces":{"north":{"uv":[8,6.5,10,7],"texture":"#3","tintindex":0},"east":{"uv":[0,0,0,0.5],"texture":"#3","tintindex":0},"south":{"uv":[8,7,10,7.5],"texture":"#3","tintindex":0},"west":{"uv":[0,0,0,0.5],"texture":"#3","tintindex":0},"up":{"uv":[2,0,0,0],"texture":"#3","tintindex":0},"down":{"uv":[2,0,0,0],"texture":"#3","tintindex":0}}},{"from":[5.8,2.3,15.5],"to":[10.2,3.3,15.5],"rotation":{"angle":0,"axis":"y","origin":[0,0,16]},"faces":{"north":{"uv":[6,9,8,9.5],"texture":"#3","tintindex":0},"east":{"uv":[0,0,0,0.5],"texture":"#3","tintindex":0},"south":{"uv":[8,9,10,9.5],"texture":"#3","tintindex":0},"west":{"uv":[0,0,0,0.5],"texture":"#3","tintindex":0},"up":{"uv":[2,0,0,0],"texture":"#3","tintindex":0},"down":{"uv":[2,0,0,0],"texture":"#3","tintindex":0}}},{"from":[5.8,2.3,0.1],"to":[5.8,3.3,15.5],"faces":{"north":{"uv":[0,0,0,0.5],"texture":"#3","tintindex":0},"east":{"uv":[8,3,15.5,3.5],"texture":"#3","tintindex":0},"south":{"uv":[0,0,0,0.5],"texture":"#3","tintindex":0},"west":{"uv":[8,3.5,15.5,4],"texture":"#3","tintindex":0},"up":{"uv":[0,7.5,0,0],"texture":"#3","tintindex":0},"down":{"uv":[0,0,0,7.5],"texture":"#3","tintindex":0}}},{"from":[10.2,2.3,0.1],"to":[10.2,3.3,15.5],"rotation":{"angle":0,"axis":"y","origin":[16,0,0]},"faces":{"north":{"uv":[0,0,0,0.5],"texture":"#3","tintindex":0},"east":{"uv":[8,4,15.5,4.5],"texture":"#3","tintindex":0},"south":{"uv":[0,0,0,0.5],"texture":"#3","tintindex":0},"west":{"uv":[8,4.5,15.5,5],"texture":"#3","tintindex":0},"up":{"uv":[0,7.5,0,0],"texture":"#3","tintindex":0},"down":{"uv":[0,0,0,7.5],"texture":"#3","tintindex":0}}},{"from":[5.8,3.3,0.1],"to":[10.2,3.3,15.5],"faces":{"north":{"uv":[0,0,2,0],"texture":"#3","tintindex":0},"east":{"uv":[0,0,7.5,0],"texture":"#3","tintindex":0},"south":{"uv":[0,0,2,0],"texture":"#3","tintindex":0},"west":{"uv":[0,0,7.5,0],"texture":"#3","tintindex":0},"up":{"uv":[6,7.5,4,0],"texture":"#3","tintindex":0},"down":{"uv":[8,0,6,7.5],"texture":"#3","tintindex":0}}}],"display":{"thirdperson_righthand":{"rotation":[75,45,0],"translation":[0,2.5,0],"scale":[0.375,0.375,0.375]},"thirdperson_lefthand":{"rotation":[75,45,0],"translation":[0,2.5,0],"scale":[0.375,0.375,0.375]},"firstperson_righthand":{"rotation":[0,45,0],"scale":[0.4,0.4,0.4]},"firstperson_lefthand":{"rotation":[0,225,0],"scale":[0.4,0.4,0.4]},"ground":{"translation":[0,3,0],"scale":[0.25,0.25,0.25]},"gui":{"rotation":[30,225,0],"translation":[0,2.5,0],"scale":[0.625,0.625,0.625]},"fixed":{"rotation":[-90,0,0],"translation":[0,0,-16],"scale":[2,2,2]}}}