{"credit":"Made by spike5032","textures":{"0":"block/black_concrete","1":"block/quartz_block_side","2":"block/anvil"},"elements":[{"name":"Counter Main","from":[-0.2,1,-1],"to":[16.2,15.9,1],"faces":{"north":{"uv":[0,0,16,16],"texture":"#0"},"east":{"uv":[14,0,16,15.2],"texture":"#0"},"south":{"uv":[0,0,16,15.2],"texture":"#1"},"west":{"uv":[0,0,2,15.2],"texture":"#0"},"up":{"uv":[0,0,16,15.2],"texture":"#1"},"down":{"uv":[0,0,16,1.2],"texture":"#0"}}},{"name":"Footboard","from":[-0.2,0,-0.3],"to":[16.1,1,16.5],"faces":{"north":{"uv":[0,15,16,16],"texture":"#1"},"east":{"uv":[0,15,16,16],"texture":"#1"},"south":{"uv":[0,15,16,16],"texture":"#1"},"west":{"uv":[0,15,16,16],"texture":"#1"},"up":{"uv":[0,15,16,16],"texture":"#1"},"down":{"uv":[0,15,16,16],"texture":"#1"}}},{"from":[-0.3,15,-2],"to":[16.3,16.2,16.55],"faces":{"north":{"uv":[0,15,16,16],"texture":"#1"},"east":{"uv":[0,15,16,16],"texture":"#1"},"south":{"uv":[0,15,16,16],"texture":"#1"},"west":{"uv":[0,15,16,16],"texture":"#1"},"up":{"uv":[0,0,16,16],"texture":"#1"},"down":{"uv":[0,0,16,16],"texture":"#1"}}},{"from":[-0.1,0,0.05],"to":[0.9,16,16.4],"rotation":{"angle":0,"axis":"y","origin":[7.9,8,7.9]},"faces":{"north":{"uv":[0,0,1,16],"texture":"#missing"},"east":{"uv":[0,0,16,16],"texture":"#0"},"south":{"uv":[14,0,16,15.2],"texture":"#0"},"west":{"uv":[0,0,16,16],"texture":"#0"},"up":{"uv":[0,0,1,16],"texture":"#missing"},"down":{"uv":[0,6,16,7],"rotation":90,"texture":"#1"}}},{"from":[0.9,0.1,15.25],"to":[15.1,16,16.4],"rotation":{"angle":0,"axis":"y","origin":[8.25,8,8.25]},"faces":{"north":{"uv":[0,0,14.2,16],"texture":"#0"},"east":{"uv":[1,0,2,16],"texture":"#missing"},"south":{"uv":[0,0,14.2,16],"texture":"#0"},"west":{"uv":[15,0,16,16],"texture":"#0"},"up":{"uv":[1,0,2,14.2],"rotation":90,"texture":"#missing"},"down":{"uv":[0,6,14.2,7],"texture":"#1"}}},{"from":[15.1,0,0.05],"to":[16,16,16.4],"rotation":{"angle":0,"axis":"y","origin":[8.1,8,7.9]},"faces":{"north":{"uv":[1,0,0,16],"texture":"#missing"},"east":{"uv":[16,0,0,16],"texture":"#0"},"south":{"uv":[16,0,14,15.2],"texture":"#0"},"west":{"uv":[16,0,0,16],"texture":"#0"},"up":{"uv":[1,0,0,16],"texture":"#missing"},"down":{"uv":[0,6,16,7],"rotation":90,"texture":"#1"}}},{"from":[2,1,-1.5],"to":[14,7.5,-0.5],"faces":{"north":{"uv":[0,0,16,16],"rotation":90,"texture":"#0"},"east":{"uv":[0,0,15.5,1],"rotation":270,"texture":"#0"},"south":{"uv":[0,0,6.5,12],"rotation":270,"texture":"#0"},"west":{"uv":[0,0,15.5,1],"rotation":90,"texture":"#0"},"up":{"uv":[0,0,1.5,15],"rotation":270,"texture":"#0"},"down":{"uv":[0,0,1.5,16],"rotation":270,"texture":"#0"}}},{"from":[12.4,1.7,-1.7],"to":[13,6.7,-1.2],"faces":{"north":{"uv":[0,0,5,0.6],"rotation":90,"texture":"#1"},"east":{"uv":[0,0,5,0.6],"rotation":270,"texture":"#1"},"south":{"uv":[0,0,5,0.6],"rotation":270,"texture":"#1"},"west":{"uv":[0,0,5,0.6],"rotation":90,"texture":"#1"},"up":{"uv":[0,0,5,0.6],"rotation":270,"texture":"#1"},"down":{"uv":[0,0,5,0.6],"rotation":270,"texture":"#1"}}},{"from":[3.4,6.1,-1.7],"to":[12.4,6.7,-1.2],"faces":{"north":{"uv":[0,0,0.6,9],"rotation":90,"texture":"#1"},"east":{"uv":[0,0,0.6,9],"rotation":270,"texture":"#1"},"south":{"uv":[0,0,0.6,9],"rotation":270,"texture":"#1"},"west":{"uv":[0,0,0.6,9],"rotation":90,"texture":"#1"},"up":{"uv":[0,0,0.6,9],"rotation":270,"texture":"#1"},"down":{"uv":[0,0,0.6,9],"rotation":270,"texture":"#1"}}},{"from":[2.8,1.7,-1.7],"to":[3.4,6.7,-1.2],"faces":{"north":{"uv":[0,0,5,0.6],"rotation":90,"texture":"#1"},"east":{"uv":[0,0,5,0.6],"rotation":270,"texture":"#1"},"south":{"uv":[0,0,5,0.6],"rotation":270,"texture":"#1"},"west":{"uv":[0,0,5,0.6],"rotation":90,"texture":"#1"},"up":{"uv":[0,0,5,0.6],"rotation":270,"texture":"#1"},"down":{"uv":[0,0,5,0.6],"rotation":270,"texture":"#1"}}},{"from":[3.4,1.7,-1.7],"to":[12.4,2.3,-1.2],"faces":{"north":{"uv":[0,0,0.6,9],"rotation":90,"texture":"#1"},"east":{"uv":[0,0,0.6,9],"rotation":270,"texture":"#1"},"south":{"uv":[0,0,0.6,9],"rotation":270,"texture":"#1"},"west":{"uv":[0,0,0.6,9],"rotation":90,"texture":"#1"},"up":{"uv":[0,0,0.6,9],"rotation":270,"texture":"#1"},"down":{"uv":[0,0,0.6,9],"rotation":270,"texture":"#1"}}},{"from":[6.7,6.2,-2.6],"to":[8.7,6.8,-2.2],"faces":{"north":{"uv":[2,3,4,5.6],"rotation":90,"texture":"#2"},"east":{"uv":[2,3,4,5.6],"rotation":270,"texture":"#2"},"south":{"uv":[2,3,4,5.6],"rotation":270,"texture":"#2"},"west":{"uv":[2,3,4,5.6],"rotation":90,"texture":"#2"},"up":{"uv":[2,3,4,5.6],"rotation":270,"texture":"#2"},"down":{"uv":[2,3,4,5.6],"rotation":270,"texture":"#2"}}},{"from":[8.4,6.2,-2.3],"to":[9,6.8,-1.3],"faces":{"north":{"uv":[2,3,4,5.6],"rotation":90,"texture":"#2"},"east":{"uv":[2,3,4,5.6],"rotation":270,"texture":"#2"},"south":{"uv":[2,3,4,5.6],"rotation":270,"texture":"#2"},"west":{"uv":[2,3,4,5.6],"rotation":90,"texture":"#2"},"up":{"uv":[2,3,4,5.6],"rotation":270,"texture":"#2"},"down":{"uv":[2,3,4,5.6],"rotation":270,"texture":"#2"}}},{"from":[6.4,6.2,-2.3],"to":[7,6.8,-1.3],"faces":{"north":{"uv":[2,3,4,5.6],"rotation":90,"texture":"#2"},"east":{"uv":[2,3,4,5.6],"rotation":270,"texture":"#2"},"south":{"uv":[2,3,4,5.6],"rotation":270,"texture":"#2"},"west":{"uv":[2,3,4,5.6],"rotation":90,"texture":"#2"},"up":{"uv":[2,3,4,5.6],"rotation":270,"texture":"#2"},"down":{"uv":[2,3,4,5.6],"rotation":270,"texture":"#2"}}},{"from":[2,8,-1.5],"to":[14,14.5,-0.5],"faces":{"north":{"uv":[0,0,16,16],"rotation":90,"texture":"#0"},"east":{"uv":[0,0,15.5,1],"rotation":270,"texture":"#0"},"south":{"uv":[0,0,6.5,12],"rotation":270,"texture":"#0"},"west":{"uv":[0,0,15.5,1],"rotation":90,"texture":"#0"},"up":{"uv":[0,0,1.5,15],"rotation":270,"texture":"#0"},"down":{"uv":[0,0,1.5,16],"rotation":270,"texture":"#0"}}},{"from":[12.4,8.7,-1.7],"to":[13,13.7,-1.2],"faces":{"north":{"uv":[0,0,5,0.6],"rotation":90,"texture":"#1"},"east":{"uv":[0,0,5,0.6],"rotation":270,"texture":"#1"},"south":{"uv":[0,0,5,0.6],"rotation":270,"texture":"#1"},"west":{"uv":[0,0,5,0.6],"rotation":90,"texture":"#1"},"up":{"uv":[0,0,5,0.6],"rotation":270,"texture":"#1"},"down":{"uv":[0,0,5,0.6],"rotation":270,"texture":"#1"}}},{"from":[3.4,13.1,-1.7],"to":[12.4,13.7,-1.2],"faces":{"north":{"uv":[0,0,0.6,9],"rotation":90,"texture":"#1"},"east":{"uv":[0,0,0.6,9],"rotation":270,"texture":"#1"},"south":{"uv":[0,0,0.6,9],"rotation":270,"texture":"#1"},"west":{"uv":[0,0,0.6,9],"rotation":90,"texture":"#1"},"up":{"uv":[0,0,0.6,9],"rotation":270,"texture":"#1"},"down":{"uv":[0,0,0.6,9],"rotation":270,"texture":"#1"}}},{"from":[2.8,8.7,-1.7],"to":[3.4,13.7,-1.2],"faces":{"north":{"uv":[0,0,5,0.6],"rotation":90,"texture":"#1"},"east":{"uv":[0,0,5,0.6],"rotation":270,"texture":"#1"},"south":{"uv":[0,0,5,0.6],"rotation":270,"texture":"#1"},"west":{"uv":[0,0,5,0.6],"rotation":90,"texture":"#1"},"up":{"uv":[0,0,5,0.6],"rotation":270,"texture":"#1"},"down":{"uv":[0,0,5,0.6],"rotation":270,"texture":"#1"}}},{"from":[3.4,8.7,-1.7],"to":[12.4,9.3,-1.2],"faces":{"north":{"uv":[0,0,0.6,9],"rotation":90,"texture":"#1"},"east":{"uv":[0,0,0.6,9],"rotation":270,"texture":"#1"},"south":{"uv":[0,0,0.6,9],"rotation":270,"texture":"#1"},"west":{"uv":[0,0,0.6,9],"rotation":90,"texture":"#1"},"up":{"uv":[0,0,0.6,9],"rotation":270,"texture":"#1"},"down":{"uv":[0,0,0.6,9],"rotation":270,"texture":"#1"}}},{"from":[6.7,13.2,-2.6],"to":[8.7,13.8,-2.2],"faces":{"north":{"uv":[2,3,4,5.6],"rotation":90,"texture":"#2"},"east":{"uv":[2,3,4,5.6],"rotation":270,"texture":"#2"},"south":{"uv":[2,3,4,5.6],"rotation":270,"texture":"#2"},"west":{"uv":[2,3,4,5.6],"rotation":90,"texture":"#2"},"up":{"uv":[2,3,4,5.6],"rotation":270,"texture":"#2"},"down":{"uv":[2,3,4,5.6],"rotation":270,"texture":"#2"}}},{"from":[8.4,13.2,-2.3],"to":[9,13.8,-1.3],"faces":{"north":{"uv":[2,3,4,5.6],"rotation":90,"texture":"#2"},"east":{"uv":[2,3,4,5.6],"rotation":270,"texture":"#2"},"south":{"uv":[2,3,4,5.6],"rotation":270,"texture":"#2"},"west":{"uv":[2,3,4,5.6],"rotation":90,"texture":"#2"},"up":{"uv":[2,3,4,5.6],"rotation":270,"texture":"#2"},"down":{"uv":[2,3,4,5.6],"rotation":270,"texture":"#2"}}},{"from":[6.4,13.2,-2.3],"to":[7,13.8,-1.3],"faces":{"north":{"uv":[2,3,4,5.6],"rotation":90,"texture":"#2"},"east":{"uv":[2,3,4,5.6],"rotation":270,"texture":"#2"},"south":{"uv":[2,3,4,5.6],"rotation":270,"texture":"#2"},"west":{"uv":[2,3,4,5.6],"rotation":90,"texture":"#2"},"up":{"uv":[2,3,4,5.6],"rotation":270,"texture":"#2"},"down":{"uv":[2,3,4,5.6],"rotation":270,"texture":"#2"}}}],"display":{"thirdperson_righthand":{"rotation":[75,45,0],"translation":[0,2.5,0],"scale":[0.375,0.375,0.375]},"thirdperson_lefthand":{"rotation":[75,45,0],"translation":[0,2.5,0],"scale":[0.375,0.375,0.375]},"firstperson_righthand":{"rotation":[0,115,0],"scale":[0.4,0.4,0.4]},"firstperson_lefthand":{"rotation":[0,115,0],"scale":[0.4,0.4,0.4]},"ground":{"scale":[0.5,0.5,0.5]},"gui":{"rotation":[30,225,0],"scale":[0.5,0.5,0.5]},"head":{"rotation":[0,-180,0],"translation":[0,-15.5,0.5],"scale":[2.23,2.2,2.2]},"fixed":{"translation":[0,0,17],"scale":[2.00586,2.03125,2.00977]}},"groups":[0,1,{"name":"Countertop","origin":[8,8,8],"color":0,"children":[2]},3,4,5,{"name":"counter_birch2","origin":[8,8,8],"color":0,"children":[{"name":"Drawer/Door","origin":[8,8,8],"color":0,"children":[6,7,8,9,10,11,12,13]},{"name":"Drawer/Door2","origin":[8,8,8],"color":0,"children":[14,15,16,17,18,19,20,21]}]}]}