{"credit":"Created by Workshop Six","texture_size":[256,256],"textures":{"4":"workshop_six:sweetheart_furniture/sweetheart_bed"},"elements":[{"from":[13,-13,-8.5],"to":[20,-1,24.5],"rotation":{"angle":0,"axis":"y","origin":[0,0,-8]},"faces":{"north":{"uv":[5.6875,6.625,6.125,7.375],"texture":"#4"},"east":{"uv":[5.4375,3.0625,7.5,3.8125],"texture":"#4"},"south":{"uv":[6.125,6.625,6.5625,7.375],"texture":"#4"},"west":{"uv":[5.4375,3.8125,7.5,4.5625],"texture":"#4"},"up":{"uv":[4.25,8.3125,3.8125,6.25],"texture":"#4"},"down":{"uv":[4.6875,6.25,4.25,8.3125],"texture":"#4"}}},{"from":[-8,-16,-8],"to":[-6,16,-6],"rotation":{"angle":0,"axis":"y","origin":[0,0,-8]},"faces":{"north":{"uv":[4.6875,7,4.8125,9],"texture":"#4"},"east":{"uv":[4.8125,7,4.9375,9],"texture":"#4"},"south":{"uv":[4.9375,7,5.0625,9],"texture":"#4"},"west":{"uv":[5.0625,7,5.1875,9],"texture":"#4"},"up":{"uv":[4.125,5.5,4,5.375],"texture":"#4"},"down":{"uv":[4.25,5.375,4.125,5.5],"texture":"#4"}}},{"from":[-6,-14,-6.5],"to":[30,-3,22.5],"rotation":{"angle":0,"axis":"y","origin":[0,0,-8]},"faces":{"north":{"uv":[5.4375,4.5625,7.6875,5.25],"texture":"#4"},"east":{"uv":[5.4375,5.9375,7.25,6.625],"texture":"#4"},"south":{"uv":[5.4375,5.25,7.6875,5.9375],"texture":"#4"},"west":{"uv":[0,6.125,1.8125,6.8125],"texture":"#4"},"up":{"uv":[4.75,1.8125,2.5,0],"texture":"#4"},"down":{"uv":[4.75,1.8125,2.5,3.625],"texture":"#4"}}},{"from":[30,-15,-6],"to":[31,7,22],"rotation":{"angle":0,"axis":"y","origin":[0,0,-8]},"faces":{"north":{"uv":[1.6875,7.4375,1.75,8.8125],"texture":"#4"},"east":{"uv":[2.5,3.625,4.25,5],"texture":"#4"},"south":{"uv":[6.6875,7.5,6.75,8.875],"texture":"#4"},"west":{"uv":[0,4,1.75,5.375],"texture":"#4"},"up":{"uv":[3.8125,8.5625,3.75,6.8125],"texture":"#4"},"down":{"uv":[0.0625,7.4375,0,9.1875],"texture":"#4"}}},{"from":[30,7,-4],"to":[31,10,20],"rotation":{"angle":0,"axis":"y","origin":[0,0,-8]},"faces":{"north":{"uv":[7.8125,3.5625,7.875,3.75],"texture":"#4"},"east":{"uv":[6.5625,6.625,8.0625,6.8125],"texture":"#4"},"south":{"uv":[7.8125,3.75,7.875,3.9375],"texture":"#4"},"west":{"uv":[0,6.8125,1.5,7],"texture":"#4"},"up":{"uv":[0.5,8.9375,0.4375,7.4375],"texture":"#4"},"down":{"uv":[0.5625,7.4375,0.5,8.9375],"texture":"#4"}}},{"from":[-7,-15,-6],"to":[-6,3,22],"rotation":{"angle":0,"axis":"y","origin":[0,0,-8]},"faces":{"north":{"uv":[6.75,7.5,6.8125,8.625],"texture":"#4"},"east":{"uv":[4.75,1.9375,6.5,3.0625],"texture":"#4"},"south":{"uv":[6.8125,7.5,6.875,8.625],"texture":"#4"},"west":{"uv":[1.75,5,3.5,6.125],"texture":"#4"},"up":{"uv":[0.125,9.1875,0.0625,7.4375],"texture":"#4"},"down":{"uv":[0.1875,7.4375,0.125,9.1875],"texture":"#4"}}},{"from":[-6,-13,-7.5],"to":[13,-2,23.5],"rotation":{"angle":0,"axis":"y","origin":[0,0,-8]},"faces":{"north":{"uv":[0,5.375,1.1875,6.0625],"texture":"#4"},"east":{"uv":[3.5,5.5625,5.4375,6.25],"texture":"#4"},"south":{"uv":[6.5,2.375,7.6875,3.0625],"texture":"#4"},"west":{"uv":[5.9375,1.125,7.875,1.8125],"texture":"#4"},"up":{"uv":[5.4375,5.5625,4.25,3.625],"texture":"#4"},"down":{"uv":[5.9375,0,4.75,1.9375],"texture":"#4"}}},{"from":[17.75,-15.5,-4.5],"to":[25.75,-9.5,7.5],"rotation":{"angle":22.5,"axis":"z","origin":[0,0,-8]},"faces":{"north":{"uv":[4.75,3.0625,5.25,3.4375],"texture":"#4"},"east":{"uv":[3.5,5,4.25,5.375],"texture":"#4"},"south":{"uv":[1.75,7.3125,2.25,7.6875],"texture":"#4"},"west":{"uv":[1.5,6.8125,2.25,7.1875],"texture":"#4"},"up":{"uv":[2.25,4.75,1.75,4],"texture":"#4"},"down":{"uv":[1.6875,5.375,1.1875,6.125],"texture":"#4"}}},{"from":[17.75,-15.5,8.5],"to":[25.75,-9.5,20.5],"rotation":{"angle":22.5,"axis":"z","origin":[0,0,37]},"faces":{"north":{"uv":[5.1875,7.375,5.6875,7.75],"texture":"#4"},"east":{"uv":[2.25,6.8125,3,7.1875],"texture":"#4"},"south":{"uv":[5.6875,7.375,6.1875,7.75],"texture":"#4"},"west":{"uv":[3,6.8125,3.75,7.1875],"texture":"#4"},"up":{"uv":[5.1875,7,4.6875,6.25],"texture":"#4"},"down":{"uv":[5.6875,6.625,5.1875,7.375],"texture":"#4"}}},{"from":[-7.75,16,-7.75],"to":[-6.25,17,-6.25],"rotation":{"angle":0,"axis":"y","origin":[0,0,-8]},"faces":{"north":{"uv":[1.375,7.125,1.5,7.1875],"texture":"#4"},"east":{"uv":[7.875,1.3125,8,1.375],"texture":"#4"},"south":{"uv":[7.875,1.375,8,1.4375],"texture":"#4"},"west":{"uv":[7.875,1.4375,8,1.5],"texture":"#4"},"up":{"uv":[6.0625,1.9375,5.9375,1.8125],"texture":"#4"},"down":{"uv":[6.1875,1.8125,6.0625,1.9375],"texture":"#4"}}},{"from":[-8,17,-8],"to":[-6,29,-6],"rotation":{"angle":0,"axis":"y","origin":[0,0,-8]},"faces":{"north":{"uv":[2.25,4,2.375,4.75],"texture":"#4"},"east":{"uv":[2.375,4,2.5,4.75],"texture":"#4"},"south":{"uv":[0.5625,7.4375,0.6875,8.1875],"texture":"#4"},"west":{"uv":[0.6875,7.4375,0.8125,8.1875],"texture":"#4"},"up":{"uv":[1.9375,6.25,1.8125,6.125],"texture":"#4"},"down":{"uv":[2.0625,6.125,1.9375,6.25],"texture":"#4"}}},{"from":[-7.75,29,-7.75],"to":[-6.25,30,-6.25],"rotation":{"angle":0,"axis":"y","origin":[0,0,-8]},"faces":{"north":{"uv":[7.875,1.5,8,1.5625],"texture":"#4"},"east":{"uv":[7.875,1.5625,8,1.625],"texture":"#4"},"south":{"uv":[7.875,1.625,8,1.6875],"texture":"#4"},"west":{"uv":[7.875,1.6875,8,1.75],"texture":"#4"},"up":{"uv":[2.1875,6.25,2.0625,6.125],"texture":"#4"},"down":{"uv":[2.3125,6.125,2.1875,6.25],"texture":"#4"}}},{"from":[-8,30,-8],"to":[-6,32,-6],"rotation":{"angle":0,"axis":"y","origin":[0,0,-8]},"faces":{"north":{"uv":[2.3125,6.125,2.4375,6.25],"texture":"#4"},"east":{"uv":[2.4375,6.125,2.5625,6.25],"texture":"#4"},"south":{"uv":[2.5625,6.125,2.6875,6.25],"texture":"#4"},"west":{"uv":[2.6875,6.125,2.8125,6.25],"texture":"#4"},"up":{"uv":[2.9375,6.25,2.8125,6.125],"texture":"#4"},"down":{"uv":[3.0625,6.125,2.9375,6.25],"texture":"#4"}}},{"from":[-7.5,26,-6],"to":[-6.5,28,22],"rotation":{"angle":0,"axis":"y","origin":[12,27,-7]},"faces":{"north":{"uv":[3.4375,6.125,3.5,6.25],"texture":"#4"},"east":{"uv":[7.25,6.3125,9,6.4375],"texture":"#4"},"south":{"uv":[6.4375,1.8125,6.5,1.9375],"texture":"#4"},"west":{"uv":[7.25,6.4375,9,6.5625],"texture":"#4"},"up":{"uv":[0.25,9.1875,0.1875,7.4375],"texture":"#4"},"down":{"uv":[0.3125,7.4375,0.25,9.1875],"texture":"#4"}}},{"from":[30.5,26,-6],"to":[31.5,28,22],"rotation":{"angle":0,"axis":"y","origin":[12,27,-7]},"faces":{"north":{"uv":[7.875,2.375,7.9375,2.5],"texture":"#4"},"east":{"uv":[0,7.3125,1.75,7.4375],"texture":"#4"},"south":{"uv":[7.875,2.5,7.9375,2.625],"texture":"#4"},"west":{"uv":[6.5625,7.3125,8.3125,7.4375],"texture":"#4"},"up":{"uv":[0.375,9.1875,0.3125,7.4375],"texture":"#4"},"down":{"uv":[0.4375,7.4375,0.375,9.1875],"texture":"#4"}}},{"from":[-6,-15,-7.5],"to":[30,-13,-6.5],"rotation":{"angle":0,"axis":"y","origin":[0,0,-8]},"faces":{"north":{"uv":[6.5625,6.8125,8.8125,6.9375],"texture":"#4"},"east":{"uv":[7.875,2.625,7.9375,2.75],"texture":"#4"},"south":{"uv":[6.5625,6.9375,8.8125,7.0625],"texture":"#4"},"west":{"uv":[7.875,2.75,7.9375,2.875],"texture":"#4"},"up":{"uv":[9.5,6.625,7.25,6.5625],"texture":"#4"},"down":{"uv":[8.4375,7.4375,6.1875,7.5],"texture":"#4"}}},{"from":[-7.75,19.15,-7.75],"to":[31.75,28.15,23.75],"rotation":{"angle":0,"axis":"y","origin":[12,27.15,-7]},"faces":{"north":{"uv":[5.9375,0,8.4375,0.5625],"texture":"#4"},"east":{"uv":[1.8125,6.25,3.8125,6.8125],"texture":"#4"},"south":{"uv":[5.9375,0.5625,8.4375,1.125],"texture":"#4"},"west":{"uv":[6.5,1.8125,8.5,2.375],"texture":"#4"},"up":{"uv":[2.5,2,0,0],"texture":"#4"},"down":{"uv":[2.5,2,0,4],"texture":"#4"}}},{"from":[2,22,-12.25],"to":[4,24,-11.25],"rotation":{"angle":45,"axis":"y","origin":[2,2,3.75]},"faces":{"north":{"uv":[3.0625,6.125,3.1875,6.25],"texture":"#4"},"east":{"uv":[7.875,3.5625,7.9375,3.6875],"texture":"#4"},"south":{"uv":[3.1875,6.125,3.3125,6.25],"texture":"#4"},"west":{"uv":[7.875,3.6875,7.9375,3.8125],"texture":"#4"},"up":{"uv":[8,1.8125,7.875,1.75],"texture":"#4"},"down":{"uv":[8,3,7.875,3.0625],"texture":"#4"}}},{"from":[-0.5,21,-12],"to":[2.5,25,-11.5],"rotation":{"angle":45,"axis":"y","origin":[2,2,3.75]},"faces":{"north":{"uv":[1.75,4.75,1.9375,5],"texture":"#4"},"east":{"uv":[1.6875,5.375,1.75,5.625],"texture":"#4"},"south":{"uv":[1.9375,4.75,2.125,5],"texture":"#4"},"west":{"uv":[1.6875,5.625,1.75,5.875],"texture":"#4"},"up":{"uv":[5.4375,3.625,5.25,3.5625],"texture":"#4"},"down":{"uv":[1.1875,6.0625,1,6.125],"texture":"#4"}}},{"from":[3.5,21,-12],"to":[6.5,25,-11.5],"rotation":{"angle":45,"axis":"y","origin":[2,2,3.75]},"faces":{"north":{"uv":[2.125,4.75,2.3125,5],"texture":"#4"},"east":{"uv":[1.6875,5.875,1.75,6.125],"texture":"#4"},"south":{"uv":[2.3125,4.75,2.5,5],"texture":"#4"},"west":{"uv":[5.375,6.25,5.4375,6.5],"texture":"#4"},"up":{"uv":[0.4375,7.1875,0.25,7.125],"texture":"#4"},"down":{"uv":[0.625,7.125,0.4375,7.1875],"texture":"#4"}}},{"from":[2.25,18,-12.05],"to":[3.25,22,-12.05],"rotation":{"angle":45,"axis":"y","origin":[2,2,3.75]},"faces":{"north":{"uv":[1.75,7.6875,1.8125,7.9375],"texture":"#4"},"east":{"uv":[0,0,0,0.25],"texture":"#4"},"south":{"uv":[1.8125,7.6875,1.875,7.9375],"texture":"#4"},"west":{"uv":[0,0,0,0.25],"texture":"#4"},"up":{"uv":[0.0625,0,0,0],"texture":"#4"},"down":{"uv":[0.0625,0,0,0],"texture":"#4"}}},{"from":[2.75,19,-11.8],"to":[3.75,22,-11.8],"rotation":{"angle":45,"axis":"y","origin":[2,2,3.75]},"faces":{"north":{"uv":[7.8125,3.9375,7.875,4.125],"texture":"#4"},"east":{"uv":[0,0,0,0.1875],"texture":"#4"},"south":{"uv":[7.8125,4.125,7.875,4.3125],"texture":"#4"},"west":{"uv":[0,0,0,0.1875],"texture":"#4"},"up":{"uv":[0.0625,0,0,0],"texture":"#4"},"down":{"uv":[0.0625,0,0,0],"texture":"#4"}}},{"from":[30,17,-8],"to":[32,29,-6],"rotation":{"angle":0,"axis":"y","origin":[24,0,-8]},"faces":{"north":{"uv":[0.8125,7.4375,0.9375,8.1875],"texture":"#4"},"east":{"uv":[0.9375,7.4375,1.0625,8.1875],"texture":"#4"},"south":{"uv":[1.0625,7.4375,1.1875,8.1875],"texture":"#4"},"west":{"uv":[1.1875,7.4375,1.3125,8.1875],"texture":"#4"},"up":{"uv":[3.4375,6.25,3.3125,6.125],"texture":"#4"},"down":{"uv":[6.3125,1.8125,6.1875,1.9375],"texture":"#4"}}},{"from":[30.25,29,-7.75],"to":[31.75,30,-6.25],"rotation":{"angle":0,"axis":"y","origin":[24,0,-8]},"faces":{"north":{"uv":[7.875,3.8125,8,3.875],"texture":"#4"},"east":{"uv":[7.875,3.875,8,3.9375],"texture":"#4"},"south":{"uv":[7.875,3.9375,8,4],"texture":"#4"},"west":{"uv":[7.875,4,8,4.0625],"texture":"#4"},"up":{"uv":[6.4375,1.9375,6.3125,1.8125],"texture":"#4"},"down":{"uv":[5.3125,6.5,5.1875,6.625],"texture":"#4"}}},{"from":[30,30,-8],"to":[32,32,-6],"rotation":{"angle":0,"axis":"y","origin":[24,0,-8]},"faces":{"north":{"uv":[5.3125,6.5,5.4375,6.625],"texture":"#4"},"east":{"uv":[0,7,0.125,7.125],"texture":"#4"},"south":{"uv":[0.125,7,0.25,7.125],"texture":"#4"},"west":{"uv":[0.25,7,0.375,7.125],"texture":"#4"},"up":{"uv":[0.5,7.125,0.375,7],"texture":"#4"},"down":{"uv":[0.625,7,0.5,7.125],"texture":"#4"}}},{"from":[30.25,16,-7.75],"to":[31.75,17,-6.25],"rotation":{"angle":0,"axis":"y","origin":[24,0,-8]},"faces":{"north":{"uv":[7.875,4.0625,8,4.125],"texture":"#4"},"east":{"uv":[7.875,4.125,8,4.1875],"texture":"#4"},"south":{"uv":[7.875,4.1875,8,4.25],"texture":"#4"},"west":{"uv":[7.875,4.25,8,4.3125],"texture":"#4"},"up":{"uv":[0.75,7.125,0.625,7],"texture":"#4"},"down":{"uv":[0.875,7,0.75,7.125],"texture":"#4"}}},{"from":[30,-16,-8],"to":[32,16,-6],"rotation":{"angle":0,"axis":"y","origin":[24,0,-8]},"faces":{"north":{"uv":[2.25,7.1875,2.375,9.1875],"texture":"#4"},"east":{"uv":[2.375,7.1875,2.5,9.1875],"texture":"#4"},"south":{"uv":[2.5,7.1875,2.625,9.1875],"texture":"#4"},"west":{"uv":[2.625,7.1875,2.75,9.1875],"texture":"#4"},"up":{"uv":[1,7.125,0.875,7],"texture":"#4"},"down":{"uv":[1.125,7,1,7.125],"texture":"#4"}}},{"from":[20,22,-12.25],"to":[22,24,-11.25],"rotation":{"angle":-45,"axis":"y","origin":[22,2,3.75]},"faces":{"north":{"uv":[1.125,7,1.25,7.125],"texture":"#4"},"east":{"uv":[7.875,4.4375,7.9375,4.5625],"texture":"#4"},"south":{"uv":[1.25,7,1.375,7.125],"texture":"#4"},"west":{"uv":[7.875,4.5625,7.9375,4.6875],"texture":"#4"},"up":{"uv":[8,4.75,7.875,4.6875],"texture":"#4"},"down":{"uv":[8,4.75,7.875,4.8125],"texture":"#4"}}},{"from":[21.5,21,-12],"to":[24.5,25,-11.5],"rotation":{"angle":-45,"axis":"y","origin":[22,2,3.75]},"faces":{"north":{"uv":[5.25,3.0625,5.4375,3.3125],"texture":"#4"},"east":{"uv":[1.875,7.6875,1.9375,7.9375],"texture":"#4"},"south":{"uv":[5.25,3.3125,5.4375,3.5625],"texture":"#4"},"west":{"uv":[1.9375,7.6875,2,7.9375],"texture":"#4"},"up":{"uv":[0.8125,7.1875,0.625,7.125],"texture":"#4"},"down":{"uv":[1,7.125,0.8125,7.1875],"texture":"#4"}}},{"from":[17.5,21,-12],"to":[20.5,25,-11.5],"rotation":{"angle":-45,"axis":"y","origin":[22,2,3.75]},"faces":{"north":{"uv":[5.1875,6.25,5.375,6.5],"texture":"#4"},"east":{"uv":[2,7.6875,2.0625,7.9375],"texture":"#4"},"south":{"uv":[7.5,4.1875,7.6875,4.4375],"texture":"#4"},"west":{"uv":[2.0625,7.6875,2.125,7.9375],"texture":"#4"},"up":{"uv":[1.1875,7.1875,1,7.125],"texture":"#4"},"down":{"uv":[1.375,7.125,1.1875,7.1875],"texture":"#4"}}},{"from":[20.75,18,-12.05],"to":[21.75,22,-12.05],"rotation":{"angle":-45,"axis":"y","origin":[22,2,3.75]},"faces":{"north":{"uv":[2.125,7.6875,2.1875,7.9375],"texture":"#4"},"east":{"uv":[0,0,0,0.25],"texture":"#4"},"south":{"uv":[2.1875,7.6875,2.25,7.9375],"texture":"#4"},"west":{"uv":[0,0,0,0.25],"texture":"#4"},"up":{"uv":[0.0625,0,0,0],"texture":"#4"},"down":{"uv":[0.0625,0,0,0],"texture":"#4"}}},{"from":[20.25,19,-11.8],"to":[21.25,22,-11.8],"rotation":{"angle":-45,"axis":"y","origin":[22,2,3.75]},"faces":{"north":{"uv":[7.8125,4.5625,7.875,4.75],"texture":"#4"},"east":{"uv":[0,0,0,0.1875],"texture":"#4"},"south":{"uv":[7.8125,4.75,7.875,4.9375],"texture":"#4"},"west":{"uv":[0,0,0,0.1875],"texture":"#4"},"up":{"uv":[0.0625,0,0,0],"texture":"#4"},"down":{"uv":[0.0625,0,0,0],"texture":"#4"}}},{"from":[30,17,22],"to":[32,29,24],"rotation":{"angle":0,"axis":"y","origin":[24,0,24]},"faces":{"north":{"uv":[1.3125,7.4375,1.4375,8.1875],"texture":"#4"},"east":{"uv":[1.4375,7.4375,1.5625,8.1875],"texture":"#4"},"south":{"uv":[1.5625,7.4375,1.6875,8.1875],"texture":"#4"},"west":{"uv":[7.5,3.4375,7.625,4.1875],"texture":"#4"},"up":{"uv":[1.5,7.125,1.375,7],"texture":"#4"},"down":{"uv":[7.625,4.4375,7.5,4.5625],"texture":"#4"}}},{"from":[30.25,29,22.25],"to":[31.75,30,23.75],"rotation":{"angle":0,"axis":"y","origin":[24,0,24]},"faces":{"north":{"uv":[7.875,4.8125,8,4.875],"texture":"#4"},"east":{"uv":[7.875,4.875,8,4.9375],"texture":"#4"},"south":{"uv":[7.875,4.9375,8,5],"texture":"#4"},"west":{"uv":[7.875,5,8,5.0625],"texture":"#4"},"up":{"uv":[7.75,4.5625,7.625,4.4375],"texture":"#4"},"down":{"uv":[7.8125,2.375,7.6875,2.5],"texture":"#4"}}},{"from":[30,30,22],"to":[32,32,24],"rotation":{"angle":0,"axis":"y","origin":[24,0,24]},"faces":{"north":{"uv":[7.6875,2.5,7.8125,2.625],"texture":"#4"},"east":{"uv":[7.6875,2.625,7.8125,2.75],"texture":"#4"},"south":{"uv":[7.6875,2.75,7.8125,2.875],"texture":"#4"},"west":{"uv":[7.6875,2.875,7.8125,3],"texture":"#4"},"up":{"uv":[7.8125,4.3125,7.6875,4.1875],"texture":"#4"},"down":{"uv":[7.8125,4.3125,7.6875,4.4375],"texture":"#4"}}},{"from":[30.25,16,22.25],"to":[31.75,17,23.75],"rotation":{"angle":0,"axis":"y","origin":[24,0,24]},"faces":{"north":{"uv":[7.875,5.0625,8,5.125],"texture":"#4"},"east":{"uv":[7.875,5.125,8,5.1875],"texture":"#4"},"south":{"uv":[7.875,5.1875,8,5.25],"texture":"#4"},"west":{"uv":[7.875,5.25,8,5.3125],"texture":"#4"},"up":{"uv":[7.8125,4.6875,7.6875,4.5625],"texture":"#4"},"down":{"uv":[7.8125,4.6875,7.6875,4.8125],"texture":"#4"}}},{"from":[30,-16,22],"to":[32,16,24],"rotation":{"angle":0,"axis":"y","origin":[24,0,24]},"faces":{"north":{"uv":[2.75,7.1875,2.875,9.1875],"texture":"#4"},"east":{"uv":[2.875,7.1875,3,9.1875],"texture":"#4"},"south":{"uv":[3,7.1875,3.125,9.1875],"texture":"#4"},"west":{"uv":[3.125,7.1875,3.25,9.1875],"texture":"#4"},"up":{"uv":[7.8125,4.9375,7.6875,4.8125],"texture":"#4"},"down":{"uv":[7.8125,4.9375,7.6875,5.0625],"texture":"#4"}}},{"from":[20,22,27.25],"to":[22,24,28.25],"rotation":{"angle":45,"axis":"y","origin":[22,2,12.25]},"faces":{"north":{"uv":[7.6875,5.0625,7.8125,5.1875],"texture":"#4"},"east":{"uv":[5.375,7.875,5.4375,8],"texture":"#4"},"south":{"uv":[7.6875,5.1875,7.8125,5.3125],"texture":"#4"},"west":{"uv":[5.4375,7.875,5.5,8],"texture":"#4"},"up":{"uv":[5.625,7.9375,5.5,7.875],"texture":"#4"},"down":{"uv":[8,5.5625,7.875,5.625],"texture":"#4"}}},{"from":[21.5,21,27.5],"to":[24.5,25,28],"rotation":{"angle":45,"axis":"y","origin":[22,2,12.25]},"faces":{"north":{"uv":[6.875,7.5,7.0625,7.75],"texture":"#4"},"east":{"uv":[7.6875,5.3125,7.75,5.5625],"texture":"#4"},"south":{"uv":[7.0625,7.5,7.25,7.75],"texture":"#4"},"west":{"uv":[7.6875,5.5625,7.75,5.8125],"texture":"#4"},"up":{"uv":[6.375,7.4375,6.1875,7.375],"texture":"#4"},"down":{"uv":[6.5625,7.375,6.375,7.4375],"texture":"#4"}}},{"from":[17.5,21,27.5],"to":[20.5,25,28],"rotation":{"angle":45,"axis":"y","origin":[22,2,12.25]},"faces":{"north":{"uv":[7.25,7.5,7.4375,7.75],"texture":"#4"},"east":{"uv":[5.1875,7.75,5.25,8],"texture":"#4"},"south":{"uv":[7.4375,7.5,7.625,7.75],"texture":"#4"},"west":{"uv":[5.25,7.75,5.3125,8],"texture":"#4"},"up":{"uv":[7.875,3.0625,7.6875,3],"texture":"#4"},"down":{"uv":[8,4.3125,7.8125,4.375],"texture":"#4"}}},{"from":[20.75,18,28.05],"to":[21.75,22,28.05],"rotation":{"angle":45,"axis":"y","origin":[22,2,12.25]},"faces":{"north":{"uv":[5.3125,7.75,5.375,8],"texture":"#4"},"east":{"uv":[0,0,0,0.25],"texture":"#4"},"south":{"uv":[7.75,5.3125,7.8125,5.5625],"texture":"#4"},"west":{"uv":[0,0,0,0.25],"texture":"#4"},"up":{"uv":[0.0625,0,0,0],"texture":"#4"},"down":{"uv":[0.0625,0,0,0],"texture":"#4"}}},{"from":[20.25,19,27.8],"to":[21.25,22,27.8],"rotation":{"angle":45,"axis":"y","origin":[22,2,12.25]},"faces":{"north":{"uv":[7.8125,4.9375,7.875,5.125],"texture":"#4"},"east":{"uv":[0,0,0,0.1875],"texture":"#4"},"south":{"uv":[7.8125,5.125,7.875,5.3125],"texture":"#4"},"west":{"uv":[0,0,0,0.1875],"texture":"#4"},"up":{"uv":[0.0625,0,0,0],"texture":"#4"},"down":{"uv":[0.0625,0,0,0],"texture":"#4"}}},{"from":[-8,17,22],"to":[-6,29,24],"rotation":{"angle":0,"axis":"y","origin":[0,0,24]},"faces":{"north":{"uv":[6.1875,7.5,6.3125,8.25],"texture":"#4"},"east":{"uv":[6.3125,7.5,6.4375,8.25],"texture":"#4"},"south":{"uv":[6.4375,7.5,6.5625,8.25],"texture":"#4"},"west":{"uv":[6.5625,7.5,6.6875,8.25],"texture":"#4"},"up":{"uv":[7.8125,5.9375,7.6875,5.8125],"texture":"#4"},"down":{"uv":[7.875,4.4375,7.75,4.5625],"texture":"#4"}}},{"from":[-7.75,29,22.25],"to":[-6.25,30,23.75],"rotation":{"angle":0,"axis":"y","origin":[0,0,24]},"faces":{"north":{"uv":[5.625,7.875,5.75,7.9375],"texture":"#4"},"east":{"uv":[7.875,5.625,8,5.6875],"texture":"#4"},"south":{"uv":[7.875,5.6875,8,5.75],"texture":"#4"},"west":{"uv":[5.75,7.875,5.875,7.9375],"texture":"#4"},"up":{"uv":[5.5,7.875,5.375,7.75],"texture":"#4"},"down":{"uv":[5.625,7.75,5.5,7.875],"texture":"#4"}}},{"from":[-8,30,22],"to":[-6,32,24],"rotation":{"angle":0,"axis":"y","origin":[0,0,24]},"faces":{"north":{"uv":[7.75,5.5625,7.875,5.6875],"texture":"#4"},"east":{"uv":[5.625,7.75,5.75,7.875],"texture":"#4"},"south":{"uv":[7.75,5.6875,7.875,5.8125],"texture":"#4"},"west":{"uv":[5.75,7.75,5.875,7.875],"texture":"#4"},"up":{"uv":[6,7.875,5.875,7.75],"texture":"#4"},"down":{"uv":[6.125,7.75,6,7.875],"texture":"#4"}}},{"from":[-7.75,16,22.25],"to":[-6.25,17,23.75],"rotation":{"angle":0,"axis":"y","origin":[0,0,24]},"faces":{"north":{"uv":[7.875,5.75,8,5.8125],"texture":"#4"},"east":{"uv":[5.875,7.875,6,7.9375],"texture":"#4"},"south":{"uv":[6,7.875,6.125,7.9375],"texture":"#4"},"west":{"uv":[6.875,7.875,7,7.9375],"texture":"#4"},"up":{"uv":[7,7.875,6.875,7.75],"texture":"#4"},"down":{"uv":[7.125,7.75,7,7.875],"texture":"#4"}}},{"from":[-8,-16,22],"to":[-6,16,24],"rotation":{"angle":0,"axis":"y","origin":[0,0,24]},"faces":{"north":{"uv":[3.25,7.1875,3.375,9.1875],"texture":"#4"},"east":{"uv":[3.375,7.1875,3.5,9.1875],"texture":"#4"},"south":{"uv":[3.5,7.1875,3.625,9.1875],"texture":"#4"},"west":{"uv":[3.625,7.1875,3.75,9.1875],"texture":"#4"},"up":{"uv":[7.25,7.875,7.125,7.75],"texture":"#4"},"down":{"uv":[7.375,7.75,7.25,7.875],"texture":"#4"}}},{"from":[2,22,27.25],"to":[4,24,28.25],"rotation":{"angle":-45,"axis":"y","origin":[2,2,12.25]},"faces":{"north":{"uv":[7.375,7.75,7.5,7.875],"texture":"#4"},"east":{"uv":[7,7.875,7.0625,8],"texture":"#4"},"south":{"uv":[7.5,7.75,7.625,7.875],"texture":"#4"},"west":{"uv":[7.0625,7.875,7.125,8],"texture":"#4"},"up":{"uv":[7.25,7.9375,7.125,7.875],"texture":"#4"},"down":{"uv":[7.375,7.875,7.25,7.9375],"texture":"#4"}}},{"from":[-0.5,21,27.5],"to":[2.5,25,28],"rotation":{"angle":-45,"axis":"y","origin":[2,2,12.25]},"faces":{"north":{"uv":[7.625,3.4375,7.8125,3.6875],"texture":"#4"},"east":{"uv":[6.125,7.75,6.1875,8],"texture":"#4"},"south":{"uv":[7.625,3.6875,7.8125,3.9375],"texture":"#4"},"west":{"uv":[7.625,7.75,7.6875,8],"texture":"#4"},"up":{"uv":[8,4.4375,7.8125,4.375],"texture":"#4"},"down":{"uv":[8,5.3125,7.8125,5.375],"texture":"#4"}}},{"from":[3.5,21,27.5],"to":[6.5,25,28],"rotation":{"angle":-45,"axis":"y","origin":[2,2,12.25]},"faces":{"north":{"uv":[7.625,3.9375,7.8125,4.1875],"texture":"#4"},"east":{"uv":[7.6875,7.75,7.75,8],"texture":"#4"},"south":{"uv":[7.625,7.5,7.8125,7.75],"texture":"#4"},"west":{"uv":[7.75,7.75,7.8125,8],"texture":"#4"},"up":{"uv":[8,5.4375,7.8125,5.375],"texture":"#4"},"down":{"uv":[8,5.4375,7.8125,5.5],"texture":"#4"}}},{"from":[2.25,18,28.05],"to":[3.25,22,28.05],"rotation":{"angle":-45,"axis":"y","origin":[2,2,12.25]},"faces":{"north":{"uv":[7.8125,2.375,7.875,2.625],"texture":"#4"},"east":{"uv":[0,0,0,0.25],"texture":"#4"},"south":{"uv":[7.8125,2.625,7.875,2.875],"texture":"#4"},"west":{"uv":[0,0,0,0.25],"texture":"#4"},"up":{"uv":[0.0625,0,0,0],"texture":"#4"},"down":{"uv":[0.0625,0,0,0],"texture":"#4"}}},{"from":[2.75,19,27.8],"to":[3.75,22,27.8],"rotation":{"angle":-45,"axis":"y","origin":[2,2,12.25]},"faces":{"north":{"uv":[7.8125,7.5,7.875,7.6875],"texture":"#4"},"east":{"uv":[0,0,0,0.1875],"texture":"#4"},"south":{"uv":[7.8125,7.6875,7.875,7.875],"texture":"#4"},"west":{"uv":[0,0,0,0.1875],"texture":"#4"},"up":{"uv":[0.0625,0,0,0],"texture":"#4"},"down":{"uv":[0.0625,0,0,0],"texture":"#4"}}},{"from":[-6,-15,22.5],"to":[30,-13,23.5],"rotation":{"angle":0,"axis":"y","origin":[0,0,24]},"faces":{"north":{"uv":[6.5625,7.0625,8.8125,7.1875],"texture":"#4"},"east":{"uv":[7.375,7.875,7.4375,8],"texture":"#4"},"south":{"uv":[0,7.1875,2.25,7.3125],"texture":"#4"},"west":{"uv":[7.4375,7.875,7.5,8],"texture":"#4"},"up":{"uv":[9.75,3.125,7.5,3.0625],"texture":"#4"},"down":{"uv":[9.75,3.125,7.5,3.1875],"texture":"#4"}}},{"from":[-6,26,22.5],"to":[30,28,23.5],"rotation":{"angle":0,"axis":"y","origin":[0,41,24]},"faces":{"north":{"uv":[6.5625,7.1875,8.8125,7.3125],"texture":"#4"},"east":{"uv":[7.5,7.875,7.5625,8],"texture":"#4"},"south":{"uv":[7.25,5.9375,9.5,6.0625],"texture":"#4"},"west":{"uv":[7.875,7.5,7.9375,7.625],"texture":"#4"},"up":{"uv":[9.75,3.25,7.5,3.1875],"texture":"#4"},"down":{"uv":[9.75,3.25,7.5,3.3125],"texture":"#4"}}},{"from":[-6,26,-7.5],"to":[30,28,-6.5],"rotation":{"angle":0,"axis":"y","origin":[0,41,-8]},"faces":{"north":{"uv":[7.25,6.0625,9.5,6.1875],"texture":"#4"},"east":{"uv":[7.5625,7.875,7.625,8],"texture":"#4"},"south":{"uv":[7.25,6.1875,9.5,6.3125],"texture":"#4"},"west":{"uv":[7.875,7.625,7.9375,7.75],"texture":"#4"},"up":{"uv":[9.75,3.375,7.5,3.3125],"texture":"#4"},"down":{"uv":[9.75,3.375,7.5,3.4375],"texture":"#4"}}},{"from":[16.24695,-1.25,7.00774],"to":[18.24695,-0.25,9.00774],"rotation":{"angle":0,"axis":"z","origin":[15.74695,-0.75,8.00774]},"faces":{"north":{"uv":[7.875,7.75,8,7.8125],"texture":"#4"},"east":{"uv":[7.8125,7.875,7.9375,7.9375],"texture":"#4"},"south":{"uv":[7.875,7.8125,8,7.875],"texture":"#4"},"west":{"uv":[1.75,7.9375,1.875,8],"texture":"#4"},"up":{"uv":[7.9375,3,7.8125,2.875],"texture":"#4"},"down":{"uv":[7.9375,3.4375,7.8125,3.5625],"texture":"#4"}}},{"from":[15.24695,-1,8.50774],"to":[19.24695,-0.5,11.50774],"rotation":{"angle":0,"axis":"z","origin":[15.74695,-0.75,8.00774]},"faces":{"north":{"uv":[4,5.5,4.25,5.5625],"texture":"#4"},"east":{"uv":[7.8125,5.5,8,5.5625],"texture":"#4"},"south":{"uv":[0,6.0625,0.25,6.125],"texture":"#4"},"west":{"uv":[7.8125,5.8125,8,5.875],"texture":"#4"},"up":{"uv":[5,3.625,4.75,3.4375],"texture":"#4"},"down":{"uv":[5.25,3.4375,5,3.625],"texture":"#4"}}},{"from":[15.24695,-1,4.50774],"to":[19.24695,-0.5,7.50774],"rotation":{"angle":0,"axis":"z","origin":[15.74695,-0.75,8.00774]},"faces":{"north":{"uv":[0.25,6.0625,0.5,6.125],"texture":"#4"},"east":{"uv":[7.8125,5.875,8,5.9375],"texture":"#4"},"south":{"uv":[0.5,6.0625,0.75,6.125],"texture":"#4"},"west":{"uv":[7.875,1.125,8.0625,1.1875],"texture":"#4"},"up":{"uv":[3.75,5.5625,3.5,5.375],"texture":"#4"},"down":{"uv":[4,5.375,3.75,5.5625],"texture":"#4"}}},{"from":[12.24695,-0.45,7.75774],"to":[16.24695,-0.45,8.75774],"rotation":{"angle":0,"axis":"z","origin":[15.74695,-0.75,8.00774]},"faces":{"north":{"uv":[0,0,0.25,0],"texture":"#4"},"east":{"uv":[0,0,0.0625,0],"texture":"#4"},"south":{"uv":[0,0,0.25,0],"texture":"#4"},"west":{"uv":[0,0,0.0625,0],"texture":"#4"},"up":{"uv":[1,6.125,0.75,6.0625],"texture":"#4"},"down":{"uv":[0.25,7.125,0,7.1875],"texture":"#4"}}},{"from":[13.24695,-0.7,7.25774],"to":[16.24695,-0.7,8.25774],"rotation":{"angle":0,"axis":"z","origin":[15.74695,-0.75,8.00774]},"faces":{"north":{"uv":[0,0,0.1875,0],"texture":"#4"},"east":{"uv":[0,0,0.0625,0],"texture":"#4"},"south":{"uv":[0,0,0.1875,0],"texture":"#4"},"west":{"uv":[0,0,0.0625,0],"texture":"#4"},"up":{"uv":[8.0625,1.25,7.875,1.1875],"texture":"#4"},"down":{"uv":[8.0625,1.25,7.875,1.3125],"texture":"#4"}}},{"name":"cube inverted","from":[31.75,28.15,23.75],"to":[-7.75,19.15,-7.75],"rotation":{"angle":0,"axis":"y","origin":[3,0,-3]},"faces":{"north":{"uv":[5.9375,0.5625,8.4375,0],"texture":"#4"},"east":{"uv":[1.8125,6.8125,3.8125,6.25],"texture":"#4"},"south":{"uv":[5.9375,1.125,8.4375,0.5625],"texture":"#4"},"west":{"uv":[6.5,2.375,8.5,1.8125],"texture":"#4"},"up":{"uv":[2.5,4,0,2],"texture":"#4"},"down":{"uv":[2.5,0,0,2],"texture":"#4"}}}],"gui_light":"front","display":{"thirdperson_righthand":{"rotation":[15.5,-90,0],"translation":[-0.25,3,1],"scale":[0.18,0.18,0.18]},"thirdperson_lefthand":{"rotation":[15.5,-90,0],"translation":[-0.25,3,1],"scale":[0.18,0.18,0.18]},"firstperson_righthand":{"translation":[0,4,3],"scale":[0.17,0.17,0.17]},"firstperson_lefthand":{"translation":[0,3.75,3],"scale":[0.16,0.16,0.16]},"ground":{"translation":[-1,4.5,0.25],"scale":[0.24,0.24,0.24]},"gui":{"rotation":[18.25,180,0],"translation":[1.25,0,0],"scale":[0.28,0.28,0.28]},"head":{"translation":[7.75,-5,11.25],"scale":[1.6,1.6,1.6]},"fixed":{"rotation":[0,-90,90],"translation":[0,0,-47.75],"scale":[1.99,1.99,1.99]}}}