{"credit":"Made with Blockbench","texture_size":[64,64],"textures":{"0":"cat_theme_furniture_v1:01_cat_sofa_texture","particle":"cat_theme_furniture_v1:01_cat_sofa_texture"},"elements":[{"from":[2,0,2],"to":[14,8,14],"faces":{"north":{"uv":[3,4,6,6],"texture":"#0"},"east":{"uv":[9,4,6,6],"texture":"#0"},"south":{"uv":[3,6,6,8],"texture":"#0"},"west":{"uv":[6,4,9,6],"texture":"#0"},"up":{"uv":[3,3,0,0],"texture":"#0"},"down":{"uv":[3,3,0,6],"texture":"#0"}}},{"from":[8,5.86835,14.67512],"to":[15,12.86835,16.67512],"rotation":{"angle":22.5,"axis":"x","origin":[8,12.5438,15.04349]},"faces":{"north":{"uv":[7,1.25,8.75,3],"texture":"#0"},"east":{"uv":[11.25,2.25,10.75,4],"texture":"#0"},"south":{"uv":[3.5,8,5.25,9.75],"texture":"#0"},"west":{"uv":[4.5,9.75,5,11.5],"texture":"#0"},"up":{"uv":[11.5,9.75,9.75,9.25],"texture":"#0"},"down":{"uv":[11.5,9.75,9.75,10.25],"texture":"#0"}}},{"from":[8.01,12.21924,14.67512],"to":[14.99,19.21924,16.67512],"rotation":{"angle":0,"axis":"y","origin":[8,12.5438,15.04349]},"faces":{"north":{"uv":[7.75,7.25,9.5,9],"texture":"#0"},"east":{"uv":[10.75,10.25,11.25,12],"texture":"#0"},"south":{"uv":[0,8,1.75,9.75],"texture":"#0"},"west":{"uv":[10.75,10.25,11.25,12],"texture":"#0"},"up":{"uv":[12.25,1.75,10.5,1.25],"texture":"#0"},"down":{"uv":[11.75,6.5,10,7],"texture":"#0"}}},{"from":[1.01,12.21924,14.67512],"to":[7.99,18.21924,16.67512],"rotation":{"angle":0,"axis":"y","origin":[8,12.5438,15.04349]},"faces":{"north":{"uv":[8.75,1.25,10.5,2.75],"texture":"#0"},"east":{"uv":[9,10.75,9.5,12.25],"texture":"#0"},"south":{"uv":[9,2.75,10.75,4.25],"texture":"#0"},"west":{"uv":[10.75,10.25,11.25,11.75],"texture":"#0"},"up":{"uv":[12.25,1.75,10.5,1.25],"texture":"#0"},"down":{"uv":[12.25,1.75,10.5,2.25],"texture":"#0"}}},{"from":[1,5.86835,14.67512],"to":[8,12.86835,16.67512],"rotation":{"angle":22.5,"axis":"x","origin":[8,12.5438,15.04349]},"faces":{"north":{"uv":[1.75,8,3.5,9.75],"texture":"#0"},"east":{"uv":[10.5,4.25,11,6],"texture":"#0"},"south":{"uv":[3.5,8,5.25,9.75],"texture":"#0"},"west":{"uv":[10.75,2.25,11.25,4],"texture":"#0"},"up":{"uv":[6.75,11.25,5,10.75],"texture":"#0"},"down":{"uv":[8.5,10.75,6.75,11.25],"texture":"#0"}}},{"from":[-0.63164,12.21924,9.05],"to":[1.36836,16.21924,15.03],"rotation":{"angle":0,"axis":"y","origin":[1,12.5438,9.04349]},"faces":{"north":{"uv":[5.25,8,5.75,9],"texture":"#0"},"east":{"uv":[7,3,8.5,4],"texture":"#0"},"south":{"uv":[5.75,8,5.25,9],"texture":"#0"},"west":{"uv":[9.5,7.25,11,8.25],"texture":"#0"},"up":{"uv":[11.5,5.5,11,4],"texture":"#0"},"down":{"uv":[11.75,2.25,11.25,3.75],"texture":"#0"}}},{"from":[-0.63164,5.86835,9.04349],"to":[1.36836,12.86835,15.04349],"rotation":{"angle":22.5,"axis":"z","origin":[1,12.5438,9.04349]},"faces":{"north":{"uv":[2.5,10.75,3,12.5],"texture":"#0"},"east":{"uv":[9,4.25,10.5,6],"texture":"#0"},"south":{"uv":[3,10.75,2.5,12.5],"texture":"#0"},"west":{"uv":[5.25,9,6.75,10.75],"texture":"#0"},"up":{"uv":[5.5,12.75,5,11.25],"texture":"#0"},"down":{"uv":[6,11.25,5.5,12.75],"texture":"#0"}}},{"from":[0,0,11],"to":[16,7.99,16],"faces":{"north":{"uv":[3,0,7,2],"texture":"#0"},"east":{"uv":[2.5,9.75,1.25,11.75],"texture":"#0"},"south":{"uv":[3,2,7,4],"texture":"#0"},"west":{"uv":[1.25,9.75,2.5,11.75],"texture":"#0"},"up":{"uv":[10,7.25,6,6],"texture":"#0"},"down":{"uv":[11,0,7,1.25],"texture":"#0"}}},{"from":[14.63164,12.21924,9.05],"to":[16.63164,16.21924,15.03],"rotation":{"angle":0,"axis":"y","origin":[15,12.5438,9.04349]},"faces":{"north":{"uv":[5.75,8,5.25,9],"texture":"#0"},"east":{"uv":[11,7.25,9.5,8.25],"texture":"#0"},"south":{"uv":[5.25,8,5.75,9],"texture":"#0"},"west":{"uv":[8.5,3,7,4],"texture":"#0"},"up":{"uv":[11,5.5,11.5,4],"texture":"#0"},"down":{"uv":[11.25,2.25,11.75,3.75],"texture":"#0"}}},{"from":[14.63164,5.86835,9.04349],"to":[16.63164,12.86835,15.04349],"rotation":{"angle":-22.5,"axis":"z","origin":[15,12.5438,9.04349]},"faces":{"north":{"uv":[3,10.75,2.5,12.5],"texture":"#0"},"east":{"uv":[6.75,9,5.25,10.75],"texture":"#0"},"south":{"uv":[2.5,10.75,3,12.5],"texture":"#0"},"west":{"uv":[10.5,4.25,9,6],"texture":"#0"},"up":{"uv":[5,12.75,5.5,11.25],"texture":"#0"},"down":{"uv":[5.5,11.25,6,12.75],"texture":"#0"}}}],"gui_light":"front","display":{"thirdperson_righthand":{"rotation":[67.5,0,0],"translation":[0,2,0],"scale":[0.22922,0.22922,0.22922]},"thirdperson_lefthand":{"rotation":[67.5,0,0],"translation":[0,2,0],"scale":[0.22922,0.22922,0.22922]},"firstperson_righthand":{"translation":[1.5,3.25,0],"scale":[0.27484,0.27484,0.27484]},"firstperson_lefthand":{"translation":[1.5,3.25,0],"scale":[0.27484,0.27484,0.27484]},"ground":{"translation":[0,6,0],"scale":[0.5,0.5,0.5]},"gui":{"rotation":[30,135,0],"translation":[-0.75,-1.25,0],"scale":[0.58273,0.58273,0.58273]},"head":{"rotation":[0,180,0],"translation":[0,-30.4,0],"scale":[1.6,1.6,1.6]},"fixed":{"rotation":[-90,0,0],"translation":[0,0,-16],"scale":[2,2,2]}},"groups":[{"name":"group","origin":[15,12.5438,9.04349],"color":0,"children":[{"name":"group","origin":[15,12.5438,9.04349],"color":0,"children":[0,1,2,3,4,5,6,7,8,9]}]}]}