{"credit":"127655 / 830SJJBSXH9UA47ZGZ","texture_size":[32,32],"textures":{"0":"food_pack_v1:food_10_plate","2":"food_pack_v1:potato","4":"food_pack_v1:fish","particle":"food_pack_v1:food_10_plate"},"elements":[{"from":[2,0,-4],"to":[14,1,20],"faces":{"north":{"uv":[9,0.5,6,0.75],"texture":"#0"},"east":{"uv":[0,6,6,6.25],"texture":"#0"},"south":{"uv":[6,0.5,9,0.75],"texture":"#0"},"west":{"uv":[6,6,0,6.25],"texture":"#0"},"up":{"uv":[3,6,0,0],"texture":"#0"},"down":{"uv":[6,0,3,6],"texture":"#0"}}},{"from":[8.25,1.2,13.75],"to":[12.25,3.2,17.75],"rotation":{"angle":22.5,"axis":"y","origin":[9.75,1.6,16.5]},"faces":{"north":{"uv":[10,0,14,2],"texture":"#2"},"east":{"uv":[10,0,14,2],"texture":"#2"},"south":{"uv":[10,0,14,2],"texture":"#2"},"west":{"uv":[10,0,14,2],"texture":"#2"},"up":{"uv":[10,4,6,0],"texture":"#2"}}},{"from":[7.25,1.2,12.75],"to":[13.25,1.2,18.75],"rotation":{"angle":22.5,"axis":"y","origin":[9.75,1.6,16.5]},"faces":{"north":{"uv":[0,0,6,0],"texture":"#2"},"east":{"uv":[0,0,6,0],"texture":"#2"},"south":{"uv":[0,0,6,0],"texture":"#2"},"west":{"uv":[0,0,6,0],"texture":"#2"},"up":{"uv":[6,6,0,0],"texture":"#2"},"down":{"uv":[6,6,0,0],"texture":"#2"}}},{"from":[2.5,1.1,-3],"to":[13.5,1.1,19],"faces":{"north":{"uv":[0,0,11,0],"texture":"#missing"},"east":{"uv":[0,0,16,0],"texture":"#missing"},"south":{"uv":[0,0,11,0],"texture":"#missing"},"west":{"uv":[0,0,16,0],"texture":"#missing"},"up":{"uv":[0,6.25,2.75,11.75],"texture":"#0"},"down":{"uv":[0,11.75,2.75,6.25],"texture":"#0"}}},{"from":[12,1,8],"to":[16,3,12],"rotation":{"angle":22.5,"axis":"y","origin":[6.75,2,6]},"faces":{"north":{"uv":[2,2,0,3],"texture":"#4"},"east":{"uv":[2,2,0,3],"texture":"#4"},"south":{"uv":[2,2,0,3],"texture":"#4"},"west":{"uv":[2,2,0,3],"texture":"#4"},"up":{"uv":[2,8,0,6],"texture":"#4"},"down":{"uv":[2,6,0,8],"texture":"#4"}}},{"from":[1,1,7],"to":[12,3,13],"rotation":{"angle":22.5,"axis":"y","origin":[6.75,2,6]},"faces":{"north":{"uv":[0,1,5.5,0],"texture":"#4"},"east":{"uv":[0,1,3,0],"texture":"#4"},"south":{"uv":[5.5,1,0,0],"texture":"#4"},"west":{"uv":[0,1,3,0],"texture":"#4"},"up":{"uv":[5.5,3,0,0],"texture":"#4"},"down":{"uv":[0,3,5.5,0],"texture":"#4"}}},{"from":[-1,1,8],"to":[1,3,12],"rotation":{"angle":22.5,"axis":"y","origin":[6.75,2,6]},"faces":{"north":{"uv":[4,8,5,7],"texture":"#4"},"east":{"uv":[4.5,6,4,8],"rotation":270,"texture":"#4"},"south":{"uv":[5,7,4,6],"texture":"#4"},"west":{"uv":[4.5,8,5,6],"rotation":270,"texture":"#4"},"up":{"uv":[5,8,4,6],"texture":"#4"},"down":{"uv":[5,6,4,8],"texture":"#4"}}},{"from":[-4,1.5,7],"to":[-1,2.5,13],"rotation":{"angle":22.5,"axis":"y","origin":[6.75,2,6]},"faces":{"north":{"uv":[5.5,5,7,4.5],"texture":"#4"},"east":{"uv":[5.5,5,6,2],"rotation":90,"texture":"#4"},"south":{"uv":[7,2.5,5.5,2],"texture":"#4"},"west":{"uv":[7,2,6.5,5],"rotation":90,"texture":"#4"},"up":{"uv":[7,5,5.5,2],"texture":"#4"},"down":{"uv":[7,2,5.5,5],"texture":"#4"}}},{"from":[13.01046,1,-1.00208],"to":[17.01046,3,2.99792],"rotation":{"angle":0,"axis":"y","origin":[5.76046,2,0.99792]},"faces":{"north":{"uv":[2,2,0,3],"texture":"#4"},"east":{"uv":[2,2,0,3],"texture":"#4"},"south":{"uv":[2,2,0,3],"texture":"#4"},"west":{"uv":[2,2,0,3],"texture":"#4"},"up":{"uv":[2,8,0,6],"texture":"#4"},"down":{"uv":[2,6,0,8],"texture":"#4"}}},{"from":[2.01046,1,-2.00208],"to":[13.01046,3,3.99792],"rotation":{"angle":0,"axis":"y","origin":[5.76046,2,0.99792]},"faces":{"north":{"uv":[0,1,5.5,0],"texture":"#4"},"east":{"uv":[0,1,3,0],"texture":"#4"},"south":{"uv":[5.5,1,0,0],"texture":"#4"},"west":{"uv":[0,1,3,0],"texture":"#4"},"up":{"uv":[5.5,3,0,0],"texture":"#4"},"down":{"uv":[0,3,5.5,0],"texture":"#4"}}},{"from":[0.01046,1,-1.00208],"to":[2.01046,3,2.99792],"rotation":{"angle":0,"axis":"y","origin":[5.76046,2,0.99792]},"faces":{"north":{"uv":[4,8,5,7],"texture":"#4"},"east":{"uv":[4.5,6,4,8],"rotation":270,"texture":"#4"},"south":{"uv":[5,7,4,6],"texture":"#4"},"west":{"uv":[4.5,8,5,6],"rotation":270,"texture":"#4"},"up":{"uv":[5,8,4,6],"texture":"#4"},"down":{"uv":[5,6,4,8],"texture":"#4"}}},{"from":[-2.98954,1.5,-2.00208],"to":[0.01046,2.5,3.99792],"rotation":{"angle":0,"axis":"y","origin":[5.76046,2,0.99792]},"faces":{"north":{"uv":[5.5,5,7,4.5],"texture":"#4"},"east":{"uv":[5.5,5,6,2],"rotation":90,"texture":"#4"},"south":{"uv":[7,2.5,5.5,2],"texture":"#4"},"west":{"uv":[7,2,6.5,5],"rotation":90,"texture":"#4"},"up":{"uv":[7,5,5.5,2],"texture":"#4"},"down":{"uv":[7,2,5.5,5],"texture":"#4"}}}],"display":{"thirdperson_righthand":{"rotation":[1.34,18.64,-8.05],"translation":[0.5,4.25,0.75],"scale":[0.5,0.5,0.5]},"thirdperson_lefthand":{"rotation":[1.34,18.64,-8.05],"translation":[0.5,4.25,0.75],"scale":[0.5,0.5,0.5]},"firstperson_righthand":{"rotation":[0,25,0],"translation":[1.25,4.75,0],"scale":[0.5,0.5,0.5]},"firstperson_lefthand":{"rotation":[0,25,0],"translation":[1.25,4.75,0],"scale":[0.5,0.5,0.5]},"ground":{"translation":[0,0.5,0],"scale":[0.4,0.4,0.4]},"gui":{"rotation":[30,135,0],"translation":[0,2.25,0],"scale":[0.7,0.7,0.7]},"head":{"translation":[0,-30.5,0],"scale":[1.6,1.6,1.6]},"fixed":{"rotation":[-90,0,0],"translation":[0,0,-16],"scale":[2,2,2]}}}