{"credit":"Made with Blockbench","texture_size":[32,32],"textures":{"1":"elitecreatures:summoning_circle_decoration_v1/tallcandleholdertexture","particle":"elitecreatures:summoning_circle_decoration_v1/tallcandleholderanimation01"},"elements":[{"from":[6,0,6],"to":[10,1,10],"faces":{"north":{"uv":[9.5,1,11.5,1.5],"texture":"#1"},"east":{"uv":[9.5,4.5,11.5,5],"texture":"#1"},"south":{"uv":[9.5,5,11.5,5.5],"texture":"#1"},"west":{"uv":[9.5,5.5,11.5,6],"texture":"#1"},"up":{"uv":[6,2,4,0],"texture":"#1"},"down":{"uv":[6,2,4,4],"texture":"#1"}}},{"from":[7.25,1,7.25],"to":[8.75,17,8.75],"faces":{"north":{"uv":[0,0,0.75,8],"texture":"#1"},"east":{"uv":[1,0,1.75,8],"texture":"#1"},"south":{"uv":[2,0,2.75,8],"texture":"#1"},"west":{"uv":[3,0,3.75,8],"texture":"#1"},"up":{"uv":[8.25,11.25,7.5,10.5],"texture":"#1"},"down":{"uv":[9.25,10.5,8.5,11.25],"texture":"#1"}}},{"from":[6.25,15,6.25],"to":[9.75,18,9.75],"faces":{"north":{"uv":[6,2,7.75,3.5],"texture":"#1"},"east":{"uv":[6,3.5,7.75,5],"texture":"#1"},"south":{"uv":[4,6,5.75,7.5],"texture":"#1"},"west":{"uv":[6,5,7.75,6.5],"texture":"#1"},"up":{"uv":[5.75,5.75,4,4],"texture":"#1"},"down":{"uv":[7.75,0,6,1.75],"texture":"#1"}}},{"from":[6.5,1,6.5],"to":[9.5,4,9.5],"faces":{"north":{"uv":[6,6.5,7.5,8],"texture":"#1"},"east":{"uv":[4,7.5,5.5,9],"texture":"#1"},"south":{"uv":[7.5,6.5,9,8],"texture":"#1"},"west":{"uv":[0,8,1.5,9.5],"texture":"#1"},"up":{"uv":[9.5,1.5,8,0],"texture":"#1"},"down":{"uv":[3,8,1.5,9.5],"texture":"#1"}}},{"from":[9.75,18,5.25],"to":[10.75,19,10.75],"rotation":{"angle":0,"axis":"y","origin":[8,0,8]},"faces":{"north":{"uv":[5.5,7.5,6,8],"texture":"#1"},"east":{"uv":[9,3.5,11.75,4],"texture":"#1"},"south":{"uv":[2.5,9.5,3,10],"texture":"#1"},"west":{"uv":[9,4,11.75,4.5],"texture":"#1"},"up":{"uv":[9.5,9.25,9,6.5],"texture":"#1"},"down":{"uv":[0.5,9.5,0,12.25],"texture":"#1"}}},{"from":[6.25,18,9.75],"to":[9.75,19,10.75],"rotation":{"angle":0,"axis":"y","origin":[8,0,8]},"faces":{"north":{"uv":[9.5,7,11.25,7.5],"texture":"#1"},"east":{"uv":[2.5,10,3,10.5],"texture":"#1"},"south":{"uv":[9.5,7.5,11.25,8],"texture":"#1"},"west":{"uv":[2.5,10.5,3,11],"texture":"#1"},"up":{"uv":[11.25,8.5,9.5,8],"texture":"#1"},"down":{"uv":[11.25,8.5,9.5,9],"texture":"#1"}}},{"from":[7.25,18,7.25],"to":[8.75,24,8.75],"faces":{"north":{"uv":[8,1.5,8.75,4.5],"texture":"#1"},"east":{"uv":[3,8,3.75,11],"texture":"#1"},"south":{"uv":[5.5,8,6.25,11],"texture":"#1"},"west":{"uv":[6.5,8,7.25,11],"texture":"#1"},"up":{"uv":[10.25,11.25,9.5,10.5],"texture":"#1"},"down":{"uv":[11.25,10.5,10.5,11.25],"texture":"#1"}}},{"from":[6.25,18,5.25],"to":[9.75,19,6.25],"rotation":{"angle":0,"axis":"y","origin":[8,0,8]},"faces":{"north":{"uv":[9,9.5,10.75,10],"texture":"#1"},"east":{"uv":[2.5,11,3,11.5],"texture":"#1"},"south":{"uv":[9.5,9,11.25,9.5],"texture":"#1"},"west":{"uv":[3,11,3.5,11.5],"texture":"#1"},"up":{"uv":[9.25,10.5,7.5,10],"texture":"#1"},"down":{"uv":[11.25,10,9.5,10.5],"texture":"#1"}}},{"from":[5.25,18,5.25],"to":[6.25,19,10.75],"rotation":{"angle":0,"axis":"y","origin":[8,0,8]},"faces":{"north":{"uv":[3.5,11,4,11.5],"texture":"#1"},"east":{"uv":[9.5,0,12.25,0.5],"texture":"#1"},"south":{"uv":[4,11,4.5,11.5],"texture":"#1"},"west":{"uv":[9.5,0.5,12.25,1],"texture":"#1"},"up":{"uv":[1,12.25,0.5,9.5],"texture":"#1"},"down":{"uv":[1.5,9.5,1,12.25],"texture":"#1"}}},{"from":[7,22.525,7],"to":[9,24.025,9],"rotation":{"angle":0,"axis":"y","origin":[0,2,0]},"faces":{"north":{"uv":[1.5,10.5,2.5,11.25],"texture":"#1"},"east":{"uv":[10.5,1.5,11.5,2.25],"texture":"#1"},"south":{"uv":[10.5,2.5,11.5,3.25],"texture":"#1"},"west":{"uv":[10.5,6,11.5,6.75],"texture":"#1"},"up":{"uv":[2.5,10.5,1.5,9.5],"texture":"#1"},"down":{"uv":[10.5,6,9.5,7],"texture":"#1"}}},{"from":[6.25,24,8],"to":[9.75,29,8],"rotation":{"angle":45,"axis":"y","origin":[8,25.75,8]},"faces":{"north":{"uv":[0,0,7,10],"texture":"#particle"},"east":{"uv":[0,0,0,1.75],"texture":"#particle"},"south":{"uv":[7,0,0,10],"texture":"#particle"},"west":{"uv":[0,0,0,1.75],"texture":"#particle"},"up":{"uv":[1.25,0,0,0],"texture":"#particle"},"down":{"uv":[1.25,0,0,0],"texture":"#particle"}}},{"from":[6.25,24,8],"to":[9.75,29,8],"rotation":{"angle":-45,"axis":"y","origin":[8,25.75,8]},"faces":{"north":{"uv":[0,0,7,10],"texture":"#particle"},"east":{"uv":[0,0,0,1.75],"texture":"#particle"},"south":{"uv":[7,0,0,10],"texture":"#particle"},"west":{"uv":[0,0,0,1.75],"texture":"#particle"},"up":{"uv":[1.25,0,0,0],"texture":"#particle"},"down":{"uv":[1.25,0,0,0],"texture":"#particle"}}}],"gui_light":"front","display":{"thirdperson_righthand":{"rotation":[67.5,0,0],"translation":[0,0.25,-0.25],"scale":[0.42969,0.42969,0.42969]},"thirdperson_lefthand":{"rotation":[67.5,0,0],"translation":[0,0.25,-0.25],"scale":[0.42969,0.42969,0.42969]},"firstperson_righthand":{"translation":[4.5,2.75,0],"scale":[0.39844,0.39844,0.39844]},"firstperson_lefthand":{"translation":[4.5,2.75,0],"scale":[0.39844,0.39844,0.39844]},"ground":{"translation":[0,6,0],"scale":[0.6,0.6,0.6]},"gui":{"rotation":[30,135,0],"translation":[0,-2.75,0],"scale":[0.58203,0.58398,0.58203]},"head":{"rotation":[0,180,0],"translation":[0,-30.4,0],"scale":[1.6,1.6,1.6]},"fixed":{"rotation":[-90,0,0],"translation":[0,0,-16],"scale":[2,2,2]}}}