{"credit":"MadewithBlockbench","texture_size":[64,64],"textures":{"0":"elitecreatures:dwaeven_decoration_v1/06_gemstone_mosaic_texture","particle":"elitecreatures:dwaeven_decoration_v1/06_gemstone_mosaic_texture"},"elements":[{"from":[0,0,14],"to":[16,16,16],"rotation":{"angle":0,"axis":"y","origin":[8,8.5,15]},"faces":{"north":{"uv":[0,0,4,4.25],"texture":"#0"},"east":{"uv":[0.5,4.25,1,8.5],"texture":"#0"},"south":{"uv":[0,0,4,4.25],"texture":"#0"},"west":{"uv":[0.5,4.25,1,8.5],"texture":"#0"},"up":{"uv":[5,4.75,1,4.25],"texture":"#0"},"down":{"uv":[5,4.25,1,4.75],"texture":"#0"}}},{"from":[2.25,8.27817,10.96016],"to":[6.25,12.27817,14.96016],"rotation":{"angle":22.5,"axis":"y","origin":[4.25,10.27817,12.96016]},"faces":{"north":{"uv":[5,4.25,6,5.25],"rotation":180,"texture":"#0"},"east":{"uv":[5,4.25,6,5.25],"rotation":270,"texture":"#0"},"south":{"uv":[5,4.25,6,5.25],"texture":"#0"},"west":{"uv":[5,4.25,6,5.25],"rotation":90,"texture":"#0"},"up":{"uv":[5,4.25,6,5.25],"rotation":180,"texture":"#0"},"down":{"uv":[5,4.25,6,5.25],"texture":"#0"}}},{"from":[11.06066,6.82843,10.75],"to":[15.06066,10.82843,14.75],"rotation":{"angle":-45,"axis":"z","origin":[13.06066,8.82843,12.75]},"faces":{"north":{"uv":[6,4.25,7,5.25],"texture":"#0"},"east":{"uv":[6,4.25,7,5.25],"texture":"#0"},"south":{"uv":[6,4.25,7,5.25],"texture":"#0"},"west":{"uv":[6,4.25,7,5.25],"texture":"#0"},"up":{"uv":[6,4.25,7,5.25],"texture":"#0"},"down":{"uv":[6,4.25,7,5.25],"texture":"#0"}}},{"from":[1.02716,0.5,11.13519],"to":[5.02716,4.5,15.13519],"rotation":{"angle":22.5,"axis":"y","origin":[3.02716,2.5,13.13519]},"faces":{"north":{"uv":[2,7.25,3,8.25],"texture":"#0"},"east":{"uv":[2,7.25,3,8.25],"texture":"#0"},"south":{"uv":[2,7.25,3,8.25],"texture":"#0"},"west":{"uv":[2,7.25,3,8.25],"texture":"#0"},"up":{"uv":[2,7.25,3,8.25],"texture":"#0"},"down":{"uv":[2,7.25,3,8.25],"texture":"#0"}}},{"from":[3.31021,13.69867,12.25],"to":[5.31021,14.44867,14.75],"rotation":{"angle":-45,"axis":"z","origin":[4.31021,14.57367,13.5]},"faces":{"north":{"uv":[8.75,8.75,9.25,9.25],"texture":"#0"},"east":{"uv":[8.75,5.25,9.375,5.75],"texture":"#0"},"south":{"uv":[1.75,9,2.25,9.5],"texture":"#0"},"west":{"uv":[8.75,5.75,9.375,6.25],"texture":"#0"},"up":{"uv":[5,9.125,4.5,8.5],"texture":"#0"},"down":{"uv":[9.25,6.25,8.75,6.875],"texture":"#0"}}},{"from":[9.97834,8.27817,12.8786],"to":[12.47834,12.52817,15.3786],"rotation":{"angle":22.5,"axis":"y","origin":[11.22834,10.40317,14.1286]},"faces":{"north":{"uv":[8,1,8.625,2.125],"texture":"#0"},"east":{"uv":[8,2.25,8.625,3.375],"texture":"#0"},"south":{"uv":[8,3.5,8.625,4.625],"texture":"#0"},"west":{"uv":[8,4.75,8.625,5.875],"texture":"#0"},"up":{"uv":[9.375,3.375,8.75,2.75],"texture":"#0"},"down":{"uv":[9.375,3.5,8.75,4.125],"texture":"#0"}}},{"from":[10.5,12.25,10],"to":[14.5,15.25,14],"rotation":{"angle":22.5,"axis":"x","origin":[9.25,11.25,12.5]},"faces":{"north":{"uv":[5,6.25,6,7.25],"texture":"#0"},"east":{"uv":[5,6.25,6,7.25],"texture":"#0"},"south":{"uv":[5,6.25,6,7.25],"texture":"#0"},"west":{"uv":[5,6.25,6,7.25],"texture":"#0"},"up":{"uv":[5,6.25,6,7.25],"texture":"#0"},"down":{"uv":[5,6.25,6,7.25],"texture":"#0"}}},{"from":[5.75,5.5,13],"to":[9.75,9.5,17],"rotation":{"angle":22.5,"axis":"x","origin":[9.25,11.25,12.5]},"faces":{"north":{"uv":[5,6.25,6,7.25],"texture":"#0"},"east":{"uv":[5,6.25,6,7.25],"texture":"#0"},"south":{"uv":[5,6.25,6,7.25],"texture":"#0"},"west":{"uv":[5,6.25,6,7.25],"texture":"#0"},"up":{"uv":[5,6.25,6,7.25],"texture":"#0"},"down":{"uv":[5,6.25,6,7.25],"texture":"#0"}}},{"from":[6.74678,0.75,12.50293],"to":[10.74678,3,15.25293],"rotation":{"angle":22.5,"axis":"y","origin":[8.74678,1.875,13.87793]},"faces":{"north":{"uv":[2,8.25,3,8.875],"texture":"#0"},"east":{"uv":[8.75,0.75,9.5,1.375],"texture":"#0"},"south":{"uv":[0,8.5,1,9.125],"texture":"#0"},"west":{"uv":[8.75,1.5,9.5,2.125],"texture":"#0"},"up":{"uv":[2,8.5,1,7.75],"texture":"#0"},"down":{"uv":[4,7.75,3,8.5],"texture":"#0"}}},{"from":[0.75,12.21298,11.18611],"to":[3,15.21298,15.18611],"rotation":{"angle":22.5,"axis":"x","origin":[1.875,14.21298,13.18611]},"faces":{"north":{"uv":[5,8.25,5.625,9.25],"texture":"#0"},"east":{"uv":[7,4.25,8,5.25],"texture":"#0"},"south":{"uv":[1,8.5,1.625,9.5],"texture":"#0"},"west":{"uv":[7,5.25,8,6.25],"texture":"#0"},"up":{"uv":[3.625,9.5,3,8.5],"texture":"#0"},"down":{"uv":[4.375,8.5,3.75,9.5],"texture":"#0"}}},{"from":[6.74678,12.25,12.50293],"to":[10.74678,15,15.25293],"rotation":{"angle":22.5,"axis":"y","origin":[8.74678,14.125,13.87793]},"faces":{"north":{"uv":[1,4.75,2,5.75],"texture":"#0"},"east":{"uv":[7,6.25,7.75,7.25],"texture":"#0"},"south":{"uv":[2,4.75,3,5.75],"texture":"#0"},"west":{"uv":[5,7.25,5.75,8.25],"texture":"#0"},"up":{"uv":[6.75,8,5.75,7.25],"texture":"#0"},"down":{"uv":[7.75,7.25,6.75,8],"texture":"#0"}}},{"from":[7.28769,9.23008,12.25],"to":[9.28769,13.73008,14.75],"rotation":{"angle":-45,"axis":"z","origin":[8.28769,11.48008,13.5]},"faces":{"north":{"uv":[0,4.25,0.5,5.375],"texture":"#0"},"east":{"uv":[5.75,8,6.375,9.125],"texture":"#0"},"south":{"uv":[0,5.5,0.5,6.625],"texture":"#0"},"west":{"uv":[6.5,8,7.125,9.125],"texture":"#0"},"up":{"uv":[0.5,7.375,0,6.75],"texture":"#0"},"down":{"uv":[0.5,7.5,0,8.125],"texture":"#0"}}},{"from":[1,4.98147,12.24335],"to":[4,6.73147,15.74335],"rotation":{"angle":-45,"axis":"x","origin":[2.5,5.85647,13.99335]},"faces":{"north":{"uv":[8.75,4.25,9.5,4.75],"texture":"#0"},"east":{"uv":[2,6.75,2.875,7.25],"texture":"#0"},"south":{"uv":[8.75,4.75,9.5,5.25],"texture":"#0"},"west":{"uv":[8.75,2.25,9.625,2.75],"texture":"#0"},"up":{"uv":[8,8.875,7.25,8],"texture":"#0"},"down":{"uv":[8.75,8,8,8.875],"texture":"#0"}}},{"from":[0.90228,6.03921,11],"to":[3.65228,8.78921,14.75],"rotation":{"angle":-45,"axis":"z","origin":[2.27728,7.41421,12.875]},"faces":{"north":{"uv":[8.5,7,9.25,7.75],"texture":"#0"},"east":{"uv":[7.75,6.25,8.75,7],"texture":"#0"},"south":{"uv":[8.75,0,9.5,0.75],"texture":"#0"},"west":{"uv":[7.75,6.25,8.75,7],"texture":"#0"},"up":{"uv":[8.5,8,7.75,7],"texture":"#0"},"down":{"uv":[8.75,0,8,1],"texture":"#0"}}},{"from":[13.56326,0.61719,13.5],"to":[15.56326,2.36719,14.75],"rotation":{"angle":-45,"axis":"z","origin":[14.56326,1.49219,14.125]},"faces":{"north":{"uv":[8.75,7.75,9.25,8.25],"texture":"#0"},"east":{"uv":[2.25,9,2.625,9.5],"texture":"#0"},"south":{"uv":[8.75,8.25,9.25,8.75],"texture":"#0"},"west":{"uv":[7.25,9,7.625,9.5],"texture":"#0"},"up":{"uv":[8.25,9.375,7.75,9],"texture":"#0"},"down":{"uv":[8.75,9,8.25,9.375],"texture":"#0"}}},{"from":[10.42282,2.77817,11.09264],"to":[14.42282,6.77817,15.09264],"rotation":{"angle":22.5,"axis":"y","origin":[12.42282,4.77817,13.09264]},"faces":{"north":{"uv":[5,4.25,6,5.25],"rotation":180,"texture":"#0"},"east":{"uv":[5,4.25,6,5.25],"rotation":270,"texture":"#0"},"south":{"uv":[5,4.25,6,5.25],"texture":"#0"},"west":{"uv":[5,4.25,6,5.25],"rotation":90,"texture":"#0"},"up":{"uv":[5,4.25,6,5.25],"rotation":180,"texture":"#0"},"down":{"uv":[5,4.25,6,5.25],"texture":"#0"}}}],"gui_light":"front","display":{"thirdperson_righthand":{"rotation":[67.5,0,0],"translation":[0,2,-0.5],"scale":[0.24953,0.24953,0.24953]},"thirdperson_lefthand":{"rotation":[67.5,0,0],"translation":[0,2,-0.5],"scale":[0.24953,0.24953,0.24953]},"firstperson_righthand":{"rotation":[0,180,0],"translation":[6.75,1.25,0],"scale":[0.54695,0.54695,0.54695]},"firstperson_lefthand":{"rotation":[0,180,0],"translation":[6.75,1.25,0],"scale":[0.54695,0.54695,0.54695]},"ground":{"translation":[0,6,-3.25],"scale":[0.5,0.5,0.5]},"gui":{"rotation":[30,135,0],"translation":[-3.25,-2,0],"scale":[0.70102,0.70102,0.70102]},"head":{"rotation":[0,180,0],"translation":[0,-30.4,0],"scale":[1.6,1.6,1.6]},"fixed":{"translation":[0,0,-16],"scale":[2,2,2]}},"groups":[{"name":"group","origin":[12.42282,4.77817,13.09264],"color":0,"children":[0,1,2,3,4,5,6,7,8,9,10,11,12,13,14,15]}]}