{"credit":"MadewithBlockbench","textures":{"0":"merchant_pack:books","particle":"merchant_pack:books"},"elements":[{"from":[4.9,3.1,-0.1],"to":[6,4.1,1],"faces":{"north":{"uv":[6.75,4.5,7.25,5],"texture":"#0"},"east":{"uv":[6.75,4.5,7.25,5],"texture":"#0"},"south":{"uv":[6.75,4.5,7.25,5],"texture":"#0"},"west":{"uv":[7,3.75,7.25,4],"texture":"#0"},"up":{"uv":[7.25,4.25,6.75,3.75],"texture":"#0"},"down":{"uv":[7.25,3.75,6.75,4.25],"texture":"#0"}}},{"from":[6,3.1,1],"to":[7.1,4.1,2],"faces":{"north":{"uv":[7,3.75,7.25,4],"texture":"#0"},"east":{"uv":[7.25,4.5,6.75,5],"texture":"#0"},"south":{"uv":[7,3.75,7.25,4],"texture":"#0"},"west":{"uv":[6.75,4.5,7.25,5],"texture":"#0"},"up":{"uv":[7.25,4.25,6.75,3.75],"texture":"#0"},"down":{"uv":[7.25,3.75,6.75,4.25],"texture":"#0"}}},{"from":[6,3.1,-0.1],"to":[7.1,4.1,1],"faces":{"north":{"uv":[6.25,4.5,6.75,5],"texture":"#0"},"east":{"uv":[6.25,4.5,6.75,5],"texture":"#0"},"south":{"uv":[6.25,4.5,6.75,5],"texture":"#0"},"west":{"uv":[6.25,4.5,6.75,5],"texture":"#0"},"up":{"uv":[6.75,4.25,6.25,3.75],"texture":"#0"},"down":{"uv":[6.75,4.25,6.25,3.75],"texture":"#0"}}},{"from":[0,-0.1,-0.1],"to":[1.1,0.9,1],"rotation":{"angle":0,"axis":"y","origin":[16,16,0]},"faces":{"north":{"uv":[7.25,5,6.75,4.5],"texture":"#0"},"east":{"uv":[7.25,4,7,3.75],"texture":"#0"},"south":{"uv":[7.25,5,6.75,4.5],"texture":"#0"},"west":{"uv":[7.25,5,6.75,4.5],"texture":"#0"},"up":{"uv":[6.75,4.25,7.25,3.75],"texture":"#0"},"down":{"uv":[6.75,3.75,7.25,4.25],"texture":"#0"}}},{"from":[-1.1,-0.1,1],"to":[0,0.9,2],"rotation":{"angle":0,"axis":"y","origin":[16,16,0]},"faces":{"north":{"uv":[7.25,4,7,3.75],"texture":"#0"},"east":{"uv":[7.25,5,6.75,4.5],"texture":"#0"},"south":{"uv":[7.25,4,7,3.75],"texture":"#0"},"west":{"uv":[6.75,5,7.25,4.5],"texture":"#0"},"up":{"uv":[6.75,4.25,7.25,3.75],"texture":"#0"},"down":{"uv":[6.75,3.75,7.25,4.25],"texture":"#0"}}},{"from":[-1.1,-0.1,-0.1],"to":[0,0.9,1],"rotation":{"angle":0,"axis":"y","origin":[16,16,0]},"faces":{"north":{"uv":[6.75,5,6.25,4.5],"texture":"#0"},"east":{"uv":[6.75,5,6.25,4.5],"texture":"#0"},"south":{"uv":[6.75,5,6.25,4.5],"texture":"#0"},"west":{"uv":[6.75,5,6.25,4.5],"texture":"#0"},"up":{"uv":[6.25,3.75,6.75,4.25],"texture":"#0"},"down":{"uv":[6.25,3.75,6.75,4.25],"texture":"#0"}}},{"from":[4.9,-0.1,-0.1],"to":[6,0.9,1],"rotation":{"angle":0,"axis":"y","origin":[0,16,0]},"faces":{"north":{"uv":[6.75,5,7.25,4.5],"texture":"#0"},"east":{"uv":[6.75,5,7.25,4.5],"texture":"#0"},"south":{"uv":[6.75,5,7.25,4.5],"texture":"#0"},"west":{"uv":[7,4,7.25,3.75],"texture":"#0"},"up":{"uv":[7.25,4.25,6.75,3.75],"texture":"#0"},"down":{"uv":[7.25,3.75,6.75,4.25],"texture":"#0"}}},{"from":[6,-0.1,1],"to":[7.1,0.9,2],"rotation":{"angle":0,"axis":"y","origin":[0,16,0]},"faces":{"north":{"uv":[7,4,7.25,3.75],"texture":"#0"},"east":{"uv":[7.25,5,6.75,4.5],"texture":"#0"},"south":{"uv":[7,4,7.25,3.75],"texture":"#0"},"west":{"uv":[6.75,5,7.25,4.5],"texture":"#0"},"up":{"uv":[7.25,4.25,6.75,3.75],"texture":"#0"},"down":{"uv":[7.25,3.75,6.75,4.25],"texture":"#0"}}},{"from":[6,-0.1,-0.1],"to":[7.1,0.9,1],"rotation":{"angle":0,"axis":"y","origin":[0,16,0]},"faces":{"north":{"uv":[6.25,5,6.75,4.5],"texture":"#0"},"east":{"uv":[6.25,5,6.75,4.5],"texture":"#0"},"south":{"uv":[6.25,5,6.75,4.5],"texture":"#0"},"west":{"uv":[6.25,5,6.75,4.5],"texture":"#0"},"up":{"uv":[6.75,3.75,6.25,4.25],"texture":"#0"},"down":{"uv":[6.75,3.75,6.25,4.25],"texture":"#0"}}},{"from":[0,3.1,-0.1],"to":[1.1,4.1,1],"rotation":{"angle":0,"axis":"y","origin":[16,0,0]},"faces":{"north":{"uv":[7.25,4.5,6.75,5],"texture":"#0"},"east":{"uv":[7.25,3.75,7,4],"texture":"#0"},"south":{"uv":[7.25,4.5,6.75,5],"texture":"#0"},"west":{"uv":[7.25,4.5,6.75,5],"texture":"#0"},"up":{"uv":[6.75,4.25,7.25,3.75],"texture":"#0"},"down":{"uv":[6.75,3.75,7.25,4.25],"texture":"#0"}}},{"from":[-1.1,3.1,1],"to":[0,4.1,2],"rotation":{"angle":0,"axis":"y","origin":[16,0,0]},"faces":{"north":{"uv":[7.25,3.75,7,4],"texture":"#0"},"east":{"uv":[7.25,4.5,6.75,5],"texture":"#0"},"south":{"uv":[7.25,3.75,7,4],"texture":"#0"},"west":{"uv":[6.75,4.5,7.25,5],"texture":"#0"},"up":{"uv":[6.75,4.25,7.25,3.75],"texture":"#0"},"down":{"uv":[6.75,3.75,7.25,4.25],"texture":"#0"}}},{"from":[-1.1,3.1,-0.1],"to":[0,4.1,1],"rotation":{"angle":0,"axis":"y","origin":[16,0,0]},"faces":{"north":{"uv":[6.75,4.5,6.25,5],"texture":"#0"},"east":{"uv":[6.75,4.5,6.25,5],"texture":"#0"},"south":{"uv":[6.75,4.5,6.25,5],"texture":"#0"},"west":{"uv":[6.75,4.5,6.25,5],"texture":"#0"},"up":{"uv":[6.25,4.25,6.75,3.75],"texture":"#0"},"down":{"uv":[6.25,4.25,6.75,3.75],"texture":"#0"}}},{"from":[4.9,3.1,10],"to":[6,4.1,11.1],"rotation":{"angle":0,"axis":"y","origin":[0,0,16]},"faces":{"north":{"uv":[7.25,4.5,6.75,5],"texture":"#0"},"east":{"uv":[7.25,4.5,6.75,5],"texture":"#0"},"south":{"uv":[7.25,4.5,6.75,5],"texture":"#0"},"west":{"uv":[7.25,3.75,7,4],"texture":"#0"},"up":{"uv":[7.25,3.75,6.75,4.25],"texture":"#0"},"down":{"uv":[7.25,4.25,6.75,3.75],"texture":"#0"}}},{"from":[6,3.1,9],"to":[7.1,4.1,10],"rotation":{"angle":0,"axis":"y","origin":[0,0,16]},"faces":{"north":{"uv":[7.25,3.75,7,4],"texture":"#0"},"east":{"uv":[6.75,4.5,7.25,5],"texture":"#0"},"south":{"uv":[7.25,3.75,7,4],"texture":"#0"},"west":{"uv":[7.25,4.5,6.75,5],"texture":"#0"},"up":{"uv":[7.25,3.75,6.75,4.25],"texture":"#0"},"down":{"uv":[7.25,4.25,6.75,3.75],"texture":"#0"}}},{"from":[6,3.1,10],"to":[7.1,4.1,11.1],"rotation":{"angle":0,"axis":"y","origin":[0,0,16]},"faces":{"north":{"uv":[6.75,4.5,6.25,5],"texture":"#0"},"east":{"uv":[6.75,4.5,6.25,5],"texture":"#0"},"south":{"uv":[6.75,4.5,6.25,5],"texture":"#0"},"west":{"uv":[6.75,4.5,6.25,5],"texture":"#0"},"up":{"uv":[6.75,3.75,6.25,4.25],"texture":"#0"},"down":{"uv":[6.75,3.75,6.25,4.25],"texture":"#0"}}},{"from":[0,-0.1,10],"to":[1.1,0.9,11.1],"rotation":{"angle":0,"axis":"y","origin":[16,16,16]},"faces":{"north":{"uv":[6.75,5,7.25,4.5],"texture":"#0"},"east":{"uv":[7,4,7.25,3.75],"texture":"#0"},"south":{"uv":[6.75,5,7.25,4.5],"texture":"#0"},"west":{"uv":[6.75,5,7.25,4.5],"texture":"#0"},"up":{"uv":[6.75,3.75,7.25,4.25],"texture":"#0"},"down":{"uv":[6.75,4.25,7.25,3.75],"texture":"#0"}}},{"from":[-1.1,-0.1,9],"to":[0,0.9,10],"rotation":{"angle":0,"axis":"y","origin":[16,16,16]},"faces":{"north":{"uv":[7,4,7.25,3.75],"texture":"#0"},"east":{"uv":[6.75,5,7.25,4.5],"texture":"#0"},"south":{"uv":[7,4,7.25,3.75],"texture":"#0"},"west":{"uv":[7.25,5,6.75,4.5],"texture":"#0"},"up":{"uv":[6.75,3.75,7.25,4.25],"texture":"#0"},"down":{"uv":[6.75,4.25,7.25,3.75],"texture":"#0"}}},{"from":[-1.1,-0.1,10],"to":[0,0.9,11.1],"rotation":{"angle":0,"axis":"y","origin":[16,16,16]},"faces":{"north":{"uv":[6.25,5,6.75,4.5],"texture":"#0"},"east":{"uv":[6.25,5,6.75,4.5],"texture":"#0"},"south":{"uv":[6.25,5,6.75,4.5],"texture":"#0"},"west":{"uv":[6.25,5,6.75,4.5],"texture":"#0"},"up":{"uv":[6.25,4.25,6.75,3.75],"texture":"#0"},"down":{"uv":[6.25,4.25,6.75,3.75],"texture":"#0"}}},{"from":[4.9,-0.1,10],"to":[6,0.9,11.1],"rotation":{"angle":0,"axis":"y","origin":[0,16,16]},"faces":{"north":{"uv":[7.25,5,6.75,4.5],"texture":"#0"},"east":{"uv":[7.25,5,6.75,4.5],"texture":"#0"},"south":{"uv":[7.25,5,6.75,4.5],"texture":"#0"},"west":{"uv":[7.25,4,7,3.75],"texture":"#0"},"up":{"uv":[7.25,3.75,6.75,4.25],"texture":"#0"},"down":{"uv":[7.25,4.25,6.75,3.75],"texture":"#0"}}},{"from":[6,-0.1,9],"to":[7.1,0.9,10],"rotation":{"angle":0,"axis":"y","origin":[0,16,16]},"faces":{"north":{"uv":[7.25,4,7,3.75],"texture":"#0"},"east":{"uv":[6.75,5,7.25,4.5],"texture":"#0"},"south":{"uv":[7.25,4,7,3.75],"texture":"#0"},"west":{"uv":[7.25,5,6.75,4.5],"texture":"#0"},"up":{"uv":[7.25,3.75,6.75,4.25],"texture":"#0"},"down":{"uv":[7.25,4.25,6.75,3.75],"texture":"#0"}}},{"from":[6,-0.1,10],"to":[7.1,0.9,11.1],"rotation":{"angle":0,"axis":"y","origin":[0,16,16]},"faces":{"north":{"uv":[6.75,5,6.25,4.5],"texture":"#0"},"east":{"uv":[6.75,5,6.25,4.5],"texture":"#0"},"south":{"uv":[6.75,5,6.25,4.5],"texture":"#0"},"west":{"uv":[6.75,5,6.25,4.5],"texture":"#0"},"up":{"uv":[6.75,4.25,6.25,3.75],"texture":"#0"},"down":{"uv":[6.75,4.25,6.25,3.75],"texture":"#0"}}},{"from":[0,3.1,10],"to":[1.1,4.1,11.1],"rotation":{"angle":0,"axis":"y","origin":[16,0,16]},"faces":{"north":{"uv":[6.75,4.5,7.25,5],"texture":"#0"},"east":{"uv":[7,3.75,7.25,4],"texture":"#0"},"south":{"uv":[6.75,4.5,7.25,5],"texture":"#0"},"west":{"uv":[6.75,4.5,7.25,5],"texture":"#0"},"up":{"uv":[6.75,3.75,7.25,4.25],"texture":"#0"},"down":{"uv":[6.75,4.25,7.25,3.75],"texture":"#0"}}},{"from":[-1.1,3.1,9],"to":[0,4.1,10],"rotation":{"angle":0,"axis":"y","origin":[16,0,16]},"faces":{"north":{"uv":[7,3.75,7.25,4],"texture":"#0"},"east":{"uv":[6.75,4.5,7.25,5],"texture":"#0"},"south":{"uv":[7,3.75,7.25,4],"texture":"#0"},"west":{"uv":[7.25,4.5,6.75,5],"texture":"#0"},"up":{"uv":[6.75,3.75,7.25,4.25],"texture":"#0"},"down":{"uv":[6.75,4.25,7.25,3.75],"texture":"#0"}}},{"from":[-1.1,3.1,10],"to":[0,4.1,11.1],"rotation":{"angle":0,"axis":"y","origin":[16,0,16]},"faces":{"north":{"uv":[6.25,4.5,6.75,5],"texture":"#0"},"east":{"uv":[6.25,4.5,6.75,5],"texture":"#0"},"south":{"uv":[6.25,4.5,6.75,5],"texture":"#0"},"west":{"uv":[6.25,4.5,6.75,5],"texture":"#0"},"up":{"uv":[6.25,3.75,6.75,4.25],"texture":"#0"},"down":{"uv":[6.25,3.75,6.75,4.25],"texture":"#0"}}},{"from":[6,1,0],"to":[7,3,11],"faces":{"north":{"uv":[10,14.5,10.725,14.75],"rotation":90,"texture":"#0"},"east":{"uv":[10,11.5,10.75,14.75],"rotation":90,"texture":"#0"},"south":{"uv":[10,14.5,10.725,14.75],"rotation":90,"texture":"#0"},"west":{"uv":[10.25,11.5,11,14.75],"rotation":90,"texture":"#0"},"up":{"uv":[1.725,11.225,1.25,14],"texture":"#0"},"down":{"uv":[1.725,11.225,1.25,14],"texture":"#0"}}},{"from":[-0.8,1,0.2],"to":[6,3,10.8],"rotation":{"angle":0,"axis":"y","origin":[0,0.1,0.4]},"faces":{"north":{"uv":[7.75,16,9.525,15],"texture":"#0"},"east":{"uv":[0.25,11,1.5,14],"rotation":90,"texture":"#0"},"south":{"uv":[9.525,16,7.75,15],"texture":"#0"},"west":{"uv":[11,16,8.25,15],"texture":"#0"},"up":{"uv":[4.975,14.475,4.5,15],"texture":"#0"},"down":{"uv":[4.975,14.475,4.5,15],"texture":"#0"}}},{"from":[-1,3,0],"to":[7,4,11],"faces":{"north":{"uv":[14.05,12.5,16,13],"texture":"#0"},"east":{"uv":[14.05,12.5,16,13],"texture":"#0"},"south":{"uv":[14.05,12.5,16,13],"texture":"#0"},"west":{"uv":[14.05,12.5,16,13],"texture":"#0"},"up":{"uv":[16,13.275,14.025,16],"texture":"#0"},"down":{"uv":[16,13.275,14.025,16],"texture":"#0"}}},{"from":[-1,3,0],"to":[7,4,11],"faces":{"north":{"uv":[14.05,12.5,16,13],"texture":"#0"},"east":{"uv":[1,11,1.5,14],"rotation":90,"texture":"#0"},"south":{"uv":[2.25,15.25,0.3,15.75],"texture":"#0"},"west":{"uv":[0.5,15.25,2.25,15.75],"texture":"#0"},"up":{"uv":[16,13.275,14.025,16],"texture":"#0"},"down":{"uv":[16,13.275,14.025,16],"texture":"#0"}}},{"from":[-1,0,0],"to":[7,1,11],"faces":{"north":{"uv":[14.05,13,16,12.5],"texture":"#0"},"east":{"uv":[14.05,13,16,12.5],"texture":"#0"},"south":{"uv":[14.05,13,16,12.5],"texture":"#0"},"west":{"uv":[14.05,13,16,12.5],"texture":"#0"},"up":{"uv":[16,13.275,14.025,16],"texture":"#0"},"down":{"uv":[16,13.275,14.025,16],"texture":"#0"}}},{"from":[0,-0.2,1],"to":[6,0,11],"faces":{"north":{"uv":[10.5,14,10.25,12.5],"rotation":90,"texture":"#0"},"east":{"uv":[10.5,14,10.25,12.5],"rotation":90,"texture":"#0"},"south":{"uv":[10.5,14,10.25,12.5],"rotation":90,"texture":"#0"},"west":{"uv":[10.5,14,10.25,12.5],"rotation":90,"texture":"#0"},"up":{"uv":[3.725,13.75,1.75,11.475],"texture":"#0"},"down":{"uv":[13.975,11.475,11,16],"texture":"#0"}}},{"from":[0,4,1],"to":[6,4.2,10],"faces":{"north":{"uv":[10.5,14,10.25,12.5],"rotation":90,"texture":"#0"},"east":{"uv":[10.5,14,10.25,12.5],"rotation":90,"texture":"#0"},"south":{"uv":[10.5,14,10.25,12.5],"rotation":90,"texture":"#0"},"west":{"uv":[10.5,14,10.25,12.5],"rotation":90,"texture":"#0"},"up":{"uv":[13.975,16,11,11.475],"texture":"#0"},"down":{"uv":[3.975,11.225,1.75,14],"texture":"#0"}}}],"display":{"thirdperson_righthand":{"rotation":[90,0,-90],"translation":[3,-3,-4],"scale":[0.5,0.5,0.5]},"thirdperson_lefthand":{"rotation":[-90,0,-90],"translation":[3,1,-3.75],"scale":[0.5,0.5,0.51]},"firstperson_righthand":{"rotation":[-101,2,12],"translation":[0.5,3.5,-0.25],"scale":[0.5,0.5,0.5]},"firstperson_lefthand":{"rotation":[-101,-2,-180],"translation":[3,4.5,3.5],"scale":[0.5,0.5,0.5]},"ground":{"scale":[0.5,0.5,0.5]},"gui":{"rotation":[-82,-10,27],"translation":[2.25,4.25,0],"scale":[1.18945,1,1.12695]},"head":{"translation":[5.5,0,0]},"fixed":{"rotation":[-90,0,0],"translation":[9.75,4.25,-16],"scale":[2,2,2]}},"groups":[{"name":"PusangGala_studio","origin":[0,0,0],"color":0,"boneType":"","children":[{"name":"corner","origin":[8,8,8],"color":0,"boneType":"","children":[0,1,2,3,4,5,6,7,8,9,10,11,12,13,14,15,16,17,18,19,20,21,22,23]},24,25,26,27,28,29,30]}]}