{"credit":"Made with Blockbench","texture_size":[64,64],"textures":{"0":"cat_theme_furniture_v1:18_cat_shampoo_texture","particle":"cat_theme_furniture_v1:18_cat_shampoo_texture"},"elements":[{"from":[2,0,5],"to":[14,1,11],"faces":{"north":{"uv":[1.5,0.25,4.5,0.5],"texture":"#0"},"east":{"uv":[0,2.25,1.5,2.5],"texture":"#0"},"south":{"uv":[1.5,0.25,4.5,0.5],"texture":"#0"},"west":{"uv":[0,2.25,1.5,2.5],"texture":"#0"},"up":{"uv":[8.75,4.75,5.75,3.25],"texture":"#0"},"down":{"uv":[8.75,4.75,5.75,3.25],"texture":"#0"}}},{"from":[9.3075,4.18,7.3375],"to":[11.6925,6.565,9.7225],"rotation":{"angle":0,"axis":"y","origin":[10.41645,4.04959,7.81569]},"faces":{"north":{"uv":[0,3.25,0.625,3.875],"texture":"#0"},"east":{"uv":[3.75,2,4.375,2.625],"texture":"#0"},"south":{"uv":[4.25,5.75,4.875,6.375],"texture":"#0"},"west":{"uv":[5,5.75,5.625,6.375],"texture":"#0"},"up":{"uv":[6.375,6.375,5.75,5.75],"texture":"#0"},"down":{"uv":[6.625,5,6,5.625],"texture":"#0"}}},{"from":[9.8075,6.565,7.8375],"to":[11.1925,7.7,9.2225],"rotation":{"angle":0,"axis":"y","origin":[10.41645,3.43459,7.81569]},"faces":{"north":{"uv":[0.5,1.5,0.875,1.75],"texture":"#0"},"east":{"uv":[0.5,1.5,0.875,1.75],"texture":"#0"},"south":{"uv":[0.5,1.5,0.875,1.75],"texture":"#0"},"west":{"uv":[0.5,1.5,0.875,1.75],"texture":"#0"},"up":{"uv":[1.375,0.625,1,0.25],"texture":"#0"},"down":{"uv":[0.875,1,0.5,1.375],"texture":"#0"}}},{"from":[9.8075,8.815,7.8375],"to":[11.1925,9.45,9.2225],"rotation":{"angle":0,"axis":"y","origin":[10.41645,3.43459,7.81569]},"faces":{"north":{"uv":[1.5,0.75,1.875,0.875],"texture":"#0"},"east":{"uv":[1.5,1,1.875,1.125],"texture":"#0"},"south":{"uv":[1.5,1.25,1.875,1.375],"texture":"#0"},"west":{"uv":[1.5,1.5,1.875,1.625],"texture":"#0"},"up":{"uv":[1.375,1.125,1,0.75],"texture":"#0"},"down":{"uv":[1.375,1.25,1,1.625],"texture":"#0"}}},{"from":[11.1925,8.815,8.0875],"to":[12.3275,9.2,8.9725],"rotation":{"angle":0,"axis":"y","origin":[10.30145,3.43459,7.81569]},"faces":{"north":{"uv":[0,1.75,0.25,1.875],"texture":"#0"},"east":{"uv":[1.75,0,2,0.125],"texture":"#0"},"south":{"uv":[0.25,1.75,0.5,1.875],"texture":"#0"},"west":{"uv":[0.5,1.75,0.75,1.875],"texture":"#0"},"up":{"uv":[0.5,1.5,0.25,1.25],"texture":"#0"},"down":{"uv":[1.75,0.5,1.5,0.75],"texture":"#0"}}},{"from":[10.1575,7.7,8.1875],"to":[10.8425,8.835,8.8725],"rotation":{"angle":0,"axis":"y","origin":[10.41645,3.31959,7.81569]},"faces":{"north":{"uv":[1.75,0.5,1.875,0.75],"texture":"#0"},"east":{"uv":[1.75,0.5,1.875,0.75],"texture":"#0"},"south":{"uv":[1.75,0.5,1.875,0.75],"texture":"#0"},"west":{"uv":[1.75,0.5,1.875,0.75],"texture":"#0"},"up":{"uv":[1.625,1.875,1.5,1.75],"texture":"#0"},"down":{"uv":[1.875,1.75,1.75,1.875],"texture":"#0"}}},{"from":[9.44,2.4575,7.47],"to":[11.56,4.18,9.59],"rotation":{"angle":0,"axis":"y","origin":[10.41645,4.04959,7.81569]},"faces":{"north":{"uv":[0,4,0.5,4.375],"texture":"#0"},"east":{"uv":[4.5,1,4,1.375],"texture":"#0"},"south":{"uv":[1,4,1.5,4.375],"texture":"#0"},"west":{"uv":[4,1,4.5,1.375],"texture":"#0"},"up":{"uv":[3.5,2,3,1.5],"texture":"#0"},"down":{"uv":[2.5,3,2,3.5],"texture":"#0"}}},{"from":[8.645,1,7.3375],"to":[9.705,2.855,8.9275],"rotation":{"angle":0,"axis":"y","origin":[10.41645,4.04959,7.94819]},"faces":{"north":{"uv":[4.5,3.25,4.75,3.75],"texture":"#0"},"east":{"uv":[1.5,4,1.875,4.5],"texture":"#0"},"south":{"uv":[3.5,4.5,3.75,5],"texture":"#0"},"west":{"uv":[4,1.5,4.375,2],"texture":"#0"},"up":{"uv":[5,1.875,4.75,1.5],"texture":"#0"},"down":{"uv":[5,2,4.75,2.375],"texture":"#0"}}},{"from":[8.66786,1,6.05173],"to":[9.99286,1.53,7.11173],"rotation":{"angle":22.5,"axis":"y","origin":[10.41645,4.04959,7.94819]},"faces":{"north":{"uv":[1.5,5.25,1.875,5.375],"texture":"#0"},"east":{"uv":[2.75,5.25,3,5.375],"texture":"#0"},"south":{"uv":[5.25,1.5,5.625,1.625],"texture":"#0"},"west":{"uv":[5.25,2.75,5.5,2.875],"texture":"#0"},"up":{"uv":[5.125,2.75,4.75,2.5],"texture":"#0"},"down":{"uv":[5.125,2.75,4.75,3],"texture":"#0"}}},{"from":[11.00714,1,6.05173],"to":[12.33214,1.53,7.11173],"rotation":{"angle":-22.5,"axis":"y","origin":[10.58355,4.04959,7.94819]},"faces":{"north":{"uv":[1.875,5.25,1.5,5.375],"texture":"#0"},"east":{"uv":[5.5,2.75,5.25,2.875],"texture":"#0"},"south":{"uv":[5.625,1.5,5.25,1.625],"texture":"#0"},"west":{"uv":[3,5.25,2.75,5.375],"texture":"#0"},"up":{"uv":[4.75,2.75,5.125,2.5],"texture":"#0"},"down":{"uv":[4.75,2.75,5.125,3],"texture":"#0"}}},{"from":[11.295,1,7.3375],"to":[12.355,2.855,8.9275],"rotation":{"angle":0,"axis":"y","origin":[10.58355,4.04959,7.94819]},"faces":{"north":{"uv":[4.75,3.25,4.5,3.75],"texture":"#0"},"east":{"uv":[4.375,1.5,4,2],"texture":"#0"},"south":{"uv":[3.75,4.5,3.5,5],"texture":"#0"},"west":{"uv":[1.875,4,1.5,4.5],"texture":"#0"},"up":{"uv":[4.75,1.875,5,1.5],"texture":"#0"},"down":{"uv":[4.75,2,5,2.375],"texture":"#0"}}},{"from":[9.34173,5.42089,7.311],"to":[9.55373,5.57989,7.3375],"rotation":{"angle":45,"axis":"z","origin":[10.61645,6.35041,7.81569]},"faces":{"north":{"uv":[4.5,5.625,4.625,5.5],"texture":"#0"},"east":{"uv":[5.5,4.625,5.625,4.5],"texture":"#0"},"south":{"uv":[4.75,5.625,4.875,5.5],"texture":"#0"},"west":{"uv":[5.5,4.875,5.625,4.75],"texture":"#0"},"up":{"uv":[5.625,5.125,5.5,5],"texture":"#0"},"down":{"uv":[5.125,5.5,5,5.625],"texture":"#0"}}},{"from":[10.39,4.91694,7.311],"to":[10.59,5.22894,7.3375],"rotation":{"angle":0,"axis":"y","origin":[10.39109,4.92294,7.32425]},"faces":{"north":{"uv":[4.5,5.625,4.625,5.5],"rotation":90,"texture":"#0"},"east":{"uv":[5.125,5.5,5,5.625],"rotation":270,"texture":"#0"},"south":{"uv":[4.75,5.625,4.875,5.5],"rotation":270,"texture":"#0"},"west":{"uv":[5.625,5.125,5.5,5],"rotation":270,"texture":"#0"},"up":{"uv":[5.5,4.625,5.625,4.5],"rotation":270,"texture":"#0"},"down":{"uv":[5.5,4.875,5.625,4.75],"rotation":270,"texture":"#0"}}},{"from":[9.26447,5.00383,7.311],"to":[9.79447,5.16283,7.3375],"rotation":{"angle":22.5,"axis":"z","origin":[10.61645,6.35041,7.81569]},"faces":{"north":{"uv":[3.75,5.625,3.875,5.5],"texture":"#0"},"east":{"uv":[5.5,3.875,5.625,3.75],"texture":"#0"},"south":{"uv":[4,5.625,4.125,5.5],"texture":"#0"},"west":{"uv":[5.5,4.125,5.625,4],"texture":"#0"},"up":{"uv":[5.625,4.375,5.5,4.25],"texture":"#0"},"down":{"uv":[4.375,5.5,4.25,5.625],"texture":"#0"}}},{"from":[9.6707,4.58895,7.311],"to":[9.8827,4.74795,7.3375],"rotation":{"angle":0,"axis":"y","origin":[10.61645,6.35041,7.81569]},"faces":{"north":{"uv":[5.25,5.625,5.375,5.5],"texture":"#0"},"east":{"uv":[5.5,5.375,5.625,5.25],"texture":"#0"},"south":{"uv":[5.5,5.625,5.625,5.5],"texture":"#0"},"west":{"uv":[0,5.875,0.125,5.75],"texture":"#0"},"up":{"uv":[0.375,5.875,0.25,5.75],"texture":"#0"},"down":{"uv":[5.875,0,5.75,0.125],"texture":"#0"}}},{"from":[11.44627,5.42089,7.311],"to":[11.65827,5.57989,7.3375],"rotation":{"angle":-45,"axis":"z","origin":[10.38355,6.35041,7.81569]},"faces":{"north":{"uv":[4.625,5.625,4.5,5.5],"texture":"#0"},"east":{"uv":[5.625,4.875,5.5,4.75],"texture":"#0"},"south":{"uv":[4.875,5.625,4.75,5.5],"texture":"#0"},"west":{"uv":[5.625,4.625,5.5,4.5],"texture":"#0"},"up":{"uv":[5.5,5.125,5.625,5],"texture":"#0"},"down":{"uv":[5,5.5,5.125,5.625],"texture":"#0"}}},{"from":[11.20553,5.00383,7.311],"to":[11.73553,5.16283,7.3375],"rotation":{"angle":-22.5,"axis":"z","origin":[10.38355,6.35041,7.81569]},"faces":{"north":{"uv":[3.875,5.625,3.75,5.5],"texture":"#0"},"east":{"uv":[5.625,4.125,5.5,4],"texture":"#0"},"south":{"uv":[4.125,5.625,4,5.5],"texture":"#0"},"west":{"uv":[5.625,3.875,5.5,3.75],"texture":"#0"},"up":{"uv":[5.5,4.375,5.625,4.25],"texture":"#0"},"down":{"uv":[4.25,5.5,4.375,5.625],"texture":"#0"}}},{"from":[11.1173,4.58895,7.311],"to":[11.3293,4.74795,7.3375],"rotation":{"angle":0,"axis":"y","origin":[10.38355,6.35041,7.81569]},"faces":{"north":{"uv":[5.375,5.625,5.25,5.5],"texture":"#0"},"east":{"uv":[0.125,5.875,0,5.75],"texture":"#0"},"south":{"uv":[5.625,5.625,5.5,5.5],"texture":"#0"},"west":{"uv":[5.625,5.375,5.5,5.25],"texture":"#0"},"up":{"uv":[0.25,5.875,0.375,5.75],"texture":"#0"},"down":{"uv":[5.75,0,5.875,0.125],"texture":"#0"}}},{"from":[10.235,5.281,7.1785],"to":[10.765,5.546,7.4435],"rotation":{"angle":0,"axis":"y","origin":[10.41645,4.24959,7.81569]},"faces":{"north":{"uv":[5.75,2.5,5.875,2.625],"texture":"#0"},"east":{"uv":[2.75,5.75,2.875,5.875],"texture":"#0"},"south":{"uv":[5.75,2.75,5.875,2.875],"texture":"#0"},"west":{"uv":[3,5.75,3.125,5.875],"texture":"#0"},"up":{"uv":[5.875,3.125,5.75,3],"texture":"#0"},"down":{"uv":[3.375,5.75,3.25,5.875],"texture":"#0"}}},{"from":[9.94997,6.05492,7.6675],"to":[11.27497,7.90992,7.6675],"rotation":{"angle":22.5,"axis":"z","origin":[10.41645,4.04959,7.61569]},"faces":{"north":{"uv":[3,4,3.375,4.5],"texture":"#0"},"east":{"uv":[0,0,0,0.5],"texture":"#0"},"south":{"uv":[4,3,4.375,3.5],"texture":"#0"},"west":{"uv":[0,0,0,0.5],"texture":"#0"},"up":{"uv":[0.375,0,0,0],"texture":"#0"},"down":{"uv":[0.375,0,0,0],"texture":"#0"}}},{"from":[9.71231,6.11886,7.6675],"to":[11.03731,7.97386,7.6675],"rotation":{"angle":-22.5,"axis":"z","origin":[10.41645,4.04959,7.61569]},"faces":{"north":{"uv":[3.5,4,3.875,4.5],"texture":"#0"},"east":{"uv":[0,0,0,0.5],"texture":"#0"},"south":{"uv":[4,3.5,4.375,4],"texture":"#0"},"west":{"uv":[0,0,0,0.5],"texture":"#0"},"up":{"uv":[0.375,0,0,0],"texture":"#0"},"down":{"uv":[0.375,0,0,0],"texture":"#0"}}},{"from":[9.44656,0.99704,7.205],"to":[10.50656,2.11004,8.265],"rotation":{"angle":0,"axis":"y","origin":[9.97656,0.91754,7.735]},"faces":{"north":{"uv":[0.75,0,1,0.25],"texture":"#0"},"east":{"uv":[0.25,0.75,0.5,1],"texture":"#0"},"south":{"uv":[0.75,0.25,1,0.5],"texture":"#0"},"west":{"uv":[0.5,0.75,0.75,1],"texture":"#0"},"up":{"uv":[1,0.75,0.75,0.5],"texture":"#0"},"down":{"uv":[1,0.75,0.75,1],"texture":"#0"}}},{"from":[8.90493,1.91797,7.2103],"to":[9.96493,4.30297,8.2703],"rotation":{"angle":22.5,"axis":"z","origin":[9.75293,3.37547,7.735]},"faces":{"north":{"uv":[0,0,0.25,0.625],"texture":"#0"},"east":{"uv":[0.25,0,0.5,0.625],"texture":"#0"},"south":{"uv":[0.5,0,0.75,0.625],"texture":"#0"},"west":{"uv":[0,0.75,0.25,1.375],"texture":"#0"},"up":{"uv":[1.25,0.25,1,0],"texture":"#0"},"down":{"uv":[0.5,1,0.25,1.25],"texture":"#0"}}},{"from":[11.03507,1.91797,7.2103],"to":[12.09507,4.30297,8.2703],"rotation":{"angle":-22.5,"axis":"z","origin":[11.24707,3.37547,7.735]},"faces":{"north":{"uv":[4.75,2,4.5,2.625],"texture":"#0"},"east":{"uv":[4.75,2,4.5,2.625],"texture":"#0"},"south":{"uv":[4.75,2,4.5,2.625],"texture":"#0"},"west":{"uv":[4.75,2,4.5,2.625],"texture":"#0"},"up":{"uv":[1,0.25,1.25,0],"texture":"#0"},"down":{"uv":[0.75,5.25,1,5.5],"texture":"#0"}}},{"from":[10.49344,0.99704,7.205],"to":[11.55344,2.11004,8.265],"rotation":{"angle":0,"axis":"y","origin":[11.02344,0.91754,7.735]},"faces":{"north":{"uv":[5.25,5,5,5.25],"texture":"#0"},"east":{"uv":[0.5,5.25,0.25,5.5],"texture":"#0"},"south":{"uv":[5.5,0,5.25,0.25],"texture":"#0"},"west":{"uv":[0.25,5.25,0,5.5],"texture":"#0"},"up":{"uv":[5.25,0.5,5.5,0.25],"texture":"#0"},"down":{"uv":[0.5,5.25,0.75,5.5],"texture":"#0"}}},{"from":[9.3075,1,8.53],"to":[11.6925,2.59,10.385],"rotation":{"angle":-22.5,"axis":"x","origin":[10.5,1,8.53]},"faces":{"north":{"uv":[3,2.5,3.625,2.875],"texture":"#0"},"east":{"uv":[4,4,4.5,4.375],"texture":"#0"},"south":{"uv":[3.25,3,3.875,3.375],"texture":"#0"},"west":{"uv":[4.5,4,4,4.375],"texture":"#0"},"up":{"uv":[3.625,1,3,0.5],"texture":"#0"},"down":{"uv":[1.375,3,0.75,3.5],"texture":"#0"}}},{"from":[3.8075,4.18,7.3375],"to":[6.1925,6.565,9.7225],"rotation":{"angle":0,"axis":"y","origin":[4.91645,4.04959,7.81569]},"faces":{"north":{"uv":[2.25,2.25,2.875,2.875],"texture":"#0"},"east":{"uv":[0,2.5,0.625,3.125],"texture":"#0"},"south":{"uv":[2.5,3,3.125,3.625],"texture":"#0"},"west":{"uv":[2,3.75,2.625,4.375],"texture":"#0"},"up":{"uv":[3.125,5.125,2.5,4.5],"texture":"#0"},"down":{"uv":[4.125,5.75,3.5,6.375],"texture":"#0"}}},{"from":[4.3075,6.565,7.8375],"to":[5.6925,7.7,9.2225],"rotation":{"angle":0,"axis":"y","origin":[4.91645,3.43459,7.81569]},"faces":{"north":{"uv":[0,2,0.375,2.25],"texture":"#0"},"east":{"uv":[0,2,0.375,2.25],"texture":"#0"},"south":{"uv":[0,2,0.375,2.25],"texture":"#0"},"west":{"uv":[0,2,0.375,2.25],"texture":"#0"},"up":{"uv":[4.875,4.125,4.5,3.75],"texture":"#0"},"down":{"uv":[4.375,4.5,4,4.875],"texture":"#0"}}},{"from":[4.3075,8.815,7.8375],"to":[5.6925,9.45,9.2225],"rotation":{"angle":0,"axis":"y","origin":[4.91645,3.43459,7.81569]},"faces":{"north":{"uv":[5,1,5.375,1.125],"texture":"#0"},"east":{"uv":[1.25,5,1.625,5.125],"texture":"#0"},"south":{"uv":[5,1.25,5.375,1.375],"texture":"#0"},"west":{"uv":[1.75,5,2.125,5.125],"texture":"#0"},"up":{"uv":[4.875,4.625,4.5,4.25],"texture":"#0"},"down":{"uv":[5.125,0.5,4.75,0.875],"texture":"#0"}}},{"from":[5.6925,8.815,8.0875],"to":[6.8275,9.2,8.9725],"rotation":{"angle":0,"axis":"y","origin":[4.80145,3.43459,7.81569]},"faces":{"north":{"uv":[5,1.5,5.25,1.625],"texture":"#0"},"east":{"uv":[2.25,5,2.5,5.125],"texture":"#0"},"south":{"uv":[5,3.25,5.25,3.375],"texture":"#0"},"west":{"uv":[3.5,5,3.75,5.125],"texture":"#0"},"up":{"uv":[0.75,2.25,0.5,2],"texture":"#0"},"down":{"uv":[2.25,2,2,2.25],"texture":"#0"}}},{"from":[4.6575,7.7,8.1875],"to":[5.3425,8.835,8.8725],"rotation":{"angle":0,"axis":"y","origin":[4.91645,3.31959,7.81569]},"faces":{"north":{"uv":[5,3.5,5.125,3.75],"texture":"#0"},"east":{"uv":[5,3.75,5.125,4],"texture":"#0"},"south":{"uv":[4,5,4.125,5.25],"texture":"#0"},"west":{"uv":[5,4,5.125,4.25],"texture":"#0"},"up":{"uv":[5.375,0.625,5.25,0.5],"texture":"#0"},"down":{"uv":[5.375,0.75,5.25,0.875],"texture":"#0"}}},{"from":[3.94,2.4575,7.47],"to":[6.06,4.18,9.59],"rotation":{"angle":0,"axis":"y","origin":[4.91645,4.04959,7.81569]},"faces":{"north":{"uv":[3.5,1,4,1.375],"texture":"#0"},"east":{"uv":[3.75,3.5,3.25,3.875],"texture":"#0"},"south":{"uv":[3.5,1.5,4,1.875],"texture":"#0"},"west":{"uv":[3.25,3.5,3.75,3.875],"texture":"#0"},"up":{"uv":[3.5,1.5,3,1],"texture":"#0"},"down":{"uv":[2,3,1.5,3.5],"texture":"#0"}}},{"from":[3.145,1,7.3375],"to":[4.205,2.855,8.9275],"rotation":{"angle":0,"axis":"y","origin":[4.91645,4.04959,7.94819]},"faces":{"north":{"uv":[3.75,3.5,4,4],"texture":"#0"},"east":{"uv":[3.75,0.5,4.125,1],"texture":"#0"},"south":{"uv":[4.5,1.5,4.75,2],"texture":"#0"},"west":{"uv":[0.5,4,0.875,4.5],"texture":"#0"},"up":{"uv":[4.75,5.125,4.5,4.75],"texture":"#0"},"down":{"uv":[5,4.75,4.75,5.125],"texture":"#0"}}},{"from":[3.16786,1,6.05173],"to":[4.49286,1.53,7.11173],"rotation":{"angle":22.5,"axis":"y","origin":[4.91645,4.04959,7.94819]},"faces":{"north":{"uv":[5,1.75,5.375,1.875],"texture":"#0"},"east":{"uv":[4.25,5,4.5,5.125],"texture":"#0"},"south":{"uv":[5,2,5.375,2.125],"texture":"#0"},"west":{"uv":[5,4.25,5.25,4.375],"texture":"#0"},"up":{"uv":[1.875,2.25,1.5,2],"texture":"#0"},"down":{"uv":[2.625,0.5,2.25,0.75],"texture":"#0"}}},{"from":[5.50714,1,6.05173],"to":[6.83214,1.53,7.11173],"rotation":{"angle":-22.5,"axis":"y","origin":[5.08355,4.04959,7.94819]},"faces":{"north":{"uv":[5.375,1.75,5,1.875],"texture":"#0"},"east":{"uv":[5.25,4.25,5,4.375],"texture":"#0"},"south":{"uv":[5.375,2,5,2.125],"texture":"#0"},"west":{"uv":[4.5,5,4.25,5.125],"texture":"#0"},"up":{"uv":[1.5,2.25,1.875,2],"texture":"#0"},"down":{"uv":[2.25,0.5,2.625,0.75],"texture":"#0"}}},{"from":[5.795,1,7.3375],"to":[6.855,2.855,8.9275],"rotation":{"angle":0,"axis":"y","origin":[5.08355,4.04959,7.94819]},"faces":{"north":{"uv":[4,3.5,3.75,4],"texture":"#0"},"east":{"uv":[0.875,4,0.5,4.5],"texture":"#0"},"south":{"uv":[4.75,1.5,4.5,2],"texture":"#0"},"west":{"uv":[4.125,0.5,3.75,1],"texture":"#0"},"up":{"uv":[4.5,5.125,4.75,4.75],"texture":"#0"},"down":{"uv":[4.75,4.75,5,5.125],"texture":"#0"}}},{"from":[9.14173,4.82011,7.311],"to":[9.35373,4.97911,7.3375],"rotation":{"angle":-45,"axis":"z","origin":[10.41645,4.04959,7.81569]},"faces":{"north":{"uv":[4.5,5.5,4.625,5.625],"texture":"#0"},"east":{"uv":[5.5,4.5,5.625,4.625],"texture":"#0"},"south":{"uv":[4.75,5.5,4.875,5.625],"texture":"#0"},"west":{"uv":[5.5,4.75,5.625,4.875],"texture":"#0"},"up":{"uv":[5.125,5.625,5,5.5],"texture":"#0"},"down":{"uv":[5.625,5,5.5,5.125],"texture":"#0"}}},{"from":[9.06447,5.23717,7.311],"to":[9.59447,5.39617,7.3375],"rotation":{"angle":-22.5,"axis":"z","origin":[10.41645,4.04959,7.81569]},"faces":{"north":{"uv":[3.75,5.5,3.875,5.625],"texture":"#0"},"east":{"uv":[5.5,3.75,5.625,3.875],"texture":"#0"},"south":{"uv":[4,5.5,4.125,5.625],"texture":"#0"},"west":{"uv":[5.5,4,5.625,4.125],"texture":"#0"},"up":{"uv":[4.375,5.625,4.25,5.5],"texture":"#0"},"down":{"uv":[5.625,4.25,5.5,4.375],"texture":"#0"}}},{"from":[9.4707,5.65205,7.311],"to":[9.6827,5.81105,7.3375],"rotation":{"angle":0,"axis":"y","origin":[10.41645,4.04959,7.81569]},"faces":{"north":{"uv":[5.25,5.5,5.375,5.625],"texture":"#0"},"east":{"uv":[5.5,5.25,5.625,5.375],"texture":"#0"},"south":{"uv":[5.5,5.5,5.625,5.625],"texture":"#0"},"west":{"uv":[0,5.75,0.125,5.875],"texture":"#0"},"up":{"uv":[5.875,0.125,5.75,0],"texture":"#0"},"down":{"uv":[0.375,5.75,0.25,5.875],"texture":"#0"}}},{"from":[11.59733,4.70195,7.311],"to":[11.80933,4.86095,7.3375],"rotation":{"angle":45,"axis":"z","origin":[10.41645,4.04959,7.81569]},"faces":{"north":{"uv":[5.75,0.25,5.875,0.375],"texture":"#0"},"east":{"uv":[0.5,5.75,0.625,5.875],"texture":"#0"},"south":{"uv":[5.75,0.5,5.875,0.625],"texture":"#0"},"west":{"uv":[0.75,5.75,0.875,5.875],"texture":"#0"},"up":{"uv":[5.875,0.875,5.75,0.75],"texture":"#0"},"down":{"uv":[1.125,5.75,1,5.875],"texture":"#0"}}},{"from":[11.39281,5.17322,7.311],"to":[11.92281,5.33222,7.3375],"rotation":{"angle":22.5,"axis":"z","origin":[10.41645,4.04959,7.81569]},"faces":{"north":{"uv":[5.75,1.75,5.875,1.875],"texture":"#0"},"east":{"uv":[2,5.75,2.125,5.875],"texture":"#0"},"south":{"uv":[5.75,2,5.875,2.125],"texture":"#0"},"west":{"uv":[2.25,5.75,2.375,5.875],"texture":"#0"},"up":{"uv":[5.875,2.375,5.75,2.25],"texture":"#0"},"down":{"uv":[2.625,5.75,2.5,5.875],"texture":"#0"}}},{"from":[11.3173,5.65205,7.311],"to":[11.5293,5.81105,7.3375],"rotation":{"angle":0,"axis":"y","origin":[10.41645,4.04959,7.81569]},"faces":{"north":{"uv":[5.75,1,5.875,1.125],"texture":"#0"},"east":{"uv":[1.25,5.75,1.375,5.875],"texture":"#0"},"south":{"uv":[5.75,1.25,5.875,1.375],"texture":"#0"},"west":{"uv":[1.5,5.75,1.625,5.875],"texture":"#0"},"up":{"uv":[5.875,1.625,5.75,1.5],"texture":"#0"},"down":{"uv":[1.875,5.75,1.75,5.875],"texture":"#0"}}},{"from":[5.89281,5.17322,7.311],"to":[6.42281,5.33222,7.3375],"rotation":{"angle":22.5,"axis":"z","origin":[4.91645,4.04959,7.81569]},"faces":{"north":{"uv":[2,6,2.125,6.125],"texture":"#0"},"east":{"uv":[6,2,6.125,2.125],"texture":"#0"},"south":{"uv":[2.25,6,2.375,6.125],"texture":"#0"},"west":{"uv":[6,2.25,6.125,2.375],"texture":"#0"},"up":{"uv":[2.625,6.125,2.5,6],"texture":"#0"},"down":{"uv":[6.125,2.5,6,2.625],"texture":"#0"}}},{"from":[6.09733,4.70195,7.311],"to":[6.30933,4.86095,7.3375],"rotation":{"angle":45,"axis":"z","origin":[4.91645,4.04959,7.81569]},"faces":{"north":{"uv":[0.5,6,0.625,6.125],"texture":"#0"},"east":{"uv":[6,0.5,6.125,0.625],"texture":"#0"},"south":{"uv":[0.75,6,0.875,6.125],"texture":"#0"},"west":{"uv":[6,0.75,6.125,0.875],"texture":"#0"},"up":{"uv":[1.125,6.125,1,6],"texture":"#0"},"down":{"uv":[6.125,1,6,1.125],"texture":"#0"}}},{"from":[5.8173,5.65205,7.311],"to":[6.0293,5.81105,7.3375],"rotation":{"angle":0,"axis":"y","origin":[4.91645,4.04959,7.81569]},"faces":{"north":{"uv":[1.25,6,1.375,6.125],"texture":"#0"},"east":{"uv":[6,1.25,6.125,1.375],"texture":"#0"},"south":{"uv":[1.5,6,1.625,6.125],"texture":"#0"},"west":{"uv":[6,1.5,6.125,1.625],"texture":"#0"},"up":{"uv":[1.875,6.125,1.75,6],"texture":"#0"},"down":{"uv":[6.125,1.75,6,1.875],"texture":"#0"}}},{"from":[3.64173,4.82011,7.311],"to":[3.85373,4.97911,7.3375],"rotation":{"angle":-45,"axis":"z","origin":[4.91645,4.04959,7.81569]},"faces":{"north":{"uv":[3.25,5.25,3.375,5.375],"texture":"#0"},"east":{"uv":[5.25,3.25,5.375,3.375],"texture":"#0"},"south":{"uv":[3.5,5.25,3.625,5.375],"texture":"#0"},"west":{"uv":[5.25,3.5,5.375,3.625],"texture":"#0"},"up":{"uv":[3.875,5.375,3.75,5.25],"texture":"#0"},"down":{"uv":[5.375,3.75,5.25,3.875],"texture":"#0"}}},{"from":[3.56447,5.23717,7.311],"to":[4.09447,5.39617,7.3375],"rotation":{"angle":-22.5,"axis":"z","origin":[4.91645,4.04959,7.81569]},"faces":{"north":{"uv":[1.25,5.25,1.375,5.375],"texture":"#0"},"east":{"uv":[2,5.25,2.125,5.375],"texture":"#0"},"south":{"uv":[2.25,5.25,2.375,5.375],"texture":"#0"},"west":{"uv":[2.5,5.25,2.625,5.375],"texture":"#0"},"up":{"uv":[5.375,2.625,5.25,2.5],"texture":"#0"},"down":{"uv":[3.125,5.25,3,5.375],"texture":"#0"}}},{"from":[3.9707,5.65205,7.311],"to":[4.1827,5.81105,7.3375],"rotation":{"angle":0,"axis":"y","origin":[4.91645,4.04959,7.81569]},"faces":{"north":{"uv":[4,5.25,4.125,5.375],"texture":"#0"},"east":{"uv":[5.25,4,5.375,4.125],"texture":"#0"},"south":{"uv":[4.25,5.25,4.375,5.375],"texture":"#0"},"west":{"uv":[5.25,4.25,5.375,4.375],"texture":"#0"},"up":{"uv":[4.625,5.375,4.5,5.25],"texture":"#0"},"down":{"uv":[5.375,4.5,5.25,4.625],"texture":"#0"}}},{"from":[3.84173,5.42089,7.311],"to":[4.05373,5.57989,7.3375],"rotation":{"angle":45,"axis":"z","origin":[5.11645,6.35041,7.81569]},"faces":{"north":{"uv":[4.75,5.25,4.875,5.375],"texture":"#0"},"east":{"uv":[5.25,4.75,5.375,4.875],"texture":"#0"},"south":{"uv":[5,5.25,5.125,5.375],"texture":"#0"},"west":{"uv":[5.25,5,5.375,5.125],"texture":"#0"},"up":{"uv":[5.375,5.375,5.25,5.25],"texture":"#0"},"down":{"uv":[0.125,5.5,0,5.625],"texture":"#0"}}},{"from":[4.89,4.91694,7.311],"to":[5.09,5.22894,7.3375],"rotation":{"angle":0,"axis":"y","origin":[4.89109,4.92294,7.32425]},"faces":{"north":{"uv":[5.5,0,5.625,0.125],"texture":"#0"},"east":{"uv":[0.25,5.5,0.375,5.625],"texture":"#0"},"south":{"uv":[5.5,0.25,5.625,0.375],"texture":"#0"},"west":{"uv":[0.5,5.5,0.625,5.625],"texture":"#0"},"up":{"uv":[5.625,0.625,5.5,0.5],"texture":"#0"},"down":{"uv":[0.875,5.5,0.75,5.625],"texture":"#0"}}},{"from":[3.76447,5.00383,7.311],"to":[4.29447,5.16283,7.3375],"rotation":{"angle":22.5,"axis":"z","origin":[5.11645,6.35041,7.81569]},"faces":{"north":{"uv":[5.5,0.75,5.625,0.875],"texture":"#0"},"east":{"uv":[1,5.5,1.125,5.625],"texture":"#0"},"south":{"uv":[5.5,1,5.625,1.125],"texture":"#0"},"west":{"uv":[1.25,5.5,1.375,5.625],"texture":"#0"},"up":{"uv":[5.625,1.375,5.5,1.25],"texture":"#0"},"down":{"uv":[1.625,5.5,1.5,5.625],"texture":"#0"}}},{"from":[4.1707,4.58895,7.311],"to":[4.3827,4.74795,7.3375],"rotation":{"angle":0,"axis":"y","origin":[5.11645,6.35041,7.81569]},"faces":{"north":{"uv":[1.75,5.5,1.875,5.625],"texture":"#0"},"east":{"uv":[5.5,1.75,5.625,1.875],"texture":"#0"},"south":{"uv":[2,5.5,2.125,5.625],"texture":"#0"},"west":{"uv":[5.5,2,5.625,2.125],"texture":"#0"},"up":{"uv":[2.375,5.625,2.25,5.5],"texture":"#0"},"down":{"uv":[5.625,2.25,5.5,2.375],"texture":"#0"}}},{"from":[5.94627,5.42089,7.311],"to":[6.15827,5.57989,7.3375],"rotation":{"angle":-45,"axis":"z","origin":[4.88355,6.35041,7.81569]},"faces":{"north":{"uv":[2.5,5.5,2.625,5.625],"texture":"#0"},"east":{"uv":[5.5,2.5,5.625,2.625],"texture":"#0"},"south":{"uv":[2.75,5.5,2.875,5.625],"texture":"#0"},"west":{"uv":[5.5,2.75,5.625,2.875],"texture":"#0"},"up":{"uv":[3.125,5.625,3,5.5],"texture":"#0"},"down":{"uv":[5.625,3,5.5,3.125],"texture":"#0"}}},{"from":[5.70553,5.00383,7.311],"to":[6.23553,5.16283,7.3375],"rotation":{"angle":-22.5,"axis":"z","origin":[4.88355,6.35041,7.81569]},"faces":{"north":{"uv":[3.25,5.5,3.375,5.625],"texture":"#0"},"east":{"uv":[5.5,3.25,5.625,3.375],"texture":"#0"},"south":{"uv":[3.5,5.5,3.625,5.625],"texture":"#0"},"west":{"uv":[5.5,3.5,5.625,3.625],"texture":"#0"},"up":{"uv":[5.875,4.875,5.75,4.75],"texture":"#0"},"down":{"uv":[5.875,5,5.75,5.125],"texture":"#0"}}},{"from":[5.6173,4.58895,7.311],"to":[5.8293,4.74795,7.3375],"rotation":{"angle":0,"axis":"y","origin":[4.88355,6.35041,7.81569]},"faces":{"north":{"uv":[5.75,5.25,5.875,5.375],"texture":"#0"},"east":{"uv":[5.75,5.5,5.875,5.625],"texture":"#0"},"south":{"uv":[0,6,0.125,6.125],"texture":"#0"},"west":{"uv":[6,0,6.125,0.125],"texture":"#0"},"up":{"uv":[0.375,6.125,0.25,6],"texture":"#0"},"down":{"uv":[6.125,0.25,6,0.375],"texture":"#0"}}},{"from":[4.735,5.281,7.1785],"to":[5.265,5.546,7.4435],"rotation":{"angle":0,"axis":"y","origin":[4.91645,4.24959,7.81569]},"faces":{"north":{"uv":[2.75,6,2.875,6.125],"texture":"#0"},"east":{"uv":[6,2.75,6.125,2.875],"texture":"#0"},"south":{"uv":[3,6,3.125,6.125],"texture":"#0"},"west":{"uv":[6,3,6.125,3.125],"texture":"#0"},"up":{"uv":[3.375,6.125,3.25,6],"texture":"#0"},"down":{"uv":[6.125,4.75,6,4.875],"texture":"#0"}}},{"from":[4.44997,6.05492,7.6675],"to":[5.77497,7.90992,7.6675],"rotation":{"angle":22.5,"axis":"z","origin":[4.91645,4.04959,7.61569]},"faces":{"north":{"uv":[4.5,0,4.875,0.5],"texture":"#0"},"east":{"uv":[0,0,0,0.5],"texture":"#0"},"south":{"uv":[0.5,4.5,0.875,5],"texture":"#0"},"west":{"uv":[0,0,0,0.5],"texture":"#0"},"up":{"uv":[0.375,0,0,0],"texture":"#0"},"down":{"uv":[0.375,0,0,0],"texture":"#0"}}},{"from":[4.21231,6.11886,7.6675],"to":[5.53731,7.97386,7.6675],"rotation":{"angle":-22.5,"axis":"z","origin":[4.91645,4.04959,7.61569]},"faces":{"north":{"uv":[4.5,0,4.875,0.5],"texture":"#0"},"east":{"uv":[0,0,0,0.5],"texture":"#0"},"south":{"uv":[4.5,1,4.875,1.5],"texture":"#0"},"west":{"uv":[0,0,0,0.5],"texture":"#0"},"up":{"uv":[0.375,0,0,0],"texture":"#0"},"down":{"uv":[0.375,0,0,0],"texture":"#0"}}},{"from":[3.94656,0.99704,7.205],"to":[5.00656,2.11004,8.265],"rotation":{"angle":0,"axis":"y","origin":[4.47656,0.91754,7.735]},"faces":{"north":{"uv":[2.75,0.5,3,0.75],"texture":"#0"},"east":{"uv":[3.5,0,3.75,0.25],"texture":"#0"},"south":{"uv":[2,3.5,2.25,3.75],"texture":"#0"},"west":{"uv":[2.25,3.5,2.5,3.75],"texture":"#0"},"up":{"uv":[4,0.25,3.75,0],"texture":"#0"},"down":{"uv":[4,2.75,3.75,3],"texture":"#0"}}},{"from":[3.40493,1.91797,7.2103],"to":[4.46493,4.30297,8.2703],"rotation":{"angle":22.5,"axis":"z","origin":[4.25293,3.37547,7.735]},"faces":{"north":{"uv":[2,0.5,2.25,1.125],"texture":"#0"},"east":{"uv":[2,0.5,2.25,1.125],"texture":"#0"},"south":{"uv":[2,0.5,2.25,1.125],"texture":"#0"},"west":{"uv":[2,0.5,2.25,1.125],"texture":"#0"},"up":{"uv":[3.25,4,3,3.75],"texture":"#0"},"down":{"uv":[4.25,0,4,0.25],"texture":"#0"}}},{"from":[5.53507,1.91797,7.2103],"to":[6.59507,4.30297,8.2703],"rotation":{"angle":-22.5,"axis":"z","origin":[5.74707,3.37547,7.735]},"faces":{"north":{"uv":[2.25,0.5,2,1.125],"texture":"#0"},"east":{"uv":[2.25,0.5,2,1.125],"texture":"#0"},"south":{"uv":[2.25,0.5,2,1.125],"texture":"#0"},"west":{"uv":[2.25,0.5,2,1.125],"texture":"#0"},"up":{"uv":[4.25,3,4,2.75],"texture":"#0"},"down":{"uv":[4.5,0,4.25,0.25],"texture":"#0"}}},{"from":[4.99344,0.99704,7.205],"to":[6.05344,2.11004,8.265],"rotation":{"angle":0,"axis":"y","origin":[5.52344,0.91754,7.735]},"faces":{"north":{"uv":[4.25,2.75,4.5,3],"texture":"#0"},"east":{"uv":[4.75,3.5,5,3.75],"texture":"#0"},"south":{"uv":[0,5,0.25,5.25],"texture":"#0"},"west":{"uv":[0.25,5,0.5,5.25],"texture":"#0"},"up":{"uv":[0.75,5.25,0.5,5],"texture":"#0"},"down":{"uv":[1,5,0.75,5.25],"texture":"#0"}}},{"from":[3.8075,1,8.53],"to":[6.1925,2.59,10.385],"rotation":{"angle":-22.5,"axis":"x","origin":[5,1,8.53]},"faces":{"north":{"uv":[3,2,3.625,2.375],"texture":"#0"},"east":{"uv":[2.5,4.5,2,4.875],"texture":"#0"},"south":{"uv":[0.75,3.5,1.375,3.875],"texture":"#0"},"west":{"uv":[2,4.5,2.5,4.875],"texture":"#0"},"up":{"uv":[1.375,2.25,0.75,1.75],"texture":"#0"},"down":{"uv":[1.375,2.5,0.75,3],"texture":"#0"}}}],"gui_light":"front","display":{"thirdperson_righthand":{"rotation":[67.5,0,0],"translation":[0,2.35,2.75],"scale":[0.48828,0.48828,0.48828]},"thirdperson_lefthand":{"rotation":[67.5,0,0],"translation":[0,2.35,2.75],"scale":[0.48828,0.48828,0.48828]},"firstperson_righthand":{"translation":[1.75,4.5,0],"scale":[0.47883,0.47883,0.47883]},"firstperson_lefthand":{"translation":[1.75,4.5,0],"scale":[0.47883,0.47883,0.47883]},"ground":{"translation":[0,6,0],"scale":[0.7,0.7,0.7]},"gui":{"rotation":[30,135,0],"translation":[0,3.75,0],"scale":[1.04297,1.04297,1.04297]},"head":{"rotation":[0,180,0],"translation":[0,-30.4,0],"scale":[1.6,1.6,1.6]},"fixed":{"rotation":[-90,0,0],"translation":[0,0,-16],"scale":[2,2,2]}},"groups":[0,{"name":"group","origin":[8,0,8.53],"color":0,"children":[1,2,3,4,5,6,7,8,9,10,11,12,13,14,15,16,17,18,19,20,21,22,23,24,25]},{"name":"group","origin":[8,0,8.53],"color":0,"children":[26,27,28,29,30,31,32,33,34,35,{"name":"group","origin":[4.91645,4.04959,7.81569],"color":0,"children":[36,37,38,39,40,41,42,43,44,45,46,47]},48,49,50,51,52,53,54,55,56,57,58,59,60,61,62]}]}