{"credit":"Made with Blockbench","texture_size":[32,32],"textures":{"0":"cat_theme_furniture_v1:14_lucky_cat_texture","particle":"cat_theme_furniture_v1:14_lucky_cat_texture"},"elements":[{"from":[6,0,7],"to":[10,6,11],"rotation":{"angle":0,"axis":"y","origin":[7.84236,5.75394,7.65224]},"faces":{"north":{"uv":[0,0,2,3],"texture":"#0"},"east":{"uv":[0,0,2,3],"texture":"#0"},"south":{"uv":[0,0,2,3],"texture":"#0"},"west":{"uv":[0,0,2,3],"texture":"#0"},"up":{"uv":[8.5,7,6.5,5],"texture":"#0"},"down":{"uv":[8.5,7,6.5,9],"texture":"#0"}}},{"from":[7.25,4.5,6],"to":[8.75,6,7.5],"rotation":{"angle":0,"axis":"y","origin":[7.84236,5.75394,7.65224]},"faces":{"north":{"uv":[12,2,12.75,2.75],"texture":"#0"},"east":{"uv":[12.75,5,12,5.75],"texture":"#0"},"south":{"uv":[12,4,12.75,4.75],"texture":"#0"},"west":{"uv":[12,5,12.75,5.75],"texture":"#0"},"up":{"uv":[6.25,12.75,5.5,12],"texture":"#0"},"down":{"uv":[12.75,6,12,6.75],"texture":"#0"}}},{"from":[5.19332,5.36101,7.6],"to":[7.19332,8.86101,9.6],"rotation":{"angle":45,"axis":"z","origin":[7.84236,5.75394,7.65224]},"faces":{"north":{"uv":[4,9.5,5,11.25],"texture":"#0"},"east":{"uv":[7.5,9,8.5,10.75],"texture":"#0"},"south":{"uv":[4,9.5,5,11.25],"texture":"#0"},"west":{"uv":[4,9.5,5,11.25],"texture":"#0"},"up":{"uv":[12,3,11,2],"texture":"#0"},"down":{"uv":[12,3,11,4],"texture":"#0"}}},{"from":[7.05352,2.97909,6.5],"to":[10.55352,4.97909,8.5],"rotation":{"angle":22.5,"axis":"z","origin":[7.84236,5.75394,7.65224]},"faces":{"north":{"uv":[9,4,10.75,5],"texture":"#0"},"east":{"uv":[9,11,10,12],"texture":"#0"},"south":{"uv":[10,5,11.75,6],"texture":"#0"},"west":{"uv":[2,11.5,3,12.5],"texture":"#0"},"up":{"uv":[11.75,7,10,6],"texture":"#0"},"down":{"uv":[11.75,7,10,8],"texture":"#0"}}},{"from":[8.55352,2.97909,8.5],"to":[10.55352,4.97909,10],"rotation":{"angle":22.5,"axis":"z","origin":[7.84236,5.75394,7.65224]},"faces":{"north":{"uv":[3,11.5,4,12.5],"texture":"#0"},"east":{"uv":[11.5,11,12.25,12],"texture":"#0"},"south":{"uv":[4,11.5,5,12.5],"texture":"#0"},"west":{"uv":[0,12,0.75,13],"texture":"#0"},"up":{"uv":[13,0.75,12,0],"texture":"#0"},"down":{"uv":[2,12,1,12.75],"texture":"#0"}}},{"from":[3.77218,5.59532,7.93015],"to":[5.77218,9.09532,9.93015],"rotation":{"angle":-22.5,"axis":"x","origin":[7.84236,5.75394,7.65224]},"faces":{"north":{"uv":[10,2,11,3.75],"texture":"#0"},"east":{"uv":[9.5,9,10.5,10.75],"texture":"#0"},"south":{"uv":[10,2,11,3.75],"texture":"#0"},"west":{"uv":[10,2,11,3.75],"texture":"#0"},"up":{"uv":[12,5,11,4],"texture":"#0"},"down":{"uv":[7,11,6,12],"texture":"#0"}}},{"from":[3.52218,7.79485,8.69858],"to":[5.77218,9.29485,10.94858],"rotation":{"angle":-45,"axis":"x","origin":[7.84236,5.75394,7.65224]},"faces":{"north":{"uv":[11.5,8,12.5,8.75],"texture":"#0"},"east":{"uv":[11.5,9,12.5,9.75],"texture":"#0"},"south":{"uv":[11.5,10,12.5,10.75],"texture":"#0"},"west":{"uv":[10.5,11.5,11.5,12.25],"texture":"#0"},"up":{"uv":[8,12,7,11],"texture":"#0"},"down":{"uv":[9,11,8,12],"texture":"#0"}}},{"from":[5.75,6,6.75],"to":[10.25,10.5,11.25],"rotation":{"angle":0,"axis":"y","origin":[7.84236,5.75394,7.65224]},"faces":{"north":{"uv":[4,5,6.25,7.25],"texture":"#0"},"east":{"uv":[0,5.5,2.25,7.75],"texture":"#0"},"south":{"uv":[6.5,0,8.75,2.25],"texture":"#0"},"west":{"uv":[6.5,12,8.75,14.25],"texture":"#0"},"up":{"uv":[4.25,14.75,2,12.5],"texture":"#0"},"down":{"uv":[14.75,7,12.5,9.25],"texture":"#0"}}},{"from":[6.9622,9.53758,7.75],"to":[9.4622,13.03758,7.75],"rotation":{"angle":22.5,"axis":"z","origin":[7.84236,5.75394,7.65224]},"faces":{"north":{"uv":[11.5,12,12.75,13.75],"texture":"#0"},"east":{"uv":[0,0,0,1.75],"texture":"#0"},"south":{"uv":[12.5,9.5,13.75,11.25],"texture":"#0"},"west":{"uv":[0,0,0,1.75],"texture":"#0"},"up":{"uv":[1.25,0,0,0],"texture":"#0"},"down":{"uv":[1.25,0,0,0],"texture":"#0"}}},{"from":[6.5138,9.65823,7.75],"to":[9.0138,13.15823,7.75],"rotation":{"angle":-22.5,"axis":"z","origin":[7.84236,5.75394,7.65224]},"faces":{"north":{"uv":[10,0,11.25,1.75],"texture":"#0"},"east":{"uv":[0,0,0,1.75],"texture":"#0"},"south":{"uv":[9,12,10.25,13.75],"texture":"#0"},"west":{"uv":[0,0,0,1.75],"texture":"#0"},"up":{"uv":[1.25,0,0,0],"texture":"#0"},"down":{"uv":[1.25,0,0,0],"texture":"#0"}}},{"from":[7.5,7.7,6.45],"to":[8.5,8.2,6.95],"rotation":{"angle":0,"axis":"y","origin":[7.84236,5.75394,7.65224]},"faces":{"north":{"uv":[2,5,2.5,5.25],"texture":"#0"},"east":{"uv":[5,3,5.25,3.25],"texture":"#0"},"south":{"uv":[2.5,5,3,5.25],"texture":"#0"},"west":{"uv":[3.5,5,3.75,5.25],"texture":"#0"},"up":{"uv":[5.5,2.75,5,2.5],"texture":"#0"},"down":{"uv":[3.5,5,3,5.25],"texture":"#0"}}},{"from":[5.75,5.6,6.74],"to":[10.25,10.1,6.74],"rotation":{"angle":0,"axis":"y","origin":[7.84236,5.75394,7.65224]},"faces":{"north":{"uv":[13.75,13.75,16,16],"texture":"#0"},"east":{"uv":[4,0,6.25,2.25],"texture":"#0"},"south":{"uv":[4,0,6.25,2.25],"texture":"#0"},"west":{"uv":[4,0,6.25,2.25],"texture":"#0"},"up":{"uv":[4,0,6.25,2.25],"texture":"#0"},"down":{"uv":[8.75,2.5,6.5,4.75],"texture":"#0"}}},{"from":[5.43722,7.20775,6.7],"to":[5.83722,7.50775,6.75],"rotation":{"angle":-45,"axis":"z","origin":[7.84236,5.75394,7.65224]},"faces":{"north":{"uv":[3.5,2,3.75,2.25],"texture":"#0"},"east":{"uv":[3.5,2.5,3.75,2.75],"texture":"#0"},"south":{"uv":[4,2.5,4.25,2.75],"texture":"#0"},"west":{"uv":[4,3,4.25,3.25],"texture":"#0"},"up":{"uv":[4.25,3.75,4,3.5],"texture":"#0"},"down":{"uv":[4.25,4,4,4.25],"texture":"#0"}}},{"from":[6.05792,8.77745,6.7],"to":[6.45792,9.07745,6.75],"rotation":{"angle":0,"axis":"y","origin":[7.84236,5.75394,7.65224]},"faces":{"north":{"uv":[4.5,3.5,4.75,3.75],"texture":"#0"},"east":{"uv":[4,4.5,4.25,4.75],"texture":"#0"},"south":{"uv":[4.5,4,4.75,4.25],"texture":"#0"},"west":{"uv":[4.5,4.5,4.75,4.75],"texture":"#0"},"up":{"uv":[1.25,5.25,1,5],"texture":"#0"},"down":{"uv":[1.75,5,1.5,5.25],"texture":"#0"}}},{"from":[5.29146,7.99466,6.7],"to":[6.29146,8.29466,6.75],"rotation":{"angle":-22.5,"axis":"z","origin":[7.84236,5.75394,7.65224]},"faces":{"north":{"uv":[3.5,0,4,0.25],"texture":"#0"},"east":{"uv":[4.5,2.5,4.75,2.75],"texture":"#0"},"south":{"uv":[3.5,0.5,4,0.75],"texture":"#0"},"west":{"uv":[4.5,3,4.75,3.25],"texture":"#0"},"up":{"uv":[4,1.25,3.5,1],"texture":"#0"},"down":{"uv":[4,1.5,3.5,1.75],"texture":"#0"}}},{"from":[10.07043,6.98481,6.7],"to":[10.47043,7.28481,6.75],"rotation":{"angle":45,"axis":"z","origin":[7.84236,5.75394,7.65224]},"faces":{"north":{"uv":[3.75,2,3.5,2.25],"texture":"#0"},"east":{"uv":[4.25,3,4,3.25],"texture":"#0"},"south":{"uv":[4.25,2.5,4,2.75],"texture":"#0"},"west":{"uv":[3.75,2.5,3.5,2.75],"texture":"#0"},"up":{"uv":[4,3.75,4.25,3.5],"texture":"#0"},"down":{"uv":[4,4,4.25,4.25],"texture":"#0"}}},{"from":[9.54208,8.77745,6.7],"to":[9.94208,9.07745,6.75],"rotation":{"angle":0,"axis":"y","origin":[7.84236,5.75394,7.65224]},"faces":{"north":{"uv":[4.75,3.5,4.5,3.75],"texture":"#0"},"east":{"uv":[4.75,4.5,4.5,4.75],"texture":"#0"},"south":{"uv":[4.75,4,4.5,4.25],"texture":"#0"},"west":{"uv":[4.25,4.5,4,4.75],"texture":"#0"},"up":{"uv":[1,5.25,1.25,5],"texture":"#0"},"down":{"uv":[1.5,5,1.75,5.25],"texture":"#0"}}},{"from":[9.68454,7.874,6.7],"to":[10.68454,8.174,6.75],"rotation":{"angle":22.5,"axis":"z","origin":[7.84236,5.75394,7.65224]},"faces":{"north":{"uv":[4,0,3.5,0.25],"texture":"#0"},"east":{"uv":[4.75,3,4.5,3.25],"texture":"#0"},"south":{"uv":[4,0.5,3.5,0.75],"texture":"#0"},"west":{"uv":[4.75,2.5,4.5,2.75],"texture":"#0"},"up":{"uv":[3.5,1.25,4,1],"texture":"#0"},"down":{"uv":[3.5,1.5,4,1.75],"texture":"#0"}}},{"from":[4.5,0,6.5],"to":[6.5,3.5,9.5],"rotation":{"angle":0,"axis":"y","origin":[7.84236,5.75394,7.65224]},"faces":{"north":{"uv":[5.5,7.5,6.5,9.25],"texture":"#0"},"east":{"uv":[2.5,6,4,7.75],"texture":"#0"},"south":{"uv":[1.5,8.5,2.5,10.25],"texture":"#0"},"west":{"uv":[4,7.5,5.5,9.25],"texture":"#0"},"up":{"uv":[3.5,11.5,2.5,10],"texture":"#0"},"down":{"uv":[1,10.5,0,12],"texture":"#0"}}},{"from":[4.54312,0,4.07401],"to":[7.04312,1,6.07401],"rotation":{"angle":22.5,"axis":"y","origin":[7.84236,5.75394,7.65224]},"faces":{"north":{"uv":[2,2,3.25,2.5],"texture":"#0"},"east":{"uv":[0,3,1,3.5],"texture":"#0"},"south":{"uv":[2,2.5,3.25,3],"texture":"#0"},"west":{"uv":[1,3,0,3.5],"texture":"#0"},"up":{"uv":[3.25,1,2,0],"texture":"#0"},"down":{"uv":[3.25,1,2,2],"texture":"#0"}}},{"from":[8.93288,0,3.95336],"to":[11.43288,1,5.95336],"rotation":{"angle":-22.5,"axis":"y","origin":[7.84236,5.75394,7.65224]},"faces":{"north":{"uv":[3.25,2,2,2.5],"texture":"#0"},"east":{"uv":[0,3,1,3.5],"texture":"#0"},"south":{"uv":[3.25,2.5,2,3],"texture":"#0"},"west":{"uv":[1,3,0,3.5],"texture":"#0"},"up":{"uv":[2,1,3.25,0],"texture":"#0"},"down":{"uv":[2,1,3.25,2],"texture":"#0"}}},{"from":[9.5,0,6.5],"to":[11.5,3.5,9.5],"rotation":{"angle":0,"axis":"y","origin":[7.84236,5.75394,7.65224]},"faces":{"north":{"uv":[0,3.5,1,5.25],"texture":"#0"},"east":{"uv":[1,3,2.5,4.75],"texture":"#0"},"south":{"uv":[2.5,8,3.5,9.75],"texture":"#0"},"west":{"uv":[2.5,3,4,4.75],"texture":"#0"},"up":{"uv":[1,10,0,8.5],"texture":"#0"},"down":{"uv":[10,0,9,1.5],"texture":"#0"}}},{"from":[6.75,-0.19429,7.32771],"to":[9.25,3.80571,8.32771],"rotation":{"angle":22.5,"axis":"x","origin":[7.84236,5.75394,7.65224]},"faces":{"north":{"uv":[8.5,5,9.75,7],"texture":"#0"},"east":{"uv":[5.5,11.5,5,13.5],"texture":"#0"},"south":{"uv":[8.5,7,9.75,9],"texture":"#0"},"west":{"uv":[5,11.5,5.5,13.5],"texture":"#0"},"up":{"uv":[13.25,1.5,12,1],"texture":"#0"},"down":{"uv":[13.25,1.5,12,2],"texture":"#0"}}}],"gui_light":"front","display":{"thirdperson_righthand":{"rotation":[67.5,0,0],"translation":[0,1.75,1],"scale":[0.41,0.41,0.41]},"thirdperson_lefthand":{"rotation":[67.5,0,0],"translation":[0,1.75,1],"scale":[0.41,0.41,0.41]},"firstperson_righthand":{"translation":[3.75,3.5,0],"scale":[0.40055,0.40055,0.40055]},"firstperson_lefthand":{"translation":[3.75,3.5,0],"scale":[0.40055,0.40055,0.40055]},"ground":{"translation":[0,6,0],"scale":[0.65,0.65,0.65]},"gui":{"rotation":[30,135,0],"translation":[0.25,2.25,0],"scale":[1.02625,1.02625,1.02625]},"head":{"rotation":[0,180,0],"translation":[0,-30.4,0],"scale":[1.6,1.6,1.6]},"fixed":{"rotation":[-90,0,0],"translation":[0,0,-16],"scale":[2,2,2]}},"groups":[0,1,2,3,4,5,6,7,8,9,10,11,{"name":"group","origin":[6.75,9.31744,5.625],"color":0,"children":[12,13,14]},{"name":"group","origin":[6.75,9.31744,5.625],"color":0,"children":[15,16,17]},18,19,20,21,22]}