{"credit":"Made with Blockbench","texture_size":[32,32],"textures":{"0":"sakura_furniture_v1:sakurapiletexture","particle":"sakura_furniture_v1:sakurapiletexture"},"elements":[{"from":[0,0.05,0],"to":[16,0.05,16],"faces":{"north":{"uv":[0,0,8,0],"texture":"#0"},"east":{"uv":[0,0,8,0],"texture":"#0"},"south":{"uv":[0,0,8,0],"texture":"#0"},"west":{"uv":[0,0,8,0],"texture":"#0"},"up":{"uv":[8,8,0,0],"texture":"#0"},"down":{"uv":[8,8,0,0],"texture":"#0"}}},{"from":[0,0.15,0],"to":[16,0.15,16],"faces":{"north":{"uv":[0,0,8,0],"texture":"#0"},"east":{"uv":[0,0,8,0],"texture":"#0"},"south":{"uv":[0,0,8,0],"texture":"#0"},"west":{"uv":[0,0,8,0],"texture":"#0"},"up":{"uv":[0,8,8,16],"texture":"#0"},"down":{"uv":[0,8,8,16],"texture":"#0"}}}],"gui_light":"front","display":{"thirdperson_righthand":{"rotation":[67.5,0,0],"translation":[0,2.75,2.5],"scale":[0.36523,0.36523,0.36523]},"thirdperson_lefthand":{"rotation":[67.5,0,0],"translation":[0,2.75,2.5],"scale":[0.36523,0.36523,0.36523]},"firstperson_righthand":{"translation":[2,6.75,0.5],"scale":[0.52148,0.52148,0.52148]},"firstperson_lefthand":{"translation":[2,6.75,0.5],"scale":[0.52148,0.52148,0.52148]},"ground":{"translation":[0,6,0],"scale":[0.75,0.75,0.75]},"gui":{"rotation":[30,135,0],"translation":[0,6,0],"scale":[0.89648,0.89648,0.89648]},"head":{"rotation":[0,180,0],"translation":[0,-30.4,0],"scale":[1.6,1.6,1.6]},"fixed":{"rotation":[-90,0,0],"translation":[0,0,-16],"scale":[2,2,2]}}}