{"credit":"MadewithBlockbench","texture_size":[64,64],"textures":{"0":"elitecreatures:gym_decoration_v1/gym_machine_11","particle":"elitecreatures:gym_decoration_v1/gym_machine_11"},"elements":[{"from":[27.25,24.5,7.5],"to":[30.25,27.5,8.5],"rotation":{"angle":0,"axis":"y","origin":[30.25,24.5,7.5]},"faces":{"north":{"uv":[4.75,1,5.5,1.75],"texture":"#0"},"east":{"uv":[5.5,1,5.75,1.75],"texture":"#0"},"south":{"uv":[4.75,1,5.5,1.75],"texture":"#0"},"west":{"uv":[5.5,1,5.75,1.75],"texture":"#0"},"up":{"uv":[6.5,1.25,5.75,1],"texture":"#0"},"down":{"uv":[6.5,1,5.75,1.25],"texture":"#0"}}},{"from":[19.25,17.5,7.5],"to":[22.25,20.5,8.5],"rotation":{"angle":0,"axis":"y","origin":[30.25,24.5,7.5]},"faces":{"north":{"uv":[4.75,1,5.5,1.75],"texture":"#0"},"east":{"uv":[5.5,1,5.75,1.75],"texture":"#0"},"south":{"uv":[4.75,1,5.5,1.75],"texture":"#0"},"west":{"uv":[5.5,1,5.75,1.75],"texture":"#0"},"up":{"uv":[6.5,1.25,5.75,1],"texture":"#0"},"down":{"uv":[6.5,1,5.75,1.25],"texture":"#0"}}},{"from":[22.25,9.5,7.5],"to":[25.25,12.5,8.5],"rotation":{"angle":0,"axis":"y","origin":[30.25,24.5,7.5]},"faces":{"north":{"uv":[4.75,1,5.5,1.75],"texture":"#0"},"east":{"uv":[5.5,1,5.75,1.75],"texture":"#0"},"south":{"uv":[4.75,1,5.5,1.75],"texture":"#0"},"west":{"uv":[5.5,1,5.75,1.75],"texture":"#0"},"up":{"uv":[6.5,1.25,5.75,1],"texture":"#0"},"down":{"uv":[6.5,1,5.75,1.25],"texture":"#0"}}},{"from":[30,-4,14],"to":[32,24,16],"rotation":{"angle":0,"axis":"y","origin":[32,-4,14]},"faces":{"north":{"uv":[0,2.5,0.5,9.5],"texture":"#0"},"east":{"uv":[0,2.5,0.5,9.5],"texture":"#0"},"south":{"uv":[0,2.5,0.5,9.5],"texture":"#0"},"west":{"uv":[0,2.5,0.5,9.5],"texture":"#0"},"up":{"uv":[0.5,10,0,9.5],"texture":"#0"},"down":{"uv":[0.5,9.5,0,10],"texture":"#0"}}},{"from":[30,-4,0],"to":[32,24,2],"rotation":{"angle":0,"axis":"y","origin":[32,-4,14]},"faces":{"north":{"uv":[0,2.5,0.5,9.5],"texture":"#0"},"east":{"uv":[0,2.5,0.5,9.5],"texture":"#0"},"south":{"uv":[0,2.5,0.5,9.5],"texture":"#0"},"west":{"uv":[0,2.5,0.5,9.5],"texture":"#0"},"up":{"uv":[0.5,10,0,9.5],"texture":"#0"},"down":{"uv":[0.5,9.5,0,10],"texture":"#0"}}},{"from":[30,-2,2],"to":[32,0,14],"rotation":{"angle":0,"axis":"y","origin":[32,-2,2]},"faces":{"east":{"uv":[5.5,2.25,8.5,2.75],"texture":"#0"},"west":{"uv":[5.5,2.25,8.5,2.75],"texture":"#0"},"up":{"uv":[1.5,7.5,1,4.5],"texture":"#0"},"down":{"uv":[1.5,4.5,1,7.5],"texture":"#0"}}},{"from":[30,0,4],"to":[32,8,12],"rotation":{"angle":0,"axis":"y","origin":[32,0,2]},"faces":{"north":{"uv":[1,2.5,1.5,4.5],"texture":"#0"},"east":{"uv":[0,0.5,2,2.5],"texture":"#0"},"south":{"uv":[1,2.5,1.5,4.5],"texture":"#0"},"west":{"uv":[0,0.5,2,2.5],"texture":"#0"},"up":{"uv":[1.5,4.5,1,2.5],"texture":"#0"},"down":{"uv":[1.5,2.5,1,4.5],"texture":"#0"}}},{"from":[30,18,2],"to":[32,20,14],"rotation":{"angle":0,"axis":"y","origin":[32,18,2]},"faces":{"east":{"uv":[2.5,1.75,5.5,2.25],"texture":"#0"},"west":{"uv":[2.5,2.25,5.5,1.75],"texture":"#0"},"up":{"uv":[3,5.25,2.5,2.25],"texture":"#0"},"down":{"uv":[2.5,2.25,3,5.25],"texture":"#0"}}},{"from":[30,20,7],"to":[32,32,9],"rotation":{"angle":0,"axis":"y","origin":[32,20,3]},"faces":{"north":{"uv":[2,0.5,2.5,3.5],"texture":"#0"},"east":{"uv":[2,0.5,2.5,3.5],"texture":"#0"},"south":{"uv":[2,0.5,2.5,3.5],"texture":"#0"},"west":{"uv":[2,0.5,2.5,3.5],"texture":"#0"},"up":{"uv":[3,1,2.5,0.5],"texture":"#0"}}},{"from":[24,-2,6],"to":[30,0,10],"rotation":{"angle":0,"axis":"y","origin":[30,-2,2]},"faces":{"north":{"uv":[3,2.25,4.5,2.75],"texture":"#0"},"south":{"uv":[4.5,2.25,3,2.75],"texture":"#0"},"west":{"uv":[4.5,2.25,5.5,2.75],"texture":"#0"},"up":{"uv":[4.5,3.75,3,2.75],"texture":"#0"},"down":{"uv":[4.5,2.75,3,3.75],"texture":"#0"}}},{"from":[21,18,7],"to":[30,20,9],"rotation":{"angle":0,"axis":"y","origin":[30,18,2]},"faces":{"north":{"uv":[5.5,1.75,7.75,2.25],"texture":"#0"},"south":{"uv":[5.5,1.75,7.75,2.25],"texture":"#0"},"west":{"uv":[7.75,1.75,8.25,2.25],"texture":"#0"},"up":{"uv":[7.75,2.25,5.5,1.75],"texture":"#0"},"down":{"uv":[7.75,1.75,5.5,2.25],"texture":"#0"}}},{"from":[25.25,-1,7],"to":[27.25,18,9],"rotation":{"angle":0,"axis":"y","origin":[27.25,-4,7]},"faces":{"north":{"uv":[0.5,2.5,1,7.25],"texture":"#0"},"east":{"uv":[0.5,2.5,1,7.25],"texture":"#0"},"south":{"uv":[0.5,2.5,1,7.25],"texture":"#0"},"west":{"uv":[0.5,2.5,1,7.25],"texture":"#0"}}},{"from":[-6.25,17.5,7.5],"to":[-3.25,20.5,8.5],"rotation":{"angle":0,"axis":"y","origin":[-14.25,24.5,7.5]},"faces":{"north":{"uv":[5.5,1,4.75,1.75],"texture":"#0"},"east":{"uv":[5.75,1,5.5,1.75],"texture":"#0"},"south":{"uv":[5.5,1,4.75,1.75],"texture":"#0"},"west":{"uv":[5.75,1,5.5,1.75],"texture":"#0"},"up":{"uv":[5.75,1.25,6.5,1],"texture":"#0"},"down":{"uv":[5.75,1,6.5,1.25],"texture":"#0"}}},{"from":[-14,18,7],"to":[-5,20,9],"rotation":{"angle":0,"axis":"y","origin":[-14,18,2]},"faces":{"north":{"uv":[7.75,1.75,5.5,2.25],"texture":"#0"},"east":{"uv":[8.25,1.75,7.75,2.25],"texture":"#0"},"south":{"uv":[7.75,1.75,5.5,2.25],"texture":"#0"},"up":{"uv":[5.5,2.25,7.75,1.75],"texture":"#0"},"down":{"uv":[5.5,1.75,7.75,2.25],"texture":"#0"}}},{"from":[-16,20,7],"to":[-14,32,9],"rotation":{"angle":0,"axis":"y","origin":[-16,20,3]},"faces":{"north":{"uv":[2.5,0.5,2,3.5],"texture":"#0"},"east":{"uv":[2.5,0.5,2,3.5],"texture":"#0"},"south":{"uv":[2.5,0.5,2,3.5],"texture":"#0"},"west":{"uv":[2.5,0.5,2,3.5],"texture":"#0"},"up":{"uv":[2.5,1,3,0.5],"texture":"#0"}}},{"from":[-16,18,2],"to":[-14,20,14],"rotation":{"angle":0,"axis":"y","origin":[-16,18,2]},"faces":{"east":{"uv":[5.5,1.75,2.5,2.25],"texture":"#0"},"west":{"uv":[5.5,2.25,2.5,1.75],"texture":"#0"},"up":{"uv":[3,5.25,2.5,2.25],"texture":"#0"},"down":{"uv":[2.5,2.25,3,5.25],"texture":"#0"}}},{"from":[-16,-4,0],"to":[-14,24,2],"rotation":{"angle":0,"axis":"y","origin":[-16,-4,14]},"faces":{"north":{"uv":[0.5,2.5,0,9.5],"texture":"#0"},"east":{"uv":[0.5,2.5,0,9.5],"texture":"#0"},"south":{"uv":[0.5,2.5,0,9.5],"texture":"#0"},"west":{"uv":[0.5,2.5,0,9.5],"texture":"#0"},"up":{"uv":[0,10,0.5,9.5],"texture":"#0"},"down":{"uv":[0,9.5,0.5,10],"texture":"#0"}}},{"from":[-14.25,24.5,7.5],"to":[-11.25,27.5,8.5],"rotation":{"angle":0,"axis":"y","origin":[-14.25,24.5,7.5]},"faces":{"north":{"uv":[5.5,1,4.75,1.75],"texture":"#0"},"east":{"uv":[5.75,1,5.5,1.75],"texture":"#0"},"south":{"uv":[5.5,1,4.75,1.75],"texture":"#0"},"west":{"uv":[5.75,1,5.5,1.75],"texture":"#0"},"up":{"uv":[5.75,1.25,6.5,1],"texture":"#0"},"down":{"uv":[5.75,1,6.5,1.25],"texture":"#0"}}},{"from":[-16,-4,14],"to":[-14,24,16],"rotation":{"angle":0,"axis":"y","origin":[-16,-4,14]},"faces":{"north":{"uv":[0.5,2.5,0,9.5],"texture":"#0"},"east":{"uv":[0.5,2.5,0,9.5],"texture":"#0"},"south":{"uv":[0.5,2.5,0,9.5],"texture":"#0"},"west":{"uv":[0.5,2.5,0,9.5],"texture":"#0"},"up":{"uv":[0,10,0.5,9.5],"texture":"#0"},"down":{"uv":[0,9.5,0.5,10],"texture":"#0"}}},{"from":[-16,0,4],"to":[-14,8,12],"rotation":{"angle":0,"axis":"y","origin":[-16,0,2]},"faces":{"north":{"uv":[1.5,2.5,1,4.5],"texture":"#0"},"east":{"uv":[2,0.5,0,2.5],"texture":"#0"},"south":{"uv":[1.5,2.5,1,4.5],"texture":"#0"},"west":{"uv":[2,0.5,0,2.5],"texture":"#0"},"up":{"uv":[1,4.5,1.5,2.5],"texture":"#0"},"down":{"uv":[1,2.5,1.5,4.5],"texture":"#0"}}},{"from":[-11.25,-1,7],"to":[-9.25,18,9],"rotation":{"angle":0,"axis":"y","origin":[-11.25,-4,7]},"faces":{"north":{"uv":[1,2.5,0.5,7.25],"texture":"#0"},"east":{"uv":[1,2.5,0.5,7.25],"texture":"#0"},"south":{"uv":[1,2.5,0.5,7.25],"texture":"#0"},"west":{"uv":[1,2.5,0.5,7.25],"texture":"#0"}}},{"from":[-9.25,9.5,7.5],"to":[-6.25,12.5,8.5],"rotation":{"angle":0,"axis":"y","origin":[-14.25,24.5,7.5]},"faces":{"north":{"uv":[5.5,1,4.75,1.75],"texture":"#0"},"east":{"uv":[5.75,1,5.5,1.75],"texture":"#0"},"south":{"uv":[5.5,1,4.75,1.75],"texture":"#0"},"west":{"uv":[5.75,1,5.5,1.75],"texture":"#0"},"up":{"uv":[5.75,1.25,6.5,1],"texture":"#0"},"down":{"uv":[5.75,1,6.5,1.25],"texture":"#0"}}},{"from":[-14,-2,6],"to":[-8,0,10],"rotation":{"angle":0,"axis":"y","origin":[-14,-2,2]},"faces":{"north":{"uv":[4.5,2.25,3,2.75],"texture":"#0"},"east":{"uv":[5.5,2.25,4.5,2.75],"texture":"#0"},"south":{"uv":[3,2.25,4.5,2.75],"texture":"#0"},"up":{"uv":[3,3.75,4.5,2.75],"texture":"#0"},"down":{"uv":[3,2.75,4.5,3.75],"texture":"#0"}}},{"from":[-16,-2,2],"to":[-14,0,14],"rotation":{"angle":0,"axis":"y","origin":[-16,-2,2]},"faces":{"east":{"uv":[8.5,2.25,5.5,2.75],"texture":"#0"},"west":{"uv":[8.5,2.25,5.5,2.75],"texture":"#0"},"up":{"uv":[1,7.5,1.5,4.5],"texture":"#0"},"down":{"uv":[1,4.5,1.5,7.5],"texture":"#0"}}},{"from":[-14,30,7],"to":[30,32,9],"rotation":{"angle":0,"axis":"y","origin":[32,21,3]},"faces":{"north":{"uv":[0,0,11,0.5],"texture":"#0"},"south":{"uv":[0,0,11,0.5],"texture":"#0"},"up":{"uv":[11,0.5,0,0],"texture":"#0"},"down":{"uv":[11,0,0,0.5],"texture":"#0"}}},{"from":[0,29,3],"to":[16,31,5],"rotation":{"angle":0,"axis":"y","origin":[32,20,-1]},"faces":{"north":{"uv":[3,0.5,7,1],"texture":"#0"},"south":{"uv":[3,0.5,7,1],"texture":"#0"},"up":{"uv":[7,1,3,0.5],"texture":"#0"},"down":{"uv":[7,0.5,3,1],"texture":"#0"}}},{"from":[14,27.5,2.5],"to":[20,30.5,5.5],"rotation":{"angle":-22.5,"axis":"z","origin":[17,29,4]},"faces":{"north":{"uv":[2.5,1,4,1.75],"texture":"#0"},"east":{"uv":[4,1,4.75,1.75],"texture":"#0"},"south":{"uv":[2.5,1,4,1.75],"texture":"#0"},"west":{"uv":[4,1,4.75,1.75],"texture":"#0"},"up":{"uv":[4,1.75,2.5,1],"texture":"#0"},"down":{"uv":[4,1,2.5,1.75],"texture":"#0"}}},{"from":[-4,27.5,2.5],"to":[2,30.5,5.5],"rotation":{"angle":22.5,"axis":"z","origin":[-1,29,4]},"faces":{"north":{"uv":[4,1,2.5,1.75],"texture":"#0"},"east":{"uv":[4.75,1,4,1.75],"texture":"#0"},"south":{"uv":[4,1,2.5,1.75],"texture":"#0"},"west":{"uv":[4.75,1,4,1.75],"texture":"#0"},"up":{"uv":[2.5,1.75,4,1],"texture":"#0"},"down":{"uv":[2.5,1,4,1.75],"texture":"#0"}}},{"from":[7.25,30,5],"to":[8.25,31,7],"rotation":{"angle":0,"axis":"y","origin":[32.25,21,1]},"faces":{"north":{"uv":[11.25,0.25,11.5,0.5],"texture":"#0"},"east":{"uv":[11,0.5,11.5,0.75],"texture":"#0"},"south":{"uv":[11.25,0.25,11.5,0.5],"texture":"#0"},"west":{"uv":[11,0.5,11.5,0.75],"texture":"#0"},"up":{"uv":[11.25,0.5,11,0],"texture":"#0"},"down":{"uv":[11.25,0,11,0.5],"texture":"#0"}}}],"gui_light":"front","display":{"thirdperson_righthand":{"scale":[0.19,0.19,0.19]},"thirdperson_lefthand":{"scale":[0.19,0.19,0.19]},"firstperson_righthand":{"scale":[0.19,0.19,0.19]},"firstperson_lefthand":{"scale":[0.19,0.19,0.19]},"ground":{"translation":[0,1,0],"scale":[0.33,0.33,0.33]},"gui":{"rotation":[28,148,0],"translation":[0,-1.5,0],"scale":[0.26,0.26,0.26]},"head":{"rotation":[0,-180,0],"translation":[-1.25,-20.25,0],"scale":[2,2,2]},"fixed":{"translation":[0,-3,-4.75],"scale":[0.54,0.54,0.54]}},"groups":[{"name":"group","origin":[32.25,21,1],"color":0,"children":[0,1,2,3,4,5,6,7,8,9,10,11,12,13,14,15,16,17,18,19,20,21,22,23,24,25,26,27,28]}]}