{"credit":"Made with Blockbench","texture_size":[32,32],"textures":{"0":"tugkandeman:tugkandeman_cosmetics_vol1/entrepeneur_suitcase","particle":"tugkandeman:tugkandeman_cosmetics_vol1/entrepeneur_suitcase"},"elements":[{"from":[6.5,0,2],"to":[9.5,9,14],"rotation":{"angle":0,"axis":"y","origin":[6,0,0]},"faces":{"north":{"uv":[6,9,7.5,13.5],"texture":"#0"},"east":{"uv":[0,0,6,4.5],"texture":"#0"},"south":{"uv":[7.5,9,9,13.5],"texture":"#0"},"west":{"uv":[0,4.5,6,9],"texture":"#0"},"up":{"uv":[1.5,15,0,9],"texture":"#0"},"down":{"uv":[3,9,1.5,15],"texture":"#0"}}},{"from":[6.25,-0.25,1.75],"to":[9.75,9.25,14.25],"rotation":{"angle":0,"axis":"y","origin":[6,0,0]},"faces":{"north":{"uv":[9,9,10.5,13.5],"texture":"#0"},"east":{"uv":[6,0,12,4.5],"texture":"#0"},"south":{"uv":[10.5,9,12,13.5],"texture":"#0"},"west":{"uv":[6,4.5,12,9],"texture":"#0"},"up":{"uv":[4.5,15,3,9],"texture":"#0"},"down":{"uv":[6,9,4.5,15],"texture":"#0"}}},{"from":[9.75,9.25,14.25],"to":[6.25,-0.25,1.75],"rotation":{"angle":0,"axis":"y","origin":[7,0,4]},"faces":{"north":{"uv":[10.5,13.5,12,9],"texture":"#0"},"east":{"uv":[6,9,12,4.5],"texture":"#0"},"south":{"uv":[9,13.5,10.5,9],"texture":"#0"},"west":{"uv":[6,4.5,12,0],"texture":"#0"},"up":{"uv":[4.5,9,6,15],"texture":"#0"},"down":{"uv":[3,15,4.5,9],"texture":"#0"}}},{"from":[7.5,9,5],"to":[8.5,11,11],"rotation":{"angle":0,"axis":"y","origin":[6,9,0]},"faces":{"north":{"uv":[12,8,12.5,9],"texture":"#0"},"east":{"uv":[12,0,15,1],"texture":"#0"},"south":{"uv":[12,9,12.5,10],"texture":"#0"},"west":{"uv":[12,1,15,2],"texture":"#0"},"up":{"uv":[12.5,5,12,2],"texture":"#0"},"down":{"uv":[12.5,5,12,8],"texture":"#0"}}}],"gui_light":"front","display":{"thirdperson_righthand":{"rotation":[90,0,0],"translation":[0,-2,-1]},"thirdperson_lefthand":{"rotation":[90,0,0],"translation":[0,-2,-1]},"firstperson_righthand":{"rotation":[-16,25.5,0],"translation":[0,3,0]},"firstperson_lefthand":{"rotation":[-16,25.5,0],"translation":[0,3,0]},"ground":{"translation":[0,2,0],"scale":[0.4,0.4,0.4]},"gui":{"rotation":[-165,-45,-165],"translation":[0.75,3,0],"scale":[1.1,1.1,1.1]},"fixed":{"rotation":[0,90,0],"translation":[0,3,0],"scale":[1.2,1.2,1.2]}}}