{"credit":"Made with Blockbench","textures":{"0":"elitecreatures:livingroom_furniture_v1/livingroom_plant_3"},"elements":[{"from":[6.5,0,6.5],"to":[9.5,3,9.5],"rotation":{"angle":0,"axis":"y","origin":[7.5,0,8.5]},"faces":{"north":{"uv":[0,3,3,6],"texture":"#0"},"east":{"uv":[0,3,3,6],"texture":"#0"},"south":{"uv":[0,3,3,6],"texture":"#0"},"west":{"uv":[0,3,3,6],"texture":"#0"},"up":{"uv":[3,3,0,0],"texture":"#0"},"down":{"uv":[6,0,3,3],"texture":"#0"}}},{"from":[7,3,7],"to":[9,6,9],"rotation":{"angle":0,"axis":"y","origin":[8,0,8]},"faces":{"north":{"uv":[0,8,2,11],"texture":"#0"},"east":{"uv":[0,8,2,11],"texture":"#0"},"south":{"uv":[0,8,2,11],"texture":"#0"},"west":{"uv":[0,8,2,11],"texture":"#0"},"up":{"uv":[2,8,0,6],"texture":"#0"},"down":{"uv":[2,6,0,8],"texture":"#0"}}},{"from":[6.5,3,8],"to":[9.5,7,8],"rotation":{"angle":0,"axis":"y","origin":[8.5,0,9]},"faces":{"north":{"uv":[9,0,12,4],"texture":"#0"},"east":{"uv":[6,0,6,4],"texture":"#0"},"south":{"uv":[9,0,12,4],"texture":"#0"},"west":{"uv":[9,0,9,4],"texture":"#0"},"up":{"uv":[9,0,6,0],"texture":"#0"},"down":{"uv":[12,0,9,0],"texture":"#0"}}},{"from":[8,3,6.5],"to":[8,7,9.5],"rotation":{"angle":0,"axis":"y","origin":[8,5,8]},"faces":{"north":{"uv":[9,0,9,4],"texture":"#0"},"east":{"uv":[9,0,12,4],"texture":"#0"},"south":{"uv":[6,0,6,4],"texture":"#0"},"west":{"uv":[9,0,12,4],"texture":"#0"},"up":{"uv":[9,0,6,0],"rotation":90,"texture":"#0"},"down":{"uv":[12,0,9,0],"rotation":270,"texture":"#0"}}}],"gui_light":"front","display":{"thirdperson_righthand":{"rotation":[67.5,0,0],"translation":[0,2.75,3.75],"scale":[0.72656,0.72656,0.72656]},"thirdperson_lefthand":{"rotation":[67.5,0,0],"translation":[0,2.75,3.75],"scale":[0.72656,0.72656,0.72656]},"firstperson_righthand":{"translation":[4,6.5,0],"scale":[0.75781,0.75781,0.75781]},"firstperson_lefthand":{"translation":[4,6.5,0],"scale":[0.75781,0.75781,0.75781]},"ground":{"translation":[0,9,0]},"gui":{"rotation":[30,135,0],"translation":[0,6.75,0],"scale":[1.61523,1.61523,1.61523]},"head":{"rotation":[0,180,0],"translation":[0,-30.4,0],"scale":[1.6,1.6,1.6]},"fixed":{"rotation":[-90,0,0],"translation":[0,0,-16],"scale":[2,2,2]}},"groups":[{"name":"bone","origin":[8,0,8],"color":0,"children":[0,1,2,3]}]}