{"credit":"Made with Blockbench","texture_size":[64,64],"textures":{"1":"elitecreatures:livingroom_furniture_v1/livingroom_sofa_1"},"elements":[{"from":[1,2,4],"to":[15,8,15],"rotation":{"angle":0,"axis":"y","origin":[8,0,8]},"faces":{"north":{"uv":[2.75,2.75,6.25,4.25],"texture":"#1"},"east":{"uv":[0,2.75,2.75,4.25],"texture":"#1"},"south":{"uv":[9,2.75,12.5,4.25],"texture":"#1"},"west":{"uv":[6.25,2.75,9,4.25],"texture":"#1"},"up":{"uv":[6.25,2.75,2.75,0],"texture":"#1"},"down":{"uv":[9.75,0,6.25,2.75],"texture":"#1"}}},{"from":[3,5.9173,13.45],"to":[13,14.9173,16.45],"rotation":{"angle":22.5,"axis":"x","origin":[8,11.1173,15.91028]},"faces":{"north":{"uv":[7.25,5,9.75,7.25],"texture":"#1"},"east":{"uv":[6.5,5,7.25,7.25],"texture":"#1"},"south":{"uv":[10.5,5,13,7.25],"texture":"#1"},"west":{"uv":[9.75,5,10.5,7.25],"texture":"#1"},"up":{"uv":[9.75,5,7.25,4.25],"texture":"#1"},"down":{"uv":[12.25,4.25,9.75,5],"texture":"#1"}}},{"from":[12.5,0,4.5],"to":[14.5,2,6.5],"rotation":{"angle":0,"axis":"y","origin":[8,0,8]},"faces":{"north":{"uv":[0.5,0.5,1,1],"texture":"#1"},"east":{"uv":[0,0.5,0.5,1],"texture":"#1"},"south":{"uv":[1.5,0.5,2,1],"texture":"#1"},"west":{"uv":[1,0.5,1.5,1],"texture":"#1"},"up":{"uv":[1,0.5,0.5,0],"texture":"#1"},"down":{"uv":[1.5,0,1,0.5],"texture":"#1"}}},{"from":[13,8,4],"to":[15,11,15],"rotation":{"angle":0,"axis":"y","origin":[8,0,8]},"faces":{"north":{"uv":[2.75,7,3.25,7.75],"texture":"#1"},"east":{"uv":[0,7,2.75,7.75],"texture":"#1"},"south":{"uv":[6,7,6.5,7.75],"texture":"#1"},"west":{"uv":[3.25,7,6,7.75],"texture":"#1"},"up":{"uv":[3.25,7,2.75,4.25],"texture":"#1"},"down":{"uv":[3.75,4.25,3.25,7],"texture":"#1"}}},{"from":[1.5,0,4.5],"to":[3.5,2,6.5],"rotation":{"angle":0,"axis":"y","origin":[8,0,8]},"faces":{"north":{"uv":[1,0.5,0.5,1],"texture":"#1"},"east":{"uv":[1.5,0.5,1,1],"texture":"#1"},"south":{"uv":[2,0.5,1.5,1],"texture":"#1"},"west":{"uv":[0.5,0.5,0,1],"texture":"#1"},"up":{"uv":[0.5,0.5,1,0],"texture":"#1"},"down":{"uv":[1,0,1.5,0.5],"texture":"#1"}}},{"from":[12.5,0,12.5],"to":[14.5,2,14.5],"rotation":{"angle":0,"axis":"y","origin":[8,0,8]},"faces":{"north":{"uv":[0.5,0.5,1,1],"texture":"#1"},"east":{"uv":[0,0.5,0.5,1],"texture":"#1"},"south":{"uv":[1.5,0.5,2,1],"texture":"#1"},"west":{"uv":[1,0.5,1.5,1],"texture":"#1"},"up":{"uv":[1,0.5,0.5,0],"texture":"#1"},"down":{"uv":[1.5,0,1,0.5],"texture":"#1"}}},{"from":[1.5,0,12.5],"to":[3.5,2,14.5],"rotation":{"angle":0,"axis":"y","origin":[8,0,8]},"faces":{"north":{"uv":[1,0.5,0.5,1],"texture":"#1"},"east":{"uv":[1.5,0.5,1,1],"texture":"#1"},"south":{"uv":[2,0.5,1.5,1],"texture":"#1"},"west":{"uv":[0.5,0.5,0,1],"texture":"#1"},"up":{"uv":[0.5,0.5,1,0],"texture":"#1"},"down":{"uv":[1,0,1.5,0.5],"texture":"#1"}}},{"from":[1,8,4],"to":[3,11,15],"rotation":{"angle":0,"axis":"y","origin":[8,0,8]},"faces":{"north":{"uv":[3.25,7,2.75,7.75],"texture":"#1"},"east":{"uv":[6,7,3.25,7.75],"texture":"#1"},"south":{"uv":[6.5,7,6,7.75],"texture":"#1"},"west":{"uv":[2.75,7,0,7.75],"texture":"#1"},"up":{"uv":[2.75,7,3.25,4.25],"texture":"#1"},"down":{"uv":[3.25,4.25,3.75,7],"texture":"#1"}}}],"gui_light":"front","display":{"thirdperson_righthand":{"rotation":[67.5,0,0],"translation":[0,2.25,0],"scale":[0.29492,0.29492,0.29492]},"thirdperson_lefthand":{"rotation":[67.5,0,0],"translation":[0,2.25,0],"scale":[0.29492,0.29492,0.29492]},"firstperson_righthand":{"translation":[0.75,4.25,0],"scale":[0.36094,0.36094,0.36094]},"firstperson_lefthand":{"translation":[0.75,4.25,0],"scale":[0.36094,0.36094,0.36094]},"ground":{"translation":[0,6,0],"scale":[0.5,0.5,0.5]},"gui":{"rotation":[30,135,0],"translation":[-1,-0.25,0],"scale":[0.69531,0.69531,0.69531]},"head":{"rotation":[0,180,0],"translation":[0,-30.4,0],"scale":[1.6,1.6,1.6]},"fixed":{"rotation":[-90,0,0],"translation":[0,0,-16],"scale":[2,2,2]}},"groups":[{"name":"bone","origin":[8,0,8],"color":0,"children":[0,1,2,3,4,5,6,7]}]}