{"parent":"minecraft:item/generated","textures":{"layer0":"minecraft:item/baked_potato"},"overrides":[{"predicate":{"custom_model_data":10000},"model":"munchies:ia_auto_gen/broccoli"},{"predicate":{"custom_model_data":10001},"model":"munchies:ia_auto_gen/cucumber"},{"predicate":{"custom_model_data":10002},"model":"munchies:ia_auto_gen/corn"},{"predicate":{"custom_model_data":10003},"model":"munchies:ia_auto_gen/lettuce"},{"predicate":{"custom_model_data":10004},"model":"munchies:ia_auto_gen/celery"},{"predicate":{"custom_model_data":10005},"model":"munchies:ia_auto_gen/greenpepper"},{"predicate":{"custom_model_data":10006},"model":"munchies:ia_auto_gen/redpepper"},{"predicate":{"custom_model_data":10007},"model":"munchies:ia_auto_gen/yellowpepper"},{"predicate":{"custom_model_data":10008},"model":"munchies:ia_auto_gen/orangepepper"},{"predicate":{"custom_model_data":10009},"model":"munchies:ia_auto_gen/onion"},{"predicate":{"custom_model_data":10010},"model":"munchies:ia_auto_gen/pickle"},{"predicate":{"custom_model_data":10011},"model":"munchies:ia_auto_gen/peanut"},{"predicate":{"custom_model_data":10012},"model":"munchies:ia_auto_gen/rice"},{"predicate":{"custom_model_data":10013},"model":"munchies:ia_auto_gen/tomato"},{"predicate":{"custom_model_data":10014},"model":"munchies:ia_auto_gen/beans"},{"predicate":{"custom_model_data":10015},"model":"munchies:ia_auto_gen/cabbage"},{"predicate":{"custom_model_data":10016},"model":"munchies:ia_auto_gen/cauliflower"},{"predicate":{"custom_model_data":10017},"model":"munchies:ia_auto_gen/eggplant"},{"predicate":{"custom_model_data":10018},"model":"munchies:ia_auto_gen/garlic"},{"predicate":{"custom_model_data":10019},"model":"munchies:ia_auto_gen/gingerroot"},{"predicate":{"custom_model_data":10020},"model":"munchies:ia_auto_gen/greenbeans"},{"predicate":{"custom_model_data":10021},"model":"munchies:ia_auto_gen/peapods"},{"predicate":{"custom_model_data":10022},"model":"munchies:ia_auto_gen/peas"},{"predicate":{"custom_model_data":10023},"model":"munchies:ia_auto_gen/spinachleaf"},{"predicate":{"custom_model_data":10024},"model":"munchies:ia_auto_gen/squash"},{"predicate":{"custom_model_data":10025},"model":"munchies:ia_auto_gen/vanillabean"},{"predicate":{"custom_model_data":10026},"model":"item/baked_potato"}]}