{"credit":"Made with Blockbench","textures":{"0":"merchant_pack:books","particle":"merchant_pack:books"},"elements":[{"from":[4.9,3.1,-0.1],"to":[6,4.1,1],"faces":{"north":{"uv":[6.75,4.5,7.25,5],"texture":"#0","tintindex":0},"east":{"uv":[6.75,4.5,7.25,5],"texture":"#0","tintindex":0},"south":{"uv":[6.75,4.5,7.25,5],"texture":"#0","tintindex":0},"west":{"uv":[7,3.75,7.25,4],"texture":"#0","tintindex":0},"up":{"uv":[7.25,4.25,6.75,3.75],"texture":"#0","tintindex":0},"down":{"uv":[7.25,3.75,6.75,4.25],"texture":"#0","tintindex":0}}},{"from":[6,3.1,1],"to":[7.1,4.1,2],"faces":{"north":{"uv":[7,3.75,7.25,4],"texture":"#0","tintindex":0},"east":{"uv":[7.25,4.5,6.75,5],"texture":"#0","tintindex":0},"south":{"uv":[7,3.75,7.25,4],"texture":"#0","tintindex":0},"west":{"uv":[6.75,4.5,7.25,5],"texture":"#0","tintindex":0},"up":{"uv":[7.25,4.25,6.75,3.75],"texture":"#0","tintindex":0},"down":{"uv":[7.25,3.75,6.75,4.25],"texture":"#0","tintindex":0}}},{"from":[6,3.1,-0.1],"to":[7.1,4.1,1],"faces":{"north":{"uv":[6.25,4.5,6.75,5],"texture":"#0","tintindex":0},"east":{"uv":[6.25,4.5,6.75,5],"texture":"#0","tintindex":0},"south":{"uv":[6.25,4.5,6.75,5],"texture":"#0","tintindex":0},"west":{"uv":[6.25,4.5,6.75,5],"texture":"#0","tintindex":0},"up":{"uv":[6.75,4.25,6.25,3.75],"texture":"#0","tintindex":0},"down":{"uv":[6.75,4.25,6.25,3.75],"texture":"#0","tintindex":0}}},{"from":[0,-0.1,-0.1],"to":[1.1,0.9,1],"rotation":{"angle":0,"axis":"y","origin":[16,16,0]},"faces":{"north":{"uv":[7.25,5,6.75,4.5],"texture":"#0","tintindex":0},"east":{"uv":[7.25,4,7,3.75],"texture":"#0","tintindex":0},"south":{"uv":[7.25,5,6.75,4.5],"texture":"#0","tintindex":0},"west":{"uv":[7.25,5,6.75,4.5],"texture":"#0","tintindex":0},"up":{"uv":[6.75,4.25,7.25,3.75],"texture":"#0","tintindex":0},"down":{"uv":[6.75,3.75,7.25,4.25],"texture":"#0","tintindex":0}}},{"from":[-1.1,-0.1,1],"to":[0,0.9,2],"rotation":{"angle":0,"axis":"y","origin":[16,16,0]},"faces":{"north":{"uv":[7.25,4,7,3.75],"texture":"#0","tintindex":0},"east":{"uv":[7.25,5,6.75,4.5],"texture":"#0","tintindex":0},"south":{"uv":[7.25,4,7,3.75],"texture":"#0","tintindex":0},"west":{"uv":[6.75,5,7.25,4.5],"texture":"#0","tintindex":0},"up":{"uv":[6.75,4.25,7.25,3.75],"texture":"#0","tintindex":0},"down":{"uv":[6.75,3.75,7.25,4.25],"texture":"#0","tintindex":0}}},{"from":[-1.1,-0.1,-0.1],"to":[0,0.9,1],"rotation":{"angle":0,"axis":"y","origin":[16,16,0]},"faces":{"north":{"uv":[6.75,5,6.25,4.5],"texture":"#0","tintindex":0},"east":{"uv":[6.75,5,6.25,4.5],"texture":"#0","tintindex":0},"south":{"uv":[6.75,5,6.25,4.5],"texture":"#0","tintindex":0},"west":{"uv":[6.75,5,6.25,4.5],"texture":"#0","tintindex":0},"up":{"uv":[6.25,3.75,6.75,4.25],"texture":"#0","tintindex":0},"down":{"uv":[6.25,3.75,6.75,4.25],"texture":"#0","tintindex":0}}},{"from":[4.9,-0.1,-0.1],"to":[6,0.9,1],"rotation":{"angle":0,"axis":"y","origin":[0,16,0]},"faces":{"north":{"uv":[6.75,5,7.25,4.5],"texture":"#0","tintindex":0},"east":{"uv":[6.75,5,7.25,4.5],"texture":"#0","tintindex":0},"south":{"uv":[6.75,5,7.25,4.5],"texture":"#0","tintindex":0},"west":{"uv":[7,4,7.25,3.75],"texture":"#0","tintindex":0},"up":{"uv":[7.25,4.25,6.75,3.75],"texture":"#0","tintindex":0},"down":{"uv":[7.25,3.75,6.75,4.25],"texture":"#0","tintindex":0}}},{"from":[6,-0.1,1],"to":[7.1,0.9,2],"rotation":{"angle":0,"axis":"y","origin":[0,16,0]},"faces":{"north":{"uv":[7,4,7.25,3.75],"texture":"#0","tintindex":0},"east":{"uv":[7.25,5,6.75,4.5],"texture":"#0","tintindex":0},"south":{"uv":[7,4,7.25,3.75],"texture":"#0","tintindex":0},"west":{"uv":[6.75,5,7.25,4.5],"texture":"#0","tintindex":0},"up":{"uv":[7.25,4.25,6.75,3.75],"texture":"#0","tintindex":0},"down":{"uv":[7.25,3.75,6.75,4.25],"texture":"#0","tintindex":0}}},{"from":[6,-0.1,-0.1],"to":[7.1,0.9,1],"rotation":{"angle":0,"axis":"y","origin":[0,16,0]},"faces":{"north":{"uv":[6.25,5,6.75,4.5],"texture":"#0","tintindex":0},"east":{"uv":[6.25,5,6.75,4.5],"texture":"#0","tintindex":0},"south":{"uv":[6.25,5,6.75,4.5],"texture":"#0","tintindex":0},"west":{"uv":[6.25,5,6.75,4.5],"texture":"#0","tintindex":0},"up":{"uv":[6.75,3.75,6.25,4.25],"texture":"#0","tintindex":0},"down":{"uv":[6.75,3.75,6.25,4.25],"texture":"#0","tintindex":0}}},{"from":[0,3.1,-0.1],"to":[1.1,4.1,1],"rotation":{"angle":0,"axis":"y","origin":[16,0,0]},"faces":{"north":{"uv":[7.25,4.5,6.75,5],"texture":"#0","tintindex":0},"east":{"uv":[7.25,3.75,7,4],"texture":"#0","tintindex":0},"south":{"uv":[7.25,4.5,6.75,5],"texture":"#0","tintindex":0},"west":{"uv":[7.25,4.5,6.75,5],"texture":"#0","tintindex":0},"up":{"uv":[6.75,4.25,7.25,3.75],"texture":"#0","tintindex":0},"down":{"uv":[6.75,3.75,7.25,4.25],"texture":"#0","tintindex":0}}},{"from":[-1.1,3.1,1],"to":[0,4.1,2],"rotation":{"angle":0,"axis":"y","origin":[16,0,0]},"faces":{"north":{"uv":[7.25,3.75,7,4],"texture":"#0","tintindex":0},"east":{"uv":[7.25,4.5,6.75,5],"texture":"#0","tintindex":0},"south":{"uv":[7.25,3.75,7,4],"texture":"#0","tintindex":0},"west":{"uv":[6.75,4.5,7.25,5],"texture":"#0","tintindex":0},"up":{"uv":[6.75,4.25,7.25,3.75],"texture":"#0","tintindex":0},"down":{"uv":[6.75,3.75,7.25,4.25],"texture":"#0","tintindex":0}}},{"from":[-1.1,3.1,-0.1],"to":[0,4.1,1],"rotation":{"angle":0,"axis":"y","origin":[16,0,0]},"faces":{"north":{"uv":[6.75,4.5,6.25,5],"texture":"#0","tintindex":0},"east":{"uv":[6.75,4.5,6.25,5],"texture":"#0","tintindex":0},"south":{"uv":[6.75,4.5,6.25,5],"texture":"#0","tintindex":0},"west":{"uv":[6.75,4.5,6.25,5],"texture":"#0","tintindex":0},"up":{"uv":[6.25,4.25,6.75,3.75],"texture":"#0","tintindex":0},"down":{"uv":[6.25,4.25,6.75,3.75],"texture":"#0","tintindex":0}}},{"from":[4.9,3.1,10],"to":[6,4.1,11.1],"rotation":{"angle":0,"axis":"y","origin":[0,0,16]},"faces":{"north":{"uv":[7.25,4.5,6.75,5],"texture":"#0","tintindex":0},"east":{"uv":[7.25,4.5,6.75,5],"texture":"#0","tintindex":0},"south":{"uv":[7.25,4.5,6.75,5],"texture":"#0","tintindex":0},"west":{"uv":[7.25,3.75,7,4],"texture":"#0","tintindex":0},"up":{"uv":[7.25,3.75,6.75,4.25],"texture":"#0","tintindex":0},"down":{"uv":[7.25,4.25,6.75,3.75],"texture":"#0","tintindex":0}}},{"from":[6,3.1,9],"to":[7.1,4.1,10],"rotation":{"angle":0,"axis":"y","origin":[0,0,16]},"faces":{"north":{"uv":[7.25,3.75,7,4],"texture":"#0","tintindex":0},"east":{"uv":[6.75,4.5,7.25,5],"texture":"#0","tintindex":0},"south":{"uv":[7.25,3.75,7,4],"texture":"#0","tintindex":0},"west":{"uv":[7.25,4.5,6.75,5],"texture":"#0","tintindex":0},"up":{"uv":[7.25,3.75,6.75,4.25],"texture":"#0","tintindex":0},"down":{"uv":[7.25,4.25,6.75,3.75],"texture":"#0","tintindex":0}}},{"from":[6,3.1,10],"to":[7.1,4.1,11.1],"rotation":{"angle":0,"axis":"y","origin":[0,0,16]},"faces":{"north":{"uv":[6.75,4.5,6.25,5],"texture":"#0","tintindex":0},"east":{"uv":[6.75,4.5,6.25,5],"texture":"#0","tintindex":0},"south":{"uv":[6.75,4.5,6.25,5],"texture":"#0","tintindex":0},"west":{"uv":[6.75,4.5,6.25,5],"texture":"#0","tintindex":0},"up":{"uv":[6.75,3.75,6.25,4.25],"texture":"#0","tintindex":0},"down":{"uv":[6.75,3.75,6.25,4.25],"texture":"#0","tintindex":0}}},{"from":[0,-0.1,10],"to":[1.1,0.9,11.1],"rotation":{"angle":0,"axis":"y","origin":[16,16,16]},"faces":{"north":{"uv":[6.75,5,7.25,4.5],"texture":"#0","tintindex":0},"east":{"uv":[7,4,7.25,3.75],"texture":"#0","tintindex":0},"south":{"uv":[6.75,5,7.25,4.5],"texture":"#0","tintindex":0},"west":{"uv":[6.75,5,7.25,4.5],"texture":"#0","tintindex":0},"up":{"uv":[6.75,3.75,7.25,4.25],"texture":"#0","tintindex":0},"down":{"uv":[6.75,4.25,7.25,3.75],"texture":"#0","tintindex":0}}},{"from":[-1.1,-0.1,9],"to":[0,0.9,10],"rotation":{"angle":0,"axis":"y","origin":[16,16,16]},"faces":{"north":{"uv":[7,4,7.25,3.75],"texture":"#0","tintindex":0},"east":{"uv":[6.75,5,7.25,4.5],"texture":"#0","tintindex":0},"south":{"uv":[7,4,7.25,3.75],"texture":"#0","tintindex":0},"west":{"uv":[7.25,5,6.75,4.5],"texture":"#0","tintindex":0},"up":{"uv":[6.75,3.75,7.25,4.25],"texture":"#0","tintindex":0},"down":{"uv":[6.75,4.25,7.25,3.75],"texture":"#0","tintindex":0}}},{"from":[-1.1,-0.1,10],"to":[0,0.9,11.1],"rotation":{"angle":0,"axis":"y","origin":[16,16,16]},"faces":{"north":{"uv":[6.25,5,6.75,4.5],"texture":"#0","tintindex":0},"east":{"uv":[6.25,5,6.75,4.5],"texture":"#0","tintindex":0},"south":{"uv":[6.25,5,6.75,4.5],"texture":"#0","tintindex":0},"west":{"uv":[6.25,5,6.75,4.5],"texture":"#0","tintindex":0},"up":{"uv":[6.25,4.25,6.75,3.75],"texture":"#0","tintindex":0},"down":{"uv":[6.25,4.25,6.75,3.75],"texture":"#0","tintindex":0}}},{"from":[4.9,-0.1,10],"to":[6,0.9,11.1],"rotation":{"angle":0,"axis":"y","origin":[0,16,16]},"faces":{"north":{"uv":[7.25,5,6.75,4.5],"texture":"#0","tintindex":0},"east":{"uv":[7.25,5,6.75,4.5],"texture":"#0","tintindex":0},"south":{"uv":[7.25,5,6.75,4.5],"texture":"#0","tintindex":0},"west":{"uv":[7.25,4,7,3.75],"texture":"#0","tintindex":0},"up":{"uv":[7.25,3.75,6.75,4.25],"texture":"#0","tintindex":0},"down":{"uv":[7.25,4.25,6.75,3.75],"texture":"#0","tintindex":0}}},{"from":[6,-0.1,9],"to":[7.1,0.9,10],"rotation":{"angle":0,"axis":"y","origin":[0,16,16]},"faces":{"north":{"uv":[7.25,4,7,3.75],"texture":"#0","tintindex":0},"east":{"uv":[6.75,5,7.25,4.5],"texture":"#0","tintindex":0},"south":{"uv":[7.25,4,7,3.75],"texture":"#0","tintindex":0},"west":{"uv":[7.25,5,6.75,4.5],"texture":"#0","tintindex":0},"up":{"uv":[7.25,3.75,6.75,4.25],"texture":"#0","tintindex":0},"down":{"uv":[7.25,4.25,6.75,3.75],"texture":"#0","tintindex":0}}},{"from":[6,-0.1,10],"to":[7.1,0.9,11.1],"rotation":{"angle":0,"axis":"y","origin":[0,16,16]},"faces":{"north":{"uv":[6.75,5,6.25,4.5],"texture":"#0","tintindex":0},"east":{"uv":[6.75,5,6.25,4.5],"texture":"#0","tintindex":0},"south":{"uv":[6.75,5,6.25,4.5],"texture":"#0","tintindex":0},"west":{"uv":[6.75,5,6.25,4.5],"texture":"#0","tintindex":0},"up":{"uv":[6.75,4.25,6.25,3.75],"texture":"#0","tintindex":0},"down":{"uv":[6.75,4.25,6.25,3.75],"texture":"#0","tintindex":0}}},{"from":[0,3.1,10],"to":[1.1,4.1,11.1],"rotation":{"angle":0,"axis":"y","origin":[16,0,16]},"faces":{"north":{"uv":[6.75,4.5,7.25,5],"texture":"#0","tintindex":0},"east":{"uv":[7,3.75,7.25,4],"texture":"#0","tintindex":0},"south":{"uv":[6.75,4.5,7.25,5],"texture":"#0","tintindex":0},"west":{"uv":[6.75,4.5,7.25,5],"texture":"#0","tintindex":0},"up":{"uv":[6.75,3.75,7.25,4.25],"texture":"#0","tintindex":0},"down":{"uv":[6.75,4.25,7.25,3.75],"texture":"#0","tintindex":0}}},{"from":[-1.1,3.1,9],"to":[0,4.1,10],"rotation":{"angle":0,"axis":"y","origin":[16,0,16]},"faces":{"north":{"uv":[7,3.75,7.25,4],"texture":"#0","tintindex":0},"east":{"uv":[6.75,4.5,7.25,5],"texture":"#0","tintindex":0},"south":{"uv":[7,3.75,7.25,4],"texture":"#0","tintindex":0},"west":{"uv":[7.25,4.5,6.75,5],"texture":"#0","tintindex":0},"up":{"uv":[6.75,3.75,7.25,4.25],"texture":"#0","tintindex":0},"down":{"uv":[6.75,4.25,7.25,3.75],"texture":"#0","tintindex":0}}},{"from":[-1.1,3.1,10],"to":[0,4.1,11.1],"rotation":{"angle":0,"axis":"y","origin":[16,0,16]},"faces":{"north":{"uv":[6.25,4.5,6.75,5],"texture":"#0","tintindex":0},"east":{"uv":[6.25,4.5,6.75,5],"texture":"#0","tintindex":0},"south":{"uv":[6.25,4.5,6.75,5],"texture":"#0","tintindex":0},"west":{"uv":[6.25,4.5,6.75,5],"texture":"#0","tintindex":0},"up":{"uv":[6.25,3.75,6.75,4.25],"texture":"#0","tintindex":0},"down":{"uv":[6.25,3.75,6.75,4.25],"texture":"#0","tintindex":0}}},{"from":[6,1,0],"to":[7,3,11],"faces":{"north":{"uv":[14.8,9.75,14.3,10.2],"rotation":90,"texture":"#0","tintindex":0},"east":{"uv":[10.55,6.75,10.05,10.2],"rotation":90,"texture":"#0","tintindex":0},"south":{"uv":[14.8,9.75,14.3,10.2],"rotation":90,"texture":"#0","tintindex":0},"west":{"uv":[10.8,9.75,10.3,10.2],"rotation":90,"texture":"#0","tintindex":0},"up":{"uv":[1.725,11.225,1.25,14],"texture":"#0","tintindex":0},"down":{"uv":[1.725,11.225,1.25,14],"texture":"#0","tintindex":0}}},{"from":[-0.8,1,0.2],"to":[6,3,10.8],"rotation":{"angle":0,"axis":"y","origin":[0,0.1,0.4]},"faces":{"north":{"uv":[7.75,16,9.525,15],"texture":"#0","tintindex":0},"east":{"uv":[0.25,11,1.5,14],"rotation":90,"texture":"#0","tintindex":0},"south":{"uv":[9.525,16,7.75,15],"texture":"#0","tintindex":0},"west":{"uv":[11,16,8.25,15],"texture":"#0","tintindex":0},"up":{"uv":[9.725,14.975,9.25,15.5],"texture":"#0","tintindex":0},"down":{"uv":[9.725,14.975,9.25,15.5],"texture":"#0","tintindex":0}}},{"from":[-1,3,0],"to":[7,4,11],"faces":{"north":{"uv":[14.05,7.75,16,8.25],"texture":"#0","tintindex":0},"east":{"uv":[14.05,7.75,16,8.25],"texture":"#0","tintindex":0},"south":{"uv":[14.05,7.775,16,8.225],"texture":"#0","tintindex":0},"west":{"uv":[14.05,7.75,16,8.25],"texture":"#0","tintindex":0},"up":{"uv":[16,8.525,14.025,11.25],"texture":"#0","tintindex":0},"down":{"uv":[16,8.525,14.025,11.25],"texture":"#0","tintindex":0}}},{"from":[-1,0,0],"to":[7,1,11],"faces":{"north":{"uv":[14.05,8.25,16,7.75],"texture":"#0","tintindex":0},"east":{"uv":[14.05,8.25,16,7.75],"texture":"#0","tintindex":0},"south":{"uv":[14.05,8.25,16,7.75],"texture":"#0","tintindex":0},"west":{"uv":[14.05,8.25,16,7.75],"texture":"#0","tintindex":0},"up":{"uv":[16,8.525,14.025,11.25],"texture":"#0","tintindex":0},"down":{"uv":[16,8.525,14.025,11.25],"texture":"#0","tintindex":0}}},{"from":[0,-0.2,1],"to":[6,0,11],"faces":{"north":{"uv":[16,8.25,14.5,8],"texture":"#0","tintindex":0},"east":{"uv":[16,8.25,14.5,8],"texture":"#0","tintindex":0},"south":{"uv":[16,8.25,14.5,8],"texture":"#0","tintindex":0},"west":{"uv":[16,8.25,14.5,8],"texture":"#0","tintindex":0},"up":{"uv":[13.975,11.25,11,6.75],"texture":"#0","tintindex":0},"down":{"uv":[13.975,6.75,11,11.25],"texture":"#0","tintindex":0}}},{"from":[0,4,1],"to":[6,4.2,10],"faces":{"north":{"uv":[16,8.25,14.5,8],"texture":"#0","tintindex":0},"east":{"uv":[16,8.25,14.5,8],"texture":"#0","tintindex":0},"south":{"uv":[16,8.25,14.5,8],"texture":"#0","tintindex":0},"west":{"uv":[16,8.25,14.5,8],"texture":"#0","tintindex":0},"up":{"uv":[13.975,11.25,11,6.75],"texture":"#0","tintindex":0},"down":{"uv":[13.975,11.25,11,6.75],"texture":"#0","tintindex":0}}}],"display":{"thirdperson_righthand":{"rotation":[90,0,-90],"translation":[3,-3,-4],"scale":[0.5,0.5,0.5]},"thirdperson_lefthand":{"rotation":[-90,0,-90],"translation":[3,1,-3.75],"scale":[0.5,0.5,0.51]},"firstperson_righthand":{"rotation":[-101,2,12],"translation":[0.5,3.5,-0.25],"scale":[0.5,0.5,0.5]},"firstperson_lefthand":{"rotation":[-101,-2,-180],"translation":[3,4.5,3.5],"scale":[0.5,0.5,0.5]},"ground":{"scale":[0.5,0.5,0.5]},"gui":{"rotation":[-82,-10,27],"translation":[2.25,4.25,0],"scale":[1.18945,1,1.12695]},"head":{"translation":[5.5,0,0]},"fixed":{"rotation":[-90,0,0],"translation":[9.75,4.25,-16],"scale":[2,2,2]}}}