{"credit":"magic_store_official","textures":{"0":"food_pack_v1:plate","1":"food_pack_v1:egg","2":"food_pack_v1:potato","particle":"food_pack_v1:plate"},"elements":[{"from":[2.5,1,1.5],"to":[13.5,2,2.5],"faces":{"north":{"uv":[6.5,0.5,12,1],"texture":"#0"},"south":{"uv":[12,0.5,6.5,1],"texture":"#0"},"up":{"uv":[12,0.5,6.5,1],"texture":"#0"}}},{"from":[1.5,0,1.5],"to":[14.5,1,14.5],"faces":{"north":{"uv":[6.5,0,13,0.5],"texture":"#0"},"east":{"uv":[13,0,6.5,0.5],"texture":"#0"},"south":{"uv":[6.5,0,13,0.5],"texture":"#0"},"west":{"uv":[13,0,6.5,0.5],"texture":"#0"},"up":{"uv":[6.5,6.5,0,0],"texture":"#0"},"down":{"uv":[6.5,6.5,0,13],"texture":"#0"}}},{"from":[13.5,1,1.5],"to":[14.5,2,14.5],"faces":{"north":{"uv":[13,0,13.5,0.5],"texture":"#0"},"east":{"uv":[13,0.5,6.5,1],"texture":"#0"},"south":{"uv":[13,0,13.5,0.5],"texture":"#0"},"west":{"uv":[6.5,0.5,13,1],"texture":"#0"},"up":{"uv":[6.5,1,13,0.5],"rotation":90,"texture":"#0"}}},{"from":[1.5,1,1.5],"to":[2.5,2,14.5],"faces":{"north":{"uv":[13,0.5,13.5,1],"texture":"#0"},"east":{"uv":[6.5,0.5,13,1],"texture":"#0"},"south":{"uv":[13,0.5,13.5,1],"texture":"#0"},"west":{"uv":[13,0.5,6.5,1],"texture":"#0"},"up":{"uv":[13,1,6.5,0.5],"rotation":90,"texture":"#0"}}},{"from":[2.5,1,13.5],"to":[13.5,2,14.5],"faces":{"north":{"uv":[12,0.5,6.5,1],"texture":"#0"},"south":{"uv":[6.5,0.5,12,1],"texture":"#0"},"up":{"uv":[6.5,0.5,12,1],"texture":"#0"}}},{"from":[4,1.1,5],"to":[6,2.1,7],"faces":{"north":{"uv":[6,4,8,5],"texture":"#1"},"east":{"uv":[6,5,8,6],"texture":"#1"},"south":{"uv":[6,6,8,7],"texture":"#1"},"west":{"uv":[6,7,8,8],"texture":"#1"},"up":{"uv":[8,2,6,0],"texture":"#1"}}},{"from":[2,1.1,3],"to":[8,1.1,9],"faces":{"north":{"uv":[0,0,6,0],"texture":"#1"},"east":{"uv":[0,0,6,0],"texture":"#1"},"south":{"uv":[0,0,6,0],"texture":"#1"},"west":{"uv":[0,0,6,0],"texture":"#1"},"up":{"uv":[0,6,6,0],"texture":"#1"},"down":{"uv":[0,0,6,6],"texture":"#1"}}},{"from":[8,1.1,5],"to":[10,2.1,7],"rotation":{"angle":-22.5,"axis":"y","origin":[10,1.35,10]},"faces":{"north":{"uv":[6,4,8,5],"texture":"#1"},"east":{"uv":[6,5,8,6],"texture":"#1"},"south":{"uv":[6,6,8,7],"texture":"#1"},"west":{"uv":[6,7,8,8],"texture":"#1"},"up":{"uv":[8,2,6,0],"texture":"#1"}}},{"from":[6,1.1,3],"to":[12,1.1,9],"rotation":{"angle":-22.5,"axis":"y","origin":[10,1.35,10]},"faces":{"north":{"uv":[0,0,6,0],"texture":"#1"},"east":{"uv":[0,0,6,0],"texture":"#1"},"south":{"uv":[0,0,6,0],"texture":"#1"},"west":{"uv":[0,0,6,0],"texture":"#1"},"up":{"uv":[0,6,6,0],"texture":"#1"},"down":{"uv":[0,0,6,6],"texture":"#1"}}},{"from":[5.31075,1.2,12.46508],"to":[7.31075,2.2,14.46508],"rotation":{"angle":-45,"axis":"y","origin":[8.31075,1.35,11.46508]},"faces":{"north":{"uv":[6,5,8,6],"texture":"#1"},"east":{"uv":[6,6,8,7],"texture":"#1"},"south":{"uv":[6,7,8,8],"texture":"#1"},"west":{"uv":[6,4,8,5],"texture":"#1"},"up":{"uv":[8,2,6,0],"rotation":270,"texture":"#1"}}},{"from":[3.31075,1.2,10.46508],"to":[9.31075,1.2,16.46508],"rotation":{"angle":-45,"axis":"y","origin":[8.31075,1.35,11.46508]},"faces":{"north":{"uv":[0,0,6,0],"texture":"#1"},"east":{"uv":[0,0,6,0],"texture":"#1"},"south":{"uv":[0,0,6,0],"texture":"#1"},"west":{"uv":[0,0,6,0],"texture":"#1"},"up":{"uv":[0,6,6,0],"rotation":270,"texture":"#1"},"down":{"uv":[0,0,6,6],"rotation":90,"texture":"#1"}}},{"from":[7.75,1.3,7.5],"to":[13.75,1.3,13.5],"rotation":{"angle":0,"axis":"y","origin":[0,0.1,0]},"faces":{"north":{"uv":[0,0,6,0],"texture":"#2"},"east":{"uv":[0,0,6,0],"texture":"#2"},"south":{"uv":[0,0,6,0],"texture":"#2"},"west":{"uv":[0,0,6,0],"texture":"#2"},"up":{"uv":[6,6,0,0],"texture":"#2"},"down":{"uv":[6,6,0,0],"texture":"#2"}}},{"from":[7.75,1.3,8.5],"to":[11.75,3.3,12.5],"rotation":{"angle":22.5,"axis":"y","origin":[10.75,2.3,10.5]},"faces":{"north":{"uv":[10,0,14,2],"texture":"#2"},"east":{"uv":[10,0,14,2],"texture":"#2"},"south":{"uv":[10,0,14,2],"texture":"#2"},"west":{"uv":[10,0,14,2],"texture":"#2"},"up":{"uv":[10,4,6,0],"texture":"#2"}}}],"display":{"thirdperson_righthand":{"rotation":[1.34,18.64,-8.05],"translation":[0.5,4.25,0.75],"scale":[0.5,0.5,0.5]},"thirdperson_lefthand":{"rotation":[1.34,18.64,-8.05],"translation":[0.5,4.25,0.75],"scale":[0.5,0.5,0.5]},"firstperson_righthand":{"rotation":[0,25,0],"translation":[1.25,4.75,0],"scale":[0.5,0.5,0.5]},"firstperson_lefthand":{"rotation":[0,25,0],"translation":[1.25,4.75,0],"scale":[0.5,0.5,0.5]},"ground":{"translation":[0,0.5,0],"scale":[0.4,0.4,0.4]},"gui":{"rotation":[30,135,0],"translation":[0,2.25,0],"scale":[0.85,0.85,0.85]},"head":{"translation":[0,-30.5,0],"scale":[1.6,1.6,1.6]},"fixed":{"rotation":[-90,0,0],"translation":[0,0,-16],"scale":[2,2,2]}}}