{"credit":"MadewithBlockbench","texture_size":[64,64],"textures":{"0":"20th_century_furniture_v1:06_radio_texture","particle":"20th_century_furniture_v1:06_radio_texture"},"elements":[{"from":[2,5.5,5],"to":[14,6.5,11],"rotation":{"angle":0,"axis":"y","origin":[8,6,8]},"faces":{"north":{"uv":[10.25,0,13.25,0.25],"texture":"#0"},"east":{"uv":[6.25,10,7.75,10.25],"texture":"#0"},"south":{"uv":[10.25,0.25,13.25,0.5],"texture":"#0"},"west":{"uv":[10.25,0.5,11.75,0.75],"texture":"#0"},"up":{"uv":[13,9,10,7.5],"texture":"#0"},"down":{"uv":[13,9,10,7.5],"texture":"#0"}}},{"from":[1,1.5,4],"to":[15,7,5],"rotation":{"angle":0,"axis":"y","origin":[8,5.75209,9.24634]},"faces":{"north":{"uv":[0,4,3.5,5.375],"texture":"#0"},"east":{"uv":[1.75,8.5,1.5,9.875],"texture":"#0"},"south":{"uv":[0,5.5,3.5,6.875],"texture":"#0"},"west":{"uv":[1.5,8.5,1.75,9.875],"texture":"#0"},"up":{"uv":[10.5,6,7,5.75],"texture":"#0"},"down":{"uv":[10.5,6,7,6.25],"texture":"#0"}}},{"from":[1,1.5,5],"to":[2,7,11],"rotation":{"angle":0,"axis":"y","origin":[8,5.75209,9.24634]},"faces":{"north":{"uv":[2.25,8.5,2.5,9.875],"texture":"#0"},"east":{"uv":[0,7,1.5,8.375],"texture":"#0"},"south":{"uv":[2.5,8.5,2.75,9.875],"texture":"#0"},"west":{"uv":[7,0,8.5,1.375],"texture":"#0"},"up":{"uv":[5.5,9.5,5.25,8],"texture":"#0"},"down":{"uv":[5.75,8,5.5,9.5],"texture":"#0"}}},{"from":[1,1.5,11],"to":[15,7,12],"rotation":{"angle":0,"axis":"y","origin":[8,5.75209,9.24634]},"faces":{"north":{"uv":[0,5.5,3.5,6.875],"texture":"#0"},"east":{"uv":[2.25,8.5,2,9.875],"texture":"#0"},"south":{"uv":[3.5,4,0,5.375],"texture":"#0"},"west":{"uv":[2,8.5,2.25,9.875],"texture":"#0"},"up":{"uv":[10.5,6.5,7,6.25],"texture":"#0"},"down":{"uv":[10.5,6.5,7,6.75],"texture":"#0"}}},{"from":[14,1.5,5],"to":[15,7,11],"rotation":{"angle":0,"axis":"y","origin":[8,5.75209,9.24634]},"faces":{"north":{"uv":[2.75,8.5,3,9.875],"texture":"#0"},"east":{"uv":[8.5,0,7,1.375],"texture":"#0"},"south":{"uv":[6.25,8.5,6.5,9.875],"texture":"#0"},"west":{"uv":[0,7,1.5,8.375],"texture":"#0"},"up":{"uv":[6,9.5,5.75,8],"texture":"#0"},"down":{"uv":[6.25,8,6,9.5],"texture":"#0"}}},{"from":[1,0.5,4],"to":[15,1.5,12],"rotation":{"angle":0,"axis":"y","origin":[8,5.75209,9.24634]},"faces":{"north":{"uv":[3.5,5.5,7,5.75],"texture":"#0"},"east":{"uv":[5.5,6.25,3.5,6.5],"texture":"#0"},"south":{"uv":[3.5,5.75,7,6],"texture":"#0"},"west":{"uv":[3.5,6.25,5.5,6.5],"texture":"#0"},"up":{"uv":[13.5,11,10,9],"texture":"#0"},"down":{"uv":[13.75,3,10.25,5],"texture":"#0"}}},{"from":[1,7.95879,11.31283],"to":[15,15.95879,12.31283],"rotation":{"angle":22.5,"axis":"x","origin":[8,5.75209,9.24634]},"faces":{"north":{"uv":[3.5,0,7,2],"texture":"#0"},"east":{"uv":[7.5,7.75,7.25,9.75],"texture":"#0"},"south":{"uv":[3.5,2,7,4],"texture":"#0"},"west":{"uv":[7.25,7.75,7.5,9.75],"texture":"#0"},"up":{"uv":[10.5,7,7,6.75],"texture":"#0"},"down":{"uv":[7,6.75,10.5,7],"texture":"#0"}}},{"from":[0.5,0,3.5],"to":[3.5,1,5.5],"rotation":{"angle":0,"axis":"y","origin":[8,3.75,8.25]},"faces":{"north":{"uv":[8.75,7.5,9.5,7.75],"texture":"#0"},"east":{"uv":[10,4.5,9.5,4.75],"texture":"#0"},"south":{"uv":[9.5,7.5,8.75,7.75],"texture":"#0"},"west":{"uv":[9.5,4.5,10,4.75],"texture":"#0"},"up":{"uv":[8.5,7.5,7.75,7],"texture":"#0"},"down":{"uv":[7,8,6.25,8.5],"texture":"#0"}}},{"from":[12.5,0,3.5],"to":[15.5,1,5.5],"rotation":{"angle":0,"axis":"y","origin":[8,3.75,8.25]},"faces":{"north":{"uv":[9.5,7.5,8.75,7.75],"texture":"#0"},"east":{"uv":[10,4.5,9.5,4.75],"texture":"#0"},"south":{"uv":[8.75,7.5,9.5,7.75],"texture":"#0"},"west":{"uv":[9.5,4.5,10,4.75],"texture":"#0"},"up":{"uv":[7.75,7.5,8.5,7],"texture":"#0"},"down":{"uv":[6.25,8,7,8.5],"texture":"#0"}}},{"from":[12.5,0,10.5],"to":[15.5,1,12.5],"rotation":{"angle":0,"axis":"y","origin":[8,3.75,8.25]},"faces":{"north":{"uv":[9.5,7.5,8.75,7.75],"texture":"#0"},"east":{"uv":[9.5,4.5,10,4.75],"texture":"#0"},"south":{"uv":[8.75,7.5,9.5,7.75],"texture":"#0"},"west":{"uv":[10,4.5,9.5,4.75],"texture":"#0"},"up":{"uv":[7.75,7,8.5,7.5],"texture":"#0"},"down":{"uv":[6.25,8.5,7,8],"texture":"#0"}}},{"from":[0.5,0,10.5],"to":[3.5,1,12.5],"rotation":{"angle":0,"axis":"y","origin":[8,3.75,8.25]},"faces":{"north":{"uv":[8.75,7.5,9.5,7.75],"texture":"#0"},"east":{"uv":[9.5,4.5,10,4.75],"texture":"#0"},"south":{"uv":[9.5,7.5,8.75,7.75],"texture":"#0"},"west":{"uv":[10,4.5,9.5,4.75],"texture":"#0"},"up":{"uv":[8.5,7,7.75,7.5],"texture":"#0"},"down":{"uv":[7,8.5,6.25,8],"texture":"#0"}}},{"from":[2.75,7.68767,9.97083],"to":[5.25,8.68767,10.97083],"rotation":{"angle":22.5,"axis":"x","origin":[8,3.75,8.25]},"faces":{"north":{"uv":[9.25,9,9.875,9.25],"texture":"#0"},"east":{"uv":[10,2.25,9.75,2.5],"texture":"#0"},"south":{"uv":[9.25,9,9.875,9.25],"texture":"#0"},"west":{"uv":[9.75,2.25,10,2.5],"texture":"#0"},"up":{"uv":[9.25,9,9.875,9.25],"texture":"#0"},"down":{"uv":[9.25,9,9.875,9.25],"texture":"#0"}}},{"from":[10.75,7.68767,9.97083],"to":[13.25,8.68767,10.97083],"rotation":{"angle":22.5,"axis":"x","origin":[8,3.75,8.25]},"faces":{"north":{"uv":[9.25,9,9.875,9.25],"texture":"#0"},"east":{"uv":[10,2.25,9.75,2.5],"texture":"#0"},"south":{"uv":[9.25,9,9.875,9.25],"texture":"#0"},"west":{"uv":[9.75,2.25,10,2.5],"texture":"#0"},"up":{"uv":[9.25,9,9.875,9.25],"texture":"#0"},"down":{"uv":[9.25,9,9.875,9.25],"texture":"#0"}}},{"from":[3,2.04289,6.18934],"to":[13,4.04289,8.18934],"rotation":{"angle":45,"axis":"x","origin":[8,3.75,8.25]},"faces":{"north":{"uv":[7,3.75,9.5,4.25],"texture":"#0"},"east":{"uv":[6.5,8.5,7,9],"texture":"#0"},"south":{"uv":[7,4.25,9.5,3.75],"texture":"#0"},"west":{"uv":[7.5,8.5,8,9],"texture":"#0"},"up":{"uv":[9.5,3.75,7,4.25],"texture":"#0"},"down":{"uv":[7,3.75,9.5,4.25],"texture":"#0"}}},{"from":[2.5,1.79289,5.93934],"to":[3,4.29289,8.43934],"rotation":{"angle":45,"axis":"x","origin":[8,3.75,8.25]},"faces":{"north":{"uv":[5,8.75,5.125,9.375],"texture":"#0"},"east":{"uv":[3,8,3.625,8.625],"texture":"#0"},"south":{"uv":[3.5,9.75,3.625,10.375],"texture":"#0"},"west":{"uv":[3,8,3.625,8.625],"texture":"#0"},"up":{"uv":[3.875,10.375,3.75,9.75],"texture":"#0"},"down":{"uv":[4.125,9.75,4,10.375],"texture":"#0"}}},{"from":[2,2.54289,6.68934],"to":[2.5,3.54289,7.68934],"rotation":{"angle":45,"axis":"x","origin":[8,3.75,8.25]},"faces":{"north":{"uv":[9.75,8.25,9.875,8.5],"texture":"#0"},"east":{"uv":[5.25,9.75,5.5,10],"texture":"#0"},"south":{"uv":[9.75,8.5,9.875,8.75],"texture":"#0"},"west":{"uv":[5.5,9.75,5.75,10],"texture":"#0"},"up":{"uv":[9.875,9.75,9.75,9.5],"texture":"#0"},"down":{"uv":[9.875,9.75,9.75,10],"texture":"#0"}}},{"from":[13.5,2.54289,6.68934],"to":[14,3.54289,7.68934],"rotation":{"angle":45,"axis":"x","origin":[8,3.75,8.25]},"faces":{"north":{"uv":[9.875,8.25,9.75,8.5],"texture":"#0"},"east":{"uv":[5.75,9.75,5.5,10],"texture":"#0"},"south":{"uv":[9.875,8.5,9.75,8.75],"texture":"#0"},"west":{"uv":[5.5,9.75,5.25,10],"texture":"#0"},"up":{"uv":[9.75,9.75,9.875,9.5],"texture":"#0"},"down":{"uv":[9.75,9.75,9.875,10],"texture":"#0"}}},{"from":[13,1.79289,5.93934],"to":[13.5,4.29289,8.43934],"rotation":{"angle":45,"axis":"x","origin":[8,3.75,8.25]},"faces":{"north":{"uv":[5.125,8.75,5,9.375],"texture":"#0"},"east":{"uv":[3.625,8,3,8.625],"texture":"#0"},"south":{"uv":[3.625,9.75,3.5,10.375],"texture":"#0"},"west":{"uv":[3,8,3.625,8.625],"texture":"#0"},"up":{"uv":[3.75,10.375,3.875,9.75],"texture":"#0"},"down":{"uv":[4,9.75,4.125,10.375],"texture":"#0"}}},{"from":[3.5,1.29289,5.68934],"to":[12.5,1.79289,6.18934],"rotation":{"angle":45,"axis":"x","origin":[8,3.75,8.25]},"faces":{"north":{"uv":[8.5,2.5,10.75,2.625],"texture":"#0"},"east":{"uv":[10,3,10.125,3.125],"texture":"#0"},"south":{"uv":[8.5,2.75,10.75,2.875],"texture":"#0"},"west":{"uv":[10,3.25,10.125,3.375],"texture":"#0"},"up":{"uv":[10.75,2.5,8.5,2.625],"texture":"#0"},"down":{"uv":[10.75,2.5,8.5,2.625],"texture":"#0"}}},{"from":[3.5,1.29289,5.93934],"to":[12.5,3.79289,5.93934],"rotation":{"angle":45,"axis":"x","origin":[8,3.75,8.25]},"faces":{"north":{"uv":[3,7,5.25,7.625],"texture":"#0"},"east":{"uv":[0,0,0,0.625],"texture":"#0"},"south":{"uv":[5.25,7,3,7.625],"texture":"#0"},"west":{"uv":[0,0,0,0.625],"texture":"#0"},"up":{"uv":[2.25,0,0,0],"texture":"#0"},"down":{"uv":[2.25,0,0,0],"texture":"#0"}}},{"from":[3.25,3.75,8.75],"to":[5.25,5.25,10.75],"rotation":{"angle":0,"axis":"y","origin":[8,3.75,8.25]},"faces":{"north":{"uv":[9.25,1,9.75,1.375],"texture":"#0"},"east":{"uv":[9.25,1,9.75,1.375],"texture":"#0"},"south":{"uv":[9.25,1,9.75,1.375],"texture":"#0"},"west":{"uv":[9.25,1,9.75,1.375],"texture":"#0"},"up":{"uv":[9.25,2.5,8.75,2],"texture":"#0"},"down":{"uv":[3.5,8.75,3,9.25],"texture":"#0"}}},{"from":[3.75,5.25,9.25],"to":[4.75,5.5,10.25],"rotation":{"angle":0,"axis":"y","origin":[8,3.75,8.25]},"faces":{"north":{"uv":[2.25,10,2.5,10.125],"texture":"#0"},"east":{"uv":[10,2.25,10.25,2.375],"texture":"#0"},"south":{"uv":[2.5,10,2.75,10.125],"texture":"#0"},"west":{"uv":[2.75,10,3,10.125],"texture":"#0"},"up":{"uv":[10,7.75,9.75,7.5],"texture":"#0"},"down":{"uv":[8,9.75,7.75,10],"texture":"#0"}}},{"from":[4,1.46089,8.56023],"to":[4.5,4.96089,9.06023],"rotation":{"angle":22.5,"axis":"x","origin":[8,3.75,8.25]},"faces":{"north":{"uv":[3.25,9.75,3.375,10.625],"texture":"#0"},"east":{"uv":[3.25,9.75,3.375,10.625],"texture":"#0"},"south":{"uv":[3.25,9.75,3.375,10.625],"texture":"#0"},"west":{"uv":[3.25,9.75,3.375,10.625],"texture":"#0"},"up":{"uv":[5.625,10.125,5.5,10],"texture":"#0"},"down":{"uv":[5.875,10,5.75,10.125],"texture":"#0"}}},{"from":[6.5,1.46089,8.56023],"to":[7,4.96089,9.06023],"rotation":{"angle":22.5,"axis":"x","origin":[8,3.75,8.25]},"faces":{"north":{"uv":[3.25,9.75,3.375,10.625],"texture":"#0"},"east":{"uv":[3.25,9.75,3.375,10.625],"texture":"#0"},"south":{"uv":[3.25,9.75,3.375,10.625],"texture":"#0"},"west":{"uv":[3.25,9.75,3.375,10.625],"texture":"#0"},"up":{"uv":[5.625,10.125,5.5,10],"texture":"#0"},"down":{"uv":[5.875,10,5.75,10.125],"texture":"#0"}}},{"from":[5.75,3.75,8.75],"to":[7.75,5.25,10.75],"rotation":{"angle":0,"axis":"y","origin":[8,3.75,8.25]},"faces":{"north":{"uv":[9.25,1,9.75,1.375],"texture":"#0"},"east":{"uv":[9.25,1,9.75,1.375],"texture":"#0"},"south":{"uv":[9.25,1,9.75,1.375],"texture":"#0"},"west":{"uv":[9.25,1,9.75,1.375],"texture":"#0"},"up":{"uv":[9.25,2.5,8.75,2],"texture":"#0"},"down":{"uv":[3.5,8.75,3,9.25],"texture":"#0"}}},{"from":[6.25,5.25,9.25],"to":[7.25,5.5,10.25],"rotation":{"angle":0,"axis":"y","origin":[8,3.75,8.25]},"faces":{"north":{"uv":[2.25,10,2.5,10.125],"texture":"#0"},"east":{"uv":[10,2.25,10.25,2.375],"texture":"#0"},"south":{"uv":[2.5,10,2.75,10.125],"texture":"#0"},"west":{"uv":[2.75,10,3,10.125],"texture":"#0"},"up":{"uv":[10,7.75,9.75,7.5],"texture":"#0"},"down":{"uv":[8,9.75,7.75,10],"texture":"#0"}}},{"from":[9,1.46089,8.56023],"to":[9.5,4.96089,9.06023],"rotation":{"angle":22.5,"axis":"x","origin":[8,3.75,8.25]},"faces":{"north":{"uv":[3.25,9.75,3.375,10.625],"texture":"#0"},"east":{"uv":[3.25,9.75,3.375,10.625],"texture":"#0"},"south":{"uv":[3.25,9.75,3.375,10.625],"texture":"#0"},"west":{"uv":[3.25,9.75,3.375,10.625],"texture":"#0"},"up":{"uv":[5.625,10.125,5.5,10],"texture":"#0"},"down":{"uv":[5.875,10,5.75,10.125],"texture":"#0"}}},{"from":[8.25,3.75,8.75],"to":[10.25,5.25,10.75],"rotation":{"angle":0,"axis":"y","origin":[8,3.75,8.25]},"faces":{"north":{"uv":[9.25,1,9.75,1.375],"texture":"#0"},"east":{"uv":[9.25,1,9.75,1.375],"texture":"#0"},"south":{"uv":[9.25,1,9.75,1.375],"texture":"#0"},"west":{"uv":[9.25,1,9.75,1.375],"texture":"#0"},"up":{"uv":[9.25,2.5,8.75,2],"texture":"#0"},"down":{"uv":[3.5,8.75,3,9.25],"texture":"#0"}}},{"from":[8.75,5.25,9.25],"to":[9.75,5.5,10.25],"rotation":{"angle":0,"axis":"y","origin":[8,3.75,8.25]},"faces":{"north":{"uv":[2.25,10,2.5,10.125],"texture":"#0"},"east":{"uv":[10,2.25,10.25,2.375],"texture":"#0"},"south":{"uv":[2.5,10,2.75,10.125],"texture":"#0"},"west":{"uv":[2.75,10,3,10.125],"texture":"#0"},"up":{"uv":[10,7.75,9.75,7.5],"texture":"#0"},"down":{"uv":[8,9.75,7.75,10],"texture":"#0"}}},{"from":[11.5,1.46089,8.56023],"to":[12,4.96089,9.06023],"rotation":{"angle":22.5,"axis":"x","origin":[8,3.75,8.25]},"faces":{"north":{"uv":[3.25,9.75,3.375,10.625],"texture":"#0"},"east":{"uv":[3.25,9.75,3.375,10.625],"texture":"#0"},"south":{"uv":[3.25,9.75,3.375,10.625],"texture":"#0"},"west":{"uv":[3.25,9.75,3.375,10.625],"texture":"#0"},"up":{"uv":[5.625,10.125,5.5,10],"texture":"#0"},"down":{"uv":[5.875,10,5.75,10.125],"texture":"#0"}}},{"from":[10.75,3.75,8.75],"to":[12.75,5.25,10.75],"rotation":{"angle":0,"axis":"y","origin":[8,3.75,8.25]},"faces":{"north":{"uv":[9.25,1,9.75,1.375],"texture":"#0"},"east":{"uv":[9.25,1,9.75,1.375],"texture":"#0"},"south":{"uv":[9.25,1,9.75,1.375],"texture":"#0"},"west":{"uv":[9.25,1,9.75,1.375],"texture":"#0"},"up":{"uv":[9.25,2.5,8.75,2],"texture":"#0"},"down":{"uv":[3.5,8.75,3,9.25],"texture":"#0"}}},{"from":[11.25,5.25,9.25],"to":[12.25,5.5,10.25],"rotation":{"angle":0,"axis":"y","origin":[8,3.75,8.25]},"faces":{"north":{"uv":[2.25,10,2.5,10.125],"texture":"#0"},"east":{"uv":[10,2.25,10.25,2.375],"texture":"#0"},"south":{"uv":[2.5,10,2.75,10.125],"texture":"#0"},"west":{"uv":[2.75,10,3,10.125],"texture":"#0"},"up":{"uv":[10,7.75,9.75,7.5],"texture":"#0"},"down":{"uv":[8,9.75,7.75,10],"texture":"#0"}}}],"gui_light":"front","display":{"thirdperson_righthand":{"rotation":[67.5,0,0],"translation":[0,1.75,1.25],"scale":[0.28344,0.28344,0.28344]},"thirdperson_lefthand":{"rotation":[67.5,0,0],"translation":[0,1.75,1.25],"scale":[0.28344,0.28344,0.28344]},"firstperson_righthand":{"rotation":[0,180,0],"translation":[0.75,4,0],"scale":[0.41328,0.41328,0.41328]},"firstperson_lefthand":{"rotation":[0,180,0],"translation":[0.75,4,0],"scale":[0.41328,0.41328,0.41328]},"ground":{"translation":[0,6,0],"scale":[0.6,0.6,0.6]},"gui":{"rotation":[30,135,0],"translation":[-0.75,0,0],"scale":[0.68164,0.68164,0.68164]},"head":{"rotation":[0,-180,0],"translation":[0,-30.4,0],"scale":[1.6,1.6,1.6]},"fixed":{"rotation":[-90,0,0],"translation":[0,0.25,-16],"scale":[2,2,2]}},"groups":[0,{"name":"group","origin":[8,7,12],"color":0,"children":[1,2,3,4,5,6]},{"name":"group","origin":[11.75,4.75,9],"color":0,"children":[7,8,9,10,11,12,13,14,15,16,17,{"name":"group","origin":[8,4,7],"color":0,"children":[18,19]},20,21,22,23,24,25,26,27,28,29,30,31]}]}