{"credit":"127655 / 83940XUO67YS9Q7B7U6V01","texture_size":[128,128],"textures":{"0":"20th_century_furniture_v1:20_fireplace_texture","particle":"20th_century_furniture_v1:20_fireplace_texture"},"elements":[{"from":[14,0,3],"to":[19,16.5,16],"faces":{"north":{"uv":[6.75,0,6.125,2.0625],"texture":"#0"},"east":{"uv":[1.625,4.25,3.25,6.3125],"texture":"#0"},"south":{"uv":[7.125,9.9375,7.75,12],"texture":"#0"},"west":{"uv":[3,2.125,4.625,4.1875],"texture":"#0"},"up":{"uv":[7.375,1.625,6.75,0],"texture":"#0"},"down":{"uv":[7.375,5.625,6.75,7.25],"texture":"#0"}}},{"from":[-3,0,3],"to":[2,16.5,16],"rotation":{"angle":0,"axis":"y","origin":[16,0,0]},"faces":{"north":{"uv":[6.125,0,6.75,2.0625],"texture":"#0"},"east":{"uv":[0,4.25,1.625,6.3125],"texture":"#0"},"south":{"uv":[5,9.9375,5.625,12],"texture":"#0"},"west":{"uv":[1.625,4.25,3.25,6.3125],"texture":"#0"},"up":{"uv":[5.75,8.5,5.125,6.875],"texture":"#0"},"down":{"uv":[6.375,6.875,5.75,8.5],"texture":"#0"}}},{"from":[2,10.5,3],"to":[14,16.5,16],"rotation":{"angle":0,"axis":"y","origin":[16,0,0]},"faces":{"north":{"uv":[0,6.375,1.5,7.125],"texture":"#0"},"east":{"uv":[6.125,2.125,7.75,2.875],"texture":"#0"},"south":{"uv":[5.625,9.9375,7.125,10.6875],"texture":"#0"},"west":{"uv":[5.125,6.125,6.75,6.875],"texture":"#0"},"up":{"uv":[4.75,5.875,3.25,4.25],"texture":"#0"},"down":{"uv":[6.125,0,4.625,1.625],"texture":"#0"}}},{"from":[-4,16.5,-1],"to":[20,17.5,16],"rotation":{"angle":0,"axis":"y","origin":[16,0,0]},"faces":{"north":{"uv":[7.625,3.625,10.625,3.75],"texture":"#0"},"east":{"uv":[7.75,2.125,9.875,2.25],"texture":"#0"},"south":{"uv":[7.625,3.625,10.625,3.75],"texture":"#0"},"west":{"uv":[7.75,2.125,9.875,2.25],"texture":"#0"},"up":{"uv":[3,2.125,0,0],"texture":"#0"},"down":{"uv":[3,2.125,0,0],"texture":"#0"}}},{"from":[2,0,9],"to":[14,10.5,16],"rotation":{"angle":0,"axis":"y","origin":[16,0,0]},"faces":{"north":{"uv":[4.625,1.625,6.125,2.9375],"texture":"#0"},"east":{"uv":[6.25,2.875,7.125,4.1875],"texture":"#0"},"south":{"uv":[5.625,10.6875,7.125,12],"texture":"#0"},"west":{"uv":[6.25,4.25,7.125,5.5625],"texture":"#0"},"up":{"uv":[6.25,5.25,4.75,4.375],"texture":"#0"},"down":{"uv":[6.25,5.25,4.75,6.125],"texture":"#0"}}},{"from":[14,0,2],"to":[16,12.5,3],"faces":{"north":{"uv":[3,6.375,3.25,7.9375],"texture":"#0"},"east":{"uv":[3.25,8,3.375,9.5625],"texture":"#0"},"south":{"uv":[2.25,7.625,2.5,9.1875],"texture":"#0"},"west":{"uv":[3.375,8,3.5,9.5625],"texture":"#0"},"up":{"uv":[8.875,5,8.625,4.875],"texture":"#0"},"down":{"uv":[8.875,5,8.625,5.125],"texture":"#0"}}},{"from":[0,0,2],"to":[2,12.5,3],"rotation":{"angle":0,"axis":"y","origin":[16,0,0]},"faces":{"north":{"uv":[3.25,6.375,3,7.9375],"texture":"#0"},"east":{"uv":[3.5,8,3.375,9.5625],"texture":"#0"},"south":{"uv":[2.5,7.625,2.25,9.1875],"texture":"#0"},"west":{"uv":[3.375,8,3.25,9.5625],"texture":"#0"},"up":{"uv":[8.625,5,8.875,4.875],"texture":"#0"},"down":{"uv":[8.625,5,8.875,5.125],"texture":"#0"}}},{"from":[2,10.5,2],"to":[14,12.5,3],"rotation":{"angle":0,"axis":"y","origin":[16,0,0]},"faces":{"north":{"uv":[7.375,1.375,8.875,1.625],"texture":"#0"},"east":{"uv":[4.625,3.75,4.75,4],"texture":"#0"},"south":{"uv":[7.625,3.375,9.125,3.625],"texture":"#0"},"west":{"uv":[4.625,4,4.75,4.25],"texture":"#0"},"up":{"uv":[9.25,2.375,7.75,2.25],"texture":"#0"},"down":{"uv":[9.25,2.375,7.75,2.5],"texture":"#0"}}},{"from":[16.5,13.5,1],"to":[18.5,15.5,3],"faces":{"north":{"uv":[4,8.5,4.25,8.75],"texture":"#0"},"east":{"uv":[4,8.5,4.25,8.75],"texture":"#0"},"south":{"uv":[5.125,8.5,5.375,8.75],"texture":"#0"},"west":{"uv":[4,8.5,4.25,8.75],"texture":"#0"},"up":{"uv":[5.875,8.75,5.625,8.5],"texture":"#0"},"down":{"uv":[6.125,8.5,5.875,8.75],"texture":"#0"}}},{"from":[16.5,7,1],"to":[18.5,8,3],"faces":{"north":{"uv":[7.125,5.5,7.375,5.625],"texture":"#0"},"east":{"uv":[7.125,5.5,7.375,5.625],"texture":"#0"},"south":{"uv":[8.625,4.75,8.875,4.875],"texture":"#0"},"west":{"uv":[7.125,5.5,7.375,5.625],"texture":"#0"},"up":{"uv":[8.75,1.25,8.5,1],"texture":"#0"},"down":{"uv":[8.75,1.625,8.5,1.875],"texture":"#0"}}},{"from":[17,8,1.5],"to":[18,8.5,3],"faces":{"north":{"uv":[6.125,2.875,6.25,2.9375],"texture":"#0"},"east":{"uv":[8.625,6.125,8.8125,6.1875],"texture":"#0"},"south":{"uv":[8.625,6.375,8.75,6.4375],"texture":"#0"},"west":{"uv":[8.625,6.25,8.8125,6.3125],"texture":"#0"},"up":{"uv":[6.75,5.8125,6.625,5.625],"texture":"#0"},"down":{"uv":[6.75,5.875,6.625,6.0625],"texture":"#0"}}},{"from":[16,12.5,0.5],"to":[19,13.5,3],"faces":{"north":{"uv":[8.5,8.5,8.875,8.625],"texture":"#0"},"east":{"uv":[8.5,8.5,8.875,8.625],"texture":"#0"},"south":{"uv":[8.625,2.875,9,3],"texture":"#0"},"west":{"uv":[8.5,8.5,8.875,8.625],"texture":"#0"},"up":{"uv":[4.875,8.5625,4.5,8.25],"texture":"#0"},"down":{"uv":[4.875,8.5625,4.5,8.25],"texture":"#0"}}},{"from":[16,15.5,0.5],"to":[19,16.5,3],"rotation":{"angle":0,"axis":"y","origin":[17.5,16,1.75]},"faces":{"north":{"uv":[8.5,8.5,8.875,8.625],"rotation":180,"texture":"#0"},"east":{"uv":[8.5,8.5,8.875,8.625],"rotation":180,"texture":"#0"},"south":{"uv":[8.625,2.875,9,3],"rotation":180,"texture":"#0"},"west":{"uv":[8.5,8.5,8.875,8.625],"rotation":180,"texture":"#0"},"up":{"uv":[4.875,8.5625,4.5,8.25],"rotation":180,"texture":"#0"},"down":{"uv":[4.875,8.5625,4.5,8.25],"rotation":180,"texture":"#0"}}},{"from":[16,6,0.5],"to":[19,7,3],"faces":{"north":{"uv":[8.5,8.5,8.875,8.625],"texture":"#0"},"east":{"uv":[8.5,8.5,8.875,8.625],"texture":"#0"},"south":{"uv":[8.625,2.875,9,3],"texture":"#0"},"west":{"uv":[8.5,8.5,8.875,8.625],"texture":"#0"},"up":{"uv":[4.875,8.5625,4.5,8.25],"texture":"#0"},"down":{"uv":[4.875,8.5625,4.5,8.25],"texture":"#0"}}},{"from":[16.5,2,1],"to":[18.5,6,3],"faces":{"north":{"uv":[8,6.125,8.25,6.625],"texture":"#0"},"east":{"uv":[8,6.125,8.25,6.625],"texture":"#0"},"south":{"uv":[8,7.125,8.25,7.625],"texture":"#0"},"west":{"uv":[8,6.125,8.25,6.625],"texture":"#0"},"up":{"uv":[4.75,6.125,4.5,5.875],"texture":"#0"},"down":{"uv":[8.5,8.375,8.25,8.625],"texture":"#0"}}},{"from":[16.5,8.5,1],"to":[18.5,12.5,3],"faces":{"north":{"uv":[8,6.125,8.25,6.625],"texture":"#0"},"east":{"uv":[8,6.125,8.25,6.625],"texture":"#0"},"south":{"uv":[8,7.125,8.25,7.625],"texture":"#0"},"west":{"uv":[8,6.125,8.25,6.625],"texture":"#0"},"up":{"uv":[4.75,6.125,4.5,5.875],"texture":"#0"},"down":{"uv":[8.5,8.375,8.25,8.625],"texture":"#0"}}},{"from":[16,0,0.5],"to":[19,2,3],"faces":{"north":{"uv":[8.25,7.625,8.625,7.875],"texture":"#0"},"east":{"uv":[8.375,5.5,8.6875,5.75],"texture":"#0"},"south":{"uv":[8.25,7.875,8.625,8.125],"texture":"#0"},"west":{"uv":[8.6875,5.5,8.375,5.75],"texture":"#0"},"up":{"uv":[6.75,7.1875,6.375,6.875],"texture":"#0"},"down":{"uv":[8.5,1,8.125,1.3125],"texture":"#0"}}},{"from":[1.12132,0,5.12132],"to":[4.12132,10.5,9.12132],"rotation":{"angle":0,"axis":"y","origin":[2,5.25,3]},"faces":{"north":{"uv":[1.5,7.625,1.875,8.9375],"texture":"#0"},"east":{"uv":[6.875,7.25,6.375,8.5625],"texture":"#0"},"south":{"uv":[1.875,7.625,2.25,8.9375],"texture":"#0"},"west":{"uv":[7.375,0,7.875,1.3125],"texture":"#0"},"up":{"uv":[4.5,8.5,4.125,8],"texture":"#0"},"down":{"uv":[8.375,5.5,8,6],"texture":"#0"}}},{"from":[2,0,3],"to":[5,10.5,5],"rotation":{"angle":-45,"axis":"y","origin":[2,5.25,3]},"faces":{"north":{"uv":[0.75,7.625,1.125,8.9375],"texture":"#0"},"east":{"uv":[7.875,0,8.125,1.3125],"texture":"#0"},"south":{"uv":[1.125,7.625,1.5,8.9375],"texture":"#0"},"west":{"uv":[3,8,3.25,9.3125],"texture":"#0"},"up":{"uv":[8.75,0.5,8.375,0.25],"texture":"#0"},"down":{"uv":[8.75,0.5,8.375,0.75],"texture":"#0"}}},{"from":[2,7.5,3],"to":[14,10.5,4],"rotation":{"angle":-45,"axis":"x","origin":[8,10.5,3]},"faces":{"north":{"uv":[7.125,4.75,8.625,5.125],"texture":"#0"},"east":{"uv":[4.625,3,4.75,3.375],"texture":"#0"},"south":{"uv":[7.125,5.125,8.625,5.5],"texture":"#0"},"west":{"uv":[4.625,3.375,4.75,3.75],"texture":"#0"},"up":{"uv":[9.25,2.625,7.75,2.5],"texture":"#0"},"down":{"uv":[9.25,2.625,7.75,2.75],"texture":"#0"}}},{"from":[11,0,3],"to":[14,10.5,5],"rotation":{"angle":45,"axis":"y","origin":[14,5.25,3]},"faces":{"north":{"uv":[1.125,7.625,0.75,8.9375],"texture":"#0"},"east":{"uv":[7.75,5.5,8,6.8125],"texture":"#0"},"south":{"uv":[7.375,6.875,7.75,8.1875],"texture":"#0"},"west":{"uv":[7.75,6.875,8,8.1875],"texture":"#0"},"up":{"uv":[8.625,8.375,8.25,8.125],"texture":"#0"},"down":{"uv":[8.75,0,8.375,0.25],"texture":"#0"}}},{"from":[11.87868,0,5.12132],"to":[14.87868,10.5,9.12132],"rotation":{"angle":0,"axis":"y","origin":[14,5.25,3]},"faces":{"north":{"uv":[0,7.625,0.375,8.9375],"texture":"#0"},"east":{"uv":[7.125,3.375,7.625,4.6875],"texture":"#0"},"south":{"uv":[0.375,7.625,0.75,8.9375],"texture":"#0"},"west":{"uv":[6.375,7.25,6.875,8.5625],"texture":"#0"},"up":{"uv":[6.625,6.125,6.25,5.625],"texture":"#0"},"down":{"uv":[4.125,8,3.75,8.5],"texture":"#0"}}},{"from":[2,8.37868,5.12132],"to":[14,9.37868,9.12132],"rotation":{"angle":0,"axis":"y","origin":[8,10.5,3]},"faces":{"north":{"uv":[7.75,2.75,9.25,2.875],"texture":"#0"},"east":{"uv":[8.5,1.25,9,1.375],"texture":"#0"},"south":{"uv":[8,6,9.5,6.125],"texture":"#0"},"west":{"uv":[8.5,8.375,9,8.5],"texture":"#0"},"up":{"uv":[8.25,2.125,6.75,1.625],"texture":"#0"},"down":{"uv":[1.5,7.125,0,7.625],"texture":"#0"}}},{"from":[5,1.5,4.12132],"to":[11,4.5,4.12132],"rotation":{"angle":0,"axis":"y","origin":[8,3,4.12132]},"faces":{"north":{"uv":[7.625,3.875,8.375,4.25],"texture":"#0"},"east":{"uv":[0,0,0,0.375],"texture":"#0"},"south":{"uv":[8.375,3.875,7.625,4.25],"texture":"#0"},"west":{"uv":[0,0,0,0.375],"texture":"#0"},"up":{"uv":[0.75,0,0,0],"texture":"#0"},"down":{"uv":[0.75,0,0,0],"texture":"#0"}}},{"from":[3,1.5,4.12132],"to":[5,4.5,4.12132],"rotation":{"angle":45,"axis":"y","origin":[5,3,4.12132]},"faces":{"north":{"uv":[8.625,3.875,8.375,4.25],"texture":"#0"},"east":{"uv":[0,0,0,0.375],"texture":"#0"},"south":{"uv":[8.375,3.875,8.625,4.25],"texture":"#0"},"west":{"uv":[0,0,0,0.375],"texture":"#0"},"up":{"uv":[0.25,0,0,0],"texture":"#0"},"down":{"uv":[0.25,0,0,0],"texture":"#0"}}},{"from":[11,1.5,4.12132],"to":[13,4.5,4.12132],"rotation":{"angle":-45,"axis":"y","origin":[11,3,4.12132]},"faces":{"north":{"uv":[8.375,3.875,8.625,4.25],"texture":"#0"},"east":{"uv":[0,0,0,0.375],"texture":"#0"},"south":{"uv":[8.625,3.875,8.375,4.25],"texture":"#0"},"west":{"uv":[0,0,0,0.375],"texture":"#0"},"up":{"uv":[0.25,0,0,0],"texture":"#0"},"down":{"uv":[0.25,0,0,0],"texture":"#0"}}},{"from":[2,1,5.12132],"to":[14,1.5,9.12132],"rotation":{"angle":0,"axis":"y","origin":[8,10.5,3]},"faces":{"north":{"uv":[8.375,0.75,9.875,0.8125],"texture":"#0"},"east":{"uv":[8.625,5.375,9.125,5.4375],"texture":"#0"},"south":{"uv":[8.375,0.875,9.875,0.9375],"texture":"#0"},"west":{"uv":[6.125,8.625,6.625,8.6875],"texture":"#0"},"up":{"uv":[3,7.625,1.5,7.125],"texture":"#0"},"down":{"uv":[8.625,2.875,7.125,3.375],"texture":"#0"}}},{"from":[-2.5,13.5,1],"to":[-0.5,15.5,3],"rotation":{"angle":0,"axis":"y","origin":[16,0,0]},"faces":{"north":{"uv":[4.25,8.5,4,8.75],"texture":"#0"},"east":{"uv":[4.25,8.5,4,8.75],"texture":"#0"},"south":{"uv":[5.375,8.5,5.125,8.75],"texture":"#0"},"west":{"uv":[4.25,8.5,4,8.75],"texture":"#0"},"up":{"uv":[5.625,8.75,5.875,8.5],"texture":"#0"},"down":{"uv":[5.875,8.5,6.125,8.75],"texture":"#0"}}},{"from":[-2.5,7,1],"to":[-0.5,8,3],"rotation":{"angle":0,"axis":"y","origin":[16,0,0]},"faces":{"north":{"uv":[7.375,5.5,7.125,5.625],"texture":"#0"},"east":{"uv":[7.375,5.5,7.125,5.625],"texture":"#0"},"south":{"uv":[8.875,4.75,8.625,4.875],"texture":"#0"},"west":{"uv":[7.375,5.5,7.125,5.625],"texture":"#0"},"up":{"uv":[8.5,1.25,8.75,1],"texture":"#0"},"down":{"uv":[8.5,1.625,8.75,1.875],"texture":"#0"}}},{"from":[-2,8,1.5],"to":[-1,8.5,3],"rotation":{"angle":0,"axis":"y","origin":[16,0,0]},"faces":{"north":{"uv":[6.25,2.875,6.125,2.9375],"texture":"#0"},"east":{"uv":[8.8125,6.25,8.625,6.3125],"texture":"#0"},"south":{"uv":[8.75,6.375,8.625,6.4375],"texture":"#0"},"west":{"uv":[8.8125,6.125,8.625,6.1875],"texture":"#0"},"up":{"uv":[6.625,5.8125,6.75,5.625],"texture":"#0"},"down":{"uv":[6.625,5.875,6.75,6.0625],"texture":"#0"}}},{"from":[-3,12.5,0.5],"to":[0,13.5,3],"rotation":{"angle":0,"axis":"y","origin":[16,0,0]},"faces":{"north":{"uv":[8.875,8.5,8.5,8.625],"texture":"#0"},"east":{"uv":[8.875,8.5,8.5,8.625],"texture":"#0"},"south":{"uv":[9,2.875,8.625,3],"texture":"#0"},"west":{"uv":[8.875,8.5,8.5,8.625],"texture":"#0"},"up":{"uv":[4.5,8.5625,4.875,8.25],"texture":"#0"},"down":{"uv":[4.5,8.5625,4.875,8.25],"texture":"#0"}}},{"from":[-3,15.5,0.5],"to":[0,16.5,3],"rotation":{"angle":0,"axis":"y","origin":[-1.5,16,1.75]},"faces":{"north":{"uv":[8.875,8.5,8.5,8.625],"rotation":180,"texture":"#0"},"east":{"uv":[8.875,8.5,8.5,8.625],"rotation":180,"texture":"#0"},"south":{"uv":[9,2.875,8.625,3],"rotation":180,"texture":"#0"},"west":{"uv":[8.875,8.5,8.5,8.625],"rotation":180,"texture":"#0"},"up":{"uv":[4.5,8.5625,4.875,8.25],"rotation":180,"texture":"#0"},"down":{"uv":[4.5,8.5625,4.875,8.25],"rotation":180,"texture":"#0"}}},{"from":[-3,6,0.5],"to":[0,7,3],"rotation":{"angle":0,"axis":"y","origin":[16,0,0]},"faces":{"north":{"uv":[8.875,8.5,8.5,8.625],"texture":"#0"},"east":{"uv":[8.875,8.5,8.5,8.625],"texture":"#0"},"south":{"uv":[9,2.875,8.625,3],"texture":"#0"},"west":{"uv":[8.875,8.5,8.5,8.625],"texture":"#0"},"up":{"uv":[4.5,8.5625,4.875,8.25],"texture":"#0"},"down":{"uv":[4.5,8.5625,4.875,8.25],"texture":"#0"}}},{"from":[-2.5,2,1],"to":[-0.5,6,3],"rotation":{"angle":0,"axis":"y","origin":[16,0,0]},"faces":{"north":{"uv":[8.25,6.125,8,6.625],"texture":"#0"},"east":{"uv":[8.25,6.125,8,6.625],"texture":"#0"},"south":{"uv":[8.25,7.125,8,7.625],"texture":"#0"},"west":{"uv":[8.25,6.125,8,6.625],"texture":"#0"},"up":{"uv":[4.5,6.125,4.75,5.875],"texture":"#0"},"down":{"uv":[8.25,8.375,8.5,8.625],"texture":"#0"}}},{"from":[-2.5,8.5,1],"to":[-0.5,12.5,3],"rotation":{"angle":0,"axis":"y","origin":[16,0,0]},"faces":{"north":{"uv":[8.25,6.125,8,6.625],"texture":"#0"},"east":{"uv":[8.25,6.125,8,6.625],"texture":"#0"},"south":{"uv":[8.25,7.125,8,7.625],"texture":"#0"},"west":{"uv":[8.25,6.125,8,6.625],"texture":"#0"},"up":{"uv":[4.5,6.125,4.75,5.875],"texture":"#0"},"down":{"uv":[8.25,8.375,8.5,8.625],"texture":"#0"}}},{"from":[-3,0,0.5],"to":[0,2,3],"rotation":{"angle":0,"axis":"y","origin":[16,0,0]},"faces":{"north":{"uv":[8.625,7.625,8.25,7.875],"texture":"#0"},"east":{"uv":[8.375,5.5,8.6875,5.75],"texture":"#0"},"south":{"uv":[8.625,7.875,8.25,8.125],"texture":"#0"},"west":{"uv":[8.6875,5.5,8.375,5.75],"texture":"#0"},"up":{"uv":[6.375,7.1875,6.75,6.875],"texture":"#0"},"down":{"uv":[8.125,1,8.5,1.3125],"texture":"#0"}}}],"gui_light":"front","display":{"thirdperson_righthand":{"rotation":[67,0,0],"translation":[0,1.5,-0.25],"scale":[0.19,0.19,0.19]},"thirdperson_lefthand":{"rotation":[67,0,0],"translation":[0,1.5,-0.25],"scale":[0.19,0.19,0.19]},"firstperson_righthand":{"rotation":[0,180,0],"translation":[0,3.75,0],"scale":[0.3557,0.3557,0.3557]},"firstperson_lefthand":{"rotation":[0,180,0],"translation":[0,3.75,0],"scale":[0.3557,0.3557,0.3557]},"ground":{"translation":[0,6,0],"scale":[0.4,0.4,0.4]},"gui":{"rotation":[30,135,0],"translation":[0.25,-0.5,0],"scale":[0.50391,0.50391,0.50391]},"head":{"rotation":[0,-180,0],"translation":[0,-30.4,0],"scale":[1.6,1.6,1.6]},"fixed":{"rotation":[-90,0,0],"translation":[0,0,-16],"scale":[2,2,2]}},"groups":[0,1,2,3,4,5,6,7,{"name":"group","origin":[0,0,0],"color":0,"children":[8,9,10,11,12,13,14,15,16]},{"name":"group","origin":[8,10.5,2],"color":0,"children":[17,18,19,20,21,22,{"name":"group","origin":[11,3,4.12132],"color":0,"children":[23,24,25]},26]},{"name":"group","origin":[0,0,0],"color":0,"children":[27,28,29,30,31,32,33,34,35]}]}