{"credit":"MadewithBlockbench","texture_size":[128,128],"textures":{"2":"elitecreatures:chinese_furniture_v2/16_picture_texture","particle":"elitecreatures:chinese_furniture_v2/16_picture_texture"},"elements":[{"from":[-16,-16,14],"to":[16,-14,16],"faces":{"north":{"uv":[2,4.375,6,4.625],"texture":"#2"},"east":{"uv":[6,4.625,6.25,4.875],"texture":"#2"},"south":{"uv":[2,4.375,6,4.625],"texture":"#2"},"west":{"uv":[6,4.875,6.25,5.125],"texture":"#2"},"up":{"uv":[6,5.125,2,4.875],"texture":"#2"},"down":{"uv":[6,5.125,2,5.375],"texture":"#2"}}},{"from":[-16,21,14],"to":[16,23,16],"faces":{"north":{"uv":[2,5.375,6,5.625],"texture":"#2"},"east":{"uv":[6,5.125,6.25,5.375],"texture":"#2"},"south":{"uv":[2,5.375,6,5.625],"texture":"#2"},"west":{"uv":[6,5.375,6.25,5.625],"texture":"#2"},"up":{"uv":[6,6.125,2,5.875],"texture":"#2"},"down":{"uv":[10,4.375,6,4.625],"texture":"#2"}}},{"from":[14,-14,14],"to":[16,21,16],"faces":{"north":{"uv":[0,4.375,0.25,8.75],"texture":"#2"},"east":{"uv":[0.25,4.375,0.5,8.75],"texture":"#2"},"south":{"uv":[0.25,4.375,0,8.75],"texture":"#2"},"west":{"uv":[0.75,4.375,1,8.75],"texture":"#2"},"up":{"uv":[6.25,5.875,6,5.625],"texture":"#2"},"down":{"uv":[6.25,5.875,6,6.125],"texture":"#2"}}},{"from":[-16,-14,14],"to":[-14,21,16],"faces":{"north":{"uv":[1,4.375,1.25,8.75],"texture":"#2"},"east":{"uv":[1.25,4.375,1.5,8.75],"texture":"#2"},"south":{"uv":[1.25,4.375,1,8.75],"texture":"#2"},"west":{"uv":[1.75,4.375,2,8.75],"texture":"#2"},"up":{"uv":[2.25,6.375,2,6.125],"texture":"#2"},"down":{"uv":[2.5,6.125,2.25,6.375],"texture":"#2"}}},{"from":[-14,-14,15],"to":[14,21,15],"faces":{"north":{"uv":[0,0,3.5,4.375],"texture":"#2"},"east":{"uv":[0,0,0,4.375],"texture":"#2"},"south":{"uv":[3.5,0,0,4.375],"texture":"#2"},"west":{"uv":[0,0,0,4.375],"texture":"#2"},"up":{"uv":[3.5,0,0,0],"texture":"#2"},"down":{"uv":[3.5,0,0,0],"texture":"#2"}}}],"gui_light":"front","display":{"thirdperson_righthand":{"rotation":[67.5,0,0],"translation":[1.5,1.5,0],"scale":[0.17,0.17,0.17]},"thirdperson_lefthand":{"rotation":[67.5,0,0],"translation":[-1.25,1.5,0],"scale":[0.17,0.17,0.17]},"firstperson_righthand":{"translation":[3.5,4.5,0],"scale":[0.17586,0.17586,0.17586]},"firstperson_lefthand":{"translation":[0.75,4.5,0],"scale":[0.17586,0.17586,0.17586]},"ground":{"translation":[2,9,-2.25],"scale":[0.3,0.3,0.3]},"gui":{"rotation":[30,135,0],"translation":[-3.5,1.5,0],"scale":[0.33148,0.33148,0.33148]},"head":{"rotation":[0,180,0],"translation":[0,-30.4,0],"scale":[1.6,1.6,1.6]},"fixed":{"translation":[0,0,-16],"scale":[2,2,2]}}}