{"credit":"MadewithBlockbench","texture_size":[128,128],"textures":{"0":"easter_furniture:easter_texture_01","particle":"easter_furniture:easter_texture_01"},"elements":[{"from":[2.69658,-16,2.69658],"to":[16.69658,-6,16.69658],"rotation":{"angle":0,"axis":"y","origin":[9.69658,4.75329,8]},"faces":{"north":{"uv":[14.25,4.4375,16,5.6875],"texture":"#0"},"east":{"uv":[14.25,4.4375,16,5.6875],"texture":"#0"},"south":{"uv":[14.25,4.4375,16,5.6875],"texture":"#0"},"west":{"uv":[14.25,4.4375,16,5.6875],"texture":"#0"},"up":{"uv":[13.6875,10.3125,15.4375,12.0625],"rotation":270,"texture":"#0"},"down":{"uv":[13.6875,10.3125,15.4375,12.0625],"rotation":90,"texture":"#0"}}},{"from":[15.69658,-7,1.69658],"to":[17.69658,-4,17.69658],"rotation":{"angle":0,"axis":"y","origin":[9.69658,4.75329,8]},"faces":{"north":{"uv":[14.25,4.4375,14,4.8125],"texture":"#0"},"east":{"uv":[16,4.0625,14,4.4375],"texture":"#0"},"south":{"uv":[14,4.4375,14.25,4.8125],"texture":"#0"},"west":{"uv":[16,4.0625,14,4.4375],"texture":"#0"},"up":{"uv":[14,4.0625,16,3.8125],"rotation":270,"texture":"#0"},"down":{"uv":[14,4.0625,16,3.8125],"rotation":90,"texture":"#0"}}},{"from":[1.69658,-7,1.69658],"to":[3.69658,-4,17.69658],"rotation":{"angle":0,"axis":"y","origin":[9.69658,4.75329,8]},"faces":{"north":{"uv":[14,4.4375,14.25,4.8125],"texture":"#0"},"east":{"uv":[14,4.0625,16,4.4375],"texture":"#0"},"south":{"uv":[14.25,4.4375,14,4.8125],"texture":"#0"},"west":{"uv":[14,4.0625,16,4.4375],"texture":"#0"},"up":{"uv":[14,3.8125,16,4.0625],"rotation":270,"texture":"#0"},"down":{"uv":[14,3.8125,16,4.0625],"rotation":90,"texture":"#0"}}},{"from":[3.69658,-7,1.69658],"to":[15.69658,-4,3.69658],"rotation":{"angle":0,"axis":"y","origin":[9.69658,4.75329,8]},"faces":{"north":{"uv":[15.8125,4.0625,14.3125,4.4375],"texture":"#0"},"east":{"uv":[14.1875,4.625,13.9375,5],"texture":"#0"},"south":{"uv":[15.8125,4.0625,14.3125,4.4375],"texture":"#0"},"west":{"uv":[14.1875,4.625,13.9375,5],"texture":"#0"},"up":{"uv":[14.3125,4.0625,15.8125,3.8125],"rotation":180,"texture":"#0"},"down":{"uv":[14.3125,4.0625,15.8125,3.8125],"texture":"#0"}}},{"from":[3.69658,-7,15.69658],"to":[15.69658,-4,17.69658],"rotation":{"angle":0,"axis":"y","origin":[9.69658,4.75329,8]},"faces":{"north":{"uv":[14.3125,4.0625,15.8125,4.4375],"texture":"#0"},"east":{"uv":[13.9375,4.625,14.1875,5],"texture":"#0"},"south":{"uv":[14.3125,4.0625,15.8125,4.4375],"texture":"#0"},"west":{"uv":[13.9375,4.625,14.1875,5],"texture":"#0"},"up":{"uv":[14.3125,3.8125,15.8125,4.0625],"rotation":180,"texture":"#0"},"down":{"uv":[14.3125,3.8125,15.8125,4.0625],"texture":"#0"}}},{"from":[4.69658,1.17973,5.42721],"to":[14.69658,11.17973,15.42721],"rotation":{"angle":-22.5,"axis":"x","origin":[9.69658,4.75329,8]},"faces":{"north":{"uv":[0,7.3125,1.25,8.5625],"texture":"#0"},"east":{"uv":[0,7.3125,1.25,8.5625],"texture":"#0"},"south":{"uv":[0,7.3125,1.25,8.5625],"texture":"#0"},"west":{"uv":[0,7.3125,1.25,8.5625],"texture":"#0"},"up":{"uv":[0,7.3125,1.25,8.5625],"rotation":270,"texture":"#0"},"down":{"uv":[0,7.3125,1.25,8.5625],"rotation":90,"texture":"#0"}}},{"from":[5.69658,-1.82027,5.42721],"to":[13.69658,1.17973,15.42721],"rotation":{"angle":-22.5,"axis":"x","origin":[9.69658,4.75329,8]},"faces":{"north":{"uv":[0,7.3125,1,7.6875],"texture":"#0"},"east":{"uv":[0,7.3125,1.25,7.6875],"texture":"#0"},"south":{"uv":[0,7.3125,1,7.6875],"texture":"#0"},"west":{"uv":[0,7.3125,1.25,7.6875],"texture":"#0"},"up":{"uv":[0,7.3125,1.25,8.3125],"rotation":270,"texture":"#0"},"down":{"uv":[0,7.3125,1.25,8.3125],"rotation":90,"texture":"#0"}}},{"from":[7.69658,-2.32027,13.42721],"to":[11.69658,1.67973,17.42721],"rotation":{"angle":-22.5,"axis":"x","origin":[9.69658,4.75329,8]},"faces":{"north":{"uv":[0,7.3125,0.5,7.8125],"texture":"#0"},"east":{"uv":[0,7.3125,0.5,7.8125],"texture":"#0"},"south":{"uv":[0,7.3125,0.5,7.8125],"texture":"#0"},"west":{"uv":[0,7.3125,0.5,7.8125],"texture":"#0"},"up":{"uv":[0,7.3125,0.5,7.8125],"rotation":270,"texture":"#0"},"down":{"uv":[0,7.3125,0.5,7.8125],"rotation":90,"texture":"#0"}}},{"from":[3.69658,-2.94281,6.01589],"to":[8.69658,4.05719,13.01589],"rotation":{"angle":-22.5,"axis":"x","origin":[9.69658,4.75329,8]},"faces":{"north":{"uv":[0,7.3125,0.625,8.1875],"texture":"#0"},"east":{"uv":[0,7.3125,0.875,8.1875],"texture":"#0"},"south":{"uv":[0,7.3125,0.625,8.1875],"texture":"#0"},"west":{"uv":[0,7.3125,0.875,8.1875],"texture":"#0"},"up":{"uv":[0,7.3125,0.875,7.9375],"rotation":270,"texture":"#0"},"down":{"uv":[0,7.3125,0.875,7.9375],"rotation":90,"texture":"#0"}}},{"from":[3.59658,-4,3.69658],"to":[7.59658,-1,10.69658],"rotation":{"angle":0,"axis":"y","origin":[9.69658,4.75329,8]},"faces":{"north":{"uv":[0,7.3125,0.5,7.6875],"texture":"#0"},"east":{"uv":[0,7.3125,0.875,7.6875],"texture":"#0"},"south":{"uv":[0,7.3125,0.5,7.6875],"texture":"#0"},"west":{"uv":[0,7.3125,0.875,7.6875],"texture":"#0"},"up":{"uv":[0,7.3125,0.875,7.8125],"rotation":270,"texture":"#0"},"down":{"uv":[0,7.3125,0.875,7.8125],"rotation":90,"texture":"#0"}}},{"from":[10.69658,-2.94281,6.01589],"to":[15.69658,4.05719,13.01589],"rotation":{"angle":-22.5,"axis":"x","origin":[9.69658,4.75329,8]},"faces":{"north":{"uv":[0.625,7.3125,0,8.1875],"texture":"#0"},"east":{"uv":[0.875,7.3125,0,8.1875],"texture":"#0"},"south":{"uv":[0.625,7.3125,0,8.1875],"texture":"#0"},"west":{"uv":[0.875,7.3125,0,8.1875],"texture":"#0"},"up":{"uv":[0,7.9375,0.875,7.3125],"rotation":270,"texture":"#0"},"down":{"uv":[0,7.9375,0.875,7.3125],"rotation":90,"texture":"#0"}}},{"from":[11.79658,-4,3.69658],"to":[15.79658,-1,10.69658],"rotation":{"angle":0,"axis":"y","origin":[9.69658,4.75329,8]},"faces":{"north":{"uv":[0.5,7.3125,0,7.6875],"texture":"#0"},"east":{"uv":[0.875,7.3125,0,7.6875],"texture":"#0"},"south":{"uv":[0.5,7.3125,0,7.6875],"texture":"#0"},"west":{"uv":[0.875,7.3125,0,7.6875],"texture":"#0"},"up":{"uv":[0,7.8125,0.875,7.3125],"rotation":270,"texture":"#0"},"down":{"uv":[0,7.8125,0.875,7.3125],"rotation":90,"texture":"#0"}}},{"from":[3.69658,6,0.69658],"to":[6.69658,10,6.69658],"rotation":{"angle":0,"axis":"y","origin":[9.69658,4.75329,8]},"faces":{"north":{"uv":[0,7.3125,0.375,7.8125],"texture":"#0"},"east":{"uv":[0,7.3125,0.75,7.8125],"texture":"#0"},"south":{"uv":[0,7.3125,0.375,7.8125],"texture":"#0"},"west":{"uv":[0,7.3125,0.75,7.8125],"texture":"#0"},"up":{"uv":[0,7.3125,0.75,7.6875],"rotation":270,"texture":"#0"},"down":{"uv":[0,7.3125,0.75,7.6875],"rotation":90,"texture":"#0"}}},{"from":[4.69658,8,-2.30342],"to":[7.69658,11,0.69658],"rotation":{"angle":0,"axis":"y","origin":[9.69658,4.75329,8]},"faces":{"north":{"uv":[0,7.3125,0.375,7.6875],"texture":"#0"},"east":{"uv":[0,7.3125,0.375,7.6875],"texture":"#0"},"south":{"uv":[0,7.3125,0.375,7.6875],"texture":"#0"},"west":{"uv":[0,7.3125,0.375,7.6875],"texture":"#0"},"up":{"uv":[0,7.3125,0.375,7.6875],"rotation":270,"texture":"#0"},"down":{"uv":[0,7.3125,0.375,7.6875],"rotation":90,"texture":"#0"}}},{"from":[12.69658,6,0.69658],"to":[15.69658,10,6.69658],"rotation":{"angle":0,"axis":"y","origin":[9.69658,4.75329,8]},"faces":{"north":{"uv":[0.375,7.3125,0,7.8125],"texture":"#0"},"east":{"uv":[0.75,7.3125,0,7.8125],"texture":"#0"},"south":{"uv":[0.375,7.3125,0,7.8125],"texture":"#0"},"west":{"uv":[0.75,7.3125,0,7.8125],"texture":"#0"},"up":{"uv":[0,7.6875,0.75,7.3125],"rotation":270,"texture":"#0"},"down":{"uv":[0,7.6875,0.75,7.3125],"rotation":90,"texture":"#0"}}},{"from":[11.69658,8,-2.30342],"to":[14.69658,11,0.69658],"rotation":{"angle":0,"axis":"y","origin":[9.69658,4.75329,8]},"faces":{"north":{"uv":[0.375,7.3125,0,7.6875],"texture":"#0"},"east":{"uv":[0.375,7.3125,0,7.6875],"texture":"#0"},"south":{"uv":[0.375,7.3125,0,7.6875],"texture":"#0"},"west":{"uv":[0.375,7.3125,0,7.6875],"texture":"#0"},"up":{"uv":[0,7.6875,0.375,7.3125],"rotation":270,"texture":"#0"},"down":{"uv":[0,7.6875,0.375,7.3125],"rotation":90,"texture":"#0"}}},{"from":[5.69658,10.83644,-1.54619],"to":[13.69658,18.83644,7.45381],"rotation":{"angle":22.5,"axis":"x","origin":[9.69658,4.75329,8]},"faces":{"north":{"uv":[0,7.3125,1.25,8.5625],"texture":"#0"},"east":{"uv":[0,7.3125,1.25,8.5625],"texture":"#0"},"south":{"uv":[0,7.3125,1,8.3125],"texture":"#0"},"west":{"uv":[0,7.3125,1.25,8.5625],"texture":"#0"},"up":{"uv":[0,7.3125,1.125,8.3125],"rotation":270,"texture":"#0"},"down":{"uv":[0,7.3125,1.25,8.5625],"rotation":90,"texture":"#0"}}},{"from":[4.69658,14.79004,-1.74176],"to":[6.69658,23.79004,2.25824],"rotation":{"angle":45,"axis":"x","origin":[9.69658,4.75329,8]},"faces":{"north":{"uv":[0,7.3125,0.25,8.4375],"texture":"#0"},"east":{"uv":[0,7.3125,0.5,8.4375],"texture":"#0"},"south":{"uv":[0,7.3125,0.25,8.4375],"texture":"#0"},"west":{"uv":[0,7.3125,0.5,8.4375],"texture":"#0"},"up":{"uv":[0,7.3125,0.5,7.5625],"rotation":270,"texture":"#0"},"down":{"uv":[0,7.3125,0.5,7.5625],"rotation":90,"texture":"#0"}}},{"from":[12.69658,14.79004,-1.74176],"to":[14.69658,23.79004,2.25824],"rotation":{"angle":45,"axis":"x","origin":[9.69658,4.75329,8]},"faces":{"north":{"uv":[0.25,7.3125,0,8.4375],"texture":"#0"},"east":{"uv":[0.5,7.3125,0,8.4375],"texture":"#0"},"south":{"uv":[0.25,7.3125,0,8.4375],"texture":"#0"},"west":{"uv":[0.5,7.3125,0,8.4375],"texture":"#0"},"up":{"uv":[0,7.5625,0.5,7.3125],"rotation":270,"texture":"#0"},"down":{"uv":[0,7.5625,0.5,7.3125],"rotation":90,"texture":"#0"}}},{"from":[3.69658,-4.5,3.69658],"to":[15.69658,-4.5,15.69658],"rotation":{"angle":0,"axis":"y","origin":[9.69658,4.75329,8]},"faces":{"north":{"uv":[13.75,9.0625,15.25,9.0625],"texture":"#0"},"east":{"uv":[12,9.4375,13.5,9.4375],"texture":"#0"},"south":{"uv":[13.75,9.0625,15.25,9.0625],"texture":"#0"},"west":{"uv":[12,9.4375,13.5,9.4375],"texture":"#0"},"up":{"uv":[14.5,2.3125,16,3.8125],"rotation":270,"texture":"#0"},"down":{"uv":[14.5,2.3125,16,3.8125],"rotation":90,"texture":"#0"}}}],"gui_light":"front","display":{"thirdperson_righthand":{"rotation":[67.5,0,0],"translation":[0,4,4.5],"scale":[0.28711,0.28711,0.28711]},"thirdperson_lefthand":{"rotation":[67.5,0,0],"translation":[0,4,4.5],"scale":[0.28711,0.28711,0.28711]},"firstperson_righthand":{"translation":[0.5,8.25,0],"scale":[0.33945,0.33945,0.33945]},"firstperson_lefthand":{"translation":[0.5,8.25,0],"scale":[0.33945,0.33945,0.33945]},"ground":{"translation":[0,12,0],"scale":[0.4,0.4,0.4]},"gui":{"rotation":[30,135,0],"translation":[0.25,0.75,0],"scale":[0.3457,0.3457,0.3457]},"head":{"rotation":[0,-180,0],"translation":[2.75,-4.8,2.75],"scale":[1.6,1.6,1.6]},"fixed":{"rotation":[-90,0,0],"translation":[-3.345,-3.4,-48],"scale":[2,2,2]}}}