{"parent":"minecraft:item/handheld","textures":{"layer0":"minecraft:item/diamond_sword"},"overrides":[{"predicate":{"custom_model_data":10000},"model":"iasurvival:ia_auto_gen/rusteroth_sword"},{"predicate":{"custom_model_data":10001},"model":"iasurvival:ia_auto_gen/bloodnite_sword"},{"predicate":{"custom_model_data":10002},"model":"iasurvival:ia_auto_gen/emerald_sword"},{"predicate":{"custom_model_data":10003},"model":"iasurvival:ia_auto_gen/end_sword"},{"predicate":{"custom_model_data":10004},"model":"iaalchemy:ia_auto_gen/mysterious_sword"},{"predicate":{"custom_model_data":10005},"model":"iasurvival:ia_auto_gen/vyderlight_sword"},{"predicate":{"custom_model_data":10006},"model":"iasurvival:item/swords/firesword_sword"},{"predicate":{"custom_model_data":10007},"model":"iasurvival:ia_auto_gen/aqualight_sword"},{"predicate":{"custom_model_data":10008},"model":"iasurvival:ia_auto_gen/ruby_sword"},{"predicate":{"custom_model_data":10009},"model":"iasurvival:ia_auto_gen/bronze_sword"},{"predicate":{"custom_model_data":10010},"model":"iasurvival:ia_auto_gen/dark_amethyst_sword"},{"predicate":{"custom_model_data":10011},"model":"rpg_katanas:ia_auto_gen/katana1"},{"predicate":{"custom_model_data":10012},"model":"rpg_katanas:ia_auto_gen/katana2"},{"predicate":{"custom_model_data":10013},"model":"rpg_katanas:ia_auto_gen/katana3"},{"predicate":{"custom_model_data":10014},"model":"rpg_katanas:ia_auto_gen/katana4"},{"predicate":{"custom_model_data":10015},"model":"rpg_katanas:ia_auto_gen/katana5"},{"predicate":{"custom_model_data":10016},"model":"rpg_katanas:ia_auto_gen/katana6"},{"predicate":{"custom_model_data":10017},"model":"rpg_katanas:ia_auto_gen/katana7"},{"predicate":{"custom_model_data":10018},"model":"rpg_katanas:ia_auto_gen/katana8"},{"predicate":{"custom_model_data":10019},"model":"rpg_katanas:ia_auto_gen/katana9"},{"predicate":{"custom_model_data":10020},"model":"item/diamond_sword"}]}