{"credit":"MadewithBlockbench","textures":{"0":"merchant_pack:books","particle":"merchant_pack:books"},"elements":[{"from":[9.9,3.1,4.9],"to":[11,4.1,6],"faces":{"north":{"uv":[6.75,4.5,7.25,5],"texture":"#0"},"east":{"uv":[6.75,4.5,7.25,5],"texture":"#0"},"south":{"uv":[6.75,4.5,7.25,5],"texture":"#0"},"west":{"uv":[7,3.75,7.25,4],"texture":"#0"},"up":{"uv":[7.25,4.25,6.75,3.75],"texture":"#0"},"down":{"uv":[7.25,3.75,6.75,4.25],"texture":"#0"}}},{"from":[11,3.1,6],"to":[12.1,4.1,7],"faces":{"north":{"uv":[7,3.75,7.25,4],"texture":"#0"},"east":{"uv":[7.25,4.5,6.75,5],"texture":"#0"},"south":{"uv":[7,3.75,7.25,4],"texture":"#0"},"west":{"uv":[6.75,4.5,7.25,5],"texture":"#0"},"up":{"uv":[7.25,4.25,6.75,3.75],"texture":"#0"},"down":{"uv":[7.25,3.75,6.75,4.25],"texture":"#0"}}},{"from":[11,3.1,4.9],"to":[12.1,4.1,6],"faces":{"north":{"uv":[6.25,4.5,6.75,5],"texture":"#0"},"east":{"uv":[6.25,4.5,6.75,5],"texture":"#0"},"south":{"uv":[6.25,4.5,6.75,5],"texture":"#0"},"west":{"uv":[6.25,4.5,6.75,5],"texture":"#0"},"up":{"uv":[6.75,4.25,6.25,3.75],"texture":"#0"},"down":{"uv":[6.75,4.25,6.25,3.75],"texture":"#0"}}},{"from":[5,-0.1,4.9],"to":[6.1,0.9,6],"rotation":{"angle":0,"axis":"y","origin":[16,16,0]},"faces":{"north":{"uv":[7.25,5,6.75,4.5],"texture":"#0"},"east":{"uv":[7.25,4,7,3.75],"texture":"#0"},"south":{"uv":[7.25,5,6.75,4.5],"texture":"#0"},"west":{"uv":[7.25,5,6.75,4.5],"texture":"#0"},"up":{"uv":[6.75,4.25,7.25,3.75],"texture":"#0"},"down":{"uv":[6.75,3.75,7.25,4.25],"texture":"#0"}}},{"from":[3.9,-0.1,6],"to":[5,0.9,7],"rotation":{"angle":0,"axis":"y","origin":[16,16,0]},"faces":{"north":{"uv":[7.25,4,7,3.75],"texture":"#0"},"east":{"uv":[7.25,5,6.75,4.5],"texture":"#0"},"south":{"uv":[7.25,4,7,3.75],"texture":"#0"},"west":{"uv":[6.75,5,7.25,4.5],"texture":"#0"},"up":{"uv":[6.75,4.25,7.25,3.75],"texture":"#0"},"down":{"uv":[6.75,3.75,7.25,4.25],"texture":"#0"}}},{"from":[3.9,-0.1,4.9],"to":[5,0.9,6],"rotation":{"angle":0,"axis":"y","origin":[16,16,0]},"faces":{"north":{"uv":[6.75,5,6.25,4.5],"texture":"#0"},"east":{"uv":[6.75,5,6.25,4.5],"texture":"#0"},"south":{"uv":[6.75,5,6.25,4.5],"texture":"#0"},"west":{"uv":[6.75,5,6.25,4.5],"texture":"#0"},"up":{"uv":[6.25,3.75,6.75,4.25],"texture":"#0"},"down":{"uv":[6.25,3.75,6.75,4.25],"texture":"#0"}}},{"from":[9.9,-0.1,4.9],"to":[11,0.9,6],"rotation":{"angle":0,"axis":"y","origin":[0,16,0]},"faces":{"north":{"uv":[6.75,5,7.25,4.5],"texture":"#0"},"east":{"uv":[6.75,5,7.25,4.5],"texture":"#0"},"south":{"uv":[6.75,5,7.25,4.5],"texture":"#0"},"west":{"uv":[7,4,7.25,3.75],"texture":"#0"},"up":{"uv":[7.25,4.25,6.75,3.75],"texture":"#0"},"down":{"uv":[7.25,3.75,6.75,4.25],"texture":"#0"}}},{"from":[11,-0.1,6],"to":[12.1,0.9,7],"rotation":{"angle":0,"axis":"y","origin":[0,16,0]},"faces":{"north":{"uv":[7,4,7.25,3.75],"texture":"#0"},"east":{"uv":[7.25,5,6.75,4.5],"texture":"#0"},"south":{"uv":[7,4,7.25,3.75],"texture":"#0"},"west":{"uv":[6.75,5,7.25,4.5],"texture":"#0"},"up":{"uv":[7.25,4.25,6.75,3.75],"texture":"#0"},"down":{"uv":[7.25,3.75,6.75,4.25],"texture":"#0"}}},{"from":[11,-0.1,4.9],"to":[12.1,0.9,6],"rotation":{"angle":0,"axis":"y","origin":[0,16,0]},"faces":{"north":{"uv":[6.25,5,6.75,4.5],"texture":"#0"},"east":{"uv":[6.25,5,6.75,4.5],"texture":"#0"},"south":{"uv":[6.25,5,6.75,4.5],"texture":"#0"},"west":{"uv":[6.25,5,6.75,4.5],"texture":"#0"},"up":{"uv":[6.75,3.75,6.25,4.25],"texture":"#0"},"down":{"uv":[6.75,3.75,6.25,4.25],"texture":"#0"}}},{"from":[5,3.1,4.9],"to":[6.1,4.1,6],"rotation":{"angle":0,"axis":"y","origin":[16,0,0]},"faces":{"north":{"uv":[7.25,4.5,6.75,5],"texture":"#0"},"east":{"uv":[7.25,3.75,7,4],"texture":"#0"},"south":{"uv":[7.25,4.5,6.75,5],"texture":"#0"},"west":{"uv":[7.25,4.5,6.75,5],"texture":"#0"},"up":{"uv":[6.75,4.25,7.25,3.75],"texture":"#0"},"down":{"uv":[6.75,3.75,7.25,4.25],"texture":"#0"}}},{"from":[3.9,3.1,6],"to":[5,4.1,7],"rotation":{"angle":0,"axis":"y","origin":[16,0,0]},"faces":{"north":{"uv":[7.25,3.75,7,4],"texture":"#0"},"east":{"uv":[7.25,4.5,6.75,5],"texture":"#0"},"south":{"uv":[7.25,3.75,7,4],"texture":"#0"},"west":{"uv":[6.75,4.5,7.25,5],"texture":"#0"},"up":{"uv":[6.75,4.25,7.25,3.75],"texture":"#0"},"down":{"uv":[6.75,3.75,7.25,4.25],"texture":"#0"}}},{"from":[3.9,3.1,4.9],"to":[5,4.1,6],"rotation":{"angle":0,"axis":"y","origin":[16,0,0]},"faces":{"north":{"uv":[6.75,4.5,6.25,5],"texture":"#0"},"east":{"uv":[6.75,4.5,6.25,5],"texture":"#0"},"south":{"uv":[6.75,4.5,6.25,5],"texture":"#0"},"west":{"uv":[6.75,4.5,6.25,5],"texture":"#0"},"up":{"uv":[6.25,4.25,6.75,3.75],"texture":"#0"},"down":{"uv":[6.25,4.25,6.75,3.75],"texture":"#0"}}},{"from":[9.9,3.1,15],"to":[11,4.1,16.1],"rotation":{"angle":0,"axis":"y","origin":[0,0,16]},"faces":{"north":{"uv":[7.25,4.5,6.75,5],"texture":"#0"},"east":{"uv":[7.25,4.5,6.75,5],"texture":"#0"},"south":{"uv":[7.25,4.5,6.75,5],"texture":"#0"},"west":{"uv":[7.25,3.75,7,4],"texture":"#0"},"up":{"uv":[7.25,3.75,6.75,4.25],"texture":"#0"},"down":{"uv":[7.25,4.25,6.75,3.75],"texture":"#0"}}},{"from":[11,3.1,14],"to":[12.1,4.1,15],"rotation":{"angle":0,"axis":"y","origin":[0,0,16]},"faces":{"north":{"uv":[7.25,3.75,7,4],"texture":"#0"},"east":{"uv":[6.75,4.5,7.25,5],"texture":"#0"},"south":{"uv":[7.25,3.75,7,4],"texture":"#0"},"west":{"uv":[7.25,4.5,6.75,5],"texture":"#0"},"up":{"uv":[7.25,3.75,6.75,4.25],"texture":"#0"},"down":{"uv":[7.25,4.25,6.75,3.75],"texture":"#0"}}},{"from":[11,3.1,15],"to":[12.1,4.1,16.1],"rotation":{"angle":0,"axis":"y","origin":[0,0,16]},"faces":{"north":{"uv":[6.75,4.5,6.25,5],"texture":"#0"},"east":{"uv":[6.75,4.5,6.25,5],"texture":"#0"},"south":{"uv":[6.75,4.5,6.25,5],"texture":"#0"},"west":{"uv":[6.75,4.5,6.25,5],"texture":"#0"},"up":{"uv":[6.75,3.75,6.25,4.25],"texture":"#0"},"down":{"uv":[6.75,3.75,6.25,4.25],"texture":"#0"}}},{"from":[5,-0.1,15],"to":[6.1,0.9,16.1],"rotation":{"angle":0,"axis":"y","origin":[16,16,16]},"faces":{"north":{"uv":[6.75,5,7.25,4.5],"texture":"#0"},"east":{"uv":[7,4,7.25,3.75],"texture":"#0"},"south":{"uv":[6.75,5,7.25,4.5],"texture":"#0"},"west":{"uv":[6.75,5,7.25,4.5],"texture":"#0"},"up":{"uv":[6.75,3.75,7.25,4.25],"texture":"#0"},"down":{"uv":[6.75,4.25,7.25,3.75],"texture":"#0"}}},{"from":[3.9,-0.1,14],"to":[5,0.9,15],"rotation":{"angle":0,"axis":"y","origin":[16,16,16]},"faces":{"north":{"uv":[7,4,7.25,3.75],"texture":"#0"},"east":{"uv":[6.75,5,7.25,4.5],"texture":"#0"},"south":{"uv":[7,4,7.25,3.75],"texture":"#0"},"west":{"uv":[7.25,5,6.75,4.5],"texture":"#0"},"up":{"uv":[6.75,3.75,7.25,4.25],"texture":"#0"},"down":{"uv":[6.75,4.25,7.25,3.75],"texture":"#0"}}},{"from":[3.9,-0.1,15],"to":[5,0.9,16.1],"rotation":{"angle":0,"axis":"y","origin":[16,16,16]},"faces":{"north":{"uv":[6.25,5,6.75,4.5],"texture":"#0"},"east":{"uv":[6.25,5,6.75,4.5],"texture":"#0"},"south":{"uv":[6.25,5,6.75,4.5],"texture":"#0"},"west":{"uv":[6.25,5,6.75,4.5],"texture":"#0"},"up":{"uv":[6.25,4.25,6.75,3.75],"texture":"#0"},"down":{"uv":[6.25,4.25,6.75,3.75],"texture":"#0"}}},{"from":[9.9,-0.1,15],"to":[11,0.9,16.1],"rotation":{"angle":0,"axis":"y","origin":[0,16,16]},"faces":{"north":{"uv":[7.25,5,6.75,4.5],"texture":"#0"},"east":{"uv":[7.25,5,6.75,4.5],"texture":"#0"},"south":{"uv":[7.25,5,6.75,4.5],"texture":"#0"},"west":{"uv":[7.25,4,7,3.75],"texture":"#0"},"up":{"uv":[7.25,3.75,6.75,4.25],"texture":"#0"},"down":{"uv":[7.25,4.25,6.75,3.75],"texture":"#0"}}},{"from":[11,-0.1,14],"to":[12.1,0.9,15],"rotation":{"angle":0,"axis":"y","origin":[0,16,16]},"faces":{"north":{"uv":[7.25,4,7,3.75],"texture":"#0"},"east":{"uv":[6.75,5,7.25,4.5],"texture":"#0"},"south":{"uv":[7.25,4,7,3.75],"texture":"#0"},"west":{"uv":[7.25,5,6.75,4.5],"texture":"#0"},"up":{"uv":[7.25,3.75,6.75,4.25],"texture":"#0"},"down":{"uv":[7.25,4.25,6.75,3.75],"texture":"#0"}}},{"from":[11,-0.1,15],"to":[12.1,0.9,16.1],"rotation":{"angle":0,"axis":"y","origin":[0,16,16]},"faces":{"north":{"uv":[6.75,5,6.25,4.5],"texture":"#0"},"east":{"uv":[6.75,5,6.25,4.5],"texture":"#0"},"south":{"uv":[6.75,5,6.25,4.5],"texture":"#0"},"west":{"uv":[6.75,5,6.25,4.5],"texture":"#0"},"up":{"uv":[6.75,4.25,6.25,3.75],"texture":"#0"},"down":{"uv":[6.75,4.25,6.25,3.75],"texture":"#0"}}},{"from":[5,3.1,15],"to":[6.1,4.1,16.1],"rotation":{"angle":0,"axis":"y","origin":[16,0,16]},"faces":{"north":{"uv":[6.75,4.5,7.25,5],"texture":"#0"},"east":{"uv":[7,3.75,7.25,4],"texture":"#0"},"south":{"uv":[6.75,4.5,7.25,5],"texture":"#0"},"west":{"uv":[6.75,4.5,7.25,5],"texture":"#0"},"up":{"uv":[6.75,3.75,7.25,4.25],"texture":"#0"},"down":{"uv":[6.75,4.25,7.25,3.75],"texture":"#0"}}},{"from":[3.9,3.1,14],"to":[5,4.1,15],"rotation":{"angle":0,"axis":"y","origin":[16,0,16]},"faces":{"north":{"uv":[7,3.75,7.25,4],"texture":"#0"},"east":{"uv":[6.75,4.5,7.25,5],"texture":"#0"},"south":{"uv":[7,3.75,7.25,4],"texture":"#0"},"west":{"uv":[7.25,4.5,6.75,5],"texture":"#0"},"up":{"uv":[6.75,3.75,7.25,4.25],"texture":"#0"},"down":{"uv":[6.75,4.25,7.25,3.75],"texture":"#0"}}},{"from":[3.9,3.1,15],"to":[5,4.1,16.1],"rotation":{"angle":0,"axis":"y","origin":[16,0,16]},"faces":{"north":{"uv":[6.25,4.5,6.75,5],"texture":"#0"},"east":{"uv":[6.25,4.5,6.75,5],"texture":"#0"},"south":{"uv":[6.25,4.5,6.75,5],"texture":"#0"},"west":{"uv":[6.25,4.5,6.75,5],"texture":"#0"},"up":{"uv":[6.25,3.75,6.75,4.25],"texture":"#0"},"down":{"uv":[6.25,3.75,6.75,4.25],"texture":"#0"}}},{"from":[11,1,5],"to":[12,3,16],"faces":{"north":{"uv":[14.8,9.75,14.3,10.2],"rotation":90,"texture":"#0"},"east":{"uv":[10.55,6.75,10.05,10.2],"rotation":90,"texture":"#0"},"south":{"uv":[14.8,9.75,14.3,10.2],"rotation":90,"texture":"#0"},"west":{"uv":[10.8,9.75,10.3,10.2],"rotation":90,"texture":"#0"},"up":{"uv":[1.725,11.225,1.25,14],"texture":"#0"},"down":{"uv":[1.725,11.225,1.25,14],"texture":"#0"}}},{"from":[4.2,1,5.2],"to":[11,3,15.8],"rotation":{"angle":0,"axis":"y","origin":[0,0.1,0.4]},"faces":{"north":{"uv":[7.75,16,9.525,15],"texture":"#0"},"east":{"uv":[0.25,11,1.5,14],"rotation":90,"texture":"#0"},"south":{"uv":[9.525,16,7.75,15],"texture":"#0"},"west":{"uv":[11,16,8.25,15],"texture":"#0"},"up":{"uv":[9.725,14.975,9.25,15.5],"texture":"#0"},"down":{"uv":[9.725,14.975,9.25,15.5],"texture":"#0"}}},{"from":[4,3,5],"to":[12,4,16],"faces":{"north":{"uv":[14.05,7.75,16,8.25],"texture":"#0"},"east":{"uv":[14.05,7.75,16,8.25],"texture":"#0"},"south":{"uv":[14.05,7.775,16,8.225],"texture":"#0"},"west":{"uv":[14.05,7.75,16,8.25],"texture":"#0"},"up":{"uv":[16,8.525,14.025,11.25],"texture":"#0"},"down":{"uv":[16,8.525,14.025,11.25],"texture":"#0"}}},{"from":[4,0,5],"to":[12,1,16],"faces":{"north":{"uv":[14.05,8.25,16,7.75],"texture":"#0"},"east":{"uv":[14.05,8.25,16,7.75],"texture":"#0"},"south":{"uv":[14.05,8.25,16,7.75],"texture":"#0"},"west":{"uv":[14.05,8.25,16,7.75],"texture":"#0"},"up":{"uv":[16,8.525,14.025,11.25],"texture":"#0"},"down":{"uv":[16,8.525,14.025,11.25],"texture":"#0"}}},{"from":[5,-0.2,6],"to":[11,0,16],"faces":{"north":{"uv":[16,8.25,14.5,8],"texture":"#0"},"east":{"uv":[16,8.25,14.5,8],"texture":"#0"},"south":{"uv":[16,8.25,14.5,8],"texture":"#0"},"west":{"uv":[16,8.25,14.5,8],"texture":"#0"},"up":{"uv":[13.975,11.25,11,6.75],"texture":"#0"},"down":{"uv":[13.975,6.75,11,11.25],"texture":"#0"}}},{"from":[5,4,6],"to":[11,4.2,15],"faces":{"north":{"uv":[16,8.25,14.5,8],"texture":"#0"},"east":{"uv":[16,8.25,14.5,8],"texture":"#0"},"south":{"uv":[16,8.25,14.5,8],"texture":"#0"},"west":{"uv":[16,8.25,14.5,8],"texture":"#0"},"up":{"uv":[13.975,11.25,11,6.75],"texture":"#0"},"down":{"uv":[13.975,11.25,11,6.75],"texture":"#0"}}},{"from":[10.9,7.3,4.9],"to":[12,8.3,6],"faces":{"north":{"uv":[6.75,4.5,7.25,5],"texture":"#0"},"east":{"uv":[6.75,4.5,7.25,5],"texture":"#0"},"south":{"uv":[6.75,4.5,7.25,5],"texture":"#0"},"west":{"uv":[7,3.75,7.25,4],"texture":"#0"},"up":{"uv":[7.25,4.25,6.75,3.75],"texture":"#0"},"down":{"uv":[7.25,3.75,6.75,4.25],"texture":"#0"}}},{"from":[12,7.3,6],"to":[13.1,8.3,7],"faces":{"north":{"uv":[7,3.75,7.25,4],"texture":"#0"},"east":{"uv":[7.25,4.5,6.75,5],"texture":"#0"},"south":{"uv":[7,3.75,7.25,4],"texture":"#0"},"west":{"uv":[6.75,4.5,7.25,5],"texture":"#0"},"up":{"uv":[7.25,4.25,6.75,3.75],"texture":"#0"},"down":{"uv":[7.25,3.75,6.75,4.25],"texture":"#0"}}},{"from":[12,7.3,4.9],"to":[13.1,8.3,6],"faces":{"north":{"uv":[6.25,4.5,6.75,5],"texture":"#0"},"east":{"uv":[6.25,4.5,6.75,5],"texture":"#0"},"south":{"uv":[6.25,4.5,6.75,5],"texture":"#0"},"west":{"uv":[6.25,4.5,6.75,5],"texture":"#0"},"up":{"uv":[6.75,4.25,6.25,3.75],"texture":"#0"},"down":{"uv":[6.75,4.25,6.25,3.75],"texture":"#0"}}},{"from":[6,4.1,4.9],"to":[7.1,5.1,6],"rotation":{"angle":0,"axis":"y","origin":[16,16,0]},"faces":{"north":{"uv":[7.25,5,6.75,4.5],"texture":"#0"},"east":{"uv":[7.25,4,7,3.75],"texture":"#0"},"south":{"uv":[7.25,5,6.75,4.5],"texture":"#0"},"west":{"uv":[7.25,5,6.75,4.5],"texture":"#0"},"up":{"uv":[6.75,4.25,7.25,3.75],"texture":"#0"},"down":{"uv":[6.75,3.75,7.25,4.25],"texture":"#0"}}},{"from":[4.9,4.1,6],"to":[6,5.1,7],"rotation":{"angle":0,"axis":"y","origin":[16,16,0]},"faces":{"north":{"uv":[7.25,4,7,3.75],"texture":"#0"},"east":{"uv":[7.25,5,6.75,4.5],"texture":"#0"},"south":{"uv":[7.25,4,7,3.75],"texture":"#0"},"west":{"uv":[6.75,5,7.25,4.5],"texture":"#0"},"up":{"uv":[6.75,4.25,7.25,3.75],"texture":"#0"},"down":{"uv":[6.75,3.75,7.25,4.25],"texture":"#0"}}},{"from":[4.9,4.1,4.9],"to":[6,5.1,6],"rotation":{"angle":0,"axis":"y","origin":[16,16,0]},"faces":{"north":{"uv":[6.75,5,6.25,4.5],"texture":"#0"},"east":{"uv":[6.75,5,6.25,4.5],"texture":"#0"},"south":{"uv":[6.75,5,6.25,4.5],"texture":"#0"},"west":{"uv":[6.75,5,6.25,4.5],"texture":"#0"},"up":{"uv":[6.25,3.75,6.75,4.25],"texture":"#0"},"down":{"uv":[6.25,3.75,6.75,4.25],"texture":"#0"}}},{"from":[10.9,4.1,4.9],"to":[12,5.1,6],"rotation":{"angle":0,"axis":"y","origin":[0,16,0]},"faces":{"north":{"uv":[6.75,5,7.25,4.5],"texture":"#0"},"east":{"uv":[6.75,5,7.25,4.5],"texture":"#0"},"south":{"uv":[6.75,5,7.25,4.5],"texture":"#0"},"west":{"uv":[7,4,7.25,3.75],"texture":"#0"},"up":{"uv":[7.25,4.25,6.75,3.75],"texture":"#0"},"down":{"uv":[7.25,3.75,6.75,4.25],"texture":"#0"}}},{"from":[12,4.1,6],"to":[13.1,5.1,7],"rotation":{"angle":0,"axis":"y","origin":[0,16,0]},"faces":{"north":{"uv":[7,4,7.25,3.75],"texture":"#0"},"east":{"uv":[7.25,5,6.75,4.5],"texture":"#0"},"south":{"uv":[7,4,7.25,3.75],"texture":"#0"},"west":{"uv":[6.75,5,7.25,4.5],"texture":"#0"},"up":{"uv":[7.25,4.25,6.75,3.75],"texture":"#0"},"down":{"uv":[7.25,3.75,6.75,4.25],"texture":"#0"}}},{"from":[12,4.1,4.9],"to":[13.1,5.1,6],"rotation":{"angle":0,"axis":"y","origin":[0,16,0]},"faces":{"north":{"uv":[6.25,5,6.75,4.5],"texture":"#0"},"east":{"uv":[6.25,5,6.75,4.5],"texture":"#0"},"south":{"uv":[6.25,5,6.75,4.5],"texture":"#0"},"west":{"uv":[6.25,5,6.75,4.5],"texture":"#0"},"up":{"uv":[6.75,3.75,6.25,4.25],"texture":"#0"},"down":{"uv":[6.75,3.75,6.25,4.25],"texture":"#0"}}},{"from":[6,7.3,4.9],"to":[7.1,8.3,6],"rotation":{"angle":0,"axis":"y","origin":[16,0,0]},"faces":{"north":{"uv":[7.25,4.5,6.75,5],"texture":"#0"},"east":{"uv":[7.25,3.75,7,4],"texture":"#0"},"south":{"uv":[7.25,4.5,6.75,5],"texture":"#0"},"west":{"uv":[7.25,4.5,6.75,5],"texture":"#0"},"up":{"uv":[6.75,4.25,7.25,3.75],"texture":"#0"},"down":{"uv":[6.75,3.75,7.25,4.25],"texture":"#0"}}},{"from":[4.9,7.3,6],"to":[6,8.3,7],"rotation":{"angle":0,"axis":"y","origin":[16,0,0]},"faces":{"north":{"uv":[7.25,3.75,7,4],"texture":"#0"},"east":{"uv":[7.25,4.5,6.75,5],"texture":"#0"},"south":{"uv":[7.25,3.75,7,4],"texture":"#0"},"west":{"uv":[6.75,4.5,7.25,5],"texture":"#0"},"up":{"uv":[6.75,4.25,7.25,3.75],"texture":"#0"},"down":{"uv":[6.75,3.75,7.25,4.25],"texture":"#0"}}},{"from":[4.9,7.3,4.9],"to":[6,8.3,6],"rotation":{"angle":0,"axis":"y","origin":[16,0,0]},"faces":{"north":{"uv":[6.75,4.5,6.25,5],"texture":"#0"},"east":{"uv":[6.75,4.5,6.25,5],"texture":"#0"},"south":{"uv":[6.75,4.5,6.25,5],"texture":"#0"},"west":{"uv":[6.75,4.5,6.25,5],"texture":"#0"},"up":{"uv":[6.25,4.25,6.75,3.75],"texture":"#0"},"down":{"uv":[6.25,4.25,6.75,3.75],"texture":"#0"}}},{"from":[10.9,7.3,15],"to":[12,8.3,16.1],"rotation":{"angle":0,"axis":"y","origin":[0,0,16]},"faces":{"north":{"uv":[7.25,4.5,6.75,5],"texture":"#0"},"east":{"uv":[7.25,4.5,6.75,5],"texture":"#0"},"south":{"uv":[7.25,4.5,6.75,5],"texture":"#0"},"west":{"uv":[7.25,3.75,7,4],"texture":"#0"},"up":{"uv":[7.25,3.75,6.75,4.25],"texture":"#0"},"down":{"uv":[7.25,4.25,6.75,3.75],"texture":"#0"}}},{"from":[12,7.3,14],"to":[13.1,8.3,15],"rotation":{"angle":0,"axis":"y","origin":[0,0,16]},"faces":{"north":{"uv":[7.25,3.75,7,4],"texture":"#0"},"east":{"uv":[6.75,4.5,7.25,5],"texture":"#0"},"south":{"uv":[7.25,3.75,7,4],"texture":"#0"},"west":{"uv":[7.25,4.5,6.75,5],"texture":"#0"},"up":{"uv":[7.25,3.75,6.75,4.25],"texture":"#0"},"down":{"uv":[7.25,4.25,6.75,3.75],"texture":"#0"}}},{"from":[12,7.3,15],"to":[13.1,8.3,16.1],"rotation":{"angle":0,"axis":"y","origin":[0,0,16]},"faces":{"north":{"uv":[6.75,4.5,6.25,5],"texture":"#0"},"east":{"uv":[6.75,4.5,6.25,5],"texture":"#0"},"south":{"uv":[6.75,4.5,6.25,5],"texture":"#0"},"west":{"uv":[6.75,4.5,6.25,5],"texture":"#0"},"up":{"uv":[6.75,3.75,6.25,4.25],"texture":"#0"},"down":{"uv":[6.75,3.75,6.25,4.25],"texture":"#0"}}},{"from":[6,4.1,15],"to":[7.1,5.1,16.1],"rotation":{"angle":0,"axis":"y","origin":[16,16,16]},"faces":{"north":{"uv":[6.75,5,7.25,4.5],"texture":"#0"},"east":{"uv":[7,4,7.25,3.75],"texture":"#0"},"south":{"uv":[6.75,5,7.25,4.5],"texture":"#0"},"west":{"uv":[6.75,5,7.25,4.5],"texture":"#0"},"up":{"uv":[6.75,3.75,7.25,4.25],"texture":"#0"},"down":{"uv":[6.75,4.25,7.25,3.75],"texture":"#0"}}},{"from":[4.9,4.1,14],"to":[6,5.1,15],"rotation":{"angle":0,"axis":"y","origin":[16,16,16]},"faces":{"north":{"uv":[7,4,7.25,3.75],"texture":"#0"},"east":{"uv":[6.75,5,7.25,4.5],"texture":"#0"},"south":{"uv":[7,4,7.25,3.75],"texture":"#0"},"west":{"uv":[7.25,5,6.75,4.5],"texture":"#0"},"up":{"uv":[6.75,3.75,7.25,4.25],"texture":"#0"},"down":{"uv":[6.75,4.25,7.25,3.75],"texture":"#0"}}},{"from":[4.9,4.1,15],"to":[6,5.1,16.1],"rotation":{"angle":0,"axis":"y","origin":[16,16,16]},"faces":{"north":{"uv":[6.25,5,6.75,4.5],"texture":"#0"},"east":{"uv":[6.25,5,6.75,4.5],"texture":"#0"},"south":{"uv":[6.25,5,6.75,4.5],"texture":"#0"},"west":{"uv":[6.25,5,6.75,4.5],"texture":"#0"},"up":{"uv":[6.25,4.25,6.75,3.75],"texture":"#0"},"down":{"uv":[6.25,4.25,6.75,3.75],"texture":"#0"}}},{"from":[10.9,4.1,15],"to":[12,5.1,16.1],"rotation":{"angle":0,"axis":"y","origin":[0,16,16]},"faces":{"north":{"uv":[7.25,5,6.75,4.5],"texture":"#0"},"east":{"uv":[7.25,5,6.75,4.5],"texture":"#0"},"south":{"uv":[7.25,5,6.75,4.5],"texture":"#0"},"west":{"uv":[7.25,4,7,3.75],"texture":"#0"},"up":{"uv":[7.25,3.75,6.75,4.25],"texture":"#0"},"down":{"uv":[7.25,4.25,6.75,3.75],"texture":"#0"}}},{"from":[12,4.1,14],"to":[13.1,5.1,15],"rotation":{"angle":0,"axis":"y","origin":[0,16,16]},"faces":{"north":{"uv":[7.25,4,7,3.75],"texture":"#0"},"east":{"uv":[6.75,5,7.25,4.5],"texture":"#0"},"south":{"uv":[7.25,4,7,3.75],"texture":"#0"},"west":{"uv":[7.25,5,6.75,4.5],"texture":"#0"},"up":{"uv":[7.25,3.75,6.75,4.25],"texture":"#0"},"down":{"uv":[7.25,4.25,6.75,3.75],"texture":"#0"}}},{"from":[12,4.1,15],"to":[13.1,5.1,16.1],"rotation":{"angle":0,"axis":"y","origin":[0,16,16]},"faces":{"north":{"uv":[6.75,5,6.25,4.5],"texture":"#0"},"east":{"uv":[6.75,5,6.25,4.5],"texture":"#0"},"south":{"uv":[6.75,5,6.25,4.5],"texture":"#0"},"west":{"uv":[6.75,5,6.25,4.5],"texture":"#0"},"up":{"uv":[6.75,4.25,6.25,3.75],"texture":"#0"},"down":{"uv":[6.75,4.25,6.25,3.75],"texture":"#0"}}},{"from":[6,7.3,15],"to":[7.1,8.3,16.1],"rotation":{"angle":0,"axis":"y","origin":[16,0,16]},"faces":{"north":{"uv":[6.75,4.5,7.25,5],"texture":"#0"},"east":{"uv":[7,3.75,7.25,4],"texture":"#0"},"south":{"uv":[6.75,4.5,7.25,5],"texture":"#0"},"west":{"uv":[6.75,4.5,7.25,5],"texture":"#0"},"up":{"uv":[6.75,3.75,7.25,4.25],"texture":"#0"},"down":{"uv":[6.75,4.25,7.25,3.75],"texture":"#0"}}},{"from":[4.9,7.3,14],"to":[6,8.3,15],"rotation":{"angle":0,"axis":"y","origin":[16,0,16]},"faces":{"north":{"uv":[7,3.75,7.25,4],"texture":"#0"},"east":{"uv":[6.75,4.5,7.25,5],"texture":"#0"},"south":{"uv":[7,3.75,7.25,4],"texture":"#0"},"west":{"uv":[7.25,4.5,6.75,5],"texture":"#0"},"up":{"uv":[6.75,3.75,7.25,4.25],"texture":"#0"},"down":{"uv":[6.75,4.25,7.25,3.75],"texture":"#0"}}},{"from":[4.9,7.3,15],"to":[6,8.3,16.1],"rotation":{"angle":0,"axis":"y","origin":[16,0,16]},"faces":{"north":{"uv":[6.25,4.5,6.75,5],"texture":"#0"},"east":{"uv":[6.25,4.5,6.75,5],"texture":"#0"},"south":{"uv":[6.25,4.5,6.75,5],"texture":"#0"},"west":{"uv":[6.25,4.5,6.75,5],"texture":"#0"},"up":{"uv":[6.25,3.75,6.75,4.25],"texture":"#0"},"down":{"uv":[6.25,3.75,6.75,4.25],"texture":"#0"}}},{"from":[12,5.2,5],"to":[13,7.2,16],"faces":{"north":{"uv":[14.8,9.75,14.3,10.2],"rotation":90,"texture":"#0"},"east":{"uv":[10.55,6.75,10.05,10.2],"rotation":90,"texture":"#0"},"south":{"uv":[14.8,9.75,14.3,10.2],"rotation":90,"texture":"#0"},"west":{"uv":[10.8,9.75,10.3,10.2],"rotation":90,"texture":"#0"},"up":{"uv":[1.725,11.225,1.25,14],"texture":"#0"},"down":{"uv":[1.725,11.225,1.25,14],"texture":"#0"}}},{"from":[5.2,5.2,5.2],"to":[12,7.2,15.8],"rotation":{"angle":0,"axis":"y","origin":[0,0.1,0.4]},"faces":{"north":{"uv":[7.75,16,9.525,15],"texture":"#0"},"east":{"uv":[0.25,11,1.5,14],"rotation":90,"texture":"#0"},"south":{"uv":[9.525,16,7.75,15],"texture":"#0"},"west":{"uv":[11,16,8.25,15],"texture":"#0"},"up":{"uv":[9.725,14.975,9.25,15.5],"texture":"#0"},"down":{"uv":[9.725,14.975,9.25,15.5],"texture":"#0"}}},{"from":[5,7.2,5],"to":[13,8.2,16],"faces":{"north":{"uv":[14.05,7.75,16,8.25],"texture":"#0"},"east":{"uv":[14.05,7.75,16,8.25],"texture":"#0"},"south":{"uv":[14.05,7.775,16,8.225],"texture":"#0"},"west":{"uv":[14.05,7.75,16,8.25],"texture":"#0"},"up":{"uv":[16,8.525,14.025,11.25],"texture":"#0"},"down":{"uv":[16,8.525,14.025,11.25],"texture":"#0"}}},{"from":[5,4.2,5],"to":[13,5.2,16],"faces":{"north":{"uv":[14.05,8.25,16,7.75],"texture":"#0"},"east":{"uv":[14.05,8.25,16,7.75],"texture":"#0"},"south":{"uv":[14.05,8.25,16,7.75],"texture":"#0"},"west":{"uv":[14.05,8.25,16,7.75],"texture":"#0"},"up":{"uv":[16,8.525,14.025,11.25],"texture":"#0"},"down":{"uv":[16,8.525,14.025,11.25],"texture":"#0"}}},{"from":[6,4,6],"to":[12,4.2,16],"faces":{"north":{"uv":[16,8.25,14.5,8],"texture":"#0"},"east":{"uv":[16,8.25,14.5,8],"texture":"#0"},"south":{"uv":[16,8.25,14.5,8],"texture":"#0"},"west":{"uv":[16,8.25,14.5,8],"texture":"#0"},"up":{"uv":[13.975,11.25,11,6.75],"texture":"#0"},"down":{"uv":[13.975,6.75,11,11.25],"texture":"#0"}}},{"from":[6,8.2,6],"to":[12,8.4,15],"faces":{"north":{"uv":[16,8.25,14.5,8],"texture":"#0"},"east":{"uv":[16,8.25,14.5,8],"texture":"#0"},"south":{"uv":[16,8.25,14.5,8],"texture":"#0"},"west":{"uv":[16,8.25,14.5,8],"texture":"#0"},"up":{"uv":[13.975,11.25,11,6.75],"texture":"#0"},"down":{"uv":[13.975,11.25,11,6.75],"texture":"#0"}}},{"from":[9.9,1.2,-1.6],"to":[11,2.3,-0.6],"rotation":{"angle":22.5,"axis":"x","origin":[8,4.4,-1.5]},"faces":{"north":{"uv":[7.25,4.25,6.75,3.75],"rotation":180,"texture":"#0"},"east":{"uv":[6.75,4.5,7.25,5],"rotation":90,"texture":"#0"},"south":{"uv":[7.25,3.75,6.75,4.25],"texture":"#0"},"west":{"uv":[7,3.75,7.25,4],"rotation":270,"texture":"#0"},"up":{"uv":[6.75,4.5,7.25,5],"texture":"#0"},"down":{"uv":[6.75,4.5,7.25,5],"rotation":180,"texture":"#0"}}},{"from":[11,2.3,-1.6],"to":[12.1,3.3,-0.6],"rotation":{"angle":22.5,"axis":"x","origin":[8,4.4,-1.5]},"faces":{"north":{"uv":[7.25,4.25,6.75,3.75],"rotation":180,"texture":"#0"},"east":{"uv":[7.25,4.5,6.75,5],"rotation":90,"texture":"#0"},"south":{"uv":[7.25,3.75,6.75,4.25],"texture":"#0"},"west":{"uv":[6.75,4.5,7.25,5],"rotation":270,"texture":"#0"},"up":{"uv":[7,3.75,7.25,4],"texture":"#0"},"down":{"uv":[7,3.75,7.25,4],"rotation":180,"texture":"#0"}}},{"from":[11,1.2,-1.6],"to":[12.1,2.3,-0.6],"rotation":{"angle":22.5,"axis":"x","origin":[8,4.4,-1.5]},"faces":{"north":{"uv":[6.75,4.25,6.25,3.75],"rotation":180,"texture":"#0"},"east":{"uv":[6.25,4.5,6.75,5],"rotation":90,"texture":"#0"},"south":{"uv":[6.75,4.25,6.25,3.75],"texture":"#0"},"west":{"uv":[6.25,4.5,6.75,5],"rotation":270,"texture":"#0"},"up":{"uv":[6.25,4.5,6.75,5],"texture":"#0"},"down":{"uv":[6.25,4.5,6.75,5],"rotation":180,"texture":"#0"}}},{"from":[5,1.2,1.6],"to":[6.1,2.3,2.6],"rotation":{"angle":22.5,"axis":"x","origin":[8,4.4,-1.5]},"faces":{"north":{"uv":[6.75,4.25,7.25,3.75],"rotation":180,"texture":"#0"},"east":{"uv":[7.25,4,7,3.75],"rotation":90,"texture":"#0"},"south":{"uv":[6.75,3.75,7.25,4.25],"texture":"#0"},"west":{"uv":[7.25,5,6.75,4.5],"rotation":270,"texture":"#0"},"up":{"uv":[7.25,5,6.75,4.5],"texture":"#0"},"down":{"uv":[7.25,5,6.75,4.5],"rotation":180,"texture":"#0"}}},{"from":[3.9,2.3,1.6],"to":[5,3.3,2.6],"rotation":{"angle":22.5,"axis":"x","origin":[8,4.4,-1.5]},"faces":{"north":{"uv":[6.75,4.25,7.25,3.75],"rotation":180,"texture":"#0"},"east":{"uv":[7.25,5,6.75,4.5],"rotation":90,"texture":"#0"},"south":{"uv":[6.75,3.75,7.25,4.25],"texture":"#0"},"west":{"uv":[6.75,5,7.25,4.5],"rotation":270,"texture":"#0"},"up":{"uv":[7.25,4,7,3.75],"texture":"#0"},"down":{"uv":[7.25,4,7,3.75],"rotation":180,"texture":"#0"}}},{"from":[3.9,1.2,1.6],"to":[5,2.3,2.6],"rotation":{"angle":22.5,"axis":"x","origin":[8,4.4,-1.5]},"faces":{"north":{"uv":[6.25,3.75,6.75,4.25],"rotation":180,"texture":"#0"},"east":{"uv":[6.75,5,6.25,4.5],"rotation":90,"texture":"#0"},"south":{"uv":[6.25,3.75,6.75,4.25],"texture":"#0"},"west":{"uv":[6.75,5,6.25,4.5],"rotation":270,"texture":"#0"},"up":{"uv":[6.75,5,6.25,4.5],"texture":"#0"},"down":{"uv":[6.75,5,6.25,4.5],"rotation":180,"texture":"#0"}}},{"from":[9.9,1.2,1.6],"to":[11,2.3,2.6],"rotation":{"angle":22.5,"axis":"x","origin":[8,4.4,-1.5]},"faces":{"north":{"uv":[7.25,4.25,6.75,3.75],"rotation":180,"texture":"#0"},"east":{"uv":[6.75,5,7.25,4.5],"rotation":90,"texture":"#0"},"south":{"uv":[7.25,3.75,6.75,4.25],"texture":"#0"},"west":{"uv":[7,4,7.25,3.75],"rotation":270,"texture":"#0"},"up":{"uv":[6.75,5,7.25,4.5],"texture":"#0"},"down":{"uv":[6.75,5,7.25,4.5],"rotation":180,"texture":"#0"}}},{"from":[11,2.3,1.6],"to":[12.1,3.3,2.6],"rotation":{"angle":22.5,"axis":"x","origin":[8,4.4,-1.5]},"faces":{"north":{"uv":[7.25,4.25,6.75,3.75],"rotation":180,"texture":"#0"},"east":{"uv":[7.25,5,6.75,4.5],"rotation":90,"texture":"#0"},"south":{"uv":[7.25,3.75,6.75,4.25],"texture":"#0"},"west":{"uv":[6.75,5,7.25,4.5],"rotation":270,"texture":"#0"},"up":{"uv":[7,4,7.25,3.75],"texture":"#0"},"down":{"uv":[7,4,7.25,3.75],"rotation":180,"texture":"#0"}}},{"from":[11,1.2,1.6],"to":[12.1,2.3,2.6],"rotation":{"angle":22.5,"axis":"x","origin":[8,4.4,-1.5]},"faces":{"north":{"uv":[6.75,3.75,6.25,4.25],"rotation":180,"texture":"#0"},"east":{"uv":[6.25,5,6.75,4.5],"rotation":90,"texture":"#0"},"south":{"uv":[6.75,3.75,6.25,4.25],"texture":"#0"},"west":{"uv":[6.25,5,6.75,4.5],"rotation":270,"texture":"#0"},"up":{"uv":[6.25,5,6.75,4.5],"texture":"#0"},"down":{"uv":[6.25,5,6.75,4.5],"rotation":180,"texture":"#0"}}},{"from":[5,1.2,-1.6],"to":[6.1,2.3,-0.6],"rotation":{"angle":22.5,"axis":"x","origin":[8,4.4,-1.5]},"faces":{"north":{"uv":[6.75,4.25,7.25,3.75],"rotation":180,"texture":"#0"},"east":{"uv":[7.25,3.75,7,4],"rotation":90,"texture":"#0"},"south":{"uv":[6.75,3.75,7.25,4.25],"texture":"#0"},"west":{"uv":[7.25,4.5,6.75,5],"rotation":270,"texture":"#0"},"up":{"uv":[7.25,4.5,6.75,5],"texture":"#0"},"down":{"uv":[7.25,4.5,6.75,5],"rotation":180,"texture":"#0"}}},{"from":[3.9,2.3,-1.6],"to":[5,3.3,-0.6],"rotation":{"angle":22.5,"axis":"x","origin":[8,4.4,-1.5]},"faces":{"north":{"uv":[6.75,4.25,7.25,3.75],"rotation":180,"texture":"#0"},"east":{"uv":[7.25,4.5,6.75,5],"rotation":90,"texture":"#0"},"south":{"uv":[6.75,3.75,7.25,4.25],"texture":"#0"},"west":{"uv":[6.75,4.5,7.25,5],"rotation":270,"texture":"#0"},"up":{"uv":[7.25,3.75,7,4],"texture":"#0"},"down":{"uv":[7.25,3.75,7,4],"rotation":180,"texture":"#0"}}},{"from":[3.9,1.2,-1.6],"to":[5,2.3,-0.6],"rotation":{"angle":22.5,"axis":"x","origin":[8,4.4,-1.5]},"faces":{"north":{"uv":[6.25,4.25,6.75,3.75],"rotation":180,"texture":"#0"},"east":{"uv":[6.75,4.5,6.25,5],"rotation":90,"texture":"#0"},"south":{"uv":[6.25,4.25,6.75,3.75],"texture":"#0"},"west":{"uv":[6.75,4.5,6.25,5],"rotation":270,"texture":"#0"},"up":{"uv":[6.75,4.5,6.25,5],"texture":"#0"},"down":{"uv":[6.75,4.5,6.25,5],"rotation":180,"texture":"#0"}}},{"from":[9.9,11.3,-1.6],"to":[11,12.4,-0.6],"rotation":{"angle":22.5,"axis":"x","origin":[8,4.4,-1.5]},"faces":{"north":{"uv":[7.25,3.75,6.75,4.25],"rotation":180,"texture":"#0"},"east":{"uv":[7.25,4.5,6.75,5],"rotation":90,"texture":"#0"},"south":{"uv":[7.25,4.25,6.75,3.75],"texture":"#0"},"west":{"uv":[7.25,3.75,7,4],"rotation":270,"texture":"#0"},"up":{"uv":[7.25,4.5,6.75,5],"texture":"#0"},"down":{"uv":[7.25,4.5,6.75,5],"rotation":180,"texture":"#0"}}},{"from":[11,10.3,-1.6],"to":[12.1,11.3,-0.6],"rotation":{"angle":22.5,"axis":"x","origin":[8,4.4,-1.5]},"faces":{"north":{"uv":[7.25,3.75,6.75,4.25],"rotation":180,"texture":"#0"},"east":{"uv":[6.75,4.5,7.25,5],"rotation":90,"texture":"#0"},"south":{"uv":[7.25,4.25,6.75,3.75],"texture":"#0"},"west":{"uv":[7.25,4.5,6.75,5],"rotation":270,"texture":"#0"},"up":{"uv":[7.25,3.75,7,4],"texture":"#0"},"down":{"uv":[7.25,3.75,7,4],"rotation":180,"texture":"#0"}}},{"from":[11,11.3,-1.6],"to":[12.1,12.4,-0.6],"rotation":{"angle":22.5,"axis":"x","origin":[8,4.4,-1.5]},"faces":{"north":{"uv":[6.75,3.75,6.25,4.25],"rotation":180,"texture":"#0"},"east":{"uv":[6.75,4.5,6.25,5],"rotation":90,"texture":"#0"},"south":{"uv":[6.75,3.75,6.25,4.25],"texture":"#0"},"west":{"uv":[6.75,4.5,6.25,5],"rotation":270,"texture":"#0"},"up":{"uv":[6.75,4.5,6.25,5],"texture":"#0"},"down":{"uv":[6.75,4.5,6.25,5],"rotation":180,"texture":"#0"}}},{"from":[5,11.3,1.6],"to":[6.1,12.4,2.6],"rotation":{"angle":22.5,"axis":"x","origin":[8,4.4,-1.5]},"faces":{"north":{"uv":[6.75,3.75,7.25,4.25],"rotation":180,"texture":"#0"},"east":{"uv":[7,4,7.25,3.75],"rotation":90,"texture":"#0"},"south":{"uv":[6.75,4.25,7.25,3.75],"texture":"#0"},"west":{"uv":[6.75,5,7.25,4.5],"rotation":270,"texture":"#0"},"up":{"uv":[6.75,5,7.25,4.5],"texture":"#0"},"down":{"uv":[6.75,5,7.25,4.5],"rotation":180,"texture":"#0"}}},{"from":[3.9,10.3,1.6],"to":[5,11.3,2.6],"rotation":{"angle":22.5,"axis":"x","origin":[8,4.4,-1.5]},"faces":{"north":{"uv":[6.75,3.75,7.25,4.25],"rotation":180,"texture":"#0"},"east":{"uv":[6.75,5,7.25,4.5],"rotation":90,"texture":"#0"},"south":{"uv":[6.75,4.25,7.25,3.75],"texture":"#0"},"west":{"uv":[7.25,5,6.75,4.5],"rotation":270,"texture":"#0"},"up":{"uv":[7,4,7.25,3.75],"texture":"#0"},"down":{"uv":[7,4,7.25,3.75],"rotation":180,"texture":"#0"}}},{"from":[3.9,11.3,1.6],"to":[5,12.4,2.6],"rotation":{"angle":22.5,"axis":"x","origin":[8,4.4,-1.5]},"faces":{"north":{"uv":[6.25,4.25,6.75,3.75],"rotation":180,"texture":"#0"},"east":{"uv":[6.25,5,6.75,4.5],"rotation":90,"texture":"#0"},"south":{"uv":[6.25,4.25,6.75,3.75],"texture":"#0"},"west":{"uv":[6.25,5,6.75,4.5],"rotation":270,"texture":"#0"},"up":{"uv":[6.25,5,6.75,4.5],"texture":"#0"},"down":{"uv":[6.25,5,6.75,4.5],"rotation":180,"texture":"#0"}}},{"from":[9.9,11.3,1.6],"to":[11,12.4,2.6],"rotation":{"angle":22.5,"axis":"x","origin":[8,4.4,-1.5]},"faces":{"north":{"uv":[7.25,3.75,6.75,4.25],"rotation":180,"texture":"#0"},"east":{"uv":[7.25,5,6.75,4.5],"rotation":90,"texture":"#0"},"south":{"uv":[7.25,4.25,6.75,3.75],"texture":"#0"},"west":{"uv":[7.25,4,7,3.75],"rotation":270,"texture":"#0"},"up":{"uv":[7.25,5,6.75,4.5],"texture":"#0"},"down":{"uv":[7.25,5,6.75,4.5],"rotation":180,"texture":"#0"}}},{"from":[11,10.3,1.6],"to":[12.1,11.3,2.6],"rotation":{"angle":22.5,"axis":"x","origin":[8,4.4,-1.5]},"faces":{"north":{"uv":[7.25,3.75,6.75,4.25],"rotation":180,"texture":"#0"},"east":{"uv":[6.75,5,7.25,4.5],"rotation":90,"texture":"#0"},"south":{"uv":[7.25,4.25,6.75,3.75],"texture":"#0"},"west":{"uv":[7.25,5,6.75,4.5],"rotation":270,"texture":"#0"},"up":{"uv":[7.25,4,7,3.75],"texture":"#0"},"down":{"uv":[7.25,4,7,3.75],"rotation":180,"texture":"#0"}}},{"from":[11,11.3,1.6],"to":[12.1,12.4,2.6],"rotation":{"angle":22.5,"axis":"x","origin":[8,4.4,-1.5]},"faces":{"north":{"uv":[6.75,4.25,6.25,3.75],"rotation":180,"texture":"#0"},"east":{"uv":[6.75,5,6.25,4.5],"rotation":90,"texture":"#0"},"south":{"uv":[6.75,4.25,6.25,3.75],"texture":"#0"},"west":{"uv":[6.75,5,6.25,4.5],"rotation":270,"texture":"#0"},"up":{"uv":[6.75,5,6.25,4.5],"texture":"#0"},"down":{"uv":[6.75,5,6.25,4.5],"rotation":180,"texture":"#0"}}},{"from":[5,11.3,-1.6],"to":[6.1,12.4,-0.6],"rotation":{"angle":22.5,"axis":"x","origin":[8,4.4,-1.5]},"faces":{"north":{"uv":[6.75,3.75,7.25,4.25],"rotation":180,"texture":"#0"},"east":{"uv":[7,3.75,7.25,4],"rotation":90,"texture":"#0"},"south":{"uv":[6.75,4.25,7.25,3.75],"texture":"#0"},"west":{"uv":[6.75,4.5,7.25,5],"rotation":270,"texture":"#0"},"up":{"uv":[6.75,4.5,7.25,5],"texture":"#0"},"down":{"uv":[6.75,4.5,7.25,5],"rotation":180,"texture":"#0"}}},{"from":[3.9,10.3,-1.6],"to":[5,11.3,-0.6],"rotation":{"angle":22.5,"axis":"x","origin":[8,4.4,-1.5]},"faces":{"north":{"uv":[6.75,3.75,7.25,4.25],"rotation":180,"texture":"#0"},"east":{"uv":[6.75,4.5,7.25,5],"rotation":90,"texture":"#0"},"south":{"uv":[6.75,4.25,7.25,3.75],"texture":"#0"},"west":{"uv":[7.25,4.5,6.75,5],"rotation":270,"texture":"#0"},"up":{"uv":[7,3.75,7.25,4],"texture":"#0"},"down":{"uv":[7,3.75,7.25,4],"rotation":180,"texture":"#0"}}},{"from":[3.9,11.3,-1.6],"to":[5,12.4,-0.6],"rotation":{"angle":22.5,"axis":"x","origin":[8,4.4,-1.5]},"faces":{"north":{"uv":[6.25,3.75,6.75,4.25],"rotation":180,"texture":"#0"},"east":{"uv":[6.25,4.5,6.75,5],"rotation":90,"texture":"#0"},"south":{"uv":[6.25,3.75,6.75,4.25],"texture":"#0"},"west":{"uv":[6.25,4.5,6.75,5],"rotation":270,"texture":"#0"},"up":{"uv":[6.25,4.5,6.75,5],"texture":"#0"},"down":{"uv":[6.25,4.5,6.75,5],"rotation":180,"texture":"#0"}}},{"from":[11,1.3,-0.5],"to":[12,12.3,1.5],"rotation":{"angle":22.5,"axis":"x","origin":[8,4.4,-1.5]},"faces":{"north":{"uv":[1.725,11.225,1.25,14],"rotation":180,"texture":"#0"},"east":{"uv":[10.55,6.75,10.05,10.2],"rotation":180,"texture":"#0"},"south":{"uv":[1.725,11.225,1.25,14],"texture":"#0"},"west":{"uv":[10.8,9.75,10.3,10.2],"texture":"#0"},"up":{"uv":[14.8,9.75,14.3,10.2],"rotation":90,"texture":"#0"},"down":{"uv":[14.8,9.75,14.3,10.2],"rotation":270,"texture":"#0"}}},{"from":[4.2,1.5,-0.5],"to":[11,12.1,1.5],"rotation":{"angle":22.5,"axis":"x","origin":[8,4.4,-1.5]},"faces":{"north":{"uv":[9.725,14.975,9.25,15.5],"rotation":180,"texture":"#0"},"east":{"uv":[0.25,11,1.5,14],"rotation":180,"texture":"#0"},"south":{"uv":[9.725,14.975,9.25,15.5],"texture":"#0"},"west":{"uv":[11,16,8.25,15],"rotation":270,"texture":"#0"},"up":{"uv":[9.525,16,7.75,15],"texture":"#0"},"down":{"uv":[7.75,16,9.525,15],"rotation":180,"texture":"#0"}}},{"from":[4,1.3,-1.5],"to":[12,12.3,-0.5],"rotation":{"angle":22.5,"axis":"x","origin":[8,4.4,-1.5]},"faces":{"north":{"uv":[16,8.525,14.025,11.25],"rotation":180,"texture":"#0"},"east":{"uv":[14.05,7.75,16,8.25],"rotation":90,"texture":"#0"},"south":{"uv":[16,8.525,14.025,11.25],"texture":"#0"},"west":{"uv":[14.05,7.75,16,8.25],"rotation":270,"texture":"#0"},"up":{"uv":[14.05,7.775,16,8.225],"texture":"#0"},"down":{"uv":[14.05,7.75,16,8.25],"rotation":180,"texture":"#0"}}},{"from":[4,1.3,1.5],"to":[12,12.3,2.5],"rotation":{"angle":22.5,"axis":"x","origin":[8,4.4,-1.5]},"faces":{"north":{"uv":[16,8.525,14.025,11.25],"rotation":180,"texture":"#0"},"east":{"uv":[14.05,8.25,16,7.75],"rotation":90,"texture":"#0"},"south":{"uv":[16,8.525,14.025,11.25],"texture":"#0"},"west":{"uv":[14.05,8.25,16,7.75],"rotation":270,"texture":"#0"},"up":{"uv":[14.05,8.25,16,7.75],"texture":"#0"},"down":{"uv":[14.05,8.25,16,7.75],"rotation":180,"texture":"#0"}}},{"from":[5,2.3,2.5],"to":[11,12.3,2.7],"rotation":{"angle":22.5,"axis":"x","origin":[8,4.4,-1.5]},"faces":{"north":{"uv":[13.975,11.25,11,6.75],"rotation":180,"texture":"#0"},"east":{"uv":[16,8.25,14.5,8],"rotation":90,"texture":"#0"},"south":{"uv":[13.975,6.75,11,11.25],"texture":"#0"},"west":{"uv":[16,8.25,14.5,8],"rotation":270,"texture":"#0"},"up":{"uv":[16,8.25,14.5,8],"texture":"#0"},"down":{"uv":[16,8.25,14.5,8],"rotation":180,"texture":"#0"}}},{"from":[5,2.3,-1.7],"to":[11,11.3,-1.5],"rotation":{"angle":22.5,"axis":"x","origin":[8,4.4,-1.5]},"faces":{"north":{"uv":[13.975,11.25,11,6.75],"rotation":180,"texture":"#0"},"east":{"uv":[16,8.25,14.5,8],"rotation":90,"texture":"#0"},"south":{"uv":[13.975,11.25,11,6.75],"texture":"#0"},"west":{"uv":[16,8.25,14.5,8],"rotation":270,"texture":"#0"},"up":{"uv":[16,8.25,14.5,8],"texture":"#0"},"down":{"uv":[16,8.25,14.5,8],"rotation":180,"texture":"#0"}}},{"from":[9.9,11.5,5.3],"to":[11,12.5,6.4],"faces":{"north":{"uv":[6.75,4.5,7.25,5],"texture":"#0"},"east":{"uv":[6.75,4.5,7.25,5],"texture":"#0"},"south":{"uv":[6.75,4.5,7.25,5],"texture":"#0"},"west":{"uv":[7,3.75,7.25,4],"texture":"#0"},"up":{"uv":[7.25,4.25,6.75,3.75],"texture":"#0"},"down":{"uv":[7.25,3.75,6.75,4.25],"texture":"#0"}}},{"from":[11,11.5,6.4],"to":[12.1,12.5,7.4],"faces":{"north":{"uv":[7,3.75,7.25,4],"texture":"#0"},"east":{"uv":[7.25,4.5,6.75,5],"texture":"#0"},"south":{"uv":[7,3.75,7.25,4],"texture":"#0"},"west":{"uv":[6.75,4.5,7.25,5],"texture":"#0"},"up":{"uv":[7.25,4.25,6.75,3.75],"texture":"#0"},"down":{"uv":[7.25,3.75,6.75,4.25],"texture":"#0"}}},{"from":[11,11.5,5.3],"to":[12.1,12.5,6.4],"faces":{"north":{"uv":[6.25,4.5,6.75,5],"texture":"#0"},"east":{"uv":[6.25,4.5,6.75,5],"texture":"#0"},"south":{"uv":[6.25,4.5,6.75,5],"texture":"#0"},"west":{"uv":[6.25,4.5,6.75,5],"texture":"#0"},"up":{"uv":[6.75,4.25,6.25,3.75],"texture":"#0"},"down":{"uv":[6.75,4.25,6.25,3.75],"texture":"#0"}}},{"from":[5,8.3,5.3],"to":[6.1,9.3,6.4],"rotation":{"angle":0,"axis":"y","origin":[16,16,0]},"faces":{"north":{"uv":[7.25,5,6.75,4.5],"texture":"#0"},"east":{"uv":[7.25,4,7,3.75],"texture":"#0"},"south":{"uv":[7.25,5,6.75,4.5],"texture":"#0"},"west":{"uv":[7.25,5,6.75,4.5],"texture":"#0"},"up":{"uv":[6.75,4.25,7.25,3.75],"texture":"#0"},"down":{"uv":[6.75,3.75,7.25,4.25],"texture":"#0"}}},{"from":[3.9,8.3,6.4],"to":[5,9.3,7.4],"rotation":{"angle":0,"axis":"y","origin":[16,16,0]},"faces":{"north":{"uv":[7.25,4,7,3.75],"texture":"#0"},"east":{"uv":[7.25,5,6.75,4.5],"texture":"#0"},"south":{"uv":[7.25,4,7,3.75],"texture":"#0"},"west":{"uv":[6.75,5,7.25,4.5],"texture":"#0"},"up":{"uv":[6.75,4.25,7.25,3.75],"texture":"#0"},"down":{"uv":[6.75,3.75,7.25,4.25],"texture":"#0"}}},{"from":[3.9,8.3,5.3],"to":[5,9.3,6.4],"rotation":{"angle":0,"axis":"y","origin":[16,16,0]},"faces":{"north":{"uv":[6.75,5,6.25,4.5],"texture":"#0"},"east":{"uv":[6.75,5,6.25,4.5],"texture":"#0"},"south":{"uv":[6.75,5,6.25,4.5],"texture":"#0"},"west":{"uv":[6.75,5,6.25,4.5],"texture":"#0"},"up":{"uv":[6.25,3.75,6.75,4.25],"texture":"#0"},"down":{"uv":[6.25,3.75,6.75,4.25],"texture":"#0"}}},{"from":[9.9,8.3,5.3],"to":[11,9.3,6.4],"rotation":{"angle":0,"axis":"y","origin":[0,16,0]},"faces":{"north":{"uv":[6.75,5,7.25,4.5],"texture":"#0"},"east":{"uv":[6.75,5,7.25,4.5],"texture":"#0"},"south":{"uv":[6.75,5,7.25,4.5],"texture":"#0"},"west":{"uv":[7,4,7.25,3.75],"texture":"#0"},"up":{"uv":[7.25,4.25,6.75,3.75],"texture":"#0"},"down":{"uv":[7.25,3.75,6.75,4.25],"texture":"#0"}}},{"from":[11,8.3,6.4],"to":[12.1,9.3,7.4],"rotation":{"angle":0,"axis":"y","origin":[0,16,0]},"faces":{"north":{"uv":[7,4,7.25,3.75],"texture":"#0"},"east":{"uv":[7.25,5,6.75,4.5],"texture":"#0"},"south":{"uv":[7,4,7.25,3.75],"texture":"#0"},"west":{"uv":[6.75,5,7.25,4.5],"texture":"#0"},"up":{"uv":[7.25,4.25,6.75,3.75],"texture":"#0"},"down":{"uv":[7.25,3.75,6.75,4.25],"texture":"#0"}}},{"from":[11,8.3,5.3],"to":[12.1,9.3,6.4],"rotation":{"angle":0,"axis":"y","origin":[0,16,0]},"faces":{"north":{"uv":[6.25,5,6.75,4.5],"texture":"#0"},"east":{"uv":[6.25,5,6.75,4.5],"texture":"#0"},"south":{"uv":[6.25,5,6.75,4.5],"texture":"#0"},"west":{"uv":[6.25,5,6.75,4.5],"texture":"#0"},"up":{"uv":[6.75,3.75,6.25,4.25],"texture":"#0"},"down":{"uv":[6.75,3.75,6.25,4.25],"texture":"#0"}}},{"from":[5,11.5,5.3],"to":[6.1,12.5,6.4],"rotation":{"angle":0,"axis":"y","origin":[16,0,0]},"faces":{"north":{"uv":[7.25,4.5,6.75,5],"texture":"#0"},"east":{"uv":[7.25,3.75,7,4],"texture":"#0"},"south":{"uv":[7.25,4.5,6.75,5],"texture":"#0"},"west":{"uv":[7.25,4.5,6.75,5],"texture":"#0"},"up":{"uv":[6.75,4.25,7.25,3.75],"texture":"#0"},"down":{"uv":[6.75,3.75,7.25,4.25],"texture":"#0"}}},{"from":[3.9,11.5,6.4],"to":[5,12.5,7.4],"rotation":{"angle":0,"axis":"y","origin":[16,0,0]},"faces":{"north":{"uv":[7.25,3.75,7,4],"texture":"#0"},"east":{"uv":[7.25,4.5,6.75,5],"texture":"#0"},"south":{"uv":[7.25,3.75,7,4],"texture":"#0"},"west":{"uv":[6.75,4.5,7.25,5],"texture":"#0"},"up":{"uv":[6.75,4.25,7.25,3.75],"texture":"#0"},"down":{"uv":[6.75,3.75,7.25,4.25],"texture":"#0"}}},{"from":[3.9,11.5,5.3],"to":[5,12.5,6.4],"rotation":{"angle":0,"axis":"y","origin":[16,0,0]},"faces":{"north":{"uv":[6.75,4.5,6.25,5],"texture":"#0"},"east":{"uv":[6.75,4.5,6.25,5],"texture":"#0"},"south":{"uv":[6.75,4.5,6.25,5],"texture":"#0"},"west":{"uv":[6.75,4.5,6.25,5],"texture":"#0"},"up":{"uv":[6.25,4.25,6.75,3.75],"texture":"#0"},"down":{"uv":[6.25,4.25,6.75,3.75],"texture":"#0"}}},{"from":[9.9,11.5,15.4],"to":[11,12.5,16.5],"rotation":{"angle":0,"axis":"y","origin":[0,0,16]},"faces":{"north":{"uv":[7.25,4.5,6.75,5],"texture":"#0"},"east":{"uv":[7.25,4.5,6.75,5],"texture":"#0"},"south":{"uv":[7.25,4.5,6.75,5],"texture":"#0"},"west":{"uv":[7.25,3.75,7,4],"texture":"#0"},"up":{"uv":[7.25,3.75,6.75,4.25],"texture":"#0"},"down":{"uv":[7.25,4.25,6.75,3.75],"texture":"#0"}}},{"from":[11,11.5,14.4],"to":[12.1,12.5,15.4],"rotation":{"angle":0,"axis":"y","origin":[0,0,16]},"faces":{"north":{"uv":[7.25,3.75,7,4],"texture":"#0"},"east":{"uv":[6.75,4.5,7.25,5],"texture":"#0"},"south":{"uv":[7.25,3.75,7,4],"texture":"#0"},"west":{"uv":[7.25,4.5,6.75,5],"texture":"#0"},"up":{"uv":[7.25,3.75,6.75,4.25],"texture":"#0"},"down":{"uv":[7.25,4.25,6.75,3.75],"texture":"#0"}}},{"from":[11,11.5,15.4],"to":[12.1,12.5,16.5],"rotation":{"angle":0,"axis":"y","origin":[0,0,16]},"faces":{"north":{"uv":[6.75,4.5,6.25,5],"texture":"#0"},"east":{"uv":[6.75,4.5,6.25,5],"texture":"#0"},"south":{"uv":[6.75,4.5,6.25,5],"texture":"#0"},"west":{"uv":[6.75,4.5,6.25,5],"texture":"#0"},"up":{"uv":[6.75,3.75,6.25,4.25],"texture":"#0"},"down":{"uv":[6.75,3.75,6.25,4.25],"texture":"#0"}}},{"from":[5,8.3,15.4],"to":[6.1,9.3,16.5],"rotation":{"angle":0,"axis":"y","origin":[16,16,16]},"faces":{"north":{"uv":[6.75,5,7.25,4.5],"texture":"#0"},"east":{"uv":[7,4,7.25,3.75],"texture":"#0"},"south":{"uv":[6.75,5,7.25,4.5],"texture":"#0"},"west":{"uv":[6.75,5,7.25,4.5],"texture":"#0"},"up":{"uv":[6.75,3.75,7.25,4.25],"texture":"#0"},"down":{"uv":[6.75,4.25,7.25,3.75],"texture":"#0"}}},{"from":[3.9,8.3,14.4],"to":[5,9.3,15.4],"rotation":{"angle":0,"axis":"y","origin":[16,16,16]},"faces":{"north":{"uv":[7,4,7.25,3.75],"texture":"#0"},"east":{"uv":[6.75,5,7.25,4.5],"texture":"#0"},"south":{"uv":[7,4,7.25,3.75],"texture":"#0"},"west":{"uv":[7.25,5,6.75,4.5],"texture":"#0"},"up":{"uv":[6.75,3.75,7.25,4.25],"texture":"#0"},"down":{"uv":[6.75,4.25,7.25,3.75],"texture":"#0"}}},{"from":[3.9,8.3,15.4],"to":[5,9.3,16.5],"rotation":{"angle":0,"axis":"y","origin":[16,16,16]},"faces":{"north":{"uv":[6.25,5,6.75,4.5],"texture":"#0"},"east":{"uv":[6.25,5,6.75,4.5],"texture":"#0"},"south":{"uv":[6.25,5,6.75,4.5],"texture":"#0"},"west":{"uv":[6.25,5,6.75,4.5],"texture":"#0"},"up":{"uv":[6.25,4.25,6.75,3.75],"texture":"#0"},"down":{"uv":[6.25,4.25,6.75,3.75],"texture":"#0"}}},{"from":[9.9,8.3,15.4],"to":[11,9.3,16.5],"rotation":{"angle":0,"axis":"y","origin":[0,16,16]},"faces":{"north":{"uv":[7.25,5,6.75,4.5],"texture":"#0"},"east":{"uv":[7.25,5,6.75,4.5],"texture":"#0"},"south":{"uv":[7.25,5,6.75,4.5],"texture":"#0"},"west":{"uv":[7.25,4,7,3.75],"texture":"#0"},"up":{"uv":[7.25,3.75,6.75,4.25],"texture":"#0"},"down":{"uv":[7.25,4.25,6.75,3.75],"texture":"#0"}}},{"from":[11,8.3,14.4],"to":[12.1,9.3,15.4],"rotation":{"angle":0,"axis":"y","origin":[0,16,16]},"faces":{"north":{"uv":[7.25,4,7,3.75],"texture":"#0"},"east":{"uv":[6.75,5,7.25,4.5],"texture":"#0"},"south":{"uv":[7.25,4,7,3.75],"texture":"#0"},"west":{"uv":[7.25,5,6.75,4.5],"texture":"#0"},"up":{"uv":[7.25,3.75,6.75,4.25],"texture":"#0"},"down":{"uv":[7.25,4.25,6.75,3.75],"texture":"#0"}}},{"from":[11,8.3,15.4],"to":[12.1,9.3,16.5],"rotation":{"angle":0,"axis":"y","origin":[0,16,16]},"faces":{"north":{"uv":[6.75,5,6.25,4.5],"texture":"#0"},"east":{"uv":[6.75,5,6.25,4.5],"texture":"#0"},"south":{"uv":[6.75,5,6.25,4.5],"texture":"#0"},"west":{"uv":[6.75,5,6.25,4.5],"texture":"#0"},"up":{"uv":[6.75,4.25,6.25,3.75],"texture":"#0"},"down":{"uv":[6.75,4.25,6.25,3.75],"texture":"#0"}}},{"from":[5,11.5,15.4],"to":[6.1,12.5,16.5],"rotation":{"angle":0,"axis":"y","origin":[16,0,16]},"faces":{"north":{"uv":[6.75,4.5,7.25,5],"texture":"#0"},"east":{"uv":[7,3.75,7.25,4],"texture":"#0"},"south":{"uv":[6.75,4.5,7.25,5],"texture":"#0"},"west":{"uv":[6.75,4.5,7.25,5],"texture":"#0"},"up":{"uv":[6.75,3.75,7.25,4.25],"texture":"#0"},"down":{"uv":[6.75,4.25,7.25,3.75],"texture":"#0"}}},{"from":[3.9,11.5,14.4],"to":[5,12.5,15.4],"rotation":{"angle":0,"axis":"y","origin":[16,0,16]},"faces":{"north":{"uv":[7,3.75,7.25,4],"texture":"#0"},"east":{"uv":[6.75,4.5,7.25,5],"texture":"#0"},"south":{"uv":[7,3.75,7.25,4],"texture":"#0"},"west":{"uv":[7.25,4.5,6.75,5],"texture":"#0"},"up":{"uv":[6.75,3.75,7.25,4.25],"texture":"#0"},"down":{"uv":[6.75,4.25,7.25,3.75],"texture":"#0"}}},{"from":[3.9,11.5,15.4],"to":[5,12.5,16.5],"rotation":{"angle":0,"axis":"y","origin":[16,0,16]},"faces":{"north":{"uv":[6.25,4.5,6.75,5],"texture":"#0"},"east":{"uv":[6.25,4.5,6.75,5],"texture":"#0"},"south":{"uv":[6.25,4.5,6.75,5],"texture":"#0"},"west":{"uv":[6.25,4.5,6.75,5],"texture":"#0"},"up":{"uv":[6.25,3.75,6.75,4.25],"texture":"#0"},"down":{"uv":[6.25,3.75,6.75,4.25],"texture":"#0"}}},{"from":[11,9.4,5.4],"to":[12,11.4,16.4],"faces":{"north":{"uv":[14.8,9.75,14.3,10.2],"rotation":90,"texture":"#0"},"east":{"uv":[10.55,6.75,10.05,10.2],"rotation":90,"texture":"#0"},"south":{"uv":[14.8,9.75,14.3,10.2],"rotation":90,"texture":"#0"},"west":{"uv":[10.8,9.75,10.3,10.2],"rotation":90,"texture":"#0"},"up":{"uv":[1.725,11.225,1.25,14],"texture":"#0"},"down":{"uv":[1.725,11.225,1.25,14],"texture":"#0"}}},{"from":[4.2,9.4,5.6],"to":[11,11.4,16.2],"rotation":{"angle":0,"axis":"y","origin":[0,0.1,0.4]},"faces":{"north":{"uv":[7.75,16,9.525,15],"texture":"#0"},"east":{"uv":[0.25,11,1.5,14],"rotation":90,"texture":"#0"},"south":{"uv":[9.525,16,7.75,15],"texture":"#0"},"west":{"uv":[11,16,8.25,15],"texture":"#0"},"up":{"uv":[9.725,14.975,9.25,15.5],"texture":"#0"},"down":{"uv":[9.725,14.975,9.25,15.5],"texture":"#0"}}},{"from":[4,11.4,5.4],"to":[12,12.4,16.4],"faces":{"north":{"uv":[14.05,7.75,16,8.25],"texture":"#0"},"east":{"uv":[14.05,7.75,16,8.25],"texture":"#0"},"south":{"uv":[14.05,7.775,16,8.225],"texture":"#0"},"west":{"uv":[14.05,7.75,16,8.25],"texture":"#0"},"up":{"uv":[16,8.525,14.025,11.25],"texture":"#0"},"down":{"uv":[16,8.525,14.025,11.25],"texture":"#0"}}},{"from":[4,8.4,5.4],"to":[12,9.4,16.4],"faces":{"north":{"uv":[14.05,8.25,16,7.75],"texture":"#0"},"east":{"uv":[14.05,8.25,16,7.75],"texture":"#0"},"south":{"uv":[14.05,8.25,16,7.75],"texture":"#0"},"west":{"uv":[14.05,8.25,16,7.75],"texture":"#0"},"up":{"uv":[16,8.525,14.025,11.25],"texture":"#0"},"down":{"uv":[16,8.525,14.025,11.25],"texture":"#0"}}},{"from":[5,8.2,6.4],"to":[11,8.4,16.4],"faces":{"north":{"uv":[16,8.25,14.5,8],"texture":"#0"},"east":{"uv":[16,8.25,14.5,8],"texture":"#0"},"south":{"uv":[16,8.25,14.5,8],"texture":"#0"},"west":{"uv":[16,8.25,14.5,8],"texture":"#0"},"up":{"uv":[13.975,11.25,11,6.75],"texture":"#0"},"down":{"uv":[13.975,6.75,11,11.25],"texture":"#0"}}},{"from":[5,12.4,6.4],"to":[11,12.6,15.4],"faces":{"north":{"uv":[16,8.25,14.5,8],"texture":"#0"},"east":{"uv":[16,8.25,14.5,8],"texture":"#0"},"south":{"uv":[16,8.25,14.5,8],"texture":"#0"},"west":{"uv":[16,8.25,14.5,8],"texture":"#0"},"up":{"uv":[13.975,11.25,11,6.75],"texture":"#0"},"down":{"uv":[13.975,11.25,11,6.75],"texture":"#0"}}}],"display":{"thirdperson_righthand":{"rotation":[90,0,-90],"translation":[3,-3,-1.25],"scale":[0.5,0.5,0.5]},"thirdperson_lefthand":{"rotation":[-90,0,-90],"translation":[3,1,0.25],"scale":[0.5,0.5,0.51]},"firstperson_righthand":{"rotation":[-101,2,12],"translation":[0.5,3.5,-0.25],"scale":[0.5,0.5,0.5]},"firstperson_lefthand":{"rotation":[-101,-2,-180],"translation":[3,4.5,3.5],"scale":[0.5,0.5,0.5]},"ground":{"scale":[0.5,0.5,0.5]},"gui":{"rotation":[5,148,9],"translation":[0.75,1,0],"scale":[0.83,0.84,0.85]},"head":{"translation":[-0.5,0,0]},"fixed":{"rotation":[-90,0,0],"translation":[0.75,-0.5,-16],"scale":[2,2,2]}}}